uid	pool_id	fold	label
3852e88133fae6d41f6a83967e35ecfe7e36d318ff4133b3bca1cdd08237a1e7	1	2	neg
4ccb8ae6959871cb7de4b479d53d551af6ffc070d74d9fd8a5abdfd2084780ad	2	0	pos
ba997f7c5440bc1ef75a4b568d1cd3101e426563effb9c29248670304d17af9c	3	2	pos
af007bda8b867cf2cf9116055cf4d74d387b321bdd3160d5abf880820f0714a1	4	5	pos
c96950eab906f71e706b41e4d60d9cb879ccb8e0910fb2fa65d815e1781b5d53	5	9	pos
60f745d9be4b8022ba52b28743c73346a9f653de62d691a0b3ab2cc0305d379b	6	2	pos
aa267d4dbdfaf928df7c82c83d588746ca35300359ad3dc29f5dc7e9ecb594de	7	0	obj
578a50a0ba546b24e3a058a243070dc18a34b37dffe4f8c515823c697ffa98f6	8	1	obj
dd5518fc3058c8aebbd6c56eff0e618ba4493327f74dc53f794335d15d998375	9	1	obj
2a8660a691806abcfe29267ae7598655e0a742ef14298e18771b1a10b416e1f6	10	2	pos
338ade02d90ad166e7c7a2f1fb9b67c3ef7aa486f3c805f6873ddfbae0e16099	11	7	obj
01cb40878e44f2f9aa9f7a3021aa2418213e8454965f01e61f98278ae777997a	12	3	pos
cece2db7ce81d1c17314a140a3df388906f41306292ff40b0a8bed54f231fced	13	0	obj
f3a35100150c8c80c0d5971da945cc538cb57b13a012e718431bf91b13cb1e5a	14	4	neg
705ae77230b8e10caaafef34e1e9496ce7d4d56bb8ad0cc401c07c61eaeccf6d	15	5	obj
4941c7ed177963adf1ffc4da4aaeec64814ecd8d62cf104b0b96bcdce3821c7d	16	8	pos
47304113602882ea3804db4998ef477443f022e28eae03e3d98b75d3edf9a3f9	17	3	neg
91bd5d6604e1ed268a6dbe783a0929cccaf32c438d2986e8a82b17dbd861e32f	18	0	obj
f191896b84b7964796a339269984e2fd94fcbcddaf9b8d0bd334156b9bd09862	19	6	obj
684b52d0bf617fce008349a1ef5231996f905fa420c7fec2f05c19665e253e12	20	4	pos
ec5f1ef13d62c26df65136ee9fa04df0f3500c59e8e4609f89901a80410a9393	21	2	pos
30b78adf8427b8957c910f93eb4770f27ed555fdd131e92d47ee9b0f4652b918	22	4	pos
0017e57da963ea6e5340c4bccad794633551e91c4b23ae9bebe2db5e4acb9c95	23	1	pos
4c69aa16c0b2db63c244c509a8bdbb8f39df204d61a22abc7c8c17f7d0cded04	24	7	pos
96b8739debf2e72f3a98c0f89d9ef6c3fb5bd03a68c5d5b72a70487896add131	25	9	obj
777d7fc0f18017c687db8e03156135bb0fa5e1be23b3bdc0183987ddf5ecc8a6	26	0	neg
a918e72d7bac3d557f93230b450486f7c8270ec146b0702088bb2f55503a04dd	28	2	neg
786231c5188f50b8bf7616758b4e5401ee5d4b72b345e0195996e307c2426595	29	9	neg
9b631fb67c0dc125e7d7348ceb90fd851a69650ba53aea1d970bc24b4036fd13	30	1	neg
ae39958c8fd3dc604350f58ccbd1899e9a5689a657d1bfe25eb9c92eac8363cd	31	5	obj
a36d72ff5368f2e8537235acc1ad9c3bfd6ffa2cda9616614ddf5f761370eda8	32	9	pos
d55ae1c7f34da4c4c9bdcd0dc2456766f60eeda2f18e7aec5d17970da9a053e9	33	0	pos
7377ae06507bb97fc85941eeac7ffe4dc6d60ebd928205746b1627854a4a5691	34	2	pos
3888500c9cf57df58431bad461ea51d6b8d40ccff36856cc1cf620f62fe81d2d	35	8	pos
e3d6257c84a7236656fe785818d850a8fd49c1954bdfd7b7a333c90cac10df64	36	9	obj
fa895c49a8094d2fd04aeaec280f5a63034585c06ed0a6c41bb3bb5b0d5a4b2f	37	4	pos
28f09831c0daea001890f854dedc619332b44c1e57dcc5d46f591ec9bcd947c8	38	8	neg
2341f20491541a7610724798d93d3aa04e6249a325cf84bbe8b1c31f480869be	39	2	neg
9781a0a4687bcd61d35fbbec9e441609b84af6cf23ce53757e849cc6bd0dd0de	40	7	pos
e0d6efcfcc1c35dc7ef9309ad6d77330f5f8f6668cfa68066eb5ce2e12655a26	41	1	neg
417d34e93516b3ece59fcd882f20593ba83ca3f51bbc461d3544bcca0afc7e36	42	3	pos
5c6b6f2cc2b66e49b49800be2675de964e23194ddeb08db87926a6da0f841883	43	8	pos
0243e2c3c4709db1b80909c75449a690b13b298d263eaf29f8db43de06f79af6	44	2	pos
5f0a16737874874d1945b09bb14fc3bd37c0066f5f6927fa1aab4c28c2e3aa46	45	9	pos
e6502b0133edfd90c1bd5190b1236f20a7eb8440ee1faba5361c059bb98effdb	46	3	pos
4384bbf3255c57e5172c08fcfcea2d75feec82ec18cb288e3f83c0b5c2f5bf01	47	1	neg
b0d7e81b8cb96a16fbe909f7581765d608c924eed3648c852b2c80e5c46ae362	48	7	pos
d70f5c401da663f496e5d2ec3dd494d0ac309097cd3ee066c30847c41e6b1441	49	6	pos
b69f00766db8f5bdb0d034e104687a9d8b6f05d26df705c8b4215b3279052b3e	50	4	obj
6bffe4fd9bd3c4a8eb2ca1b3ea5b578d7502da450382b615b411acefb3ab5ddb	51	6	obj
1ba32a712a383bba274d55253ba948db95b34c29a24286f407b96b301ef8a971	52	5	neg
ee2abcfab01e282f05399db28fc4cf8087f4d99c50a03d651241bbe103c88c6e	53	9	pos
d8af3d0f67a3e208f8ae63a19ab5bccded4d8555b51295032e0911b62c76b678	54	7	pos
739a6510b0a43e55aeb32ddf83679c31f021729599ea22d3226f31c88ce44d36	55	4	pos
e953059059badca1c6ab84fc14f2f799c9c45fb452a639ed4746dac6b27d7c44	56	3	obj
edf525e5cc7addb85445a86590b38d9b81b3370dca58c5181f5fc4bbb1e20a2f	57	2	obj
9b905f3ecb5645d9a169b0877dfd6d98b8743ebbf4ad5f77f44e6ebb3877d745	58	4	neg
849107a2d7dd31f8e68228d4e0aa05d8572d4e0d3c5411321e9bbcaf06a73353	59	0	obj
9a54ebae4fb5e0633cad7883dcc6ecc752d82bfd6e15433ce956497058059a5f	60	7	obj
6af13a9684aecc17a1a6f41d81ae739a26df7f10dd8321d7bddd88a9d52d1813	61	4	pos
5f9b4a6abdc876843ae006fe363f2043688ccc42532145cdf1b4db0be21cb2a9	62	5	obj
f91e57345f8525915ab6e7af0113ec02c4e680aec93e5bfd0a6bafde1c39183d	63	6	pos
b582cb98784071b9457731717aa97b879689c79c4b8983ddbf15a13c1a6b02b6	64	6	obj
07fda408bfda7fcc3d98cafa46ecf4574bad477806d9b2596aae44516d893699	65	6	pos
5080d63a44599105298a842f26433c009476d008cc2eb02b3fbb3943aa9a81d2	67	4	pos
26b1a0b669a4bc50c81c8f4dc48fe8dcc41a5de0df157a07e9a4eb03e431b49b	68	9	pos
462aa5405c79712f8962421549a2d351d69af14e3cb2776040dfe7f1e2cf75da	69	4	pos
8cafdbece95f8d480395fb7442f68333d82fdc19d7f8d3f2469c57a40a48b5d5	70	9	obj
256de626f3037a5a3e55bd466e811acf154a45b77e72efdf15cb51a53bc66cb0	71	8	obj
baebafaa095e9f1b376565dae0f6747081bca9b2297058082c9fc61c683090b8	72	2	pos
4628404a827e6abf1d54692830ebe8517594c831d372db1c0a7346522feab6f6	73	5	pos
16ad441eb49170b39579f206ca5021a289aa990b661143b5de2375cd599cde69	74	4	neg
8dd8757e3013633a9e36813ad67ea028a5a0dee8c6a96db0150675534784c1fc	75	7	pos
5fc7589940cdbb104130a284865735c739d0ad45da34a6a2cacaa624b0c9dd4f	76	7	neg
3d224027b87f44ac5887eb4972335fa25f3a47008069cd76dafecec310430d72	77	5	obj
9dcab8a240462a49d089a277b57209db6b9e44b277c43f92b75b7aa9bfb458ef	78	9	obj
8507083e06794e2d908f85f5b78e53e50979bad0cfb56d83e9be0155fee5ffa2	79	4	neg
43ab67d9e12d9253450157755454119f587b271638f0deb299cbce2237a2424e	80	4	pos
82ef34b220e8730110cfb4080ee5187bcbb355a0ebe1360f0e1cc762533b5b08	81	6	neg
f3381d57ef21c2e221006d4e4331d2038ebbc06a714dfff3fb12c7812b9a2c46	82	8	pos
b3ffc3f54a6096161dbb8f64af305b6dc0dbdb5a7412036fb4a198e3cf0d6468	83	8	pos
7f97335bdc51160ed9eca0fcf634640963174f17654a5e26af7a61c4e2478f03	84	1	neg
9f7f6ca9f13f54452f488ca9c52c1e7406f1de08b7b7c4fd79d02fb5fdb791cc	85	7	pos
8d502e2940ba201106cd5bb00ba35fded69cc290915c8663f604308cfdbede8e	86	3	neg
9f48c14f1bd9cfd26b0c1729c77d49ee54c3a1a4cb428eff7c8d5b69afb20761	87	2	neg
97bcc41a54ebc38d0c0a0bd295ea49d4c9cdc633288b3eb99b2cd17e9480278f	88	9	pos
be5eaad27985851b23325e5c1cba3fceb2936190f3a45fa7ace03cce5aee8d0f	89	1	neg
37bc6765a24cc686c7071e05a82f82d51c0aa8b1957024ac598f7e608a484bae	90	1	neg
051fa4189adace07507814e61d8bbe2da7fc3e0aeabda65c4e7a9c146614c30e	91	0	pos
07207895049db209a4675debe219ec046a7d6843ab2c794d1fed53af991ce257	92	4	pos
e6625aa2563cb7f37d58079cb1b45bdc4ccc8fce707faaa42e38788ab64cfebd	93	3	pos
ad28d17f977c4841bff1f5e1624b7d1c77a8aae4a0ac946c9e4541944c2eadb4	94	6	pos
7b6d731d33113da92cd4252f266cb45559d6ebbcd178f9280250c4e797f3daa0	95	6	pos
b5e0fe002b5ce7cd1a188af6e6075df817f60c003e8820ea2f3b63dada94eb0d	96	0	obj
3cfc616d1ade9ac6b2bfb2225dcc65275c0e872966768e5154fa3cca0515eb32	97	3	pos
57c1ee28d6b67bb8bf6d17612713b510aec9dd4cb4da5112e84246f17df515c9	98	4	pos
975d8851287a3d6b591b6ca156a0ae581e91c8845fa5f2e3146e8628f27b9e16	99	3	obj
cc2e952b0e65a3d580b9f1eda01495f351a335db4fd9911bb8afddfceb9f21ff	100	9	pos
94319eee806f9234b891610764972ae7fd53f7c93dce36c3481ba3e64736ae15	101	9	pos
449b0271fcb3a27c07e89049893b8485b7e65934328fa0f1c8b17c45fb2fd567	102	0	pos
90f727a00baf5d97b39ac7a51f9a8ded410b7998645ca1c782220e260fe4cbf5	103	7	pos
c470047704eba8724646a6e79bb32696800eeaf2fdf573f4970777abd18d0433	104	5	pos
2ea980e6457f37353077df9883446d717456b761374a696194e3dd9a4e4fd60a	105	9	pos
90d03bbf0d5c81e25c59cbbe5b6f75c4b2927bce2081e5e4aa89f7a8e0aac12f	106	6	pos
cffbaecaf96d8131fc71cba6fc214845d3d3d4cdbf4a97aece2208da6f3bb864	107	2	obj
1d80e6152f66285178a75acfa6235b1ef64f32495d22d36c4c243310f7e7a277	108	7	obj
875489f30bd96e29a9d5ac3d506947d2741558d133a78193dee8483a3696b45c	109	6	pos
11a6a624cd82fac77c25fb5b081c137a14ffb719ec3da8efbf0e93ad8742bac8	110	2	pos
9ee69170e0b28b91a9ab06e02d529d68ce0364e55a84927e09764d2b1163ca8b	111	9	obj
7aff8530aefce7a8e4feda5d300033b10bea11abd3a967c7811131fe4974ad6b	112	4	pos
2c26e977c6435a16ec2973ae66675cbb15f109d79d37c516c04abc7f22ea760d	113	1	pos
8459c221e58358f6b9457817bcf71ac3c39b7013bab6c5391de27e5d794e9c96	114	2	neg
d4618f73bf04be6be980639f07f602fb4d450c991f5b2e4e9a6a59a974dc3d39	115	6	pos
c8fbbc03e7c19aa52644652046558e10dd187fe2de9a469bb1b9052c033349bf	116	1	pos
23eaaf88d06106e2bd05a288460d32c497fd9eee8af91d89c1316dc3f344567d	117	7	obj
46135aaea752c8a7c2ee1d9f49ef0233cf86b79ea506f16c98f9095708262e4b	118	4	pos
00146c314b794b1bf645c78d907ca18da072abb86aa84eccd073f2d85bb02955	119	4	pos
d698ea156dbf3d8329e0b64943690f05927e1d9930de0da2f680ab04945cfbbe	120	7	pos
ffcb6b769db273dc3e70b1b7fc0663f34c516fcb5a56a4a371724390a8b99e35	122	3	obj
5d768b1182308bd44f05bee28a37f1e478dd779ad09bd624ddabd9683b69a065	123	9	pos
13021ad47ef49abea20008a146b7aa63dfede847aa81e3a45d169859f51b0608	124	1	obj
00a53a1deaf3a569e9f39612fa04a40fc3bb06f18526e3f481144f222ce6aaeb	125	3	obj
dacfae575809d7696d19df7f33c2bd6ecbc567b91931a8fde9d74bde40afc1bd	126	6	obj
ba3fd4e60d80268deb7ac76abc5ab9da5f972afa20627e75d7f72fb2b2015f18	127	1	pos
9b5dba67e3c4bb3def225108f97013dcd38847201b63f7bfcbbcc6164e75d713	128	1	pos
6621145e7520532e05545baa43e965f8711f25112221d39219a1a7d686f5a7f9	129	3	pos
879189225094247d1220699c13b5bd96cafd73bacc4e7a702e946f8c7d417888	130	3	pos
11bdaf12f1bb788dd7ab66decc481c6ef0580a04ab0fb89c724b1db5140a70dd	131	9	pos
4b61ac351a3bd598e6c90394b96b83e918388700468559e7f3814f862310969c	132	3	pos
34b7acb3736846a786527fcc6cedf5718e1378240180f563b288e53922b0b775	133	5	neg
181be36b3222c5faa9226ae11f73bc31c6013d3ef8b2d3542b9c4be131e5f94b	134	2	pos
44d9ac4f37ab3a12beaa9a95a7167efea0097682ffe823e4f1dcf186ad9e8ff3	135	1	pos
ecabde3ecf754d04608e16dc58a4a6467ee657b97b9cdc38349b350ed1709dd2	138	9	obj
a0555c535a204a72c548fbab38743070f398f33016aa0c52a90d70b349006d06	139	8	obj
aae4b800daf3c4b807e0083e74882a5cdefd72515e95b547ce6850b105e37685	141	0	pos
a81741e04533e0769eec7cba06c1cd865e423ddabe58208143197e84c08e7293	142	2	pos
56598eedd27073216c1da4ddc18707ef5ae99a403ed200ebd218d28ec91e91cc	143	5	pos
897b42c1c84b550a2dad1e9181099feee2afb3defa2754c1ecc6e579a230a3cf	144	8	pos
1e00069cc6b9b298bbb5be84cc265d8aac20b1f5834fd234a44726db88babad5	145	5	pos
9d2ac96651cd6286c480316740c24e0e112d50f0d2692b34dbdaa69d6cc40bd8	146	2	pos
a978af19f0bf182dc24d2b064fdcff9530a88126ebf87ee9357367cc3c789a34	148	3	pos
24910eaf5db8b7ed451b015621df5000ff6ddfaac260f81dfa552a6c1ac9c356	149	4	pos
b605bb285141981151fa2e4c3f154ab31bb382365f6e6b74d83ee2e9aa156993	150	5	neg
f3ec436998fe964360560f713f004fcf96bed206d3126e2ae351938635d5deb5	151	6	pos
26797b4658884f4e94c48e840064fcedd56e52b3e247094c25d3cec21980c2d0	152	5	pos
a82adbf0cfd894a0921fb520c1ad43beec2232891422ebcec9fd9d89d50344c4	153	6	neg
7238e41a9a11840268b2e854b936cbd276d830b9895756b5ae3c9deea0b5a955	154	5	obj
46fe779f96578436737224f1a182fb7487bc6eacbc6b9dbcc4c7f86256dd0c82	155	5	obj
031c28d3af760a63f0a2066b702e3e48efe6c22825faf4d2815c2e2a96960138	156	7	obj
7ba8bc491e878d6d46e3d77eb97b8f6a4c6a7e778db3831da92c834f3cfea630	157	7	pos
888ad0717621e5764165bb9b6fc62562e2e0a93b09f18f6f035e961f151e3108	158	7	pos
1a0c862f8b0958fe3103429fc0370867d5bfeaa727e9232bc7e0aaf9d278e94a	159	4	neg
a1a7243c6513dfcc03ae42faeed039c30db71d8aebe9e40e78e9f707b57557b1	160	2	neg
64fe991f8a9705193f36fa0824f1992e6af6ee18688237ad0799c63a9ee4f38a	161	0	neg
c83253b4cbd37c27765d40e985e59c4c6cf87d1332c0e43407a114d01a4276f0	162	8	neg
a66ba8ce4e15ccee6ea2f073114084934a1fd98190bb1c4c2662c9a178270974	163	5	neg
ae492fdf22e12be60288940f543da436260cb3eae321b3cd40a0600f7d1482e2	164	1	neg
b911690052424de62979a8ccf298671c44425c7a483916028a5cd67da5919073	165	0	pos
bbb9afeb437923d5f64dcbb6600506b786e810be46e00b5ad4e8bfdda98d3c19	166	4	pos
ccc5f734679b86e8522ff17051114210af6ef23548e94dc1bffacded24ededc0	167	8	pos
226691a9edf52ebd73a08f68069fe12cf43aae4f43702b04bedd992aca4fbba5	169	1	neg
58169d01d12bfda68859fc1a21853699f071adb7a73718a90ee55224a2bc6845	170	4	neg
bcef9f8c02ff2de90423df7e825dbee0c2a9941a0c331ca9b3d7c09b9fb1889b	171	8	obj
85217375317f7998c04c4bed9bc17528376724e7f5233dbbc99d6ad0043e21b7	172	0	pos
1093a841857fbf089d9163173c560304c8212c5ab981e244e6ea98a2921bff64	173	0	pos
c56ae0ded6cab6f062d054793f50dd8057b6a4fdab8f65b67a87de4c1831570a	174	6	obj
6b457acf254408a4f479ddfce86171e3a2c970c0dc0f125f956689438801a28c	175	9	obj
0317a8b296f9f74bdba54799aaf2b85e0eac67114ddefccafc34c8a57ae1c24d	176	4	neg
e5afe1eb620fb2c5a6d4940f7408f090ab276260d5d5ab9ac1b1f5facb115999	177	3	obj
f71e725339273d43b3b79f20c443d37e272cd68fc90ad5994ad8077a99cfea83	178	1	neg
4dc2f73aa5cacb24602563e1d40e2ca26221d702841e1b041b09589284082976	179	7	pos
3621a8a09808e055eade30ea1853ad74048f30aa9c40bc0d3865fe8694ab6b0f	180	0	pos
96e48d353f4eeacd3ca1b64e70c34d5fd80c71421296b3a6862d5d5b19962c0f	181	4	pos
799bacece21834c6ba35d9e7a50af780a2ed237f27fbde5d4c9e79b61939ab34	182	0	neg
e2870748ddd281be537a421fdaab61fcdc44a16b4c62f0fdd93fefa61a791e22	183	8	neg
b8e3dc28a1b79a706592f9485905c0d3874dcb98334664cb0443fc30319bb1ae	184	7	neg
f4e17996f71a6edda5d9f90373c40bdb72d29fd7c8e5a5ad588822a5a8c3313d	185	0	pos
d5afe88aa35d6157955169adcedcaaab2fc21427f049df21e2c0c3c7b0a3978d	186	3	pos
261759b9f26e03421375612895f079a442a9d0a086dcb23f3234e9e27174a2dd	187	3	pos
ea8963a2700882f8a40560a8ed7588f84ae1218e5936b040ab43513c17f62ef9	188	0	obj
665c0133b3341ae09619a6491eeee4d2ea7fec4d4c984704d33c5e052dbba5dd	189	9	pos
28a086ab6b32ae81e18a2b5a5839955add1f5191ab29f1e91820619281360e98	190	6	pos
e65d2b25e2019b5d547bde051cadd1b1a377aa84d970af64f799721e15c639a5	191	9	pos
fc4d06552335e5b16110933b3e1f7cb008d7f0a9b0fbfe8b7871d9ed05ad218a	192	0	neg
106bfd6b6a6ff22a98a9a743e356e5e805901b698503c10c6aadd7f965c74fcc	193	1	neg
fbd7e09916bad9735be86f3da7f6d3aee942b7c2ac70f7e6670160bf5c881390	194	6	neg
cc72e7dfac5e5d91760340d5fee68b92d37b594b2271d635c75edec5a1ac6e31	195	7	pos
a74b40b1bdd7ad76fb8f6a572c0e6c5718d44b47282f8adcda381ea8b29a12a4	196	2	neg
f24de1cd5a930d65078c2735b066d04372098356a7f820ab4f4cfdf83433b7af	197	4	neg
2e0bd346465dd3bebcf916f7993b27e5d7579ad451418881999388507ed84e41	198	2	pos
f4b62e6812bc045cc8354bc843762800bbabefb8553b70538261a0ce8371a5c8	199	7	neg
64c1dc0f31405ab23a66b12a982539c4fe22ee0597d855331c8d6e8ad9b7e7c5	200	3	neg
54ce1ee9e036bf9fd726bd68081f60618ab659a0e64c511757a4cc4af3ce32c4	201	4	pos
9617483dfa94d41058d13036d06f6fdab71dfb271b8a0b1521180c92a0b75a92	202	0	neg
636730fa0f96a7210dc405a8c3fc5a4ed8b6aac6a6f7365f616286b3061dbdce	203	7	neg
73ac72659858e31f677a4f7eda444b510bb7c218721cc7ab2a96270d714f19ec	204	7	neg
e44dab55979e3df8f42dc382ab48c39ca36e92fb163eca7760ab1e4490f3c4f6	205	5	obj
897cfc43edbbd83a7d55d1b8c543af29e8efb27445fe7d367db4039bde9a6b34	206	5	obj
fa43cc2b54aca142c1ff9be18db93bba81fc7a6e7e28c2c00a56107692b1768e	207	9	obj
40add97ce3f8ec78af30e2598ee774d7e162326bea8c0125153c4cfbf2c25c3a	208	1	obj
376d46930d78976db1fc5ae7a16b737cbc5922ec1b5337b0bb025c123baceedd	209	4	pos
8ec14544df631347eb10d04f072b08e27aeeb368d5c4b132d74fd59d139e828f	210	0	obj
4c91b5b946f29a165fba87472bdab21f8ae2a153cd6ce2d6c7dd8393d08e6c50	211	5	neg
7fb193d791ee2cb7dd15138f0d85c625265bc9c4945261fe2ab5f70a30c473b8	212	0	pos
f502c91edf27808e3f937f06a0425a40c1b1d40a3e9ba731d23ef5fe08d56d63	213	9	neg
98f0af65aa02e5002394e1d3b0f586d21e35f06c9d727a3d3c6578cfff1ca488	214	7	neg
9fe0b8bea012aa8ff96f3588faad9496aa69b46c53ce996db00aed31824d777e	216	5	pos
75c529e18f7ff2088736171dbbd2e0ca3a9e27530131f56320e865f21958abcb	217	5	pos
06b9d1f31f02e78a0cb76e43fa311880ec0695ec2d0b2971969d805cde211b53	218	8	neg
0ac7474de2e135e6a1a90b2834516c369ab29d241ee9c95c28c7aebc359279a8	219	8	obj
fce305c42c2b2c3aa6383efec439322c9275918eb3668a2660f7b66b4f833900	220	9	pos
7811d9a9aef24e75af5a021921e2758ace80e71bfc34382d7affdcacfa5271e6	221	0	obj
4bd6a425f329d6b13b39766b5201d294d1bcc1b9bda3049b9727b211495695f7	222	0	pos
cc49738883cf843733c70669bf672ef6aef11807b88745050779feab62df1370	223	2	pos
22619c93dc9b8f9ae2faadce7f90cf0d6cef94774df1e5331817ccac72c029f4	224	5	pos
c363d5abc678d06f38da39a911a830ea0bc1aaed1b15b56696e85495c0f3159b	225	8	pos
0ec7c814b3b289e38afa7fdda7f983cbc4f7c09189f1490a0c5acab90de24248	226	0	obj
a602b306a76488d5965957b453482415c12dfc8c8d0a7bac2fe45ee70a10f16c	227	1	pos
d8696f9d83241b241749722c3cef2a11e531a31999d71f584b5fd95a8f7ebca5	228	7	obj
321567dbad69c2b279f49563f920a49c3b27e750502393b8843c583bb2834f93	229	1	neg
eeba18fa2c8d6bdd5ceb3030e874e0326035cde76e77afeedd045fbbbb33607d	230	6	obj
6f0e69ba3dd77894f3576d41c8e172f95f59709d3deafdcbb4fbba7fe2835812	231	6	obj
58f1d30238c4a85f8836f7fd6dcf29ed65db99f46fb0e22fa12e39db76946bc1	232	5	obj
8c7abe8e25db2238cd1dd6efffe0597bec9e29bc2089016606ceeb2559839a2b	233	5	neg
da29fa8a7216d404a17bcaef70be0136d7483a2104b468cea3d8f4a2c724a758	234	3	pos
70e9d3b4af2b0e143975ee322b88e6d0ed2759cddae08ac2d68ddf319a40073c	235	6	pos
376265f72f32c719971c1150f6850e79f2c5f7c52f737efdff69aebe2418c63a	236	9	pos
c07a78c03356fdabdb6c5e6d0ed4e1da5fcb805334496f46535fc0e01f0997b6	237	7	pos
86080f75fa2d13584a616a74b8d8444959e41252b12cd591abb1923ba550dad2	238	4	pos
c2866657fcfc3879158b1b27a51845c94d54ebd6f4d067840af7169f993c6669	239	0	neg
1fe30b529b057ccf9f6bc97aaf2e03546e4e3733901789b9d75714a3ebd131c9	240	1	neg
29338e1dd085107ca760f7edca7e2c615f3f1862417f5e724e10a01aa72a7126	241	4	neg
f8bac2333a93708cb355b6289f751f4a4b1dbfd9688078ce0ae668c08d784a33	242	9	obj
73a92306d73d947a25e012fa12c7dcd5c8f04da8e6025e836c779004306c189c	243	7	neg
063a783d30429d41dcd359e3ad8e0d1ae516b1367a8e056b09867e7feddf1b4f	244	9	neg
81a7a7b7f046aaafbd143466bf54865d180e3c1cf2030c03e8c594e6b63aba38	245	3	pos
cdad79b8bd07a17b690680ef2c7b38fb255fdf146e970e6252184fc11d155211	246	4	obj
631a8b5de2fde7890542fef5f11f3be24c67d7125c426711ea708275696959b9	247	6	obj
39eb566e70e9b77a07ca81d827094aa02496d75b0156f8e05c22a9f5e9f468ee	248	1	neg
158061aa44d6a46268316eed7c8389b5269ee48fd442e7dbbf1116cd868aa2b2	249	2	neg
eea49515b2d4f8710d27943d53773b3cbdaf9997955244dfbbbeae8de80888a0	250	7	obj
ad4999008975b6c2689e9f9220fadb5757f923de7f32ec55c14fc7640dce8e42	251	6	obj
816e46d0c97217d3768acd0747dac0397fb3e140b363e7d1ed663634b1c37359	252	7	obj
cf2ab0be853ea21c4421947f3b48192eafac6c0eddea543f6c4b55a1c3c81124	253	7	neg
bf75c7d140a6f8ff4ea2443c648906a03f81b89162eb0de6a419df7f8c00da21	254	5	pos
21bba82b8114956e6350157b7c98f099c7ea0b93c8ee733e41fab484fe40ed80	255	0	neg
908e4acef135d532564cf5ff0339b0912a899133488ec464d778af6ffc8717dc	256	1	obj
44ca683116252d9901ca393d37cf585b96ddaa8ceb991324f32c013c7e642603	257	2	obj
2131dae1a569df6b5e9347ffd267c5b3a20d724fe229f6398704173c596d304d	258	1	pos
1742bd236dee2d6f6607d9c3539c9fabacaa61df78be2a91347317b6ca78c441	259	4	pos
86e71f45e1b133d00d82f7a3e06681b9e9d61bf155dedffadfbfe09d25bb9fa9	260	1	pos
4de8882042a78e66ab96e139ec93eeb2221688a91231a2a5158c02b241d3715e	261	7	pos
ef8311f8b2400d184d4c0fea393e0db0d61330c257054ef25cc5c05e1e144d46	262	4	neg
6a77189fc8b0c565fbfe2755feb20e36949523a5a58eb916d60c503fdf85b064	263	8	obj
2a2693d222ebbd639cabaa9554b3f723ad8cfcd9111eebcd7a01e012ae13565b	264	1	obj
997de07c9084228031a263a8ffc620f10f5f6fb18d687aad7d773d47581fa200	265	4	obj
fd2b73159a9a21ce98e8e35982316b3d1403e65ae11f31c190ce9995476dba98	266	2	obj
2685c2319d85da17610825760974d245e8172b83f512b81b44d76561432a7ce0	267	5	pos
ad8e6fc096b675ae5c100e808b4e5b096431088e34d8144e9296c74cc4442b48	268	6	obj
641cb744ee763c5236bd54c364a143e3bc4ce026f1099fb655288455824610b6	269	8	pos
7e0f3d158b49b90b7598010df4350a6738697c9723aa5fa5f8ec801ae2142be4	270	6	obj
5295a2265d860c18fc39a8e78b09dd4d2dcb5379c176bf8fee8a2a6fa595f24b	271	5	obj
172e51951aff05690c61a36717b83b7e2e178daf7d4515419b2540c956120929	272	8	obj
4f67deb3b0071259ef00519ed76b74d7a4667a21ced96aa8bbef6c953c3a39e8	273	8	pos
6b6adfce18dff697a2af574db75c28f3fba7d26706d34c26fa5e93104ec7c1e9	274	9	obj
636e6af0e121f324d51178e61ed9f168f707960c5f29143b5490b2827547a093	275	8	obj
434f61d72328daa6918191b74f67670c24c869be71b14d6b721a21ebbb52a65a	276	5	neg
8965a94acb26e5e1bc3cd9fc81d2624e786dcfc8c3cce4125ad5fe3525bbfd27	277	7	obj
f9551dbec3fc4d9ecf3af5eb2a5f86366e26fa805ebb7be08d93d1f125b1274d	278	4	pos
1e3e6d34aaee0c64aefc153f67a608a2c3f69ee3cbaac74d650f9633fce232b1	279	6	neg
ffbfbe204a9f0b313d03fe6fa9bb3bc10da0b0a9fabfcd2fe9941986806fe887	280	0	pos
c9a83bf17b9958ddfdedbf44a63f9794b9e86a5ee429d1eea0c55404c8b2c82b	281	8	obj
177db79bc6c55a4ddcb650047e50cbdeb78a20305c1dd79077bec1510819409d	282	4	obj
770b6e43db3a31284beea8946583a8ac62cc1847075743dc40e8b4d116fbd720	283	9	obj
22cd256b78ecf72b710ba779ae2cc801a1c0469810daa8f04f79ec23d1d7fd65	284	3	obj
4a29195550c8ec5800c9e2fdeb6643cea457ff158d97939cc57163def5f8daa8	285	8	obj
2ea870ab773bd5865c7148225f2e88910d0c1229b618b96aea4e932c56e24daf	286	3	obj
23504fe17cacc8b2a7f2051d556267e6949eb20d5cb12dcf2382ba22acc7b9d2	287	0	neg
284b1b0c3fa272095b00050a512011b8d6caff28259f74125d7dddc7e0472164	288	4	pos
17bd8bd7a079ff4171a4b66802b9828ad68e6bdaf7fe29eff96538014ea90451	289	7	obj
82c4fbac46eb5ac6913c54847886c885502f3d9077b339944222e3107fb0918c	290	6	neg
66ff8d2172e549e484cdc60f731536a09cbf0cfe54be3a1855f6c477062c99fc	291	1	neg
d264a7e566ab8db2a28946a555516f641acaf3a4b3750058f40b9c7870b37304	292	7	neg
13ad14aca66ea939e01b8b4d1e61272dde7bf19b1c36864f0fab7819d6dfa191	293	6	neg
5f243e356da4962e1c60cf4fc56d32b285b3a99342a1a3ad8a0cf99f9e81309c	294	9	obj
cd84e9e057882c749a4ad1bab6d25953e47fae2958c42b354794f1a3272af370	295	7	neg
04bbe11d3702aaa7658ed4bae9924f247864a4797da64a0e835238da6216c28d	296	7	pos
ca77fe82d483ce3c0c49d0a56ea2d88da1d9276db5b30897f6c73081dc7c9231	297	0	neg
3e1497f3ce1d057117a43e63d7e6252f97c8283d767cdf5dfabd5f108edb3414	298	8	pos
2d022624f7b2e8662e45f6bd737b243795ffd392c23d7c65fdced8266330ea94	299	5	neg
f54dd2e18032d97b2ea4d8258cdff9fb53e1e072d63abb1b74b2786560cb7b8b	300	9	neg
78f5badef99110998889091cb896e425e537e7fb43153b227b4e59d66ae1c24f	301	8	neg
76a7b8a799e5ffe0df8dd90210d8ec2377cd9d90d278bc9b4683c0cef162a952	303	0	pos
89f1d146996a45fca4014d981a7cc631ac6f76d9c709e55200baf22f38f27004	304	0	obj
5b2afbdcf071d3591567470899b6626ac175eddf9f7d34afda72351d2cdd7d9f	305	2	obj
854260cef8f4ecbeaa8cc8b1094c8e7e1b4dc5c42ee8dfd8bc5f175a6bab9bc6	306	9	pos
2dc9a7c41852de4a5a7e313701b5b2833a317d042df20e6790489d0570d76f71	307	2	neg
fce6518d95628378d2b174f9def4d83953d910ad99d495411b8e42d6aed934a4	308	6	neg
09296e015b58fc6d24b93ada67aa6eaa7a7a5d21f9ecb35631b03259b25426ce	309	1	pos
982fef8eb7ddd9a7d3494b12a989569ab7585e4d3357eb741329be27b03ed7eb	310	2	pos
9933e34bc97b224cb0504b57a5a1f7742ea11aaf6c1909f6f82b3d0ebe0cd38e	311	7	pos
03f044faf2bbae63a0a1028be2bd5b5f99c35c5b06bedcb5d8a8c5c233f208e8	312	6	neg
236c31114e5dd01a0f9899741e5b2e5941c9f238f6dd1d92032fd1c348621181	313	2	obj
b78acddc25427acaa8cd6656b797dc7b5b2230bd8cb10c1035ad5a2fe4e59367	314	2	obj
903337db8622fd854ca24f4b072d1eec5723c2375b36889c11c0de8a9b7fa93a	315	3	obj
a7518006b2e0f14c74415f82950b5210cbaa85ef4c3649e4ac9dc8344278fcb5	316	8	obj
8096c5a5571071c301f76f66a6ea17cbdd023e38ec7b57b3e59e9b3d2a0cab07	317	0	obj
62c01f81fc9fa93bca20f1b0f1d0e69cd2c39acbf6c3a3c1ffd6fea321154d38	318	8	obj
6453ecd199b6c3ca50de6b7fc8e40363fae968fc788ecfb3a2e61236b9b11570	319	6	neg
1267fb8c00e2de6cf131737d70eba07bfdd135e3597846ce2a3ff12d67e79b3a	320	0	neg
49281863fa44de8ce3e394aa26cc75c0ad15f49b7ffe93377b974b75933787dc	321	5	neg
1b8686e1b2baaa759aaca8d758455b3048f42755953033ea1dfb6225af5652b1	322	8	neg
9fbc3636d5b09e14f69d8cbaaf3f320b5f95218ac935bd8c6e5591ec74464c96	323	4	neg
96fcf6ff7abf82edd6dbb2dfb63014b5ef71e32be2d61708475d42632190427a	324	7	neg
fd1abb64c47f3f5d01f8a3cad4f7438a8248f5c09ebd2f749fec19a961d0d162	325	7	neg
0c57ab81a71d85705959562ea65f81bf837596a1d7802bc83c759cf0b64e090a	326	5	pos
44317853794c3486ae65f902a6f43f53a92a271f752cafbb6d9f228b4b26b88d	327	0	obj
f687e9639e048d6fed7848f5e178af4010db61cc0d3c955af4b9c07ea354923b	328	4	neg
33b9f28c7c985f439f29a4fac2c839741a7c837402b7d168beab67315ce95d27	329	0	neg
b4d69475d6a4f4222d25e1d35028657f6c7a041b0a6748fa6a604ab6ec99450d	330	0	neg
4ce0466bfd1d441fbf48f0b71ffbd80eaefc62005b6e90130eb464fd435eb26c	331	2	pos
409f801b7e0801a2885173aa7b33ee1b4417ec5046953c2527fefde5d899de5d	332	2	pos
abf6a3abfd9b6eb3079d61f5be7194d6713f2febb3efcd10fcd8474c2f7273ce	333	2	neg
01efc8906e45b4a53bec08f8fcfae783d1f96864d9203419ed0e8bcccbfc098a	334	6	pos
54df98de13ecfad3eacef244d5c1ca3dcbd0607739f9f83f73749581cd930ce9	335	1	pos
edd647b9e647a14e826c6290709da6ed540d8fcce05d95697ac17cab9c482c28	336	6	pos
e4099cf982f999fe80a06f27435b0f30e65125f90d6e6e8e0e540ecc90d2d03b	337	2	obj
3feea950e25a9b2ff6a86fc832ca0634c6b471ba51232bf7c3842436ee6ee38e	338	9	obj
901289c98edb531f8829bf9a2b43ab30c66db4bf915026ce269386c177208c7f	339	1	pos
1a4033953e2282d825aeff2ce73d744fbc1c6f3eb87375039a280bf4d5004324	340	4	neg
87d14b48f2e40c0f09c34e1bef62add235145af42446d19ec5e936af1c9f0004	341	0	neg
e30c5f2fe63e63163e599318d929439d2f13d920cba31d49b40639c984c8ca47	342	6	neg
f0eed7da0fc68780a51fba899d8b070084950e851810c8c3f153665bef90189d	343	2	neg
519574d7f988f30709efd41298ce07c8bb786b27b221c6daacdeea79510927d8	344	0	pos
be5dcb66ef09c3f0b4dfbc8d9eb30977438af1e4e3a247e2ce3b530241f13ad1	345	4	obj
e38720603d57b64f53c3d70c822a4dc599889ec2062d57afe3b3115e88331ded	346	0	obj
4bf8b1ca502dd2a15df7776a1ef8bc741c079f890096952e5a387627904b28bd	347	1	obj
485e6a85720bd4d6056e8803f771d00374e226c6158dca62ffdeab9477ef0b8d	348	0	pos
52c46a796b937285f14a303c4deff021a00fdffaac47f62ee3fcab1634888fc9	349	4	pos
1680c2a8fd6bb5ab885d29a9609065e0197edbbcdbe61851075248c2a3145f45	350	0	pos
ef25411100faa9daa45481536dd48a767822500ba0e905a856454353d32b4b3e	351	7	pos
2fa4dace18515ca7358704794d1b5aa300bda4007a75161e398860f6a61fab67	352	3	neg
6820c81b264d4b2bc42e9d1afb6079d8fb8a809df4fee98abd08e4bb9b3b85fb	353	4	obj
b6492eb358dd7ca8d97ede52a07aa630b2ae91d4f4f335cfc9b78829f511ced7	354	2	neg
2d57c398dfb558d83cdf57fe22711c22c641ec64b4c8859e9174f0cb01d7120f	355	3	obj
0447e2b8f079e6afbfd4c8f7c2aad98caa3f15b7df2c13a151a1090c3c959842	356	6	neg
42da6986bd1b34376af2f8a6b5a5c7eecf58d31dfed35872ead3afda012474c4	357	3	obj
b3404723c97d6015fac066bc0239e55e1d81b859c73f44f67ff8c2390b4a6ef2	358	9	obj
52ca2a7f8e056b17a6039e780eba67f1a6fddee0635627f0d9b6e082c9230537	359	7	neg
a379f6f718a1af2921d545ccbec6448448696459330cde3eee57fb0997d98bbb	360	7	obj
215460fb68ab2247eadfb9794ef246a7fe369e2ec71df64b452f3f79686f543a	361	2	obj
bd8f1b6071e5ef300e04b5adf44ae1f2777e3e9bf6f3f50e7d272ec8495172f1	362	8	pos
047656e31d5627ce46448f4c4f70ba638a4f6a375f1ce55115a8c2f64710b219	363	6	neg
60dea30bf51e21dac1bef196139eb49b37c3134582a53c37f3b811ec696a3002	364	0	pos
82a2e8d2018cac3620f443522893f9b3418200b9ff73c0d0abaced926e4b8c83	365	1	obj
5fc56b870be8586b2ce8a354eea119645e1e7c071bd3f36d0a28f25d0bda0b92	366	8	obj
882a1404b82393ef5758c9ebf12452a0b6b7d498024707056d81f3a2400155f1	367	0	obj
e3dd0192d18361eeccd4ffe08e95cc0c8567f5b939962738b22971dcc92131f5	368	2	neg
cc4e164bc354ed00f3b7ebb180b3b92ac63c00b4d938262383cd555459c79e10	369	4	obj
fe5d8a4d21fa7c8a7e216995a96d6249b83088cfdc93b5a27980001c8dc84234	370	9	obj
4ff663104eb8054f2161c0790c3758caaf3ce25350b5a9776a55fedcbd1a4098	371	9	pos
c3a1c8284414344efdda4e4a11d1e5a6e9407d1c2cd869b0841c44e67de6e2f3	372	8	neg
d9f326e5a9bdf356324d49711c4c763a53dcd057d37ec3b2fa1b0088f70fbe11	373	2	neg
c1e2198c0ad46579b3efc7d7a4fb4974a9c822c5501c8cff88a69ff9d71bba7c	374	1	obj
71d993d673125d8a7f853dea71841977f704f0fca4e8183ab007673e6f2ed90d	375	9	neg
17a22543ed3a195a51062987e158bb7d41ff82d957f1ae5be5a7a806ad1ec2d9	376	9	pos
236bbce221b2e19e65d4179c27af6882677bd68a678fec5310e01bf0090c1f4c	377	9	obj
078cded505c76fca893ff4efb676349b69b31b447216cc2af147aa14b4688289	378	1	obj
a26f7a7ff265d7fe0ab7b7fb9a1d798236659a0928a59e1a15cd1df87b91c364	379	2	neg
0f4f448786c51b53e2e944b20c2d404c360eeeb6c4e9bd1e90add77d5305186c	380	8	pos
078da86b5064e816faa4a813f27af2e88ef627a65fa60c0b308861089c1f811b	381	8	pos
40f578239d987212010d1f3162d8e0bdba87f56c9186f13963b45157feb68483	382	0	obj
9ef3649ff004465267a58a031312725e8d1c88b24e2a5fcea580312cac4b456a	383	9	obj
7eab10d9f4b9fa0b00e3ae33847a7ae8add6c8d746e69f0452657eaa0c2e4d17	384	0	obj
c55298141e436ea6a91a36991e1c1685588a62225b2cadbdf887b47f1fbb3e3d	385	8	neg
3323ed7b1874f82a0333b316f2d2b55b5533e1221e7db170b9161d8162c6957e	386	8	obj
90c36385df634093b6d2730233ac0c2c3a010fa4c1f915096b1205bb7222a599	387	9	obj
b03aa6a105d72014de1a2c4b77799441f3a6a731abe26e60316698363c81ae3e	388	7	obj
5569d289095d482f9bcbcb77b17863810d5d1acb02b1831971301776abbf6162	389	6	neg
be743ff53b6a16b4b3bbbdca723b14b792dfb0dd5bfc441f5f82397cbd9a8c0a	390	0	pos
b3f963934212ef1970c2a33b6ee59c746794b4bd500f58fb2016677a2a2638ed	391	9	neg
a35ad3bbb130799ea15b7cba0d8d408addc55b292045a34e6680ba0216068632	392	6	neg
89247b35d3ec025a365e1cbb9f9402e172c7eb87ca3f4f8c8064101018e20cb6	393	5	neg
bfddb298069e133bff7cdc1026536493d6c08b5f34ae1700c06de2aedee3ba44	394	1	obj
9b60653ea92e114c40181b5e543a79c8ef380bce726d34c7706188ce0c4f917c	395	0	obj
446be84e4e52101c37ff19d1e10b92e5364056477a6ed7bcaf155ee6b719118f	396	5	obj
714b8882891e5f3eb0cc7d4e42ec795c4bb062cb9272e673839a82bded3e8b20	397	5	neg
19871fad9fae9a41851d92c2f6cd9484404d517a71fb8d26260e0e24c0d63c4d	398	7	neg
f27b8bc01ce995183da512eb87ac3b05db570764841aa8ac2944945444c32f44	399	5	obj
74ad1c4259e1759f202e1389c5655a0abca1801567bbd68b2fcf5012bb9db38b	400	5	neg
51c6aaa028d5b9fc7f1a715e02b8c8da526b8b528bb353df0cc166f6ffc7a6b5	401	3	neg
ba85c7de692a09d2a9330694d03299cd2dbfd38052950d117538aa70ee01f4fe	402	1	pos
8acc0b7a70f3ba6a390a57a9c2880c995456c5a60fa4fcf616e6d6f1b7c8877b	403	2	obj
58602fb84a2d92430ef367c565efb5c5236f51a703a0bf6a2a661c57308cfc9c	404	5	neg
20c5e0cc8eab349bb3872dc608fa5c2798496cc28970e40972fc4201a2507b9e	405	5	obj
086056bb2388a148c371e9ba8234844a31a96d945b32b0aea667e231e5e34c4a	406	3	pos
af6537476005996c1a96184256512f5aa5476069c78f56e1e7c745306541b36c	407	4	neg
bbd89a19666e8543e32c07e295a30d6eec436f3d265d061daad857da7181fe37	408	2	neg
2bcb3420bdd218916eaebefa64047a6650b876ef78e8b9572ff0caaa664389ea	409	8	pos
80f2fe6bcc7068d6834c49e909d9a38f4461f515650bf455b0c59070b5a43b5e	410	7	neg
4ebefdb1c1023e653b1a2a9e936f42b166f7d891151360f4c08e154cffd569df	411	6	neg
c8e187821f15a5a6991c24b57ff29e5d49c62af6aef051839599bd07fcc8597d	412	6	neg
670833cc249fd78e240fea76a9a7cb38e139b834d84c448c03b5e6ff67acfe77	413	2	neg
eefdc13d916e89ec4e7f681d13082f97da2339f87f5bbf5818bcc8255b1b8c03	414	3	neg
d029b31a66853a29c0f9d2ac1f7c169a0269931bfc106fb566af74b6d5700ec0	415	7	neg
61a48c66b99aef1f15c1b22df88ab54b10bb1f1c679e1e9a8a1c8a7141a5afad	416	2	neg
3eeca27219573623d52c64875ea254e256ab7c53e474a79d1576c747e88cc907	417	8	neg
f3406af98fc10b5e6cb6579c2151a447aaecaf2d13b85dee1e67ccc2ec8793f2	418	0	neg
86f74a3a4fa743e2e0773bd56a47646dee6255a4cdf6b02894646a9b0b0e5ef4	419	4	neg
4e7824e9a4ac195009f8c4fdaeefa57d616f1ecd98742d4090559eb0186e1967	420	3	neg
1475863549e50feca1065a6ed6ae7dd7a579017e8f2eb80a00178e486b087113	421	2	neg
c5800eaa740919eb969f77ffad160d2132c37902bca34487cc10fbae0939b034	422	0	obj
90569c49907c433fa22f32b7c8dd96381f98b422d5400d7c355d5246c4bbb4ac	423	7	pos
b3ee3dc4276d122a76ac0ff728e6dfdaaca503ab04fc8f076deac88746dfca63	424	6	obj
c8afe726ad56882ccc51828ae1da8bb7840b26a7940e1fdcfa6c19d199e2048b	426	6	neg
674999c57038f7641cb1ece46e736d39f7b17de4ce14d9419d66d32630a77984	427	3	obj
d3f88cd72d2c2f3711ddffe99262fadbce2b62299f8e7b6d5a3acb849ea23d07	428	3	obj
8169211c3e1981244c707f2d36dddc3f89e28e763999a4f8c57d916ff57ff1f8	429	7	pos
35e89f360318873bc56f025de4952476745832628b4a0315b724c1ccda060e7e	430	5	pos
0277017f1755438c3f3865cd7e56460dd08983cef0ac74485adaf77d5395fa34	431	1	pos
aad4a95c8f74aee357f7e424523e976e877b2bd207d59a694fde751f9361dba0	432	9	pos
30d822a8c8c7d65a0234714051e1180e01b6c5f564fc5c3aa4b688984d77cb67	433	6	pos
afecc37a09b6940f930e54ffaf49e5476ebd11b920b18102fada65d1dd7ebf9a	434	0	neg
ad776f12482556aa7f5845f899c2cba8551f4602b3cb7d8d9a0ff6de0074c892	435	9	pos
ac0a7b18b79e2511890887e1c44d19da4f66e976c4d64e53e18b343a9577340c	436	2	pos
352dde9b0ccc56c58a5b8b359c8a093b944092667f212b16144724ad2aea5188	437	0	pos
5242a745e46a24ba089e268048b04f1909995e1dabf55673aba69dbf8a931d89	438	1	pos
e420f9daf4f4f3b98699f8fb40f00f43a3fd827ca157b1e6bb579214977503b0	439	6	neg
7ca0af4517c8977511f3a93c049f64c6432e34ac669d7140a282e71bb39bbbd6	440	7	neg
d6313f0dfcb088aa4a611ea7183063e4fab76a201f9f7f6d9ec938631554618a	441	9	neg
e391da910b74ce2a8263ab565c9732964406684650d9d8bd8ab9db78f0d40c81	443	7	neg
8311d4d186da0906d10bd2bb8ead9f9eab09b5f7ac2140fe13175542a6cf2bd9	444	5	obj
22668c6262b1f8af8b7e97f52f104a100bc25b3181c456633e15d777c9cbb8bc	445	8	neg
ca81b20d65b00fee8458ce89aa24f822ab13b7c0c7cf35ee82b16f22bacb37fb	446	5	obj
d4624ba4f8e64a01ab6c137da25f42766f9d9df65d6d3ae4ea0dae07f5c6ad84	447	4	pos
44dd9075c0231bd9ad2ccdaea0e490588b535539abb6ef941fd0daf2a35201d0	448	4	pos
88baadcbd76cd8ce3b5343c057ae40ca934ca030d293faee9bc75da41cdb1696	449	2	pos
62669ee91fdfacfab71bb4141322bcce4c8745c9f594d1821ddb9db7b1b4bf4b	450	8	pos
12c71e993f0eff7074debbd5d76d2f118bbba748ba4c602b61063cb75671c5ad	451	4	pos
ce9788ef243961a8e030e763dc60d0296905a7d475cbe5b1d2e1775a26be0a3c	452	5	pos
7c38f87c5499dc8e2bce1e3e89866c8e733bd666cd7ee952a0682e0fce42e7b0	453	4	neg
0bce10d264bd901077a121059a6a2497ffe975398317da6108844472bb4dd666	454	7	neg
1c9ebedbfe29e27b389eeb95d69acffc8a20b735767f612903afbd9297e7a07e	455	4	neg
f1f3c1fe098ff67ae320f1ef1af88fda436da610c360340a5dd1926bb8b93bdf	456	5	neg
858c416b966073a8d7656815db79dd6b8a650e908742d36245e8190c2a18eac9	457	9	neg
86b923cdd7ea81c1af1589f1e91027a766022af78a04ee9cd6fbb7da24c2c2c4	458	7	neg
5a87cbfc12759744be2e1d1c990eb096838038e0cf6b066645d6d0c9e21e19e4	459	2	pos
59880ea353db0f82df619902900347b088a09acb296246d6dc26e3f061ffd945	460	7	pos
caae78c92de40ed91c291fff508ba152888479e8ed02b80d26e62f1d3da422e5	461	4	neg
6abe7c075234c72a665b85e0c083a25b57413a6a857babd9bd48492e87629d12	462	7	pos
bbc6ee23e07b0385bd8b549213b5cf31140dd55233f6369e38571e5916aebdfb	463	4	pos
2797fddd2231ec9c3c4dd1613e94734f0b3d25b9d4a41cb3c4674ec59823e3d1	464	6	neg
eea5dbe71090c09c4a29d1b2a6d7b6913dc163d5de9422688594e4d9917f84ba	465	4	obj
fe0c46bc30e561415c56d0d01ff78710d9566d81b0b08dc1c06fe1004eb20734	466	0	obj
b4da36f6bcfb219c7c093ffaf25d842737e04d3cd290486a7eb39f240b8206f8	467	9	obj
fc79e68db25b253bb7d7c69ef6250d835d8d140b241f8742ce7c72d14254c8a8	468	3	obj
b07959a461e91237f8576e2110008dbfadafee051f52095084179eade642b993	469	9	obj
de75f36c09b5820393ce2ca928ad9e57e9ff777fcf48c1bf5a56ffebfa0a3bbe	470	0	pos
c8e365e791d37c6e6a79c1912df921da66ba904fd4cc945319500e0e7f3279cb	471	2	obj
1f70d53ea7f1f06af766bcaa3684dd4adc879e90290daa03e2beb2c4351aea25	472	3	neg
562c6749e58cb806a01502bb35ce86411a0193622f65d4dd8dc925b0069bb03a	473	7	pos
fa3fe71692776cc319f0ba3b9daa4c076024b389e259a4b11adbeb25f066f1d9	474	1	neg
30f827975f6cd9235b2c9aa986c4e62477b530f840511cccf598c5a22df580c4	475	0	neg
7bece0905a0bcc36682d8452633fc1ffd84f4e5851e1138d7c93522dbc284708	476	8	obj
7bd8760af523ac406c1ff23a87708ca4caf9ce792e483f493749ed3b92126e68	477	9	obj
1b531de0a970310063a37af21c391e4cfe078ca3b6f761b015830a0828b73dc3	478	0	obj
a429a956a83c2fadbaefb99114de4c5bb06f1ea6423de70febe4034ea44c00ef	479	7	obj
04edb4cffce6e649cb9edc46d16cb028b08fb53e46cd70cbc985e7aec7220035	480	5	pos
214ba468e11a49a560ffdf0016d8ed69ec55238904bd5521087a738054b7ecf7	481	4	neg
76976c979b1c915a8a9ed4fd627b602dddc31e72f8f48c6e5b8ae70b882edc23	482	2	neg
a4cd6b30cad85d728fbc1b32141d06579176bfd26e8ae86587b5687d0e2c3aab	483	3	neg
47b4bc831bc1b97ccac22bb68886e589fcdacc8ec95771781c785874cd736508	484	2	neg
9d0355a8fe60856bb1c331782433de6f95060fa51adece8d7a90df2fe5b41b8f	485	8	neg
99909b0a47b3246198ee33c5a9ddcbdd1fd8b541ac95f96239c9afb1fcedc639	486	7	neg
deafa6c11e108a12c41dcd33f6c5d6040e748df7acb5abab8f5c2046216f6335	487	0	pos
d1a7754a9aad3b315ab6d40fc75331db48aff0856be9f4862c80324e5c460d0e	488	1	obj
4c131c738dad518b7fcd6979f5a3cd9da48a43023d3b25f7c9d5f3b20cca7f47	489	6	pos
1ecdc6526668a82126e56b695bcd86c178aa031ef55fd7e953d45135fc91509c	490	6	pos
846c63bd2b77adfad6a60e2eed3234eebb801ceceba52e5760aca4e43305bad2	491	7	obj
00a474795e6652d1e305945f872766a4135cc332f5ea976d95e84ec7545cc7c8	492	1	pos
6bc825d7567444d62974ad4737bb4beb6d41262df817cf35bd34957c8130a46d	494	5	pos
a49bc85e179d9e76af3d1477545f7964530eb71a2ae2c6ef8d7180583d88edfe	495	2	pos
3a33adb73575f109a0ed147b8fe1c7863a93eba0aea1b95b77884ffa23ea2705	496	8	obj
5018d7dc7e5276cadf0f2eaa0351d1f525898a7349fad611aadfe1ee05d85fda	497	7	neg
78c6378360b8a8bb8a18dc1adf26c77f3fd36e9ed093b90013ab4db16cbbb4f6	498	4	obj
a44de27d5e1f5c101a7a87e45154c6e39bb4931fdcbbcf79f98d9b32893e9cc8	499	6	obj
7a82c1600a73af16f341b99bcb2d39e64457844c6dc80656b39d19f6b021a7ef	500	3	neg
31e2bdb810568d8f313700ebf05fe7da2bdaa4e59ac8538342b32afbc34d5a1c	501	7	obj
b302ffb4ba3c134484cf0776b260bf6aeb1a96bf97d0e56fcc9626fd0ff8b9a8	502	2	neg
05c2972dc209d6cea59137dc88da53f5eaa3a40c7247a1f376cbfc31abf341c1	503	9	pos
c865d844e5f4b5cdb105d13c11b6893078ce8b166c6f4d4617e204c1ab94a78b	504	9	neg
3fc84048049a23e0121e67b6b71adccca46b2d4fbb21786c5cfbc1e9117d4e42	505	1	neg
4fba0be9ad435b9d189a24bda3782b9495b049e461a699ce8697159b42d55098	506	1	neg
2e2a91e37db7bfc0df7bec43349f305d9be28d2588d1db36bc2fb71f0993b073	507	2	neg
847582726cc5c3ab8a81b0f01769f1d4dc34285196d6d8ac6d1c0b4bd07af9b3	508	9	neg
f1ad89d0b1ee87e9774a602e5cc83a9f922f4be470ddec09c63a56ff5cb42a1b	509	2	obj
f4faba7a6888bc875d41cbc702d42aa0b647228f523154c4f69f1563269953b5	510	4	neg
1d638ee115710deb61e78d023f92a5c70d57fe2eae673a283d5bee605a663a1c	511	2	pos
b9b9548706886b1e3bec8dcd68f76de6927e6adb327c48e4531c6eea411feea4	512	0	pos
2b4379644758dcb83449c9d8a168b2df762cb82dce2193adb001cbeb8840057b	513	1	obj
6c229c604e66a0b76b84bc75bf1ffbca7db2d161a9f1364ab92c1d8ce60b61af	514	5	pos
84c9b8bf92ec7d93e6eab2972cdd2b37c4c23f3b63ff69c42c70a053e4808d9a	515	0	obj
1e2c3fdc21b610ea2db61e91b16cc4a78994331a2d79babbb409443cec03c866	516	8	obj
74fe4f3ddf177437e25e227f099a6834b6a2968ce209902b19ecbf0922693b50	517	0	obj
925ea944ddcd545b7895b0cb003dae44ec721eb44dfe85d522be17fb146171a4	518	6	obj
b90f0a41022e13e1a6e6816e451ba815167c6bda19de3320f88349f98dcdc174	519	1	neg
51f692bf47fb90833327b874338f1a82ff2533f9d51ace5e306977a25900b66a	520	9	obj
3e7c3d8bece7469196eb1cd9eacfc2886ffae02a0492975c16e30c86f3ca4cce	521	9	obj
17beee6a03c5b7bee7e84da6dcb49e126ed84212bcb8838530498e04e03406d7	522	3	neg
21ebcd142cfdc8c8a0f7dc5a226abb542fd59864e6bb99b4ec424b0af4e068ee	523	8	neg
c0221924060840ab0d9f3a281a53c758a83b42fb7f393f5650813f367a06a339	524	4	neg
1add7cc9217f212511b7c43d7f71732124142648244197a37fccb16e827c350a	525	6	neg
08d0bd65c67cb9001c0d93588c741046ed3aae7af3df4b54a66068f3658d8fc6	526	7	neg
575487b466b5b741cc3c8ffe1db97bac908381eb7ba2b52b3fb342efe53c90da	527	0	neg
0ee6c44b19169d0c62d09a97522e0b473dcd0b5c613664a049cbe185da26b37b	528	1	pos
54344d152cb26fa80810828086977f1d1b5e583a90d678452d80a23ead64d200	529	6	pos
78d5150675a593c6b1e1c6ff2e1c1e4c70d02b8b9b02977676bf823802569d01	530	5	pos
9a9ad37e79287aba1a8a9711b188af774af748571437520ed7231dfb8202d1af	531	9	pos
b8aa397e7d4ab2945752bcbc457bedb7b721340a5d966b806a5b7628c18e837d	532	1	pos
46138efe992c3d3eb0b9f83d3ec64059e3dad5e517a997fe641db82754fb0196	533	2	obj
ce591cee2b037063f4366074c62b1e987795e9caef579ecf7de7a2d0f3f644dc	534	6	obj
0d472667ab6534fc8d46909302748460bf04617868586cae0003e646c72bf2d6	535	7	obj
0c31604c5ca7973c029d88d58ffbe3379f8c3f84fab6ff004a09f8100c44790d	536	7	neg
59cd6197abd2f4fbb4b83a0abea6f5d51c3effba0e846203c2b690118e79ec85	537	3	pos
320e05315f02fccd0dfe5b9b31ae5cabe599d9df147d50c24023ee160a9b6263	538	6	neg
a541908fb7e76f748b95052c13eef73d050b19896b7a7570e72ba6950ac43b5a	539	5	pos
e2ceabe696305d0bd436288a09b34b6b8d5c8d5e83950c5421efda11d6ed5b87	540	8	neg
b6d9b3d370e7191025de7c5ed21621b92053b20cdc2613a92f052dd7c8d77c14	541	5	neg
649aa135d50baab96f4179e4b466b82a8b66f3fd0fc8fa10453d00e9b4583d54	542	8	obj
f6670c98f8a66bab157fa31875d1437851b6e0a10762d5f51d3dcb4783dedc75	543	2	pos
a3a22d5b9ecbb9f661440eb9753ddc815321472b8c393e2ada4993b20f92d7f3	544	7	pos
6c4118d2773a72456904d62734036d67b4cbc87b8408cc8e29bdcfd5a843995b	545	8	pos
5aa9f45a1439f845940885460a81a14dfa35dc1ba21c96f9e295b7e5370d230b	546	6	obj
d2991f68d47e897e3d38f26d82591c646e4dc4a7134ddfaab6c86f16c25e4871	547	7	pos
b5894826acbb0220fc6dbcea063ae5a11317ead4f046c8b2b99b36ebcc3247a5	548	5	neg
967a59701d5c83de3828ed07f0fcd6d53959f2094bb2c6c8407d9cc983c5acbf	549	4	neg
1584352b3e07afd20991c25f166b542680d261f7401d6e50cab97b3935450f8d	550	4	obj
765796e1a5ebb0511ba45b5221264738df2f75116497fe3da04928cc08b82734	551	2	pos
fdc5a47d215ee7d032e72decd0b810c443e239ddc2a71eb9fd3d7e4eb27f12e7	552	9	obj
9369d7d8f608ab94ecc0a671fcc34b4d67651c6bbc1b1d85fe5d0aab0e841d6e	553	1	obj
ecd06edeff491a56c51b8fcd52d4270f47efe1189603e0c07a0cc9de96313b48	554	5	obj
b5cbe8342a04c710ebc1fc0061bcfeed8a6f386969677cff935e043f03736f2b	555	4	neg
252f2276021441a1c84f545c16841bb14ac46c4f6cf04c557fef691d1ae46b17	556	5	neg
6d02edaeb902e118390dd8614d3e46c6d6ca331e8b06f2a74c5c12bec96aa636	557	4	pos
8ca46fb1b86029837b1b10f31dd97698202413a6f9748ded1bcda349336659b1	558	0	obj
287ab89ae03c9afc0bef8d47f2ef331b9b8b8d24b1fe7b7e7106f22990273e85	559	6	obj
88d07910af12cd13fdd8a8d69a52c519a5c287be55c98a4e26a2dfd6b194af5c	560	7	pos
10c5fde4aba44887a5f88c55d586dc745cdd4f0981f3275b1180244c8b383538	561	5	pos
30fc4cc15b28e734d581d5665357e63250e12b1f256fecab4387570aca136599	562	1	neg
1571eb037b0ec4c397eb2cb00cdd82f2e8523e34a91f0d4327d74a042689849f	563	9	neg
cbb7540c5de5d60ec72b561ca949a3b579701fadd6fce553bc670881b70f84f7	564	5	obj
7505dd33e2eeab14631237fde06927efda330fd258c2cdbcfe50e4a66f18babf	565	4	obj
afe6cd45fbdf027ebc7c489ff0bac7b238b06a65c915a1ecb3a482e8086e317b	566	6	obj
618a04411b6c2b796666b1ae0f7aa3d62f7334943150a70204f10f843bbcb226	567	6	obj
9fa362cc4cfaa48bb9dda267ff7a8d5307a152bf36269d38f7c4ef1436ffa4b9	568	8	obj
4cc186b4f7ce72094455de1e1d98e12246c7ae4369cc9048f077e666c3bbbbe7	569	8	neg
54a8123f6018471ef449fc4f04907a0717c0cf14b777d45dfd87905b06612c95	570	0	neg
47a98cb8da8bd88ae626f467934723826512a1925015f308080b4628328e64c1	571	5	obj
85a9106155d99948d3d09cdd84b36c311eebfe46b65359231bc941ca8f5603df	572	0	neg
16e78250d3762e064954d4c42aaa5cbd38061b136362cfeee275472cb3672ff8	573	8	pos
7eb0ff856d8b5bec27e61927762b638fab21f79a29a309cf9a594c4cf4bca699	574	8	neg
f748c802f33ce98f970e0c620c905025fae1e1c6d79a7a8574bc5fb5a60c0a48	575	7	neg
1d9b6db2dde3d11505d5f860696808e47edb14ff1b7cce16eff42b803d4d1dc0	576	3	pos
c1b7fa8c6528cdd9148e5c62a892d0b3796af3bff73b7c47a3cca6a32e56f7cb	577	7	pos
5b3aba0fe42ac8b7b70fd147c8f0ac6aa34b37272c2885cef5c4cd2a88bd1abc	578	2	neg
dd3e71ea6b8da1b4aa547c0bbeab91f112d81e378b880886b994e42c489d9cbd	579	9	obj
319c83d6d69e359f7dc948c708927a6171c71eba491f0bd09120546b08400fcd	580	2	neg
cee73d57d16e1e4ab4ff304fe10d313e90bd9b89e04ce8ddf4bcc6ec9184c967	581	8	neg
0f6578104b435dc0103a43bd8f53a70908f03a6077031bf4e0b8d28669fa7659	582	3	neg
d25d92979a950abfe98ce67f0a331f708640ad6df4f024df944ee433fd7f050e	583	9	neg
6270be0a5dcc4733f4a233cec3c42e8923e86bed132e6f9eaa1eed7215dafe05	584	5	pos
da8a883fa5dc24d577f595b0339411deabd1190e34027809fb30cb6315b81265	585	3	neg
ac1b4154302905118a08fe7b5d85bc1fb36f2b93c7888760e0e74a0a54457fad	586	3	neg
7da4de4fe6e67f55242fb523b930e3fcfd27e5f7076f6f5bb65b662014dcd31d	587	0	obj
93d87a375e51937b9fe3b6f3e792dce79830cda67fa67e047c9886a42ea32567	588	6	pos
a71f870adb9a8d9c9e6350f2bc97ed1620f2070ca2525b0efa75c2491ebe26c8	589	4	obj
398fda2e7a2467505345110b4f8d2e62cf9433d78f24d725c1f05d3d6a12265f	590	7	neg
d047361f02130676ca34ef7e82c9ec0c9ac04ff81f03d11019ac705e89ff6288	591	7	obj
44df549975e13e2c7ef013cbcf0f15ef44a4b43e4870389fb2b81c424709f5b2	592	9	obj
36659a90cdc6dae3c9b3b346317ee4917c73953c8c03a79edc2e0380bc3515b8	593	4	pos
9b417b66ec2c86f89731bc1017033d8e8fe5e6631e389e716ed97a095992b02e	594	7	neg
69ee21c11a9caa1cd4cd121bb203a75f85f0c39fa896dcc6606fd98b05ccb735	595	1	neg
2c5e4c1713eaa31aefc98e9b53d8891cec2ceb7305bac1bdb87436b99d51f39f	596	3	obj
6326d40f080161e80586c6629c6588c93ce8669dbadd2cae1431587bbfc35fd8	597	2	obj
21972d2f062a6f5af63876280d688300012e5ac158eedeb144ed978b21c05026	598	8	pos
a76bdaca3388408f3746a6f76219456191c9c9046da74ff18f9e299429fca309	600	5	neg
083c2a1302f578acd0eeb8323ce561a43253385c7d40a788a1be539dd97945b2	601	0	neg
be6100b387c9bd39e47d3f9013ff882c4d7c6eebe85c3ac8ebee792e33aa7ed0	602	3	obj
b68231270a9bcdba4a5f1c81f2fb58636759f81217e02750ac1edc36151930e4	603	1	pos
24d5f614f2cfeb0344e6d0129a5338fcf93e80fd70ac59c0c5ee1a7fa9ef45a6	604	1	pos
7a9cabce15527347f5281f569434adea3b2472d1d209938dfbf061988e272756	605	3	pos
8f3d57b5f1af8491e551c3b5c0f9185d745d4a37f651fe0f59cb54d442495ce1	606	8	neg
d75560ae7e034e2100b87497a787a96637d1e20e9e1cbf903c4adfb5be344435	608	1	neg
3383b000bf7e5dfc6390bcd4cc8d352751f16080d6d9b6f8df2c2bf409f07e21	609	4	obj
feef8294727c4d504db40cff142dcfffbe1cc8aae9a9debf1a4fed42eb3ad738	610	3	neg
54ed0d98156009281436ad5a690fa5b93d456f91d1d6c0bc19ce9c92da500e2d	611	4	neg
4d433b4c2d27736f4d01d02003be28519e7fd6473cde2fec2d2f2eaea5866cfc	612	3	pos
2f71237cc97040a9f623ee621acfa1dcf8ffdcafac4f2ddab531d062da95ea9f	613	3	obj
eb53eb91146c0b0ec45b3c22a16156ba86e9e071f471a15c46ab4f4154a12d15	614	2	obj
b11b61a1683830792b7268bdb931bfad6acd11bd8efed1133b606c92267efe27	615	5	neg
afe9b6aff91e65d08f686b6bd1c70a3f7ffadd313c50c68319577712cd92d774	616	2	obj
fee18e7e3dd4947111169ba9270643e99b3f027c0294ec03a74db9551ed9c557	617	2	neg
ede633062dc52f3b908c1a890d79f767d327d98add00b68f2e2e82ccd2ebd558	618	1	obj
0a18c011b822d0b0ce4c5b7d5a71528f989f844be7eaad18ef0e7d15803b3acc	619	4	obj
3d37edf7081c5d77c57deda684ae2e90de0665ee5d0810ec50dfc36bf323876b	620	6	neg
ea151b036d2c41a4c836d3289324ba97dbf7929fb63f0869beab9f25c6cc5d33	621	9	neg
77df97b398b587b73091d3a353f91f798e062a46e5a84d060ed5565b493fd827	622	4	neg
421fda2b5b4a778be86cbe987e6d2462d6a3e1a6ae0395d2ae81a73221cb7bc0	623	5	neg
411c59c1231e3124910c5eee5f576a6c0521b0e4e4956eb85fec4ada74e9d8e6	624	6	neg
57bf26d800e9e2356c78f808b7baf57fa68fbe66341a94325487083c360cf4a4	625	2	neg
fc6d141a2c2daa7814378681ac6085093cf818132d3bd55389b7c4df473cc4bc	626	7	neg
24b50305b5c8dcfd6ec510d1a535ea559d9443c5b48d69d6347c6bcf5c0b1d15	627	9	neg
bfbd566396a65cea7c99a5e22a5743d0ef6382bb649af067fa843bee2f3894f6	628	9	neg
ffd0fc81bd603d2b277e4962bab9aaeeb3b5f3d30c5de1fd7f563a3428c8723b	629	7	neg
d9311c22c89bf9810be7cdd8f254bb7dc5ca8b0a9668f9bda8dea9d5cf68f758	630	9	neg
5b2afbfc98a4b20ae1fe8d0e55bf7db45f80438cdeca476bf9c7bd7dcb3246d3	631	4	obj
5759f030ebd3bb75d3c088bcc81f2a7970533657b23ad6ab4832f3dcf5b348d8	632	8	neg
e2d0f3c35255447f32afb4a537af7ab60c74ce161b80521b1e144b59298128bd	633	4	pos
a1e6eecbadd94cb74dd7dd40728ceccba0b69555edd69d4e49d82c6c4bf5e0df	634	7	obj
4973026b0c793fc7dead6c76c012a98339d8e9e87e4b5624af43f75d8b5d1b2e	635	8	obj
6895b868f218be40ce5c25469d97cddf8ea65e09b5bbc586cba3f8e49f92d42f	636	7	neg
32157c914f729b7057824c71336275d02041fb4aaa1b8ae7137e20fdb575fd0f	637	9	neg
3c2b7283689e144b417b30d66bc454dfecd66e10ca71161f34189605532f2bf1	638	6	neg
e66f6fa110802bebd2958c5962ceebf3d2eaee1814f6633a52cc9734c81d576c	639	6	pos
056bab72bc6e8adecd2305ef7daf45a158e9ed59f10a0fc246ed373a8176eea1	640	1	neg
e125609bc4382f3f4bd9537d86dd669b52163d8850fc45b32c71819cd75ef0bf	641	7	obj
6f01ad3267dc074adcc6a1898d20d94068ba63f5e59541a4dbd3e22dd9545301	642	9	obj
97facfa462b61540f24e7a6285be7960abb0cecbca44d66208f24432cbd97430	643	9	neg
b2adbda59cfadbdd182d5c88708222695fb3e0dfc21be41927d4e5fefda15b9f	644	8	pos
0f8c817d2d18eb3abaca248b9f8d83ea465232e1ab2bc1302e8c4b4ce54e9a4d	645	0	obj
d8220dbd8fc6d359c8d84c355ca920888dad9e06fc3c0baf825b663422fbd429	646	8	neg
8fa97603964b366d1ef203730b10e2a54ade6feb0109090a97fe3e87f1f7c051	647	0	obj
196c5e28927e55cea3c14ce99c9b816de507972edb8f48589246e5068144af93	648	0	obj
66a419524c00ebc2a93d8ec432619a20849bcea6e514222e1851ebd56742aeeb	649	5	obj
61da5459af1aacb72e5086c772ccbaaa1e4e7eddcf1280b782b8eb0c760f8094	650	4	obj
1e9d11bf17e7632938205cb6b906073624c2c6b0475b9f0ebd50d75e6d157324	651	9	pos
308714b0b852a56b259bf9caaec5c5fbe528e26434973c6e40d150346aec0836	652	9	obj
59fb3bdb51dfc3de311d25955ffdcace4a3e3a91c2a1f308a3b84940080976ec	653	7	pos
d978756d38532d732c21c77ba6f387f0fa772fac5c06174c8f12ae884b2241fd	654	1	pos
ccfc0342735abbac7c52c72b527447ea0659d7a667fe9f5db8b9b141e810b72b	655	5	pos
cc5687da16b4123bd2a5860e3aeab16ed0b084b401b3be8b0380171e0a9bd363	656	8	pos
2c98d77b39376a55b5c90a7beebc840bca05ba3586bbff8cb404bdbbefe36e03	657	0	pos
cf4f859d37ee14936ca2a528a1b4398a72b35acd1b27289aa7450fba0fc2a90e	658	6	pos
dcbca3184ae20c68a7e783c2c78ce9dbdc5b35cadcc97e69af240d6bdd4737de	659	4	obj
4629a385445cfd1515c6143963f245131732d3a7e98965a875495d095a0dd5c3	660	6	obj
bf8a9d7503f8bc22c545cfb54d2f17dc22566979d8f3f4e78337354cb32a80da	661	6	obj
1426ed04ce8f44eddccccd83492420b85f26031c7f8e903f94be7fe454f7e62d	662	5	obj
08a8956a1e02e300942670f5b26053301381e85bf7707a8d0353e114fd52e564	663	3	obj
91e4ea4cba47267e378363458a832758b9773b688705ed529ee799d763045511	665	3	obj
bfbca9236c63fad8a58a51ee0d66477ca2d2a162fb6f62423405886ce5f917da	666	2	pos
c2d0a8f6980559a56b2764d387fec53f5da13e892a225e5925fa502e43c48877	667	9	pos
591abd5a48d225d492fb3fb8c7d45a739cd29150f94d2e586fa1842cacc3082a	668	2	pos
d964cb4754e3471dcdb04552aef8f27e00effb4bb1a601e2612af2b80411b70e	669	0	pos
dcb2797c21504f5f126a4a117be6d7993b5dbf4d257915508f051433f8d65ca8	670	3	pos
1f0aead94936828d9168c8a8bca596ee90a7b2a66317458ea3930e81d9dcb7e7	671	0	pos
b094ef0cb05f132482d2e91b501cca961e6b60944111a3b27e797223ff46c70d	672	4	pos
f32d2c9cb9012894f814636c2036e8bd8f36c26d71c3593f93144945b70481eb	673	7	pos
be4e13d37b5eba0479fffb50d3ba750b1f7b9afcfda8544b661c886ea2ff9e9a	674	7	pos
71173646fc6a9a3494e56d1d9b275d39524dd3035fda125b0c20d55c0eba5633	675	2	pos
4508628d39ba7116e1b342c606d0c8452023b40581e777e051cbb3952d3688d7	676	0	pos
e543b5d5a0d8150167ebed99caaa0df92b30da174e58b663bb2281b629f3587c	677	4	pos
029406d374c0c3b1fff48bef309aff0c23cf7b850040eeb096f264c01697154e	678	5	pos
04c70b01ea0eb8708026bfa3e4f98409246b0dceaf3aa91b8e898319cb3924f2	679	8	pos
966a21514c9f0308b757b113121dc4541cf152cea9718bf7073c55ff638ba2bb	680	3	pos
19d6dd8dfcae07529218bf80aee377580caf77c573aded17a25e4bd03f850921	681	8	pos
2b3f270616230bcbde919866a64a610d4c42d965b4269a3b3d1631a7ffb75226	682	5	pos
f5da8c378a8e9bfeb94053f60af0486f29abbccb74f3d2e7aad5a325e6a9f85a	683	5	pos
daf07207a859bc624aafa6f572cab0343b3425f37023d0736d5529c6ee8cfde3	684	8	pos
541070a985d2ce95863b8fd8c4fdc4c8359aaae5b2a591983e7511d149375313	685	7	pos
c053912d526bd96b965ac02bbc1a302979368fbf265b51fe1917cca16c12222e	686	6	pos
2c09feea7ce008c2c153ef996636198bd3527d644689ef1904d93e43166fd74b	687	3	pos
881e647861e37f6f59dcd3be5a0431e0cf1190ce1b8f05de30bd0ac60d199176	688	9	pos
1e6efaf2978345ff0920bb3d60ca48053e4b3e0707e5abc52d92727e44294452	689	0	pos
6e5ba60c97b9816f8fd5d91275eb7b8e35082b3cdb0fd6f34de11966701be7e2	690	3	pos
2148e10fd2ae83ea925f66b2e8f2b1251731f6956ec8d9458308b198147ce073	691	0	pos
588d4b3e3d5c48712da22d4a9211163576b49168c88c8c00ce21b5e9f965c1f5	692	4	pos
148f0c4b8a84a61d618eb7d4b40bd10fc95db54a2dba77223ff547beb0fc5fe5	693	2	pos
ce4f8b415440babcdf6957d5bf39098b0ffe7980f8292153c680bff96499d94d	694	2	pos
e06239232c6fa59191bc22c8f85e0a388cf32aa24ccaac1a607728140e636581	695	1	neg
ce59d2a495876bbb4fe6eec5c8e17375cf7e5408d5816092c61fb0101b52d8a1	696	7	neg
9d357efe79066e2d2dfb7264daa1858c342b2f20a44bcb20ca53edfb144a855a	697	2	neg
db5a5435ca148d980def4c3962d6ea0cf4f846bd36a98281b479f9f1381c510b	698	4	pos
d09016bb9f5d98c775ebdff447bcd85ad0c5a5572c186706dca1d2247951075d	699	2	obj
355ae51d7361034ed34c91e6c8628c33717bb66dc3b62206421ad74cab9ebc1f	700	1	obj
2a0ee0eb97f94d477eaac563d15cb736ec34fa5096cdea90483da9f2865cedf6	701	8	obj
e42e050fa47baaedd834a815d81ac670004817ee5e4071c14c19d4e31c5a9815	702	5	pos
3190378ef4313d9d814f38c8dbe24f790947022e52e78b9ef72cba16691d12d4	703	0	neg
82e54f31f4219da5bd4ed4420af0c69891adb667e674f512fe81938f6389b086	704	6	neg
c41c0d6733de023f1fab55c4cc30783a0972480e55f0c129ba57a191f6ee1d5a	705	5	obj
4d8c209d35800ace051b118be5e0941ecde486f379be8d66c864e125c3cbeef4	706	5	obj
bac779ab4179804f63b4684aa798a66ddab7af46259a201a6e4287be7a347fd9	707	1	obj
2a07d10cd89f814acf83e2220d3698b9416e69338ba2ff06e94806e651110396	708	2	neg
341d7b8007485905fe572e888d53d5f5df8d55bbc71cb03436d1a6713a3d1170	709	2	obj
b85a1a0a6a029ad06f193d5c478e084ffa49341c4d9a1cc5e9742b2a47835220	710	8	obj
67cc5ae11d59270d73d905c24421cf4a8ac94958c51e27e13c336f3cd420a88f	711	3	neg
f40ee00d91bfa64d0f47b2a6be801b89b1a0cd30c967d3b4b449861774293188	712	9	obj
ae9e58100cb877079dc453ada54202020bd1b889346e8ee1b56152ae061e01af	713	6	obj
f93d779ade7ac02c4c9971712bd1ddb2bf44d719b77d29fd38c4cace24d2a77a	714	2	obj
1cf820f3cfec8995d457501c1c6f73e0796ec47dee323efb2ffef1048f5ef932	715	7	neg
8625d4b637ff8d37d5d9b1fde6f5b849c27803a3a9158c9c72d1e5a49a49f5a5	716	0	neg
86e6e876cfd229521f4319f6c428b9372c79968bcbd8c36b1af12a33d19d1772	717	0	neg
15b231469d723949abd93f0c4a85d94e003b80fcd2ad04b38a64e912ac91bf8c	718	1	obj
952ed4903a11088f532f4fb954afe37618822a9b4b1fc1ec87f4a84bddbefdbe	719	7	neg
f7fa6a1d9139a3d5530cb167428406ecfe046b6e3166b859bebdf8fa076a5705	720	6	neg
ed4a4f1a81407156e9ac5d4b52922555c7bb2f2fc209bce393cc48ccb9d8a4de	721	1	pos
a99216b07247585f8e7d1619d5cc0754f2950dcd3ffc5217bbd2e6bfaa161725	722	3	neg
63e205f5a7bfa5d9fa2db6025382428ae7a9116fed747bfe11779bde34b502e5	723	4	neg
6b82d5d8c7c7eea4efe355b3128fc088e203677b2782ab4c2c867d3290489a7e	724	8	neg
8e6f05b6690603041910b64f5b106e45e9d1cd8982af816b5225d63b7c4816b4	725	9	obj
f6cc04a61df47e53b65f7e1a1c7b0bf68f4ce411cbaacd0c590874b94bd439d9	726	0	pos
fb9c468a81d96808add1d55ce2f193f50e27533dab705a8b034de90b8a520e3a	727	7	neg
a12b63597a9b4e7e0dd01c389f042fbf0f7a6400ce5fdda13fe9255fe7dc06b7	728	6	obj
9afcde2f0c08b42a66d8a414b9b5588c18a405b70b9dcfd239b2a599511a4949	729	1	obj
8442f81d90a33268e3daeb55355e884cd40e6832cde27e51c2af23c6e85b02a0	730	3	neg
2564b146947d965aa2257f16070d50f52efbb9b7e861beedd6c76715ecc4fec7	731	6	neg
1e9ea1b2f970530451264b00e375b1a1c4a79da9bc376e12a456fa0ef9eed859	732	6	neg
02dba61c3160d1f7d34f434107a461e555fe0ea1c34af411f802d0e5b8dd766e	733	8	pos
39ab4524c9204532e6174fd1ef36300583a39b463bf122feb2488e029f9f8e8b	734	9	pos
5bbec0eaab42a031badc3b597b46c1e0e9dccf286e024062221353d08f1a5ddb	735	2	neg
eef20714acac048278600e9107e1c389201c2839030930928b49ad3fd8210c14	736	7	neg
cdcfd37b84e69e9ec3d10fb2b666e49821bb73bd3d48e31825002e23fdf2df4b	737	3	pos
5a7b1545e5409326db01c28d4a1a814d6e828c602642823cb30d762024d420ee	738	4	neg
c12a39673ed5319efc84b588f42705bbe8e684b4f54d8660cea1b3757ee7f29a	739	5	neg
d0bb644e8cdaa1c176a07dc6f15ff3daebbc78454861b18d83841a994346fb07	740	2	neg
88bde311456b5f735f246a50861d7186f926e65838c6d5a3169e4e96e29631d6	741	5	neg
97c4d7e554f9ac99cd9aed8ec666f5d7cd56f914b8e0b34bb6196b15e28742f2	742	9	neg
e8581e46e4270bf41911af8e2a68dd34160421a28f6829a00db3dacc94a0aa37	743	1	obj
f0c521cfa7cd6917a1d61278640eb6fd838ccd07e2d8deebf23291314535a254	744	1	neg
652fb7e35247e6d4d9e779d6a82339fda606c9afb9fa86b40d866ad9b8c5cb11	745	4	pos
de257bf2811770db37256e407fc41e903ffd3022427ee8be4306c173b3a62a63	746	2	neg
bb7e7462dfe41b314794b41226993a2577514efcf2ef621faf00bdc303f79483	747	3	neg
c689d95dc5f4b33c458c593300ec3a53a3e4f69241d757b8ca47a75f6f9afb40	748	4	obj
0fe2bfba78e538fecb561f6e498d9a9f88c7583821bb5082658cf8869d2cd0ef	749	1	neg
baa0005a90501b94c4b95a508f785ba770c2774f73ae92dd127a18b3efd5b2a7	750	3	neg
005d75157ec082542b7a4519e76877fea2f22cff855c92a007664881e875f24f	751	0	neg
d7ccd29e235da952092e4be6b390803f1a1db73da367ffefb286e31320389191	752	8	neg
dd77342dcaeb072672e4b54116dc59f031f276d2ce0a03acfeeb4755d15bb86c	753	0	neg
64160da6caaf77b409efe07317e99c6abc626bbb71553e69e75c94cf0c328d80	754	9	neg
8d57f4045dd11d7f6cca9d276229ecace2607380409e4fa8174ce7f5764bf67b	755	6	neg
feed2a84050298f8a9e2232ae7f4cfa1b43474991851cdc3d8ca7fdb8a806f35	756	7	pos
aefd3646b983e6d497db99eca0bd4a733fe43f20f953ca0606f18ada5dd84fdf	757	7	neg
a169a35b9cfaa577346623a5e16ed43e72889671d8231c5cd9079a5ac92aa9a7	758	0	neg
7b56811874bad98962499207ec42160067071a8d707a5560288dbb1ff4a67bbe	759	5	obj
76bfa495a39d8ce0edc4b99556c2bc67f1834c9dd27a1fc964919084e7f572a5	760	5	obj
32522fe5239967823775e957ad4825c0912f4abd83651ef0d6141bda0af53fb9	761	0	obj
6ebc82eb95c9fd67601cb155660e776e2542a154a7fff640aeb3692a15baf767	762	9	pos
996ef09241a5f96ab762a2add98e04f4596fb7fff88b16fdf97a1afc5eaba941	763	8	neg
254db8acd065a637dcd3b7310514145f5f9595d8f163c0a248a8e9b145290d74	764	5	neg
b9f27d9135ab690d8fef8c48ee94856b006818960f09211f1b91203955537d32	765	7	neg
2d04d5ad19f4ddefd7933d91c268acbd96cf7add5e9e14a8b02941c794bbc420	766	5	pos
f5c6b944ed899425f13bc9dd3a82cb358168a13314fe9253a5d21e091f6a18d6	767	8	neg
9dda7fe093fa5e96ff57dbc309f5d1338621e74d1ed1710a07a1fc7570ab307f	768	7	obj
a7b020be8591f8df1c01967d6023fc44ccf5c195fef26c7026bd82512c4910a7	769	4	obj
65b53f5aa991ec84b6b19e623b194283d06284cc20ed427374af0628b02519d8	770	5	obj
759a491d5d43d643e179bb85aaeb3a1c86aeb7b2945d72291eeba8921fb5c61a	771	3	obj
6fdfa41f528e928bd237ebad65e2c2b3d6831a99f443cb133cfa5bc2350d5379	772	4	neg
45519ed5a497168f363c33eeae81d916cc3de0a7545fe55ded83619956d24544	773	3	neg
f986ca01fa1dca54b032f175415fc89348084a214f7f69f745aa04b0f28e501f	774	2	neg
1550c349b4ab3ae0d585f04627435c2aba296cae96473205d8c2e3eee83af0de	775	6	neg
899e7ad65ecba378ed6c3b70312ec01f594bb5bcd643ad4248664332e75db22e	776	9	neg
3b310abfa40650ecfca20063d0df7b3a8e171e3c63eee897bc3c3be0bef6c65b	777	4	neg
0ed19040dd9426d98156adffc13db738c96d987017ef3f2b793e26f533dbf841	778	1	pos
1f69e57df862e45aa9787ee30907b6b5be7d618bc1cc3ac3d2f7a774f7071a2c	779	2	pos
03e4ddde7c84b4f10dc33f5a5120e1f4d62086582ef5c6c1f9ba162baa537b7c	780	6	pos
7c3ccd66fb2c061b654246434c574013245b065f7d2957a5cc389c70262702c4	781	3	pos
4986ded026364fb662ad6ddf09ec2736879dcb03a5883884c77f2ae1051dc5b5	782	9	neg
5ab3adcd86ae677c24c858b8b11f5efb90a2159be4df8546b08d3b10e02ea348	783	6	neg
dab28d3629f77f24a2fea97a7f81639e419ec29344531cb5855bad16259cba28	784	2	neg
2e0117eaf35a6dc0689364a43bf902d32a546b2e0223aed76577ba187104990e	786	7	pos
e55bb9029eabc7ccb4009a0e125339c089d35bbd8944439a5746bfaa736dc893	788	0	obj
54ee561472d91f4a9c8c528eebf1be3e23489fd584663e4479a5d1d5c2c8c24f	789	7	neg
c7c0da4a0c8a2addbffce664f5bc8f6b8fd16a0a6da4c38d85795e42be8bad1b	790	4	pos
8a633aef5c84e436ce8f1d37144a15f8f3c7d69438e40202891fdea06246a3ab	791	9	obj
4283cc3a3dc35cbff5451320a3197916f8cb7e90ede602af0516901a60109962	792	6	neg
f071b37582fa940341d6e663fddbddec7952afaf594b5d3e06e5719000584ad9	793	2	neg
0ccbe40749f114d6fe582d5d86aa68be31ef45fd02747e2aa40b4a9d75c32d3a	794	8	neg
8884e8f8754df1c8a797fad6318d9c1688de8da4b8ca1ab0c4f534f9d9998e74	795	3	pos
e9200b185861bc661554999bf8e97fe2608162b63ef447a424fb4df9d868d14d	796	8	pos
967014622515e877fb573d1c82890272a10ea3195e1784e2b36916b2223e3df2	798	7	obj
3ef94f8401ad0f68831938214d36edc2f38afd2746290e9113c1f1080e40f790	802	3	neg
12d6f58987f16a4d80ce33a80ff3a204492e72fd5dac05d71801907f740cae92	803	7	pos
3a6561fc040cbb0798553f83049c820ea2ef26eb7837f58040100daff610564f	804	4	pos
f89e94cf530a775d2f3d30d55f64ae382f5ae79cd411531a03b956f46ceabcf8	805	2	obj
1fc0e4af52bd62fbfe7ecd652f1457f671b6aff0e0a41bc3c862711150a4d026	806	4	neg
4af33aed16aa826a73387b58a291930238c983e8c8643b4d024489c5fdf0c264	807	4	neg
66c47aa528efcb575f96c35d922be02b7bf69c8568c46a3c9102841f79b4a094	808	4	neg
526f7735ff7822ba53005352d78bab506bdb0e32cadab192090e959a7ea04e27	809	1	neg
0cfb0950aafbaccfce99db835894bbd6c72c60259eaee2ae0216f260d053af49	810	2	pos
f98b4dcfc4c6e5d8e8c26d04f3a054786396fd040971f5fef2cb49a8a2c0a703	811	3	pos
3b2652919a2103a30176fbb7e7d0339ebbdfc2d9012635c342c9a28097b5c7f8	812	7	neg
ed85ae27721cfa53b3b850f9d0a6210999d73bd488f8af492c721a53842abe41	813	8	obj
2e037f0e659f6f9f2157a4ef01ae2117cf9015b03c7af6a20a8c371093b66111	814	7	obj
27a05ed67a16979047c11b1a4ed7526bbff49b273352102b127eb46e6313da74	815	4	neg
55eede351aa45edd9537bd5b015d5befa535bd9ae7d36b2e768cc79ab12d7c48	816	3	pos
86fc1a0c3c7212991cc0ac418a38b8c0ea6bc5b3e789d681353346afdf5b57aa	817	8	pos
ac190832c07b725942974ae22cec1345113fb99cc3dff34d6d26159e69d148a4	818	5	neg
9eda75bfa9a784ca4290d88f4652b8847c3fdcc94081bebe8ef80738e2f95241	819	1	neg
c2892b77b74dcb2806724239b85f08a8fb9e8d2717d60c79c791aae342cae562	820	0	neg
7c21d3207b36c3fe7d43c8386ac20bf6d5e3afd5138b49434345cc58ca625935	821	9	obj
7dbbc470e0f0912ba9fff9abf210d27a6f34e19714849260068c80f98bb79f61	822	9	obj
558cd246a799a902fb0d33c14d9b75a2cb7d1e43f03dd14fbcce63f40ea46c49	823	0	obj
836e279853c3d7be292b0bd7c5a90027ae700f4bcb3385b57b53d2daa3cfa96f	824	9	neg
c6e8bb3899ca846143610ad9e7d91020ad99f3db8e5b51881430f39bd424ebc2	825	1	neg
bdf6ccbead0075b0a76a25617317080ab4135f4413bfd74d9bb104441807bd34	826	6	neg
7f3788386df3942d9dcb510570962bf2da2178f3fcd6986a04359fb5509dc484	827	5	obj
f8bd2af8108d85894531eb1c691ed5fddad09ab2c312fcdd7602caec3e1f5b65	828	8	obj
dbff29b11f6333aa0e36de100f30cc4d4874b8bbcb978da4c808b314e145ec51	829	9	neg
ec71ab7edd574a45f14b4acab14c8cd9274b4e040ffd8537f78568f6c366f829	830	7	pos
bb2534e56a57ad387cd8cdf247df1fc314a38678353403ad12c47bb763c834f3	831	7	obj
1c608423e4e132c15e5f3db403934a4e75bf10bda04dad3a2a8df7114b204067	832	2	neg
6e2d7095b2496598760486dff90108acb9e99cca4ed63d22bad3ad8cdf0bae4a	833	7	neg
ce4213823b0c9a7b2cb72e217019d834a9e0244ae885a1649bb8824b194c6e82	834	4	obj
6b85287ff35185b2af465fc3c5f8b3af2bb57a7c5eb4c30611e3bc27acb17f77	835	4	neg
db38371a96ee73555fbefd8f58c5ee8555d0c2d707f34ee03503d8d743441461	836	8	pos
7095e41985f0968d60dcee8bd6bccbd28f955fd217863e41c3258c9ff2b2df2f	837	4	neg
26c58a9435fadf2d8a0d39aa40bc2505ba4708f75e092c8144f218ed87436e39	838	1	neg
f2f40f6132f6b7bc5e93ae3d5b540fbb314c066741aab107fe6983aafd3403a6	839	0	neg
30888ea79244654700a22d7e914e1fde7c36d2a249a27ccf12fe158f30d616a2	840	3	neg
b69127391f959ba13790b84b9c44b5f67245feaf2aa3a964d3c376f2e67b2bdf	841	3	neg
4610f6e7da807fa8828babd5763add6727325ef296ddc84f6753f5b7e4a14cc0	842	1	neg
59ad69fb892a3c6a4873e8d5597e39b46425d5cb3f65609f910c66ee080cd1d7	843	0	obj
a35d8cc1af24b82faee2302a220fc471302524245e0c54c65316419a8e813597	844	4	obj
4c284bf6f86f74347d53426efbe839929e1dfb18d67d98057d3d73af7dd50b77	845	0	obj
5fff101eaf459cb674f0feae50217774877ad4917faecf9f33e2929dc078acc6	846	8	neg
0469767306eee8e68d9fe2befcb628de40c6d8783bd2b4e325c1fdbd504b6ebe	847	7	obj
937743b645dd0b4009dc2b633cc2e020a12a3b3d7c983994b09ea0da1b467d69	848	4	neg
53f5b81f810caafd3ee32a22488664ce84d1854b326cdab1cf75597c8bf5a01d	849	7	neg
5c95e48ca7b88176411b0ec3c9669e638fcbbb0ccc7703f47d7b10e3b11f55ef	850	6	neg
12ea49cf9418efaa437eaa2d0f96fc94e9681ca5586976c2cbcad1ea448b71a5	851	6	neg
ce88af2f416da3944fc53683fd107a67fae45f0c2bc7cb4e7007d81b383a097c	852	3	neg
0f237448646ecdb169f09127048aefda5ae51824298a71236fcb53539cc0fcac	853	5	obj
b600ca6bf5799ee077b7661fadbee7432aafcde9bedf07891dd80a05fa594cba	854	3	obj
aa0f798dfabbaa7864564bf410dc93fe9d7fb2bdc983bce9649fca826f461427	855	6	obj
bc0c386211a45fa164fb2d833f12ae74f2c6d4d97ab8ad6408c7fa16ec29b5ee	856	6	obj
2c8bcbf1bb804d376e72c86fddf02904386911812b09d4cb7b86f20a9085c37f	857	6	obj
d1273e8037268224a7eff0708dbb32919a81501fd06327fac0cbccb6f26bc4da	858	7	obj
fbdabcf6e0a0394e0fe5f32e2d9b079d9e916abf695f43ed077b7e773a3f9712	859	6	obj
bdcc15fce36f513b0d86ae47226bdab712857ce78e24c238ae265b985ec0380b	860	1	obj
8ededf01da913836e8e0838a6e051474eaded4cfaa27f27e59c6ba0712a177ae	861	8	obj
e5e0f2928849e3914c7cdb1bec3c36748d7d8089775c5fdeb652f7ba29b3ba31	862	3	obj
024e5a9d739bce079b9f5cdb876f0f854a417ecf636f5f534257ab23a2481b47	863	2	pos
3237f6f2f36360777156fafff4d1d7b6c138aa9b6d2d9e10514ed21a704f0048	864	8	neg
17f6c2091b4353541acff23da624cb9787f752387c7031d705a28fc17e12e8b7	865	2	obj
74c80156bc2685e8efb7061d93acb946bd91b5973b8e6023b978ac384a553e37	866	5	obj
fda551388c27a17a6d1b432214d1a0de32f17d4982424e26caf82d7224d784e0	867	0	obj
3d6f30e30719028c7d4947a81007ad079c43b308d8864231b3d852dadf8098da	868	7	neg
ec9845500745ee7e51c5dd3f59054424a23943dd746ea692a458b7f7d0d51f85	869	7	neg
998cf93bcedfba51dc947443145e4f9d0674254df061ad2e8ba80bd3163fc513	870	0	neg
54b9e179b183382051a8f87b6fc68e7b4eb333d4e58dfbf10b573de2069fb05e	871	1	neg
0d53126f63b5c87b1e6e85160eb687dbfd1d605afd7e7aa469de0528c07958d2	872	6	neg
73e52e59b8e23632014dac2a2374d64a5121806f6573e508df9ba467d8371eb6	873	6	neg
abd186d3b3feca5eb4a57dfaafe18c3af0cb5f05cb512b7433e34018031029e9	874	9	neg
64b321ac02c2e2873cd310170b6c928b64cce6de899091a3a3a18a8503345a7b	875	2	neg
edb0c04527c8de0316bcc393d04c405f851bd30247a25c9b11940b302d5e84df	876	1	obj
88fb1f62eb09f89bf0f4b14c7b06a0534186f0c24c1f2cdd5f832b61d708c053	877	9	neg
cf1ecf4666abf78b765ac5e3a9f16a8a4318fc7135f8b0d98cc5f2e0f5811eda	878	3	obj
460d5f8812d4fe49d6a20895fd238d5981168bae6f126e8d3b25062a31dfc038	879	9	pos
27fb42b345562104f1e121078a1a645c38b32f0d527f8676ea2f8ffbd7a11289	880	1	neg
b1885b9a4cdad8795bd8aaedb8b65ecc03139507349debb31e1b3e7a9064006a	881	2	neg
58da7cdfc8aac04bf8c74e28ed1b2dd31d632fccf6c04313cf2eeee07f431434	882	3	neg
52a9e28fd1fcc6aff101de6ebf8b425b90d47b4cf29f8b88cba561b940c0fe08	883	6	neg
5f86cf17e55278655903d71c3421ee8d95472d3e0cbf0c3c0c9b78ae1cf5f406	884	5	pos
72c0aa174b084a07031d51324579406581e1bd376042b31e7997a15c6b6252f3	885	5	neg
00d50b738369e17fc7de965504dd72716ca36ec7b4c2c72327bae4322e965ffb	886	0	neg
f35cee7361168fce6839ca86db60de989fd6708ddfb314628da9b03b5e35b505	887	0	neg
c1fec9c329a7f7a7ce3b8ffa1b624501e09732dc7a41421508913369c88987e7	888	3	pos
de7813df5c0efbb348e7cb54253e2656af599269f8348c339c68bc9d77f3f9e2	889	2	pos
a651a934a4f82671b5fab21ea877dc5c06fbcf9d26d909c49e255fa48f4cb030	890	1	neg
e9afaeef7bec2c40b73338122bffa6c16d64697fd03ae743789fdf27496a0c61	891	8	obj
623b5bd13f7748f2ef4f8194681763f5137f89c542d516bafa63ebfe46a2590f	892	2	neg
38c096a74523e56d772b1593de111c0ba397aa3d87785e060bc54d9e2970f9ea	893	7	neg
9f0138f9a31eb2af11a8aa3a6e810a3e68937a119c677be578f12759c82948cb	894	9	neg
e4a46e4ea1fce2e15a2363aff651192f2e021653aaaa37f19d07c9833268dd7a	895	6	neg
ca1b9ee0e8d553a0ff135aa282c6358291d37bbf35dc0103e3f3550fa9dc4ebc	896	5	neg
02ae82ce51011ecf83fd1e471fb2520ce6e941c2e74a010cc8dd646b76353e39	897	9	pos
11acb20c74218d1b7cf6ebc34b90b1e72155fced655f0ef09cad046b204c1474	898	8	neg
82f0a158908a07da1bd050508f68a9874bf86d1731235f5bf5336732e1f2bd06	899	1	obj
26099f3f154703472da387f0a15a3225234dc6654b07fb3ced1c3ea891f7b5ad	900	4	obj
96a747f10875d96824860887211ad0baed5da781469fd03577e5abf162e305ab	901	0	obj
e9381e90dc0161f9727ab4dfbb007941dd20557d1f638ee2238482e3bfe77d6b	902	0	pos
69efa61e3877133e8084441dcc5d782d2f84e4bbbc8130ab547ecd8321122a04	903	0	pos
8629cffa9a215bf9ef3947ede3579892161eb2e4df34b47b45f33780ab26587b	904	6	pos
d354f79782dcb61c99ab751ef72fddaf06f001202f433fd356d0b4d2e6421786	905	1	obj
fc3ea202d1ff7c0a2441a7aa3a61406a38623db56540819b3ebd163147e40911	906	3	neg
f40f59404e1a6d4ba41c4c395158d4d09eedd3591314dec05381131c789f2656	907	5	pos
d5cc43ce5fbd9d70d372df4d01304cf65e1f70e682b45e15e36c7f50329ed10a	908	1	neg
e1704c2a418253767b8f5d2e00834b7c7370446a47ba7b9efa90fcf13b330489	909	7	neg
5fab0381808785b689211c086cff63979b6840b5ea50e8b0deeb18b739b5a275	910	8	neg
70746138cc554c6b70ec2d5bdb2cd3a2651e95b8160c273d4c926ee74e5df3a3	911	3	pos
077ed2510680c6765facd3b623bb87cfcf7d9b04d96e788696e3ec8f52fdf999	912	5	pos
43b30d4367aa9508d0cbb6995920fd2e44dc6421445f3bedb63d6a99d9916c4d	913	7	neg
f3c2f31b9ed1776a39fbe4d6b5619cba04c588463e0ab45144de450100299b53	914	3	neg
4cfe141aaa23920e1cf15fa2bc533be45ab54be1b4481f55b226cf13f8e2c805	915	5	neg
c1b72eaa82b3eb5994b86bf9f3e5e3a07d2221e46db02371ccfa9ccf7dd935e2	916	6	pos
ae3b5b827d420b4df85ed8d5667926c69ebbeaac80fd830afa4ad1332b30d048	917	1	obj
69e3e97958b36ce13178d614fab2790e6f2c734d012df64b6eb27016a82957e1	918	1	pos
0f0404576519560996624c9cf2cecd5619255c7021c9238000ceba141aa9ee02	919	7	neg
84bac521cb0d02afab033b30025981a21dd0f09f30e6fa9f0182d5958a1d8c1f	920	9	neg
9240701cd3f4ab6cab52c1afecd8d6761fbf75c39d578d7bc401ee6335976fae	921	1	obj
2533b63da40b80e06207127923fc29f6e8f78cfec3db8b81b821daa84b406ebb	922	3	obj
e49d8c421f7a2346a3a908b224c8456ff0fc5cf32b11917de7ed572a91e38663	923	2	neg
3252ffe065ec749f647b23a5d0b0a563568c3b3ff6eb42293e5ac25c71ab001e	924	2	neg
4bf59033de7c8dda7be42d223e044674a07e99744e980baf832b66eb90528999	925	3	neg
27d8a3277990bc24072acc0ef1ca109525dc1bac16ff07ef88b31afd01b4ee2b	926	3	neg
081c09f4db365e4cf1d0c26cc0ff537451286dba01e57c3e938a0ce4d65362a4	927	6	neg
dd4964ecf0c15130acca2884997d3d7ccd67905bd0619714ca54eb7dd0edbbbc	928	1	neg
69bc0eca157655ed11b2b04e35e4e2ec0479377df14c87b5d97611ca19bece08	929	8	neg
0a142db0a74955b4257608f4fb0a3e70db43875122023c878808a074200be763	930	7	neg
d4db1d5f6d10cdd98aa202b48cd450cf14573dfeb42adb0e1fd62853fe417905	931	1	pos
bc51dcc7eb23af229112ac37411e8977ded922a8be8aef58de06b35fe4f0b97e	932	2	pos
87d177a077a0434a133310b9ab1204ebf10dc5f8e31818fc34f2af309edc5fd7	933	0	pos
6d3ba8e28e35da04f54ed71c57410897079c60c9b77873442eb15b49dafef3c4	934	0	pos
eb7e30c84dbded54fb5964e688f0e962e99edad461d801f45aafb2ef7fcf75c9	935	4	pos
d89d6cd5ed9369ca9823403d2ee55b7b42cdae5a298c9cf013d5055985336088	936	4	neg
20e759d59155ef4ddbaaea6869509d1db6e30423034488de69315376e36ef9a0	937	4	obj
082171184590f15b1bcabafef55e06b611618c290c9a10eb05fa78a60529fde5	938	6	pos
b287e28e37fad726e7f3bec5c1c0c54123c5ce76b583261cd73bb1521aa06683	939	6	neg
42a86ad46aefd8df255f9afb4a0dc08a9b5cd1a2401403cd4a4852f23e8df8e5	940	3	neg
8b20713c4554cc309901e38c3c9e0a1b2c1b31bd9fa0d915d52415c2c416cbe1	941	0	obj
2284a209aa0af2ce8d3623ab46726d9fd877d5c3dc440b64e3ad53b03cbbcb1f	942	9	neg
5b0b78313bee77eb617519e8c90bb50741c3da3a704731db03068c9c1d337ffe	943	2	pos
13f8a140c367853f55bf694cf86c71fd145751bf2b898597c5bd21f5c640bd13	944	9	neg
19d7a974facbbd0e9f64f73e2218be57c228df9b7ec56942a1a1ca9276b29036	945	9	neg
312bdf22ad3c1b7b8dfebbe1ed4d6350b96201b2218af7c763d6118b6372816c	946	5	neg
b43a641830e29109312f521b0bae01689c4e6c07a58901d9413f3ef14a7cc12f	947	6	obj
2451fa86d0169fe99bdecc7db6a3b9a31bb19279247e29fc9276ff79b351edb1	948	1	obj
af8497aded8d9249a40ab2e912bf42718f3882f0a044c6c41b25a5da2223f147	949	4	obj
34a2808675b85fb60b4ed19c1f05b21f000d581c2dd4566aacd7d99eeef7e7ac	950	5	obj
5bb2faa35d9f2be6fad77a9550138d63614ca1ce6363223c40549b644a10222c	951	2	pos
6053baa6c7f9f5a7cd1a1044bfe7a0a01b5a726e7fbdc01137301721d7b21538	953	7	obj
c7293cd7e65623f39cff59eca2cc21330efaca715d89e049bee14447c188202b	954	0	neg
0ace3411ecdd3775c6209b9d2b0a030d231d75ef3c69bfc91588c4c85e8be85f	955	6	neg
bb1976007824f0d4049a428961f768e16444eea15dd266e7b3296e3847502696	956	4	neg
132ec9e7b301cb9bb1b0253b3315b242f09b291a843ba2f7616a2c905fc3ce2f	957	2	neg
18b5ae20862d0ded028aaa601451962cfffadd5ef105bfcea3e95cbcce467e00	958	3	pos
7a84ba384b621e0c206765bd1e35d499214cfb437642fc1b6fcb5d7ceb85f472	959	6	pos
fec0e55cf75f7da684e26bcaa7b1294fd0b9323bdf8f8623a441d0f4a2b10f0c	960	2	pos
94a283b67d7a42ed5cd654bbbe6c32c766e9fd8dc8395e3d01afc2efc0c8eeae	961	8	pos
e4195b697ab40af63100860d4b8346a7b3c28f161590f6e1ca21fd2bd3fddb68	962	7	pos
14f76829ba7438231a2ff54995100b11d085515c7634091ed577c7607a9b68ac	963	1	obj
5ed366a6ee9d5c3ef4c6734387ccb5e8eaebc1d698cc0091414fcba26534f1ba	964	8	neg
b039b8c2e7b98134eee1e698b1d11f89991c2848d1d68f9146699ef66ba89c70	965	0	neg
45c67553849a64b40520a6b46303e4705bba544ba90242e43bf129db035e4eec	966	4	obj
547d782087f04560cb6207e0547670b586b9e7bda0fc4ad69f2a4c3d8acf6560	967	9	obj
9864a402989185dabcc1566fb417956f6d84f1733d178bc7695e09a0d7cbd08d	968	1	obj
51bead71499684a111bd97a806bbccbe48e6ea47b69451b9d56c04d3d9e06e37	969	2	obj
7a6cc5b4933cc587b61903abb5fcdf3b167ff721b581c74f8e68c0538bff1d26	970	9	neg
3f8ceb6488b8dfa9a876085f86963d70cddaad0e36105014dc2ad7ab058e9744	972	0	obj
4d926b825abef7a0f9be538c0d9800efea2f4a13e3da2a5bf46458b4b6dae18c	973	0	neg
4078eb35c0e00357849ad3cb2e6a48a7803ca41a3edfddf17cd56bfbf41151d1	976	8	neg
f6d4d23abb9fc3eb6809d9755e99b6918755a17d9ab749a47371a3deb522dd07	977	2	obj
7bf353244c64dcd0b8655dfe7b306131a7811d36bd5c9646b8acc5aeb1672077	978	3	obj
8ab74a28c18efef4ef32f7f6f009c7db93db3c663a7a83239ea5812e722afa6a	979	1	pos
eadf55eca28d972e5777a4d21034b24125659fd0f3e1e58c2c0ef17e7748f823	981	1	pos
b1b81f2e98a9083b861434576e93529e5100cfdd5481ffbc79a8d56818cdb814	984	0	obj
d52a76248de89b644a40a6f8780e70a1249d75aab9d3f49bab3ee627ea8053e3	985	2	obj
2632be5b9f8a3f1b17ca7afc494459f1ac181c16f517eae424a2c2033040c650	986	4	obj
e20b09ef4b38f46268a571dedfb19e4457bd31c35715f68c956f74f54e70a2cd	987	4	neg
6517a108f38f0bb1d8d538d9bfd60f0943ea8964593ecf13d242290b803e1804	988	3	pos
36795dbd3a9f55823a4df38d9d7527d4af4ddb45b943b541ab8a10dee6fae791	989	3	pos
83d4f5e8aad5373bf412367671ce42ea64581af8d2e79fb3e2e1c9a860823643	990	8	neg
54bbaf720c87a273146b214ffbdb1551fba3e9a0e1fc3b51e21dbcaab94fb8bd	991	4	neg
8df329a8ed32a342b9e65662f2f3db05064efc3d01e53c74a0d73571cde3740d	992	2	neg
b90ef866fd819519de946344d07c92eb1c2a8b5429a181cbca8d37da0715b081	993	9	neg
bf5790360b8962be6398f0258001bbf63ecfd084d2c4bed636b60f1cfbffdff0	994	7	neg
75f90860b0d23aec35bc9261c65d8963d1a5dabac8f2e455e1597eb42337810a	995	9	neg
02e8569bfeee0a1e607a799f20b7f9edb5fac67068792dc4f1c551cdf6c0b722	996	1	neg
eead8f47dde66f5760a25f280938d825878edb3f7fce21fcdc6802cbf3b1b50a	997	9	neg
48f572b4df45f17593551fc96b3ff3fabd8582aaf34d33a6b0cc4dc6fcb3f470	998	5	neg
4cccaf4df1f2207702ddfc59d4c64e2b05423fbdc5a100906b854565ee5c735e	999	0	neg
142ffbc5c12c77011747e48349b598704a6f5ec9517f8f73b26eae219f5bef42	1000	2	obj
caf279020773df34fd101e97ead76c841f29a6182eba489a0fcfbb75e1a0d0c4	1001	6	neg
99224a146a6218a24ccadde2ae62d6c68b8f7e1426cf964733bb1af4da94f456	1002	2	neg
afef0a85239a2f9a97ce7b39d49d5b9b3e71caf66f3a6a172436fbff79eacb80	1003	4	neg
1d8cc88f956c52e49baa429d0c9748b7f0cd497895552d60b925379883b12272	1004	0	obj
9f2564f31006510561a8fa7bf19538ede268f0cff59072ff662d0dc4f9da6e0e	1005	5	obj
ed819223624ced050b57cb02698e343053cc56111463de33bef6b2088c372fe0	1006	4	obj
c51b9b07aa09541d874dabead144bad4d9ba9b1f28416cf315fa672f26caeb85	1007	4	neg
26d4339b63efca8d868c45bca18c39025db738d167a96dbf77a1c80c157b11c5	1008	2	neg
3f2aac94cb5f900919ea3ed6f49e15b1428f2e4944dff2d7a32b30a027fb1a4f	1009	1	neg
6a0a64d34eff769b7510f8320c434675bb3cced45b6de325df552d924fefcf2e	1010	8	obj
5e043f3cd9147f4349b76d53d01c4e25596e85edf0ca27db650cf2ad608cf023	1011	5	obj
61c2c431250becb394c9a5294595d09f3126fdfcece1f559701e72a151804b7a	1012	9	obj
abbc266e2fe31b899957724e64ba4ef6501220b791d9a830c2cf97374b4e0191	1013	6	neg
4b47fbbe2b8957dad603f845b081961aa3a3c595cb7afab4f5f1ee17572f0922	1014	2	neg
7dc96b19cc389860023cb5f1ad77cd0c645aa443385292527d3c7c0076d3ffd4	1015	3	pos
66b0f191c8930728a40d0ec166e626312b77a2c8bc3532052040d062042cce2f	1016	5	neg
a2487ba5b952992d4552790b57f0e7f9e88f102669d0bf42e08b5811967690c8	1017	9	pos
425b6cc4001fc06bf8af8b5275c359e61016accf79bcda44b6bd3e48bb9d3832	1018	1	pos
d65306e0c51755bf3e2d21451381760047719351057796deb04f49e9f5977efa	1019	1	neg
b36033602ba14a3df06527b44f55d1f3436230b48b97f52ce94c406d1bacb5cb	1020	5	neg
305655b19ce79a091efd59a4755c65cc09150f30defe69bfe5783b4b0f70be4c	1021	6	pos
19cfb57587c82e1080da59c8915f418b6684047932692710c8bc905783504cbd	1022	0	pos
e648ec37de22ef4a8c2e760b73557db6af19a52973aea7f470cc7dd414c5c0f1	1023	5	pos
24e8b485341f26f28b2c7b50f89ab36bc711a2b24b157032eba97e35c1c0dfbe	1024	5	pos
5ddde2cfd220d1c0ae0b65c66806feed37f809fe45858d61a805d6cd80c8f086	1025	9	obj
3119a19ee14b5ca57458cafa8223f8a08125f089c8a7c84ed71a920d402ccf8c	1026	0	neg
78d9b1d0709774a2b3772cf48565fa12981991f51802a4c4456ad7ea73727d97	1027	8	neg
fef945bebcc740700fc9e1f6f759bc8f9e25f908f40fbb5c4d72e114ea6df6e1	1028	4	neg
a1f69a19187ad9c5bfd9f6d25c62425a2a7be7222f740c6af79881631bb2eddd	1029	9	neg
f565a69475f2528ad350dc47a3858bb8f3844a9a881846c32851729394dff6c4	1030	4	neg
0920657ca99ad1320d65ac9f625d714096bd4c8a100a1a1abad6d338642c6c2d	1031	2	neg
eb381b99c4349cd43e520e9dcf37e6828cbc207a430529c7925ea0d20b6bdf26	1032	3	neg
d98644d4041c7dc0e5b60e380c6920cde80f0f15b93ed13fe1913296bd6c2e23	1035	1	neg
15f07d5c54c4c8b4aedf4a6547516dac68eb128fb083762880e845b841c46a0d	1036	5	neg
ce8274267b37f455777d126c85a015d527eba8a844f8429808f3cfcbc4a8da0c	1037	1	obj
b92e13b1a767682219d926763f5de1901515298960cdd05f0281604175a07ff3	1039	4	obj
8b64ee99d16dd9e3426f2297e37ab15c77b9e69244b00ab3c2bb548c3b5e0376	1040	3	obj
06df3226459083019d1950a829ccc1b1ae4cd1ce0cb46a836174729422539e75	1041	4	neg
6cb7abb1f3dde2522718d2ee8d5ca359aebccb308faa573f9058b68ed9e54de8	1042	9	neg
6a2e43dc244194f25d51b183ca6e315bda3536c4a15718f21be28187dfe1bad1	1043	9	neg
3706a1905e3e3bb2c78d4f8fa424ece59b323f1e5192cb5b4df82ddc7e656f27	1044	2	neg
07e0e28c53d094bf7dafe639af16a81e77f5b3f5dacc56866969b766fc00a076	1045	0	neg
b4b51855a08f1b222133484ad385f23e6c2da42640c9e3a0e1baa9b24b5f6b60	1046	6	pos
10df1d56c8f57a5a145714d8d05a5201b99c8ff758a43d36b0aefd4a0e478f40	1047	1	neg
bcb04753b7027bdf76fb379fbb4e4c224a4efeb246bdef664cc46b4aafddde50	1048	5	pos
c6552ffa28b733577349140334eae984f2bf3ea734564376ecfe665bb2e5a169	1049	5	neg
9846f43d637f39a5fba4d6b05f1a11538853ee5bffb792d15b110ac4fe99dd23	1050	5	obj
947718656e9e2320ad3dd4a0911649ef15f780e94b498b738d9132e1a632e71e	1051	1	neg
21968161a1e11be9e9b88672a22d73d5f0e16b8e8a5d1a19d6234e65cb7b475d	1052	1	obj
ccc4d961322c1b28f35fa9c28ab927f3309d3b0d949dd1f2d04926ace17e5328	1053	6	pos
b4b85666404c7d56b7df890fb8ab5271fcf78156dd4b2ce09e26d5d7acce5d64	1054	3	obj
a799a5b4c698e7e9f613b648a681e87b3309694c05d14a14149b506796a880f5	1055	2	neg
eb3260cf1396cbee61411a633422f8db40dfc259e64b60bbab21f20c0e83bca8	1056	3	neg
9f96cc238f664a32f3b82aa8123d5f1983572753e79271cf7671dd2f24ae8417	1057	5	obj
3913888b5637ad17c1046d49d960b460b2f95062eaf9cdb4a1e043eae4ac9d0b	1058	7	obj
4697027da5dabf5d46d33ebdab8fa9b3cb00bc534f346e0851143b3039fcb59d	1059	2	neg
789edea01fa855437abe1d1c99c8fc79aa7657733e26ac64689efe21ecbec7cd	1060	8	obj
0e4bba56663efb55fd3b706c2bced234983a1bb0ff428d7148da6e32d5351122	1061	5	neg
29403e6099a34b377afc55777fda5e9d6e70e234979a790df3d0916b992b8529	1062	3	obj
fcfc9e2d2ebab25c10e8096b897e5595191a17c6e71cb3565bcbfae22e16acec	1063	6	neg
58f56987a5eeff4a8dc2602d1a9cc786be7c844f71daed864ae65257ef3f2b7f	1064	5	neg
9cdb2c53fe932e306ad2e2dfee3a4f1c3021a8433f919ff969e52d72e85bdbfb	1065	0	neg
812708a8f3f1ef7f2b00276e35acd67d2c50a201dd85615e1b248f79318a137d	1066	9	neg
435a0e64ea6e15ca0f75b87796ccfcb731fe54062cfb54c24006b53f1af5a8c8	1067	1	obj
f7175fe6d8a6ad2c5c3556f80e6254cf7df5bc752416b129f1af593933c35fd1	1068	0	pos
0164afb5d914e8c4f53d68d6855c7945119fec03ffac874fe08196fa851a91c8	1069	0	obj
dfbda8273271cd864cdfd8634e7c8c151f3b8dd84543d609449042a210a21dd7	1070	1	obj
bddf81c8bbdbea1c31f299da420bcedfc90486f5dd9aad1460d2a1cb495dd5c5	1071	2	neg
9ebbf755c7315fc07b94234416132d8b48e69fa0059f52aef0cf9747b7c6470d	1072	7	obj
ada7b1020add07a33744df3d2ae325d3dd5f5ca1fb05235e69b2d7c454ea996f	1073	0	obj
795205023de47e0602e2536b4d459f715ca4205c28e635e3c89f7a418fc9230d	1074	6	pos
a99f482cce3cd1f5ba6fd2bc683dc0562c812ac4255c06e26444988197e156d3	1075	2	neg
7d73b5f1fcdbb883ad82ad1a7632da73dce6a26c73d0c5a14434be8962f42c4b	1076	3	obj
dcc2cd9c293ffc02be93f156238ca9c5159da4727191f4e2a3ab4f5d0e72eb96	1077	0	obj
b30ac466bf87f47a851074681db196625d1b60b847802c3fb1fd6473b6f69832	1078	0	obj
55050ed636630620065238e32976e65b92d7359d3b7acaf9c3af4e807070f171	1079	0	obj
88e0e9eb1d86403ed6772728a4fc712255f9e5e961d528901337e5f7766579d9	1080	3	obj
1383be7a84c6d49f629198240e87d65f80fe112e873d867655843bab4c9a562b	1081	8	neg
fae8dc353ff1088ae2231ef120d2b5a3560dc9d51a5913786f618f0ab0f71ca3	1082	8	neg
a9fce18064cad2d0ba2b19c8a99ac78a21df01b217950292f362ed39bf023b8c	1083	8	neg
d6dcf6fe9eeb8e5dc054f05d707ed6324b8cec1a6b99e29812b6c66192cafed3	1084	0	neg
8ec5babb05d5bcef3d1a56de2497fbf8657d9bde135506776a5bd632ff9e0ee6	1085	3	neg
ba2edc5db5e216cc74c61387d9b3a9fdf6848fba37d4978d0ad4bab70eb37920	1086	1	pos
bfa8c126185822453ad1ae20f3dc4203b1aec925d402300b88448e0c834c4f37	1087	7	obj
2bf83d7be4729396ee5ba7a4bebb4f025ed0d79ab5fea97aef33056a7463d495	1088	5	pos
1b66941070ba1b671ce901c88a0eced59d8372211dddacc5dd37cda2038226a0	1089	3	neg
9e5dc2c7df2b0ebff22d22d156730a40b012107098693b51cc4e3732730982bc	1090	7	pos
abcaea7c0f3fceb0d11abb124e49d921463c714d49a7c40582049af245d8e3f1	1091	1	pos
87f3767006c108757326a573c6b1f3991d4e27c80358504ff96c3fcb8b4a49b5	1092	5	obj
952f5541d0e3d77af46f0fb428ceadc38c4bee2c3e8dc16cad22c2fdde3afe0a	1093	9	obj
b51600f5e4ae5275cc8550e05613afc0cc9b695afc6ba44e2a6377ddf01a8618	1094	5	neg
ada90da851c5997dc72151c66cfd9bf0d7144fbc179e8ce2befc2bd28adb5f55	1095	8	obj
95bf90279cb8d8553d44d91f5117bf7fffeec3ca92a1476e8f6872438b9a06ff	1096	8	obj
afb5cb33e32db6ef5ac888379d4403a9775d7398501ce90aa1534198512e5b36	1097	5	obj
098a61964fe45731291bfe7bfb0b6a23306c65c861a6dda27cf711828fa534a3	1098	0	pos
f05f0edb6949786a83cd0eb2b3e4bf224bc0f37ba39b5c19775d90488b6c677f	1099	7	pos
8a22326909f9f7ec673815c04974a548bcd3d9d2c16562a88d1503a119c2e25e	1100	3	pos
b310a455a714edbd4ebd8d823b50b419d817fcfba4dff33fbf96c574da6c26fe	1101	7	obj
93ca3a9f4bdc344fa063122456a5a8b617fa341f475f2a6deb2fb15ffc83abf6	1102	0	obj
09787027959b67e42a31448fe717792a06ec61fb1e8bccfbd82762f919ba3310	1103	8	neg
2b86cdd76f36337ba12ecabf78677cc9187f3e9046e30c09f45c847944eb5686	1104	1	pos
7d7dab0770f95fdd54e2a8b0cf722a7c2e7ef1eaa5a1112ea507f282ee5dbfeb	1105	4	neg
106f8609f57ca5132e34f5950d6c85a458b3fe9d336b1f2c0ae1b25d44aff126	1106	8	neg
d6218d8a7e6fd73d1631e569ac2f2f8162900de12260e2c4345876111fa3223e	1107	9	obj
155e4815e2f32d4bff7988b4162c1e20201777e7a47344ed97da596a4036a603	1108	1	obj
0cc8849185a236435f081e4819fb9fa8849c1bae962af83ce50d2730ca737859	1109	4	neg
5f82c5c5915baea906f8c6ff37adb1a8ffb8f743008cf14ae2d23d3c69f6f48f	1110	6	obj
cf6b2c6f5d60e409f859994eadd969f95f20c509d78cde263dc06dc648169103	1111	8	pos
484952b28214b265952e7ab9c804a0871efa14c2e316a039752716c7b6a753e3	1112	3	obj
f3593081af7218bdba12ec1d32409be32f9fbf6bbcfd593887751fffa0770d02	1113	8	obj
dd1eb7dd86bac92e98ffa8bd4fef3f9f801087a014ede2dd7e11efc7e59b8d6a	1114	0	obj
a0f5932b91d15db0665b3ab761fe0972be933748ea2aaaf372f4145388febd41	1115	4	pos
fa8feb9fad05f9f53c61ce8a9f300f5c003dfe20c5e6f08e7f3eccf88f04eb97	1116	6	pos
2f77e214b4e7f0e7029875bc2cb3ec47da5506b1518783ab7a57e117456665c2	1117	8	pos
a2d1249d3820701970ef52c0cc5f1201f27e99df1d9f94b2f23443f5731db6ff	1118	4	pos
fd0e59b7d1c767f99fc510e3c87f15382ec3041763aebb9e6d1af26973140927	1119	7	pos
3e5224795437eb16630e7bdb996f64715604720679809f075cfaa7f7f07e6ed3	1120	2	obj
5b6b0cd005a48129a60ef115f78771993c8512378d14d5a449c56541dabce833	1121	5	pos
1524c1e0e2fa1a1e62f043fdab1e990aac062c8a2923a0c475895b736d7c1769	1122	2	obj
56df4e715334ec376100247724f36d648f765bf52a744869261b5cde1075dded	1123	5	obj
a04520351677f213a9504a6254c5f7a2737d2fa4b243c3caeeb8573fe0adc2e8	1124	0	obj
794f6c4882bc52257d6adb73591164bf234245dadc9ebad85c678489b7d18d80	1125	0	obj
28d16e45f4e7d2709e324a8be4596008ca0442c46fa01bffbc692ec32a1c3be5	1126	1	neg
5382e6244776ddd31884d49280149e8a211fc1397c9515c1b1be030edbeae8fb	1127	7	obj
c93fdce10a57343b6978a6654f5f863f5f0725e5cd09a792e6415c7155dd6c3f	1128	6	neg
e1119da360e13418e64ec4068d1cdabc59034557cc1b26a294f20c907bffff9e	1129	2	pos
c0a611761b2e3b9c99e71eb7d3ae414c6f872e5d909b96462b1ad6b3cf5c7d66	1130	2	obj
4bba839f21c47f8f1e67642fde56d593ca3c96a890828c984185d3c639083e9f	1131	2	obj
27b37ae8d9cd36a5dded0538e1656868e582378b9f281c88d35b4e95dc3a8d7a	1132	8	neg
7ca1cc0375978d2ac76ed715ac77e78fdde4a7301ec0fbe61a98757a9db63c09	1133	3	neg
7423d7c06dbe19c439c77cac3d3d4c0c45f99dbe4fd9b5df5bcaffc8827ccd35	1134	9	obj
1c4d7ae62a7e11da1f54c9ef437b663e4c5073e136a4f473d87110b09bc67f07	1135	8	neg
1945b55f531e1f1c3f49546024a938c726d2106180a91fe2f52e11d4290ecd0b	1136	4	neg
9c9cc3ca6330fc403dcb13e00877add0d9fcab262d1d363cb8c1710c7527c542	1137	1	pos
09e8cefb584e9736e51b54ab4e9729830f7a4df1599a8f157921027b79a007df	1138	8	neg
0f374ff7257813893972a481a36c8f8636e1521f214248b1fec3686f6500ceba	1139	3	neg
2027036408900735c48017fd927a992cb448d46debf7c7128bb21f3f3a2a3d00	1140	4	neg
863f3146063a0d5dd7c66b80267f2dbf163e55862f8ad09f6e14c28755fd6060	1141	3	pos
edbd741eb92967cfdacb8257851be746fb0b69d38f15d6e74cff69d396326a40	1142	4	obj
4958c566a1752652da51e6a20468f314ab02aae321571fd4ce59550a2bc6b67a	1143	7	neg
36326afe29054c5166fc3968ac4a8d6e85e836da25fdc9406f92f92c283cb863	1144	5	obj
f0279ec804ef4987e010cd1f5d7cfd2623ae5a2843de4ae2a92bce63fe54c8c6	1145	3	obj
b594a25b745fbc0f228d7ea11bc03fd81f653e2c98c4991bc68837f25b98bb9b	1146	3	obj
5a2de50933892c3f0d351b42ec9af76c665dc84489f712d396b4b3a9bdd82da3	1147	4	neg
8f5436ad447b7c98e1293e86388e9d85d30104894f55cacf9dff6229082228bd	1148	6	neg
4a7aff564889056f751e1804aca30428b2ad033d00e01942bd999f4365ec22c3	1149	8	neg
ffd5f49113c1e01f96ab5c63a495fc6f230e89e5c1156395b2f74eaca7783d78	1150	7	neg
fe69841e6da4ea23ca9773ee3d41e505601d895a99f6eb4b82208801c4c576f4	1151	3	obj
a04e829c325eb9d8518f295a3338f1540e0ed4537191d38a8d669c86fb2cdccb	1152	9	neg
a0b471fb292fa41b8232ef8b1bc97249a78c768e3e3bdf66aae97a9b3c0c6399	1153	1	pos
b753105062beed48d7d4ba469f7383482652d81b77e38593d25e99694f6b48e8	1154	1	obj
bdac89c9b1bb6aefa6dd2720f9bf64c9f5051a1aa5229a5bee93c4360cd8b96f	1155	0	neg
b58da6751012d31fb4d68fbc596b238d6618955c00af459e7999a3557352eeb2	1156	1	pos
733639b2fae8927ad897289b86fc6579853d5d62949c06cb23ec592146e24446	1157	3	pos
3141e595036f8453fe988dbec933422f07f61de3fd4b286a616e7c4c1d54c92e	1158	8	pos
781c567934ca028a56b7f7700813fd3a1e5b804780c97c6d54aea84d6152b6bc	1159	5	pos
c84c5d85967d0e633daf71b6ae0e2123dc55fae79c88e9ddc0b30dccdcd02d93	1161	8	pos
4e84d2ec6420cdbb71c6de24f23e4c8d8226acd4aad351c1c0c515eafeb24036	1162	9	obj
38b41575e0a40a9f11a80836b5f808c468aa421e507baa2949f855fc6660e7c4	1163	6	obj
545f0c364ac66d3e41d2e97be9f1db1714572af1a87fe0f89da0030b7be9e05e	1165	4	obj
485feaceba560359e9de515fac86d78ee4d573e56ee37f552cc359e30ebd22d2	1166	8	obj
f2d5000ce2609d375d3b8b104f78fe9ff0d5aac34a0f4e53f37694abb0d77162	1167	7	obj
4143b28f0c3e127c04f6f401840336ccf0f36a610727d323ea964f979706b3b9	1168	8	neg
4bbb5e8e8c92a9b413ca566564c6f99edf20c0f9503a6444a4655b083a3f0426	1169	7	neg
4d1ffcc4f10145101f9d51125f4472fa173a06a75556c4af7f595c2e70210863	1170	6	neg
fe7496c5a52699f8573a8746fe6155a0015d7ab39d3f07f488a797372381fc9e	1171	5	pos
a57a3f81fc2e76f5f27535766afb6e464c009643f179fc3ea1c503d5fcccff14	1172	8	pos
fd4bbc0224468c15528df9b7e750c8e8aa90966a2b9a1b7330adb1322cc9bd10	1173	5	pos
b01f8dfdf43deea19a55476c4d96fd2ba4f172e35761affc2f39e68b0411ec69	1174	3	pos
007486af09afaf72d06a1bd9eb2b09eb8209021506752d7a80f636743e6f95e3	1175	1	pos
24730131b6e28eb73e1d152f9094836a2e4974f9129bdc09f758cf24991b2b46	1176	2	neg
df5361a89e55c568385f0e2dc121de630c347582370a1a935d5607b867e4c1c2	1177	1	obj
1ec88b8093a9f931c0cbf3670f9a0639919c3d6aefd74f2d5ffaaaebc4a4b6c7	1178	7	obj
a1c2d248b42f0d9b1a35074e0874e31a87e115932a5033e8e23475ee2ba47212	1179	0	obj
64fdcf3a92770b0ca41c5b1257a0fa81436c35d163f5caf81079c63d87591508	1180	0	obj
b33f46b345409fffc6b7e59566295e6a8670b8eb66c698bb170f240247351c82	1181	3	obj
fb08bb8cd347d50f9e5ba3436b444f63fcb7b591481fba204f8b26274b4d8421	1182	1	pos
2f568880705b48e343bafa5d618092762b4e03cef6459ec8d078ecf40ba59914	1183	6	neg
4a3f2c391ee7b2dabe91219b1ebbaa5a53f95a8e8251b48f7cdd087d6c501ae7	1184	5	obj
5ba226d71aa506b105669df5c5cad7e5de3bfb851cdbf2e7905470a3b8727efe	1185	3	obj
c2c03365d2061b06ca59fa0e1ccb22d8fcee5e2ab64b373ca454079ff1a8410b	1186	2	pos
65628559464f9d96a38983a505c73370bc9faa4d7f0d7a3252968da8c6952840	1187	3	neg
3bccf488316c4106be68f7e79322c91eef8e2630bf5d65fc9db396a2a2589ba6	1188	1	pos
a07244ad271ced7311596e8cec7684f525774bcd9c9e059f9ac842e2a8b7219e	1189	1	neg
1ff7dcea67f017f08eebb5a15daaef4208c3e160aa3ad322d6a9bd190fd79d1f	1190	4	neg
06b7296dfaa81057f46a473bcec04598aecf865c947d81a30ec7ed8f838b098f	1191	9	obj
134862333c6cd848284a2653201a54624695fc770b76f0d8e459d389e6ddd53a	1192	3	pos
88a59c1696a8e2fd8e9bb9d000ab84ff0bb65bd101e1d4b338f8593ab8d548d4	1193	7	pos
ccb32606dd433d81d8854bebe8bdd1bde727ec22b24dbef9d06260e3d7d043d2	1194	6	neg
66fd2f77d180a25a7f65b20b614280b9b4d7af33baae3b0fd0159534cd24b17a	1195	9	obj
af9c2786a1e25709f9aed72ce9a6b91556fe36c73191d34ae3f546667475f600	1196	3	neg
b59e7b85ae5e479c1b9217b0c1d9fd78b4970ba1730486cfe72648cddd3a49fa	1197	6	neg
cc65554124a2add20e102a804adc466e10658c8cb37c8adbe7b441f7c387bca4	1198	2	neg
aa7d6fa05d20fdb194ef0c12a911d31fb2c2505edcb81bd238baeff16042db7e	1199	4	neg
ea3732cf52dc44705079a0aabcafa5d6dd8ef47990f87256c9416ddb49908664	1200	5	neg
22d71aba42051fcd675ef1729ad8dbf126b30adfd16574eaacdb9ddeb92c3db4	1202	9	pos
3c7b3c3c6bd16dbc35690a07463e13fe9b42725e4faf4c1a5eada834985e0a20	1203	1	pos
e2ecaa8dc53ea02a059af9bec7ef9f8d0ccb36ef25ce338e45a654f6794398b8	1204	9	neg
2547d408d5dbef321105a9f679651a055278492378ce6ddf7f518445b3faa37d	1205	6	neg
f92525121fee520c715e920efdb4d02e1cf9c6abbf59820ea746d5ca811fa603	1207	6	obj
143edd2460c90382adf034f527fc87c43bbcc5a390df585e3c51939cd0390f33	1208	6	obj
1ee39e0b38d7ecf313b383cb05c3bd04b826af35d43d64b563ee8957055135dc	1209	8	pos
624112600a93e4f6dde3c15a35ecb9e8f5044c491539cfaf52b8054395b9158a	1211	5	obj
cba4f741c2d7286528b2a58005b650c7a0dcfdbb16a41e2dd9c5a6e635865ff7	1212	7	obj
4be4c824ab8ba38bfc8a3b5d51294e5b22faa9b66b8be1da173fc7c1bb8580d6	1213	5	obj
fc02a12534c6d8c4ee205dba891a48437ec745bb21be129e1c2ae881c3f703d9	1214	4	obj
c6810efd222063ccc1f1e0d28545dfcaaab44dc58353a03f0c152ea62bb8ff24	1215	4	neg
a47aa6660a1ebc66212f39e1cbad2b4257cacae87eef22a6623b49a263f2ff6f	1216	8	neg
3a88c427fcea3f85cf1795205bbc36636d83a1fb5fdcd3e7699c1890512e46d8	1217	8	obj
b8c2904801cc4d035a9c0f169b8e11e4c47321709299bbd746b5036b96135d1b	1218	3	obj
5349445517016730b2f789d621cb566e26557f0595f7f2498272548312f872b0	1219	8	obj
8dbafb93b493912ed7419e4411f1a7d221dd7718e8053bc542aa3ea538caa300	1220	7	pos
a8a851e2b8a4ed81ab67eb38a6701ca3247fadd21dbf973418bf5aae1dc70bf8	1221	9	pos
a6f11150a42bbdbcad8d7773403c1baebf3cbf66f4636db370067d94988742ce	1222	1	pos
b5203d5473d701db5bd30d9e411c83784763ad7630fdf0629933151296b72132	1223	4	neg
5f745fb4b533f91de37eeef4903deb7e331d1cea77eb4468229df0d40d5cb26c	1224	4	obj
48ce47caafb85387df26182b0571be212a888c2971a4cc3214b582f531fd59d2	1225	2	obj
99d59f6c0084115363b4a49a49ae80a60ae149200cd177cc3b2ee94f2d19861a	1226	3	pos
ad203181fd858834b8cf82eb7eba09f1d96ac26f40b7b24931e79be1631b8935	1227	5	obj
8a1f8d27fb551e5b7b6e975777bddb48620a1b98f741ae8c2ce18740adc59fc9	1228	0	pos
39ebb2112b3d0911f441d164abd2735446e77987ad0b5de7282ad8bb359ed336	1229	5	obj
cdb08b5754ef17170c8a1ed446122dae24efac150304056c77f56cf42d8d3c6f	1230	5	pos
5d6f5c039d5509c128445b5140d09f450e3fde4a222710e447e8e4f5177c7493	1231	1	obj
2bb9cd5102aa71c9d33c9338345349e0b245ad448c429b9954a6abb1a7f78c54	1232	9	obj
6288d05417bf9f0453e81d28dc79bd9312390a80f0e201878f732c516bc11dee	1233	6	obj
5133837c92dc203482a96072bf8485192e2ca6f0c3dec90b3dda558112d72b27	1234	7	obj
5e3f17a921614628e5ffbea18e298b7e4fb39942dbfa85a65a0ab265fbad51d5	1235	3	neg
dc8f61cb2dabc3a07512f53e18ccbd3773ba8b92fb421d9a4f612c595765b9f9	1236	2	neg
a36236ee8f92c90ae148dd29527033f7b27bae97727c614d4f23dc47bd3ee872	1237	1	obj
f668e932c6061a3bda2e768887345fe4a7f2f381522808b69964689a0df07d2b	1238	4	neg
8270a8cf102d8a4b3226245b509eb85c836cfacb80da7ee8ce5f81275b046c1b	1239	4	obj
2c50a03293d5fde8cccb75bcd117f25bc2dd27772db76c2021412f0cbcbe88b3	1240	8	obj
bbb517179843c7646c7826182c1d3c32ad0cb46ec81d2086f5f7526c800f8920	1241	0	obj
732b3bc32b1714c9d1ee0486b5dd62257d91bd0e1cd654b344796847686c0ecf	1242	0	obj
0ccda0209c5cd9e33c4b9791770f5703dbd263452db24af4218ce283992307f1	1243	2	obj
837df3ccdfc8a49e5ae3198e8d5b2debe7b9a639d743a482c871737f1aee0e70	1244	7	obj
00f7b57533763059225877a68b3ca1ce41ab105a37b7f7ae82321be84efd1ad9	1245	0	obj
5005240839490c68142a3cc80c9f9b455998d7e17ee0a76146be3070d4a4da2a	1246	3	neg
30b4a7e7e30e4ba61ca80e83ce4383a9df13232aa661b8d5ae84fcdac767651d	1247	1	obj
01fc4c1179bc50a75e987232c9060cf86934d86521bfecf2346caa20705f5db4	1248	4	neg
626b65742b5a1cd535f29a4da2826fc6bf6945893a34ff1818d7bfbe2f3ff678	1249	8	neg
00892577caeaa0daa187aa436d08b0d661e95133f981d01a17705ecc003e6b87	1250	7	neg
e98abfe861e02fd369772a8ee21dcf8883dc8dc87415f11963434ad838a75066	1251	5	neg
a8ae6d9f5528efe1b8bb82e23fc90bd7effffc17990973d621b921968d3bdab1	1252	8	neg
53a01c26c340ad167434a9e1a0405295c582f71c790f1bd936e2164a1d42e9f3	1253	2	neg
6053d5254b5dd7b70177e98409d3ba7749be37e8d591536b5c8497477b60c4bf	1254	9	neg
f45b9e61ca568e403151dfcd4c1eddfdcd02848283dca79418fb404925cd071e	1255	0	neg
b2b6afaa42b1d69e25714ef2ac43dc7633eddd75c618fe4cf764f9c3492b01e4	1256	1	neg
2463abd25866b1905fc38c3b4bf92d12cfcff7ef8107b9af1b03ad38e86b2e1e	1257	6	obj
6558ea788cb227022486e0a85eca8d7ac52d8db3a257b7fd77919bf6724d432c	1258	1	neg
94f2f91f524d2ee3ae520618cd2ba02df70e80be89881e8b01da2dcd761e5bd9	1259	9	neg
aa8c7d599e31a36f8302677fb41ca8cf51f6844f3e16766214ab486676e1298c	1260	8	neg
f3cdf345afab5ba44d5819fd795d65dbdd4f193a89c8af01c183b054208c0f63	1261	2	neg
ca9e6fcf313927fd107a3414c0af2e5616eef00501347fa83c55f54616cac462	1262	9	neg
1948a7eca3fe7bfa05ba0944c31bdaed0d2a73919c9d85bced3440739ffd05ab	1263	6	neg
784b42c3657235323893e809b1ae2c444c2d9e203b68c6abb429f98f1931a664	1264	5	neg
0cff90ab104ed24b7e6f38be112d0afc34558e57de17d03637a3fcfbc6a74ead	1265	7	obj
b64d6736dac4b39c828049f0be57b64bfc383d85373a69ffebc0373d50541d8b	1266	6	obj
ac9f9b70ef6daa18a08f1ba38e7ed6e0b6d8a9131f9a63a66ea84b023c95ba62	1267	2	obj
ed21453e41afd2583312194fc3e605df1f496d11abd2fee4506eb69cb678dc1b	1268	3	neg
9c2c4d0a8aaf9ae4d4f3951bbd5d7bf4d41bc4619e4b2f51da531136f8b5c90a	1269	2	pos
d37e7155b3f128dd1ad2a3c046b15f9aec6a37b2010f0bbeb01f3ea4e3e169b8	1270	8	pos
b725216fe3e606df230cde62328486f85b67ca2c0666fbebb28515a405062aac	1271	2	obj
784390da88d6c327905ad0c22b17ed008f631b4432505832bdf947c9988c01b0	1272	6	neg
8688189279b6ebfa89d53b4c74e10486486fb085a579d505f60652beee647e11	1273	3	pos
ff44b83ddf85aa6ff987c6aeec6e9e5d332932004a97da75ec212da5a751a433	1274	9	pos
477196342503e6777c47bd807083f38e6c2192ae37c20bbcdea2e1344fe9f6a7	1275	1	neg
d94f2bd36e3f2e48db61a8cdddf5cbd6ee3f7ffc8a92d026708807ec80b0c373	1276	3	pos
a3e043ca64e0c28ffc4423e9959b781e233fabe9b5aa2cf796ed6f1c82aed237	1277	3	obj
43055ec39f106ab5613eaded502cdb0f5bdbfdd5429f563db7a63a21e3b26e9a	1278	0	neg
74ccfa766ab230e7035ee44724fc3b2e4ce45709eca051e3940aeee9f7012095	1279	5	neg
91ad878a13f07cf33cfa5d53ebbd2a62ef97c9926c9ab74f33a7305865dc3fa1	1280	6	neg
001d1a1cc0558a6cd655d700ac88d5f34dd87fb987ae58e5971f6ee672a995ba	1281	6	obj
9132ddba8b5795450872aaa91538ee880bd881fef73158542277612e8de63713	1282	0	pos
c3f7a6235004f61147b1f480ea3625fbe838a2bd196c07c491a8b2612250941f	1283	6	obj
95ba1529da6ae5a6df4f6b7d91b2b971311d3c2779825087a83afa5615dcee1f	1284	2	obj
76caded556564d8af18c0056fb635f65d19167b00319cd4041a126f57ab15436	1285	7	obj
35d49860db5f8630c5b772efefabe07b5e52bdff5dad42857f499899628c4a82	1286	7	pos
a396208512fde9943417e77abd6250deb0f23833e40c0f00ab8ed5310cb01013	1287	2	pos
c226b94d1669a63f5e058833a9f0345a20ba9473972ca1064119c27ff2cb9813	1288	9	pos
a3806c1e5b22f99e341d5d9370f9d562bde9b2783d195c0a9cf4a0da2df5ff91	1289	2	pos
57bcbd6d6e18468299384863b7f8388f1417d6053c2e5604e9795bd7b3575ceb	1290	8	pos
679776b23f874d9f63c755b13b0507426034826ecbdaa2cac63365b90a686d24	1291	9	pos
0293b5c7cdc8adcd5298826e39715eea9e405c90f8820e2a6af76ef4969f8745	1292	4	neg
bedae4fb167db890d53f2279d6cef206d070788fc2245fac7efdec7b36432393	1293	0	obj
51d10fd709044c88b1ef21da916018adf52e4f387d541a00e608fe1d54155235	1294	3	pos
851bf22147c908e4314ecbaf68cf04a9dc6f7ec845f174aaf9f64105b2f25409	1295	7	obj
a47dd86bf61ebc2f690cd32b06ba201e062deb55cd77c1e8b6cc7759e10b0731	1296	4	obj
dbfea19b9e4e5906be43a2547c846a9f62d64c1229a465abdad15520b30331e3	1297	5	obj
c38d68316f555f944a81b17c196577af8032edddb9431643760c87ec54fcdeaf	1298	8	obj
ddffc572e334ff1b6e86e954164e8059db9b30fb6725f5124c3d5717c806da09	1299	4	neg
0701b454b4bc7a331d9dd6fb111d3baf3f8c4c035b9ae55c2b1396581540777f	1300	9	neg
b9a767942ceda6fab6c70d226cd188e6397c8631def0b9f38b7614abfc605abb	1301	1	obj
57faf5ee24c228ac6c709c3f11d2e6c96a57c964a38e66d704407c10a4e68123	1302	7	obj
43672aaa0a5fc795689a67e1fc66696c0796d5e0bad4869f68fffbd7675fa48d	1303	6	neg
bbc8965c13dc4b683bc63e67695b02ae8700baafbb01ad0fdd84de62f1d3a5b2	1304	9	neg
744705f0d8cd68b949a5192bcc134346dec8771a187f31d369f93eef103d1a9b	1308	6	neg
7bc48ba94c959df551d0594f0a8452cf71513044a017c2f8f6a2905655b372f1	1310	9	obj
27383031421efdf701b826bf0f047385f678e57c5287551ec3d099e72633101a	1311	5	obj
bf7328afc89f510eee70deacfbc842b2d2c2ddf92a06cfc967718b376ab47914	1312	8	obj
3c7e215845d5e9f19bb239d5adf12bef704d15ff747069b45586577cfd5e6319	1314	7	obj
6a083b58694dd8264114a56697e45e116602b48600358ebb0a320014eadcb51f	1317	2	obj
b72b418fdc45dd95164033abbedcd96c3cc9c1b3574ff7fb887d44f057c2e046	1318	4	pos
9ff495ffca4ca70f479c0080a9f6870341b58ae159f776afec72c02cde50da08	1320	3	obj
7d32162a84f2a3592f923ee9f065ede36486f6c5bfa93fdd26d074f3b3db1dfc	1321	0	obj
0bab94ad5883fae1b1a4427166660d21ea257d012a237d337238815f83e51df5	1325	3	obj
767b17f84e386734bfde398e049b14a5889fa0db5a67b53000f6331756fb1686	1326	1	obj
1b13c172782ef11dc11b108a4723e0a1d0c22f3b9c469147d72c30fdb33b2278	1330	2	pos
37444662e937e608d762cd4d051e87d4e07d2dfd75585d47b425e1f1c36577d0	1331	8	neg
4586f4f4fc1efbebdc50fac6e64612ba864ec055fdfcd41fc3146ce7f1385e93	1332	2	neg
70a1082fb8878957afd5b950484511fa25e87db328447ac7f784414c50103c4f	1333	1	neg
92e6d4e314a045871c9093b44f878015955c78d0854e0e812a2a4725ead023c3	1334	5	neg
e7911bfa29508dd08b8a20b4f4563d11ba7cb1ea907bf1fba8ad41eac48c4ef7	1335	7	pos
3da6b061c3bcf76bc71057bf7b232448f29aa0af43c405760bcf3a1858f6d6db	1336	9	neg
29009f3316e51a3bec72c1dfc8f05988afb1f2ffdd0307aa583c51c62ce26520	1337	5	pos
643de71e9ca1555e9698dbdd041161aece5a9919fdcfd298bf77754439ad72d8	1338	3	pos
b5cd426216049384efbae786d62b3e3623d2c124540756c07dd35fe584cb548f	1339	8	obj
0cb2644bcd33097106d15b35721e5dd98c60a546187dedbfbcaaea1e9b32abe4	1340	7	pos
3a1b277414ad557a9ce77fa5346fdeb74a4b642669f5a355629f37b0e94a942e	1341	5	pos
36ced84d502be7a62276750a95a712782f6df6ce3ce7d0fa996055154187c635	1342	3	neg
9fdd4840044f5fb3b49d3252200d1276118d993c25c48b23297eb607bc12362e	1343	5	neg
ae9d491f47f1707a53e12a17cba3bafd838e4d65e5e28a782b06891e22d8874e	1344	7	pos
94ce9161403f8c815e3039a535142d492d8c872eec62f6cf208247fdc066631b	1345	3	obj
c679f73c4ba3754b40906467989e0b094e5420e994c82b7f6c745f670e1e787a	1346	2	pos
9ef10fbdbd9823b75d4e9b8f5310416053666fa332f6902243affe5d3964446e	1347	1	pos
cf1f4c472404c3aa11237f7d2c0f3f8cf12abaf75a3e91989eabf283345767f4	1348	0	pos
6996203b92b43cd98d0445e9db16b75334471a51fdbbfcef94ef0fa7ceadf9d5	1349	1	neg
a89a0cd2d4e81d9028478753221c15ba251b5d673d8ec69865ecdbd7a2042118	1350	1	pos
5402e0f12f95fc47b6df5878c048742a16e3c93075502c46f61d1e1b89ecfae6	1351	2	pos
a7d983386ac59b53accf4877ba590ed79970443e4d74fd34e2eb9178c662ae5e	1352	9	pos
b8cae3063f0a866dcfa6d446b1d6f42be6858e79087591213bb51d55ce5d1524	1353	4	pos
12f95d35161ad969e1e890e7ddc08ab945810ab52c33ebfe90ca93457a995a5f	1354	5	pos
f41b36e5f4f8d970cff9818d54ac2b7efee4854c2fdce65977e0b3bf5db83410	1355	1	pos
c4a673028fc4be5a6ac666cffab393905a60a191d5a31f292b98394f0d17ef0e	1356	7	pos
57b65d2b24420cb7968ff490a777bafd55677578a53d09e2aad57f794d46d0d7	1357	4	pos
f7e7dea12e064933a4307e0d4ce0ec1812186b0b2b4939f527302ba70f06dfc6	1358	9	pos
c1331536c3ceb157501a641f7e97863e06358415b051384ada4fa1477a526362	1359	2	neg
82ebddcd7d66e0d56998167a14ffd30f4f57d99d2e4d9feb34314d63accb260c	1360	0	obj
6d2e9b489e7a016cef3859e2f8854e250c737341c6875e70209155ea5bce87d2	1361	1	obj
2c0ed0eb9a584ae1012ce96476ded7a45d062181dbda223b2cbb2fb6f1079029	1362	1	obj
2c2cbb47c056fdaa585568b829f1df508f570e0c15f18eab31d4d4d2b19275c2	1363	2	neg
500cadd7b3a309e08ca506f41fe15bcab8b19ada91506df911990e7cd01506a7	1364	0	pos
904ae8212d6b94c528f4799e5c1711f002ec5a5d0ad4740bf6d9f4658a9783f7	1365	2	obj
9cebdf3d3723a11ad6d42970f0df13fea093d5e7a936d639c633c8da5f506e14	1366	1	obj
29230857366ddfdc5a515d66bbf9d6cff989cd8c4f36bab7468f0c2ede3e9cc9	1367	7	pos
437079da933bf87bca5cbbaec9506ca3a8fe94505f74663726eac2d4a2d8cb56	1368	0	obj
14c897040aa9c330e75998df67f4ba09a6ae25e2061e077f4d1f65b8d346bc10	1369	5	neg
1a51917050b460e0f64d48346e32880d5c0ecc2ee4a4afa9a8bbbc5c8c35db83	1370	5	obj
d5b30dfa3275e30c0eb6cc5117f2d36a59ac8edc24d9bc85c7e59a07e1804921	1371	3	obj
4877a0a84a3280aeca977302df745077fa0037eddfdd1798fe0dad2220df001c	1372	3	pos
28d195cd4914635dfce6969c3010f06b02a11051ae22410a441389bdca0d0b89	1373	5	obj
e503d3f4fb32894c06b4bf85cd64b8e05770975fa12290f16bb5524468cd3cf3	1374	0	neg
c252e9d85484957355ec32f572655c00c6c9a6f7e10945720ba62411d2f595d1	1375	8	obj
94e1d11fdf397be3b230ad2693ff6e49b572dcc74326b1fc9688dec75a46bf2d	1376	5	pos
5a50f7b2fa93faaf2970523392b32fad9118515e155004ae1798e1533f8779eb	1377	2	neg
2946bcd30dd56fad112c25cf011e8876313086f613a0ee6c0abead1b1e0e3c3c	1378	3	neg
28b18e4704e084e2d15efd86c56c643d60cff4ed16cd6ed6f164e21adb5cae00	1379	4	obj
45013f0387a3a7151fe27f1ae88a67f83b6feaf6d0501e341fee4f625720f436	1380	9	neg
66881d2648b54ff039285393a250ffd39158ab02ef1d7f2ef39900359f9b2351	1381	7	obj
eb79ab3325e226e9b6621d8f846029c6c67a313456ab79659a50023e0f31c1b6	1382	3	pos
44dc5da5b9c5f8a420b0a9bef701c24966d3edf729b01b60ff3f2fc8aa3de5a5	1385	2	pos
0bf4450efb5c06e6f73948c0a52d127100b6c391986626bcd92336d14d273aa7	1386	7	obj
1145f71ec6a2e0c70c751a2e521fbbc092558bf941115c2d8d68aa233796bfa4	1387	7	pos
f70b22cedba425c7f23b8189ccc3ae797edf8642bdaf707d78d3aa1d6c7efe31	1388	8	pos
d06130fcaf949cb189b2c6bb939505462f5954620890d93814c6f43884c9e867	1389	7	pos
8fe65f3190f92ca44e70c0cfe27b4627b474d6859cf678a45a00a971b1a65a94	1390	6	pos
cb963b78f2bcdedd014d7da21cb3e11fe0018189712eee8179f5b768dce830a0	1391	3	pos
8514ed825aeb95908d533c90e664a7173375af8adcdf6b6cbed21c2ebcc61899	1392	6	neg
fefcb00bbce410b3b39304385bc6aed5eaa45e38bd96b5bbcc9ce74b6e7e6384	1393	6	neg
c3ded1cff499da318a02ef187e67f419c1c9e40ccc05c230c60624306623d439	1394	6	pos
9d725c6329d545612ed4ea10032274e06cd480314af0f964713da88c0bbc19ab	1395	2	obj
7246a3fd12c8491d28b74603a98ece00074ebb6f836d115172785155994ba5ef	1396	3	neg
a98a035a3f744fc21e2c6faf59d7946bf761b984ef5128ba98be68545ecd9ee0	1397	6	obj
f5907fccb67a279db17a8d48a936aa58091943def5c6af6e64f2b2ebebcdc601	1398	6	obj
9c0d981aeaf5b7a081f3fc0817db79c8d14e739e430b798f8bb5c48d31068c08	1399	5	pos
c7a329b96c80175021c7b61af3fed57178f68ddfa2dbc8ff9e9d712c0cba7f3b	1400	6	neg
19e925adab60f35c0899a3f41a6ce075e0dbe54ed1b05b36dada808cc7440064	1401	3	obj
f92a53551dcf387977d840ef07b4f10eab9a53bba80df83462387887a4f6934b	1402	1	obj
19b85d4ae2aa6cea588ef13713b52a4196e01e974a9b4aa3ad6ae1985c53bdae	1403	6	neg
898ba71ebbf5eada316068dc689ea5470ee93f4b64cbdcbe576ac57a1e3644cb	1404	3	obj
1c5968765eeca8e97ff84e9150dfcbc6f5a40819760f83008bf0c1a11e3471bf	1406	3	neg
f5f708ad3de6b5d3fa23ab5689395f6baf2cae6a80ca1e6ba0a69feaad3a0b25	1407	8	pos
b281b7187a30cb2410424fc2069bbee618924a6bdb9ebdaea636cef5b7a9f281	1408	3	neg
411b2877113d52d8bee2670b0e8e6cbec346b874d2d2e000f1b6cd6965849626	1409	6	neg
52c6b6686f2d913db805052d2b0a04ab95a5f58e1d6f089bb74db3497826e5ba	1410	8	pos
c26d28f01cfabcd97a5c8e88e9d53b7e78af5ea8d295971715336ad2f14f450f	1411	9	neg
4873d244f9cb0f251b069e4bac6af78b6f3e638cbe5a18fdd234269849d43f66	1412	2	neg
878bb25d447490ff8b05b9c7fe800094bd53ea967a529344e4fadad128b9a790	1413	3	obj
36bbce0f3d50581d62d86f0d0633840a09357c47b94937e10592309887f6a689	1414	1	pos
01d112900fedb13f6dac09b6fd073c336c4306ca920e76c14904e3e526712eeb	1415	0	obj
1affbc3cebc8fdd2d34de43b448b1b7ca309be573a125dd20277cb6a7a82faa5	1416	1	obj
4fe9b7b2ade5d9a922530deb06062b7aa1c4e3cc649cf943319116b23cc270f6	1417	5	obj
606395f386d1f0a204a5ae3d12baab49f2b8b2c1352d98f3e729119249530358	1418	7	neg
9fb9489ef4001ad41a1e505d60ec5d3c13e3729cff3690866e7ef334aca0122a	1419	8	neg
e28b74803928a6392314a2ef2faf4a48797b830002ed50aa9fc33f3901e179fc	1420	9	pos
1729cc8cde6e0174d50afbcb5ffe965ea1278ec37d1516a4934af34d9c8d653e	1421	3	obj
0ca4a83d0d238758197813a3c44fb13bcd9bdffe6c821ec36c9b752765a78159	1422	4	pos
acd982a8554e4cf0b766545dc1b060423b46fb193be35aaf38a3ce5046e90348	1423	9	obj
91b42f050ff06c489755e181e98c46c2d4603b5b27de4d5e6b29928be233dfa0	1424	2	pos
ddb85dc1a80a85093fe3e56cfb8e510f5b9a201750f7b6377c7fec6756115e9d	1425	1	pos
335b098298fee377217ff9b86ea3759ba68b8b08842a7857299a0cf485104359	1426	1	pos
ab3e0a69155d79862a734fbca5ee1a4ff61a0723e42959b92db51c5cdeb5b43d	1427	5	neg
f61a8514e75802602cb093a7e3d950f0617eea0503ef984bc1a5a832c95a44ee	1428	2	obj
554b2869053c416e5a7cf4fb3f496f30529999324b4d2ca1558c426617e52e58	1429	8	pos
9bb1f085f3895396f6d160998c9de2e74f19da3264214246f58908c609835c12	1430	1	obj
c9e6954bfb7dc0fa833aaa57455aa3c59e144e7deb5650691cc14d51832834af	1431	9	neg
341580a9a17826a1ea1113d00cd65b1492a3ec6965143f68e24397eb35393996	1432	2	neg
5006c2285d9e8fbe637fcd830544d2d817ec7e28094a7f6754497bfebc05b868	1433	2	neg
8c5ede0b2ae2f930ca02623778b489c53885ae8c75343fa53184dc7a2799208d	1434	0	obj
8b496dc0982ea6939cb9d9d172853e1405b8a9d7d61433c0ea17765e32bc3037	1435	0	obj
51dba729681fd8532eeae42716a5cd2c4ad09d6e280b621a41e5b15ca23092be	1436	7	neg
b87e10e68ab8dbdace814580ee0c0f9c1ffc0864b91e38f7b800298d161efa20	1437	5	pos
756ebadc728623acaac534a468f3a2392db9ffba401ed48bf8e07d4ff74641ee	1438	8	pos
9ef613fc1c87d762047f6132eb98666168a4947446c9811c88cfed71f11441c3	1439	7	neg
4e65d4638ab2f52559cc148b06e53b82078a099acc563a1b519b88d1f02b19b0	1440	3	pos
6e56b3d21c05e842da22952bb6e8aaf603e6f92115bd6601207874f1a566248d	1441	7	pos
4763dd759423f937056516e980db5c39a2109dc0e611505ebd745a405361193b	1442	5	pos
a66d95381f9b4b2c22c19de9433562d8a38e6e6a3c390cc2f51ca1afcdbcdb04	1443	0	neg
3531b5c570dd0a272d6527a9c45770ac545b1064e93e3e5b139f86c37d31a184	1444	0	pos
76b353c32269b161a4ad20736717b76096dd0754da9756d15e840f20dd22bf67	1445	8	pos
fe7ab1861d0589fb97a7c34d321ea3a6a2326b62e22a926087ff96ac98d921f0	1446	0	pos
bd830b1b5da65bc527fa012d6cb38220750d701739a173af1a4eea7824ae5cfa	1447	4	pos
7dc0cb21f9ffb4e03d27c39b5e79a45fdbc6437b6361d1410decc107c413b0af	1448	3	pos
cbc7599f0a4c45f90cc96936956fa9e3866db5ac16ab3441d3b956f91c361499	1449	1	neg
5c247c3f781d5f9e9536a49692e127eb0b7d0631f49cec4fe32b66bc04c281d7	1450	6	pos
589aff897fed2732cb384ba394a89d24d22fc0b9f22feb75ded01113c4586d7c	1451	4	pos
0a5f9cd643c95f4cc2d22424fb3d4651e72e04f78bb11f47ccd31bbedcf1587d	1452	1	neg
66f4ae0428d672de1760f458a5f1d0f78e266342ca0653df3f051148f8e6fafd	1453	2	pos
814b328e35c8451e54bd8bc10e7961e216bbfd82d1afe1ac4845d0728064aad9	1454	5	neg
eb152071b1abaacec420867173e87c57fb3af44adb4d8840d7ec77d6db3118a3	1455	5	neg
8f2684ecf89a73dccd9612aa1e08945234edd010cdcf6cd645331c6d9ae2bf10	1456	0	pos
27f577c51ba48a34985fc521bb1af18991e924411076c458e722c6f89b997b58	1458	5	neg
878638a3e2eb7b9db135617044e1d3abbcaf75b9ca1c5e6a264629c9fa4284c6	1459	0	neg
4097e017ef9069244263fd7486be0a28bd24f7f501002e7b6c2cc5446ea02990	1460	3	neg
6ab7721530646b558b9dbf0ab38dc8d1d1abccbe937d0ed424703c0833c2c434	1461	9	pos
85c680d19e302659c325cd83d9fd6a0a1430e4bdacbbf4753b2792cb1d0d0307	1462	9	pos
6c837fe4517aa35b7029baff57a972dc7b2a2fd9fce52cde7297a5eb4f76513b	1463	0	pos
e5977c7bdbd2796fff0484019607365fdff1ee57103044bb671cb430594465db	1464	0	pos
06d58bd3dbe68ca8467de0bc70c43d0cd4bb2c33503aebd4d321a36c3c622645	1465	9	pos
1bc7db54b0bee669446d21bebe4fa008e0eb26e628683b45ec2b41c4e3bea3a5	1466	9	pos
2650cdaee135428c1704ae6e0f42ae8e4b7e63b607ffd4bda5c1428ab2bfb9dc	1467	5	pos
ee2411522a221453a870cdd0d9c27f9da1e3e30d978295fa5dd158e8765f2635	1468	4	pos
2b5f2eaa2a9628129acdd6b93314d9f38527adb807121ce0f3adb416d38b1982	1469	7	pos
c93d024714d390429bcb99159c501d61b33223f7311185efcbc7b60303ecc44c	1470	2	pos
8a037988c19558871e050ffafb5249cdb539ec86a4970d0fac3117beaf4c6f22	1471	8	obj
e1c3e5d82cbc8915ef656c4d774957110baa39104ede23b3ac899173104f1849	1472	5	neg
7ebb44f67610943a56637c5242dcab76e36fe808046cd9b8d3efb5aee0812934	1473	9	neg
4d2a3723feb82fb5aff382c25ae126026806a4fc715114d1d1b1687781c7065f	1475	0	neg
64642c91241afb9f2fa5326218a82c74c7c6aa87892be26ae050384a31e267ca	1476	8	neg
1c753b784261b13ecb7d6c5a030459606d95b64bd2802b40797edba95a8c8a79	1477	9	pos
49d2652d0a60330e92bbc54cac8a2659de60a1785d8add08c5911a220071587d	1478	3	pos
d64811d3aff64d0fa5a8ce88b024e100c78ee6a29b48b8deb51d42115139ef67	1479	5	neg
5a736ae8847636efcad0254a8abaa1695fa56765205a91b4959bba63cea4e4f5	1480	1	pos
2811dee270c31b949d865a6b5c66247bc24af4d4141519e63e843e74258bc970	1481	1	neg
e2abc796caa43239e83e5f2ba8190dc26d4d7e8a7e6e8e5d47684f310eda624e	1482	1	pos
09bacc6d9bc755973b3aab24faa4cd538907e8c776daba7c1198d722f72c82d3	1483	5	neg
a63d2f4634e5553850604429e1f2be86f1e0f845ff2065575c09fceb38159541	1484	2	neg
3babb98469522c124bcb51c6cde2e200083668b24439e4bb601c182e59bcf60b	1485	7	obj
32f8dfae87a7c14bd75c1de46e2fd27f512092bb2d6e56cc2790f29850a767a6	1486	7	obj
41d32f4269f9332bb35c03def8cccbada9a2c82cead6889b452eb58a98627491	1487	2	neg
e84bfdf57f191cb7ba4f73522ef0e1fbd6797e4699adfe9a772a7aadd4553655	1488	2	neg
bf9229e1252b8c7a09c5f0a03f68269101e68bd7dd9d04933416ec2d11d3b4d8	1489	5	neg
75b22acf4541cc4a157f7002831865c5de8dae2363d8d6d8cd131172e763008a	1490	2	obj
746e0f0170340d7cb8c6129d67f1c246b57d30f25469975e783b35ab9923d497	1491	5	obj
151a95c9829df5e36b9d38e1dba5688779c5d96d09732b6a4d4304026ba57383	1492	1	pos
a0dbe3d1bb9cb2fb5cf1c7803f1dc8de6dead0657e9d5879b49894d6c7e6341b	1493	9	pos
3839fbba909f87e92a813654dfdc0ad38173b557a2a439f8f7b7967961981208	1494	9	neg
1bc0194bbccb5e10c0eb2e47b98d59109f7e3ba7f9deb5b53253d3af8f28b859	1495	4	neg
db305f857489f623feb41b2d78408c7d71dd7c46c46438acbc1d424e578bf1ad	1496	9	neg
6069afa937b0e6a2162d026795a3396cddabec10f75e2a4f166d6311b0749aeb	1497	1	pos
80dcafe84e8662105a002e3c8314adbe275b43795677c643da313569cf817b1b	1499	8	neg
f6164ce3ac69e863be97db48975988a6b21f8cd1b396c9271b37ec579b962f9d	1500	5	neg
27be86c8b08225b226e08ba6cc1739141fa69ed064cf5ebe5294605831f3af4a	1501	3	neg
603994b370318b5e66972782d70ca59a963d5be6c638c82830b1030cc3313cd1	1502	0	pos
9bd074295e3e5298960e6d8e411402d2ac9ecd1c848815156fe7054830cf7bdd	1504	0	pos
5b0716419483111e1b9d97ff8c16a4dcc51889b83873caf63eac04d750474f61	1505	0	pos
63e1097c693e9a506e88b43c71376cc9e1dfad6e5692597cd20f3a593fb018e5	1506	5	neg
a22757e9e0541104f77bd48827c18f1e7ae833cbeadd4ce435538755a648de2b	1507	0	neg
7296a25763feb387b591ce0110c1e579e365500fc5cea8469857498ac0bf1ee2	1508	4	neg
271703035aef070f9f33f12f63bb1a4da99f950d630cdd6f2c515ad70353da43	1509	3	neg
528ecba399755789fd7c7c0502bf9f4984b422c8edd48d7f85cf4313c4aae100	1511	1	obj
65af4d62907a1dad9cd209d1d8df7c55df9d0a380ec4802246c4df3072e0ae96	1512	7	obj
fd8a44a3f57a023db69d26cfb3aa357c6331de990bcd3bd3366892f211839917	1513	6	pos
ee26d72d8f050d7924c231fd3b3c2c3eebeca5f929eb314e746b24284511aad1	1515	3	obj
aebe9ac1edc216fb2d51030cbc4d0b65ba354af27a66b0e61823fac15ea906c2	1516	2	neg
3596814a814a180225d13d181d45c37a9acec81081021fbf7079cebebb80f3a0	1517	6	pos
cec7777912cdc7fc2056002c36628c770e2d3057d1ac7d632c72155fbd17fba4	1518	5	pos
ebccd4ae990477d1823cabcddd76151f5ea5877fffa51648e3f41609f1cbf8a0	1519	5	pos
c3337482a9d0bad2dbcb82c03c1bcbe95d4adaa1ebbedaba6da18feeb1f27054	1520	3	obj
8d2a511fec6fc78b6eb99f4be7df6f6973d8137acad8847445f2b1c81dd19924	1521	8	obj
a1728c1fd21d23c7d36ff00d81a9c736fcd6733710676e30220e5c4be2253164	1522	2	obj
303e61097ffb499bf810ec2f864f80531ab545978879d6c6d0b330beb6783f99	1523	3	pos
84b78642e4aaf831316ab3e422fcb853e65495111ad96d4b762cfd7fe8d91bd8	1524	0	neg
6bd128dbbee6f89a0c62cff1af6908510f883a3bb2426ac1c43015fbeeec3a18	1525	6	pos
7085a57b6c46697296f14caac472de8f7083d995bf226e2e758fb16878b5868c	1526	3	pos
0bcf5b4b8b621ad12aee99398dc2e4a4e229864f84a7dd07dce35d0f01fb8059	1527	3	pos
bcafe6c41bcd8b955af15fa3e6c4c257730924257e4c147004a65c1760001f18	1528	9	pos
c29dcbd73f0cf74a4108d65dbab570df55ab3c33b73f11a80f0671d7e027da05	1529	1	pos
3c8191e6219dc6ef198c7542f39bc438ecafaa811a6135405c95b37d9fa73e77	1530	3	pos
082b574a49f56484ef4d983b08ef70061f252aa9c0b3be4456237291f4be262e	1531	4	pos
15d0bf88c1e1ee0ab524f9e237262210d22b9c54feec397762b385272b6abfbb	1532	5	pos
2d9b20f15b545b6338b2f6172be56c14bb6ebb9e8dae546bf2ebc1bd49086c72	1533	4	pos
b9b9202cbc807c7ab021a4439df1e953c7fc3c364dd8560058ed54c18b612ec3	1534	6	neg
bade804e6914062901958abc3a78ad866a9ff874fda6ca43450f2cd1635a6b81	1535	4	obj
2df406d2cfeef7218e4a06bbd36fe47999d37e0d8040173ed68aaac0b86c32dc	1536	8	obj
5fbb9332cdf2b0dd6deef222e3370bd1d49b6f37d763c7140dc0201f95ffbad0	1537	8	pos
98b98be958c53c16fe3045c236f83e7d09cd67241b3dffde07200a70c16ed799	1538	1	pos
9f803705a565e7eb3073d11517e74f2ed1723cf798a076904c8d8de52cf6c81f	1539	6	neg
405c963f45f724f78cbcbe398dabba80bb31bd1e5b358b933d8fa52210c1ee92	1540	4	neg
90ee12588f36805d19d50bd12b3220258780c5b5c23d656ec1d28a1789971440	1542	0	neg
885b0e88b7fed00c0ef5c86532df54a81d0afa69bdeb30847bcc28c305a908e1	1543	3	neg
6f72810af6fd4816937db3c857ac62888d4002d2e854b8ec37b228989632bceb	1544	3	pos
e4e74815d4bedf12e1237ceec23f4105a58a37885fe590cbc7fd626fe9ad3f75	1545	1	neg
dd1a23f724d2b6cd68ab471e331c6f017578bfdb00a01b681b1a70e2cb90c4aa	1546	0	neg
ad76c5cdf9620b3382255f12b07d65a9f0e77b0c83806e417960bbf5712bbf79	1547	5	obj
d5afff1cbca664e8b48715b43df38797953d53ad772bfb35f6ac57ec3ff1d841	1548	9	obj
86d4c8c707fe8ef94fe568cf9de49d18474da39afc193a9bc6cf1ddb9274c752	1549	2	obj
66c3963bf088dc2f22099b0a77aecc0d599f67abd3dd37d8318cb1b56ed7fb70	1550	4	obj
9ae4d2176dd09e26f86dd2437fa481a3cf3c50a1478d8d39ab235dc851c0b8fd	1551	6	obj
2d47195adb7d7324caab67f0e22f3980910a23647727980dd8c735ac5b9cd9b8	1553	3	neg
12e30f8b41e2aa236bb2f17851053be1f622061105f83ee196b9dabf2c6c851c	1554	8	pos
35ce8626a18d30fb8a1d342d509c9896bc87121646dc4913d9c84aeb9c0ceb74	1555	4	neg
d0611d6a3820cf3b984d0e12c397f0f4ef1f001d2f5ea529eed0e2ef1c76ff60	1556	8	neg
9b3e7b8dff757667d20635c4e1c9c3218c08c9625f9f1634ddb7429227b835f6	1557	7	neg
4bd4980bb418a2531e8a64e7cb326f152a56588025feed63234f3d60fa0dc06c	1558	8	pos
bcee218d1decfe5f7d1ed68a8f340a8e5554849bd635f16b697961839b3278ec	1559	1	pos
d24a60823f232b05ada58cb9b18463b720826d0633c58139e3ddef573dbe51b5	1560	9	neg
660f8dd1839cd81a2125fd8f707eb2c4faf87855f1a6a56a91cfc041aa24d12a	1561	0	pos
b385a03c44581e2cb63536b692806b2d258a7cf61de7d9d69f345afdb85ded95	1562	6	pos
bbd400f0d97de9e9dc1330aba7a6376f9b970cb9581f16ac3d4292357bf7e2c0	1563	9	neg
19b40ce2d9cf0a994cf5e3e18aea7cda9ad22e0b7df2038684e3bec2f715e466	1564	2	pos
f2fb3b69e15d6899b0d982c4c32378b981e9457547ee1e0bd8160547f3357745	1565	3	pos
9c853b6e02642ced105ea9b6af03f4c9ae97f4fb04247c5dd5f74fd3cfe42e6f	1566	8	pos
aba6c8f212bb8e71f45144a22ab2d6056cb87e912025cc200060385ba0dab9a5	1567	4	obj
d52e11c4c95f8cefe9634444d79611b8c6c1b55a5d1930f0d88aa11b2499554c	1568	2	pos
5259fb96a2dadfd199bf8f114cc1e46c249b7ad7f31dba86a4e0fa178394c4fd	1569	3	obj
6b022fe5bd23bea5da744600e35cae80039086441b6415a58901a749df4a648c	1570	4	pos
1368a9322f8711bdd3f739026da0e3e1cc5d70f36bc7dfa300885a897dfa6324	1571	0	pos
02891cd4455025fb01c32a7eebe965f7d67829dede4110ed77ee1901168cec69	1572	5	neg
d4f24a2c76a350e55b5fba2d78a9bf2300ec6830d3df084cccfc319a82f138e5	1573	7	pos
8ce10b553355d91661eafc29278fa508355014e10ead273192826e5f27fbff37	1574	9	neg
eaabfbf6ca94ae4c16c5fda40d288c92e89ec85d230aa750793efd459f5d5783	1575	2	obj
81c86586383ba0a36132488089021fa33e8da2d3e705a51b8e0c87b1af6dd23a	1576	3	pos
d5f47d4517cbc79d512f60db7f93e49b445fe5266b3eb91a06e5040abe2f6958	1577	2	neg
14b443bee32af871c11be677125802e8684c76e3f5b71c25767515b82d405828	1578	2	neg
f5d56024bb375b374fd25d65ee4475954224f4657fa8c845dfa898135ab3240a	1579	2	obj
bb8f2c552d4e2a671749c4e63de7e4b85f20aeb274427984331a9a67c50fe85b	1580	3	neg
b78fa57a3053caab748fe9bc442a1b7c6788408e179bc1da74d4b874b9b71cc2	1581	2	neg
0f1fb3bc9eabc1acfcd97a692837f87ff9422cdd988f57ad32de73cbbdaa20b9	1582	5	neg
b923971a957e7f198b26654075465fd4756b44063666ab433fba0838da475d96	1583	7	neg
5373a809644bc93d86e6f736ecd66dd7369c697000f11d8631c71af643bff3c4	1584	4	pos
869d455faedec1cf6edcf500c17ad997730781df53125fdb12ea5dfc01282b2e	1585	2	neg
d0e7efecf55347f550fef1e520cf6b9737a9d0dcdcb9f3b3d362bdaa2bbea3b5	1586	1	pos
f8434aa69ccb34576b09bec3125cae2aab4a046fefd8f795156e59df6c047223	1587	1	obj
34f13b119bae670b2ff3542e6690815219d20bc795bd3f2131b8a647837d6dd8	1588	7	obj
b30bc1f08d28dbbd0812910a14b2e9a4e8433c0b49c0d315cfd7f24cfc02c9aa	1589	9	pos
1690cb57ca2088aef3a2f9ae744d5c61d6dc9c5e1490fa064a11c121c5c21cb7	1590	8	obj
c97067bbbf29032d8a796a10809bc6dd3413836c3892cca663eac3c656c029ad	1591	5	obj
d354beea684be7f29391031448fb64c069c1512d3e4eb5379d3aaf77f9c69240	1592	3	obj
542d8160e9594283446cac1bc66b110fc2c4bce2edc629ca9f604f5660762895	1593	0	obj
7a3b6ba682895b69a7221136ff5f97f518e21b0b4693ccf829b400760d09ec66	1594	1	pos
f4e602517088ccafb35f4e0447a1a7a1ceabac0468e2f35ace0824835320320d	1595	0	obj
d54edcdb527eff7efed4c469d0d9e0ad30868c821716d91b5d58fb13a129ab62	1596	4	pos
2adc074a765ab9afa2a692f3fb88d1e2eb08af3b53b14709c2da6b32ae568bb5	1597	0	obj
3f2ab6997d2a486ee0686d295c207c1f3be55ae2549ff617b7695b7b7a022900	1598	0	obj
802bc044bfe43c7de272f0c8043da9aa1f40d78fbe8b7e55bff5473bf8ed130e	1599	4	obj
fb342eda20cc28a23e492c61bcb5d086485b80d57218d5c0cae7f1fa7a15ef88	1600	3	neg
df642a15122dc363c1bc8d673b770557ba6d1704bd7b6986ef314979b57aad7e	1601	0	obj
ec7371a064b63ba2b61bae427d8bb10091a34e4f7501663c5ee5f8a29dacbc7a	1602	7	neg
02a848cd9ece5f8abb115053e248bdc7d9b2aabc845484e0bfbdce7e08d83aa9	1603	4	neg
623feb71cebc559dc6389c644bf8abcd828bd6dc967da83aabf46ff7028ba4f7	1604	8	neg
fedc52b7343847b58f891bcec7c95d5af6c89a4a59777ddd19792eb341c78b47	1605	7	neg
3165754b7db7ae129916db555bc0d5bb444c64d448deda75b6aae5a148681ff9	1606	8	pos
efd44e1d98871bfec34adfe7d6b5c0bd655499db33f1102978bd69bed13e6f85	1607	1	obj
59b69aab0351f8976506622236157724ab95a3c021c182c4806c07863ab8dfea	1608	1	pos
1d08f989e9c7e64fca6f3c7ca93acf9c0aafd932747d14d698b7b6494668838a	1609	7	obj
a785290e9cf0fe3919351ccadce8abc2a50fe780049e3f4b5531d1b8313b6b9f	1610	9	pos
1fa8741de0ee4b8a52c537050cc9930ec561bbedc9f5ecfa0b00110ef8b6861e	1611	4	obj
d59770e9b53c3d3b58ec4e797ee512b614a4c132b037a1337f8ef1a1e7815c8e	1612	6	pos
dcfceba766a2e1b7251a57fb30e1480a563c9e9e8e1f6e9dfb0e2dff58e12077	1613	7	pos
44a94db911505b207a6b99d8600169175fa5ddb3f81a61f2bd3bec98facf2c2d	1614	6	obj
c03ece94db6039a7952c09a45d9cc2ad2d2b43265a476fca7911c57265789756	1615	8	obj
a399c454a0c3e50534255bd6dffc7ddf9b19bb5e6eb070d20af38cc032765525	1616	1	neg
0295b478ebd71b0774a55846dee8656d330c7fb87b0dc345d672d4e3d8616b14	1617	1	obj
6d184cf2b85562492a4c84e6f56e07af84cb03f93b580d33985a5660b2fe5609	1618	2	obj
88dbc78156e75084d5f63ce884e4a8e341730f0030b476dd4dfe1ae4cd411a00	1619	4	neg
7966f1cbde1029be4b974c597fb1479650086a43e38deaf3101471942896e393	1620	5	pos
d6c466d32d989e74b290a38985f0d044645bdb9a1ef5f046e9bfcdba3a542f5f	1621	8	neg
bfffb860d4ef8836c11bec7cf60dc67b6163634adabfcf85ca1ac031e445c9f6	1622	6	neg
8d93fe58b58bc5763f7efd74fec320e9b80e68da82c3aa062af41c7cb45e7dbc	1623	8	neg
ef2860a9440c5064c73b86d9813633f62757a55879c5b2f91a4c364aa69d9b3d	1624	7	pos
03efa6d68c692f4c7c730fbbcb62f284080d0a0fde0e2802f7e7060e15f1d765	1625	1	obj
e88c9632d4b7b45792f5761de99aa1fde9e8d704c2ad185e409c0138b3979790	1626	0	neg
baf99892001fef8ae8d8cdbb4b5f04c596b0d4446a9584dd26f3979db5845893	1627	5	pos
7631498a5ba8aab9c4de5eb83f56a9da9c93a4969f95109ebe3c82f53e444f3d	1628	8	neg
c0709f0a6f45391945674e4905c225c2baffb5e563c6e1eaf3a8a2574e636ced	1629	3	pos
bc9064fc7d72e363a6e2ca65c7e19210798d653772c70082e696cdb8ff47fda1	1630	1	pos
ba67c733aa4c4bebb08759780f163d841dc4beac146616f87a8ad8605d17f9e2	1631	4	pos
e846c1c05ec401cd36a0cb48cf07a9049104e710ef0f512504f1be5d8cc373aa	1632	8	obj
a9ff5d06dde8c467e72d334e1e55eb5ba9823c58b6c44d35e91858b32d637e78	1633	4	neg
578949711b5ed685e90a8ec303badbb66f2b931718187a590ee8ef82518df506	1634	6	neg
e58adc2311acb762a5d55603d0a95c96fdf82128f3e0b45d69509fa295cb59db	1635	1	neg
1769ce47411a8f76168b92de29d89b96f0954c40a9d62d14e08c0ce4efc010a4	1636	8	neg
20af21b7c21331ef695fa9c37c51caf0e2b4370a16ae56101a0d57fdf1de7115	1637	7	neg
43727acbd22fbdea8869b893e95fff2f57117f0f2a6134be9a0db8b45cd16e59	1638	7	obj
0792b9cbe5594b278aec41c50319bfd46e347b2520dc21e7053aa0a08efc39d1	1639	8	pos
19b7fe8eedb6b96acde8785a6d4653a69265ba08af6674af0cff795c17841b16	1640	1	pos
76f46f97e87e93381eaefca6eb519a4cb2f59dd9d5ff54fb68609581b3876fbc	1641	9	pos
620d8daa202e1b3806fccd7f7ad77d0de78f90319f675780a8d2e6e150e27f9f	1642	2	obj
c81d46ce092313f5b9eb4cd0dcab8ae6e3d2bbe93285c9ddb13b36698fa34980	1643	3	neg
ceddd04bf8c6deeb28c805c680bf7fa2e681478e06b52a978363e3dc5ab42a5f	1644	9	neg
e393e1ad3cfd3a10a2a8f0ff59d380d9b2cf5e1113599eff2aef625967e220c1	1645	4	neg
de7bc35897ad3158cfbe24ab0c67f60306f4bf157527ea5d354a2d811ade7e3c	1646	0	neg
e67bcdfde96acd9f244c6d9a8b26b37c427cbea3a7b41246e377bc94211e0c7f	1647	9	neg
dd222abe68e51b6d248a407ae25bba479a9b1f427bd35df5774b724b9fe56977	1648	2	obj
83750b9f61331ef6533d78024b6b4bc87e4eca584bba7ab74c03bd164426af1e	1649	4	obj
8a23010740b81590a5cf8e36f65af939f5dbf23d1df4e44da0388959b6115a01	1650	1	obj
9779a4acd334914f45f8a6ce91c3c616c14af64f165379043d7d7732eb3204ab	1651	0	obj
60cdc6be6f10b2a14e1116671eb7b9fc10fdfcc2af9a72ac110741ce7494e1b7	1652	6	neg
5603bdb5628ee2e18f25a4fb983f539a3a8f3520268b4738223c8898cf1559de	1653	5	neg
b2c2b4ba52366a042e41d0a3f4b0adb109e6982d289150c66137576d5eaddebe	1654	4	neg
b60de61ec6146d77f123d7749e4d532d14c0eefdf148d667085beab1e977fd85	1655	0	obj
a5601462fb27d5f508f5bc0f8dd8bf0c83737642e426ed93acb247c63e7b6247	1656	1	obj
0ed8c1281fccb8fc7580248d53da4a443c95058372c61d8ac14033dc6b4d0947	1657	3	obj
f2c73d12ba4c111ea5040d8962cdd2e4feb7fc456a8d561510061954d819178f	1658	9	pos
190575896913152fdcdeb510019060a3668faf1d5f6ae237c5e1544fa23cb604	1659	9	neg
d54347a682083ee813b534ffb876e20a2f95514a373edea778e2c97f0fda6821	1660	4	pos
2b5f12eb01e0366ba3caa281c8f9bbda59e3cbc81979c71aa18004d0a30f51ad	1661	6	pos
9516e06bd9f5072f57b4d4da70c22813e7e14eb84fbdd4fb7f35a2059cb676ba	1662	0	pos
6d0649f20e352b4de025f8dbc63dcdbea9a4d03b59d30e654405bd94c5c1ac10	1663	9	obj
e902c4d3170167068b5fd2283d192b85e27b879df6307a325eefaf61c6d62f23	1664	7	pos
9ad2123c01bbadaa427a349fb8dbc6a7266b53bf3c22fc88fb4d74d74b0010e5	1665	0	obj
bf03b413a31e8c4c19012faea68df7509dee8580d0140de61e12da47a3493868	1666	6	neg
a7038cc9ce2159b4074077329bad51f816869b800dd6ad3b65d7b963e6b3cd55	1667	9	neg
2f7264f9dd19ba2334d9a874b869b97999eb302dd66170af1002c322d9e7afe6	1668	9	pos
77465b37adc4b160bcec757ab61ed43e725f13502bf16d5918d96c6d1796cc1f	1669	6	neg
4f56566d6c506a86406c60ff4cc8347e0719c18982f1aaca28af3815b4510d10	1670	1	obj
3859afab9f49282cef0f1fe57acec1d06b0f7910279fcf0bcf3ec56553e2aebc	1671	5	pos
58d95ccee1b13fe219164218ffc3881aedde352cf49a43f7cf6ef8ee3eeb000b	1672	0	obj
5ac8b7fc2270cfea7c9ba0be56731addb6c7b1b5926dbc735878c8ba58805721	1673	1	neg
f04bf7042cdd9c15b218403b6e6c526bad0859a87f4cc1e52fe0a1ca9230860c	1674	8	pos
c933aef29c4447b4417ec224bb9fb5379404933cf80d173a7b1fd250af8543cf	1675	5	pos
d2392fc16ecd39d7d40949906fbe9eb0cfd37cfa77894eb6559a4c47f07b1957	1676	2	pos
e9dc35d8bfd48bf5347663bb4e1d024f50f0efd53a65a6859851b1322bbce1a7	1677	2	pos
554ebe6675c090895dba0dd97c71ffd1c3b65b4eca7296db728c1f660995b678	1678	9	pos
6fa967b4e22660d88506b6dc2886e00a6ca2d509da09c73a27fddb08f207251e	1679	1	pos
eaa63aef147cc4993f49f009be39531a3d65e0bb88e7b9f567c55ce3193a0cad	1680	7	pos
017db7fb7dc2729d4565592fab4046b20720475d05cbb7182accda742867fa13	1681	4	neg
65bbe4b027c5b49c47b5edca02d1d0aea886bc27debe8a20dc37f3cae6798120	1682	2	neg
7ac69f1f91d3be8a5125389b54501dcddabe7db24f0c5e5e90126db69caaf73e	1683	0	neg
ae0d0527418cd706c8475d0951e8614ce577ecefd31d9677728c46146303ba90	1684	0	neg
5cf25c3bf45815e3c530031530788b7cdfbd11f55f52f95ccc86c0f3c6e3d85e	1685	0	pos
95209827920a59441ee936fbb8ebbce10a0140db8c463d68e82fac07e17d2747	1686	2	neg
898ac618f9b4cc25bd252bce7ad4e32fc403e8fc8bea8defa98ab9c7873d12c1	1687	8	pos
2a38445e9c2d7ab43fdd08e62c505d0ac58ee620522fff1f41bef88f73c44bdd	1688	7	obj
2ab1b55c1f6e3ee13c6941e91281a04e77754d25e25d119a5d03b322d4e4e479	1689	6	neg
1b53cff4b62a13cfe1e1198466459e5ef115a7efcbfa953cb2ef852053c17fe0	1690	9	neg
f94cab5e2a70ea80afdf34703bcb0b3fa89099f43dec86157c2587a951e4b7ef	1691	9	neg
e31a3f66bfcc3240e61be70468d367c15813d39e93739f9673f802c86185df20	1692	5	pos
1d525c9ed7bec32514adc6b1b7cc15f1d1ece2a52f22977bebdbcc7ec4006ff8	1693	1	pos
a481d6b3faf352d0566cdd03758f6ed5555e8da6864d3ca7fefc23d5db38b4b3	1694	8	pos
09972748c28bf2107bb36baa5c8dd38ca08f6a0de16f001299ad23158c48ced3	1695	9	pos
37f48c1e6ade62f2adce04950c4b05b378122c96f2f04a2ea7c6a3d5b194bd44	1696	8	obj
71db774e1257c48b31c99710876d5bae5d7c4d2e597d24108505b39f25398f29	1697	5	obj
2e0e61f38ac3682138ad16f4c0665a3d6a31340f9d35e3d066fd107381a802b5	1698	4	obj
7c5a005be0380d7201ecb425da56c081a0f6adc3f3ad4ac23ab426b3e50010e7	1699	1	neg
deea598909cc16bd479dca816262ca2c97a7953a5936f51e8ee5973fa39933c1	1700	6	pos
0597a9ab102d4f98e8bde726f7f18406c09eb26fd22f2671bebd8cf8ab2b870f	1701	0	pos
b780e7b8e67b58109e0457a2eb6dd219427c6f005a71d1ec473d12eb72505c7f	1702	0	pos
7b84101ae2ee05937125c78a38f41a7cac808c7e4d9936bc66b6dc5a312548a0	1703	3	pos
d12e70210086e023218fb342e65c0a5629e7d2f005f8abfbe713fc4cee074689	1704	7	neg
e9ae31ce1cb2878908c267224d5824265c9c0685f81ec25fa19b7e10aaac1326	1705	0	neg
c27b7813c9db90749038e7e4ec54880dd70c8060ff82ee0752b9a45efdb3fb5e	1706	5	obj
3ac4b32b5c22a1a57018649c57509405e1b1be259c649163631a261c29faad1c	1707	9	neg
ff2b55eab37c368fbc36b407af417bcdd1cfba1dba82051fa99ccaf1fb453bbf	1708	3	pos
790a250e2d1d9b65fa310188f9a53a27c4d610087309e03482c12797348594e6	1709	5	neg
75983daf7dd7261d1f8aecd9c286fe1b9160a031ad70795cd3e2cdcf940668b3	1710	9	obj
daae09b4c3a7e603ca300c550b64d2a3d60688167bc5d07e47285a34b043e807	1711	0	pos
f935a316500024980415e76976daa5c581041c841fb397f877513b399b71d524	1712	4	neg
f20563535533896667f85744e0a4982958f8bb19408bea307c12d057c4a6f9e7	1713	7	obj
136b83c83e05d7625760681d96ce0fe2d4c1824c6a1fd81330eb1f80b9814b4f	1714	8	pos
06439f276ef3abdea080df4fe6e4c31b452d98ad322f794ff86fce140079611d	1715	2	pos
5db2479497399bea20a62fbbb6d5a7ad24fe21d68dc645fbb338d77be85088e2	1716	5	pos
32bfd06df93e6f380375980cd9d6222b75ebab1d0851cc9ecacc3dd5001e94fb	1717	5	pos
1d077b0ae2cc51bb1e7bafac57749ddf60e0f6175ffdf546d1f54fdfca5e119f	1718	4	pos
d96d556c33731299699efceb1c5bf86fa6d4e441a9cfaa323b2577cc9fac7dc3	1719	4	neg
5047e42d7001760790e51bca9b457717ab481631c9c9538d0fd1942c56668c0a	1720	1	obj
9d6403841f13cf7f8472c79309c06ea65bc6a49516fc69a72540f742bd776d3d	1721	2	obj
e8e6d1a06991a1cdfb0c9317dcb7b7afb94581bce230c2aa767ba184f2974d6b	1722	8	obj
643eb34ac60802385943cac8951fc665b6fa9f841a7c1096ac2953966879af3f	1723	9	obj
e5805ec353b65517a9dc767373208caf35dcced30eae7e0e3e824ffa4637d6a3	1724	5	neg
1f04c17ab529faa8c5782d1c630449d297fd931f913a878ea87a0f4eac6363f9	1725	4	pos
647e52713b17a9dace285e945628c52b1d105fc5623fc0427d31d93cf445feb7	1726	9	pos
a0330747a07ecabde594ac9a601fa8fb91763e6f3827d6f3668d7036eb9c0dfc	1727	5	neg
2a3b6f073d74e18e89df2c75e4eb8f7c24df737ccfc169068ca8567d8a302c97	1728	8	pos
e76f2fc7ff2f5e3412717baea435c794d53733f0d4972a809ba3f2f29bdea1b9	1729	8	obj
442fbb70ba1313295c3e79bc239184fe506d6dfc208289091251cd7f01dbbad4	1730	1	neg
a1ccc5a32ff55835b86a623bd020cdd50f7c94bf781e4693fe96a5fcf75779ec	1731	2	obj
c1d0bdb6b78a626c38245689b567bfc3f16048056ffeb1bc6c75a20f781b8191	1732	7	pos
7da375a5dfb4ebacd8e22dc0c81604d28161686efb2f04caaaf84167480965ae	1733	0	neg
13284d7b6d4dce7f9db1fbb53741e842a1dff38aeaa8b7db9783ff4b26e1a228	1734	6	pos
33d81eb908403c0e1ecb3f2243cb54ea857e591e2b27de1e080a2cddcbd64b0b	1735	7	pos
6217028639c877070c16fc6227b3f2ff801fa4f62de2fbd560109d95d5f576c2	1736	2	neg
5d024fff291a2087230b951f2076e256928632addd30bc9e4ac2b3ebdd1f9c83	1737	2	pos
342b4737a79627b7589a6f9d6423721287112e9dc55708c5bdc24873f5952f6b	1738	3	neg
7f96660c7167d7a4ba57ecdff889d182b6e6f5acc9d3fbbecca7386bb7a78cf5	1739	0	obj
89609e18ce0eee9301f6e57f588d36267858dc2af4313a27e0b8a6fb3a261531	1740	9	obj
78dfd9214d50a320b5163654961e9eca15d1e567e841ceb4d1cb7a9cfb9063a1	1741	4	obj
ca9c75cd1100af1d797d40fecf3ecef7ef095b0a945593cc19986206efc2d089	1742	4	obj
2ef6962a26c88d64f940dd18cb9f4a581f99cafdd2b6556a5a943ca171ff83f3	1743	0	neg
bb8c100f959c23b979f6518b90e4d3304dd24aa125a21e5c7464eceb26296c62	1744	0	neg
c5a781a50ae08051635089769b2c7b352a2e38f5c5c9c6a58f10c3a192486694	1745	3	pos
39ae4c942172129fddd9bf570ca60b6cea8a2049b04f8fbcb1e2647f6f29b0ce	1746	7	pos
055b6e682bd5113609fbca21fefb141e87b9a33b37cb8019e004bdfba3e82849	1747	3	pos
e709752f0712c56ec7b58ee99c5f631966b0573f09ae0275b67cbd402af10de6	1748	8	pos
846d5ea5f11849e236321e58810e24f3323ec07459204b4f880b4676f022bc3e	1749	0	pos
887d51e2e91ad9705e0633727996518d870edce420805f47b33a35bd2533e400	1750	4	obj
dff39b66afbd131b44be9575cb42f3f460e431600ce1f9606768263ddf719261	1751	4	pos
c3d7309b78b4486f40ec3ea851c96aa52c9fb646e31d1bd79aa6286badd0deb4	1752	1	pos
72e4e75c2a399a94af0a666614bb56818d1d518c70d639a4d1950fc8abc1023b	1753	8	pos
1f63a346da1a8c1b1b0846029c7000f760674cd8fd373ba8ca9de7f8e1878036	1754	9	pos
b7e72434700af81e6220dc6738148f143c786b11c62f6eb62b76df392780eb02	1755	2	neg
cb9f8fcc6c5dc0669669915fbc4300873bc8fd3a19a6d5f2fbe8bb176bec8b7c	1756	5	obj
31bb2ff402c0b1e732f2192e108b4d5b6c03ae2641117085f6a5975ebdb19ba4	1757	2	pos
999fd2f88a51257df0585014bf45bba01432d31a4a041798eed6959b67033f8c	1758	7	pos
d5ff97d4db175c4b3b621feb6ffe9ae3161329c90ab435d0e5ea710c3890f054	1759	5	pos
f1ecf73a84db378a9831d847f582aa12d521e0d39ee39ddbd95863466fc893d4	1760	0	neg
046b1c5a4d4848615cd960802b9fc78c2ebbd1bdbdc65fe3f151c602f553d0c4	1761	9	neg
5607d51c6b530b876eb9e3a452d41150ab4b6b6efc13e3d9b7be020ca1263db8	1762	0	pos
c626082ca37172f9e2c39076014a2a2538f076d7a8af53b2ee789c34e7276226	1763	6	pos
963c633076561d86bfb9be17dc178121031912c8ab86d0addc41c1463307bd78	1764	3	pos
da781ec8bb4d5b9961800d2eb4040389db746fae0c43b34787c4669964f8f86b	1765	4	pos
f17568d0759b61910d7bb045b4df1f7a067e6c04016a4e7193c9b5729657adde	1766	1	pos
1d735c7985a145be8aa933cb3883097e7895584ab3904cae90fb3b9f7e49c689	1767	9	pos
6ca63a03fd9f97ba4740584d772a819a4cc84f78f29e7fed75afd9deb1fff6e7	1768	1	neg
39e8725d2bbf0be89e11732267d377f0a5486da56375dd1b101f1b7f1c6af38b	1769	0	pos
114e03d676f55ba73694c37b21ddeb669b3ccfea291fb740f518ab633b983205	1770	0	pos
64cd89a34745bdb0b7a72629b6f383b956904bb690a3e119cc7f79a7d1cc0361	1771	1	pos
ec9555682b741edeefe3daba4e77596e010fe1f8ce5662df6c259e38f406e588	1772	0	neg
6a7825aaf35ca821f618cfdb7d4a85cae1881f4b0e6a084edd29adf038c3f865	1773	2	pos
a159e3000d88d8e75a880fd8e2b1ea2137ee8b01be806f384254d6f62841a83a	1774	1	obj
74e4169fc81dba3ccfad7f92f6a0e64d9af2c0bda5fd97542421ea117da13c0f	1775	6	obj
02c8409d4b612fb5aa20cb7f245f9e7124db48eb4d9d932bb2bf5cb142f886f9	1776	1	pos
09f02ed1b22e72962adeae7e1bf1a42e8b6bd7f62d7c03a103db87aed4ed50c9	1777	3	pos
28c3a13dbde9e85d1a9112645b3de2078afa28b7cbbee47948bc1e00a6976f75	1778	1	pos
bfb521251d3e7e2693797a882bfb64a875a5365f7f3d41f85d31ad7fe1ec66e4	1779	7	pos
ac774c5e0133a0de3293e5eb9c2ae92d215c4015b0c712b603dcc643e58c6981	1780	6	pos
450e6459384e62c6c3f63457943dc479d4ee15aef05ae4122857bb369e29a774	1781	9	neg
e1f36126a35180a5c896f80108f6249719573632462155548143db79ff02b75d	1782	9	neg
f83f7bc81836f2b3995c634d825e43a4e2900386d67f77cb8d1aecbed7801039	1783	0	neg
bdc928db6bac336657f694ac0c7dcaf6dd75928c1b917d0fbeb4d2886f06a835	1784	4	neg
7e7699fd3ad52d5e9da5a152f99983b847350c87c401ae55270a7905d53f1a73	1785	4	pos
5a0262d5b5571a08c1d33d672affb990fa2576a455daddcf47440cd49492975b	1786	2	pos
3c885852be9e15a09858517732b8258c9240addf2f0f0a26ce0c75f17733c1a4	1787	9	pos
fb011f3a133460afc5f16e4a0c6fcf1dd54d7e4131864180f603a8353a43c770	1788	4	pos
3f632732d5dd0623bf4e53468a543fa16e1ded9e777fc2a4401972cdeb1c5e58	1789	7	pos
65448d28795262f58447da003d54954a91181edf712b99fd84cd223bde59b08c	1790	4	neg
ae3d79b5cef9fb71f432ab7a58608f05cc26935a927408a3dd8c9fbdbef6342d	1791	0	neg
8ad5b1643cc93bfbb3c2f7e574a57313f306ff04646dcda611adf6b90c41dcc0	1792	9	neg
3817c38544adf3fe9d227331ea153309b9efd964a3fb8a778dd33a8ea47ed7ad	1793	7	pos
ea673e7c4a115556e46cbd947fce53bccd70c953a209d970e0398681dca26066	1794	3	neg
4cac348ec0f17face4621ba7dab61c878a979fe79c61c9da09894b9e1e0da95f	1795	4	pos
464da018be005cb907982b315cf6d2b5507b63795f07a87e4843e1f65477e91f	1796	0	pos
855eeb9fb341047e92d0c285694b24db5516e0da50ce5275a74c126df8bc5d81	1797	3	pos
b05f2ea0437beb92fd3d235de2b385ac7c07a62863f64a470525b9d9adfbb4a5	1798	6	pos
5bea2976632d5024f76f1462c49a81c6135275cec9327f51674e7157b4e199a7	1799	9	obj
c88397953f040ecbb9eab24416e0c658b6b21475493bed452f3e0e29cb848c52	1800	2	obj
c0b6d0aec817fe9efd56caf6fe665cdbad8a0b0be226c5c9036dea1fd2e0b7aa	1801	3	obj
77b48318a1f069504153b36c4bb35f9fe02c507ab5ca1a529c816cfaf19e9884	1802	9	neg
721780f99edda123807b7fd30ee7b6c203c4ece4b86370f37df5df0bc2c3611a	1803	1	pos
62bc4ce1a5c3f46a194c0701e8472737503fe73f23280544b20b1f779365feb7	1804	5	neg
40a9e0a63da0cc000756e4f5936a01f09aaf9114f7f0b0decd7f7d0821aa2729	1805	4	obj
95074d2fdfb0b6c21d3d241e2386f639f6e8d339fb5933a4e3e12d55d7c9786d	1806	3	obj
a59348133129d0d864fadd99100fcd0c01039ef8d366fe18bcac91352df910f3	1807	7	neg
7910fafca392ed7de345962e5fe1099020b57bd21eb5e6b95292e6c5c245182b	1808	3	neg
55ed65550f0e13ee05eb2bde6aeff487c489884afb33a0596ce55eb7504b7a37	1809	3	pos
df3c4443e4dab58148f08b48b4582f7ef8eff50b2f1f35c419bc3c5ac4b9fb7d	1810	0	pos
2d5d383ef0033fc31e7fc865ef6ec2467d8d2e4359631a0dd1eaef616f3937ac	1811	4	neg
1a4791f9c1df2a97f50159931e7216be61bc86b8a9b9915abf05dcdc8ceb1c1f	1812	4	pos
fd088ba1d71a04be7527be4af5aed5a9852d3652fc96f9e4ffd432e6d2a01e63	1813	3	neg
025143475a8d9e7b3e9cdfe860909a633763dd677c03a8a1551addcff9bf641a	1814	5	neg
a9badbdb43c363fa0c5b441d6f153ecf785eb6ca13edb006da4350839fb90d4a	1815	1	obj
80cca4882a4168d4e9f7af953350c6f4afd36d80dd0380e4196cf2cb1cedb834	1816	8	neg
f125c80285292932080169718b5203a920d8462cc9146c8a7f35f88bec3bff1a	1817	4	neg
30bdca0858e26bd1b2d084bfeeb883aad730d16d622e28ed52b28b6bcd2b20b6	1818	6	neg
052156591bddada2ce8c97376c48ced845881ec264c16843b3f910a91e2cafdc	1819	0	neg
7f256f693eb038da597f200168fd23e91422b871bc5f04e52a13936b732563f6	1820	2	obj
509096dc4d272c35450b416d195d635b9336f27de70fe428aad85063e9cb80ce	1821	0	neg
330232ac64001a7640dbc50e5b6a323aee045d083c5f32834f32ac4b19243be4	1822	7	neg
da506b78ab0d82da0caab74b83fb0dce1cf2ff1219af14f955391684870fcc69	1823	1	neg
37bd28c17ba3c4cd75e536f7e73107a25c34c40223d069924b3679c53a25b933	1824	1	neg
0bcf86bd1800b45e65131f25c218f66a17a9b91390cf89998c028d4402a04f70	1825	2	neg
d64f987d9df3117cb5d3eb279e8f0af0d5d656ea49db71259aada602bb1120cc	1826	3	neg
568c091b2b4037a9238cfbf6c2d634efd71a7535adae0a4e2b8776d738ef7627	1827	5	neg
a20216be75850a51272d3345955b17745069c91524c90c2b7440556bb1571865	1828	3	obj
a49c3c1622af347c8fd80072880c26c7ea3f72478b6acfb2acd89fa8d0018cf4	1829	6	obj
3099d4077f6dd4212d122a81d928eb6a77ecda6f1959cd9b9ac570e85354a8dc	1830	4	obj
0bbf8424ce696ed59b838d2acb0684f2434796c661771c1a91b8b1bc24000795	1831	5	obj
4a17746d982e1aa410006194cab69585eb8281fd688856614da672f02c0b2edb	1832	1	pos
fa17d425440eb0b9a7069f518dd9c095fb0717978a68e62af4ea34f4a4b8157a	1833	6	pos
b6901b3078c2285e5c0ab28d9dfbac68ed4e2233840af5af14c079cd0e84728b	1834	4	neg
d92ce6416465acf81b7a1cfcd89877ee466ac5015df65b707163a7e70f531552	1835	6	pos
2d6fba14368f4194c32740d36ea6c94c3da367157c41cf959a7c378cfa7dbb29	1836	1	neg
8d6f3648bda577cc520ad042f5e9391e2c4c13825fc43c29eeb60c725b9d082e	1837	3	obj
71c43db4837959b7c5453e81ecfad0dd84cc58d110ccf62b7c1a9109deb65a40	1838	8	obj
27f318f92872afd43cc9b1b8dbd5dcafe94efd14e3dbe589f8b5ec5d0f440402	1839	6	obj
e500a5814b93962aae05a9066f2684f78d38e2ed9f34caf5915b11f605852574	1840	9	obj
08f71ca61c4badcce9f16c55ee666ac8ce825d10f1aca59d289810567adb09a6	1841	1	pos
7045d7323c08af179d7e3423bd5a779c72d59b10e9fd4b321a81723273c6aa15	1842	0	neg
818d737e39fcc8407315c4ff365ab03ffcb7fb59943802d9a8bd8bf077fef123	1843	6	neg
bb9619d6763c731a0938f31700ebeb04f561f111725cd39f3abd94554050e156	1844	0	pos
81db86dd8d0480097a29e6b9a526986ab22a891b1c9e27a5c9b5297c083119b9	1845	3	obj
4f4aed384fcbc3deaef5c958536df73d0c90002e123a67c22e366aa210945a85	1846	2	obj
7cb5a55990ca45021a40c4f9d55ff2208698ecd75e9bf050358de92b864017d2	1847	4	obj
b698f8dae185c7151d8752212738275495a9b29635308ddb8514c8f508360c27	1848	7	neg
655e4288eadd4c1e011bfd1c1acd36b5cc1b9372a9e71fcb60bd0fdf46fd8179	1849	1	obj
c4ed930144c3d114e875f0b57bc687e81fd5ebef13e1a53b229f68f6c7b4b5d9	1850	1	neg
98daa4a41b14057ead6bf4859581ca97ec000ae31915b44b01aab91156c84a61	1851	0	obj
a97ccde0de0fe9ed26766e24b0cac45ea822c9f6facbda72c4401ef7cf24383e	1852	5	neg
441c77d050076a5dab950c87d439ae9694189d3dc5f35a75a9cf7a3b6f211ba5	1853	0	neg
726c9dc1690fa6648bc9a40afe17569564b05271fe3714038bc9ee036879120b	1854	2	pos
5bb36da198ff13855c5fae72394d9e0219031ad6337d42567794dbb1846ee080	1855	4	pos
575b21265297ebcae90efcea460e58c82de078acbbf6710b3ab24e2ff2fe5e9c	1856	3	neg
e717d6bcd54b79061e6365a027c9f0a0db3ffcb01c96628fcd77aebda315c63b	1857	7	obj
1ffb30964c03909f7cdc2a583b2e6a0d5117aa84541a7f403eb8c1cf291133cf	1858	2	obj
9004492858bd0d2e84185ffaf91e502ea6d659ecdc00e74ff68c1740a1c3dca4	1859	5	pos
cf16ae465b76d883bd59a2d21c858c3563c2ce51a00ff815b6d36d9e8c5f3f6e	1860	9	neg
197612f451fcc77472bceb220a7b122ccff1f5ad14efb16139ddac37625114bc	1861	5	neg
33569c057008cee8534a1f3f1af3d93b27fb535914dc0550d2811bd3770df75a	1862	6	obj
075f1ad7e8f4483d839376d707ebe618d5362e9a5e36cc1505b2bace3b30e1a1	1863	5	neg
c31df2da98763bcdd6a2648eaf462c19078c8272b991495b2b07293e2b404805	1864	7	neg
247320fd366f351a4b7a2a8b00e27ef3e032bea4d5b200730754528fb6138529	1865	1	neg
42306be102a7aba0824d0d8455c0758d828745ed8d84c1c58bba0b747417cf4d	1866	4	pos
9bf208485e7a2587dd4a06d916cf061029bda71acbe40f7022669da7d836dcd0	1867	0	neg
91215857791a00dae83ed3ca208be1978fe495c185b23795fa40a46084e134aa	1868	6	neg
c12c074b5a72c5c04ed705f73b623e19169039fdf9a0fe49e084fc7b27641e3e	1869	0	neg
22c231902d0a7e87c68cbc3e6ecea1d27e98af49b595ee206b02f56da4d1f07b	1870	8	neg
989f515da6fcf854523d36ad069c4a896683bdac925096756e05fc586257d8fb	1871	0	neg
b1c5ddbdf323bda46d56e5fa1bd2cdfed1af105f059b768c079fbbb602465ad1	1872	3	neg
f514a0c16379dc2666d837ec4004e8f1ed33a33ac287c133960356c701a54e31	1873	5	pos
0ab0cd5facfe50b04b2b658bb9fc209707c981adb7e1b338dc6075a49c4a7387	1874	1	pos
00b711c4d42c89149e7b497d4372d42fb12cb5289fa6dd46d5c7533d12fed8e4	1875	9	pos
a047b57709390e2710a5314f8142eb447f172ece8d6f45d2987939bb8a5dec19	1876	4	obj
b81a478d91664d58f1bc24a5d4ab163d4265bbc2bab3d8c6142f1b814e61e1de	1877	3	pos
e76df6cd3d5ce025b96387e5f61ad3319aa10aee70da01eebbc768e8773db5a6	1879	9	neg
5ee1c370112d28f858b4d4736653c0595c37f2a1dc1e3bb212207afd24b187b0	1880	3	neg
43ceb26d3c39183318f2a529f39ffcbe505f2c5a865f478b7435b4415db02831	1881	1	pos
b957f44a484b6370a0e2c0374e30ed30b7e291bf49f9bf0a6a074d96dc24764d	1882	1	neg
87d475213b82086ea4031c69ce3fc9eddf68d2f54b61ee16f3941951d9335ff3	1884	1	neg
78de510ce73359b615bbcdf05a2532d085b8ef63ec32a1cc3f4b9b577e9063a5	1885	2	neg
c2d48d430564309c1eb549d1fee5c3389a1c410d661b96372b2f8ab751d8c0cc	1886	3	neg
ade1c1d5363b7b65731831ca87f576bab5b9caaa431c9b74129c2f9330a5ea70	1887	7	neg
6bcc8037aac27c1a21c7d06c03f9f546f1c2e58e7ad0f925b6aa7224aabc4549	1888	5	pos
79383e248df6d4b85e69b6f999d857cc02d2124a9143940eb6c6ad42b0b8473b	1889	2	neg
6f433f4c9de38c51e0b5efce09a68273d6dfa829d517885c58467a795b2e8b3c	1890	6	obj
3e6995cd2541d167b09ba210ed76fc682a793c9498545b064c7acf9504311726	1891	0	obj
a9ade111b4ed071941d3ef50aea808905132b988bdf728b04314174797f70bf9	1892	0	neg
9fe72e8479d1409c4ade1880e4ba68f9659f1373c6acc74ee8df9e78f1e2f491	1893	1	pos
05c4c3c4719c0261afd439b315d68b2b35009bb514f915e4904968cf7e89cd82	1894	7	pos
59c75192375ee845620e41b517971d5cbe8fd66c0695c4669092ca64dd54b98d	1895	6	pos
9c2eba39f8f8329d96e3ecdae3f1329b49446d7a6e49c14a43cb1613b645c621	1896	9	neg
3b25a8c342681caffa14e67fc7eae6e7c44a94b4fb4e21a73752ccecf0a3aed8	1897	6	pos
8d7dcc371bd6a88b25bdbad7b2547e13cb776b3f46d51fd8e6854b39a3d9a99a	1898	7	pos
df3d6fe665c185261ee89f0e570ad3592e79818f1a15ebee215d0450789efbef	1899	6	pos
4e2ac4b1144523a892b3727eba8dad477a293ff71f6067bfa2af6437b8569059	1900	6	neg
3f2f15122ff4551189e9670101100a5887e4fa32644f7f1cb32fa18f034f40ba	1901	3	pos
f87b2ac183d8518fd913ede641aefd52d717d4f5589f7dcfeb6dcd7a3cf13aa5	1902	0	neg
e8463ae647f18021a5d4366cce230f25e9089df575af1df1310e9cda08215af2	1903	3	neg
328ac5293252dc530b7767aa173f084206880c8d88694af2b2add610319f0570	1904	9	pos
d0b6e6bbc79a3228eabc5584fa5e32521ea025acc47b85194418d409367b6f55	1905	8	neg
c6fe9e56231b4e6aa163dfc3c841fcfafbae5c451717fe18a3165827eff536f9	1906	3	pos
e155892569796e2c3f04531639b3ffe318a5f91f3b705a1ffeb7e91a08c57eba	1907	8	neg
73399013d3fa2bacd5708aef7a4872f7e3f3c916b1e1cc571a22b3d4542b520a	1908	3	pos
d3666942dbfa1215729059d5bb85b1b6eb8f5364fbd4acb3952b1fffe1f8a355	1909	5	neg
b5cf6d40856fae75c415bdfe9db7ef932aaad190d30506c03019fca8142fede1	1910	9	neg
c9410cebd772c3de4f90f8e4f9cee1982713ee75452591fe382a7ce052d15314	1911	2	neg
e1aa0a9a9ef3baba4ebf806546dfd5622a8954724eb4da56b80842349c4f1c5b	1912	8	neg
4fdce0ad527b8b4a9183ef16dc84ca3b958dd708be6ccdafd6da55dc8d168bdd	1913	7	pos
742f266c8c560df95280c8306d8ff16647839685acbdf546d0f0e0ef84b8c98f	1914	0	obj
7f5a3308742fa72bc7202cac539f27722bd214e51889c547394fd61756e9a084	1915	8	pos
33d4860f105b4d7c19169dbd906ba494e5c4846ba42af8658398370b58b3d993	1916	8	neg
22bcb4082e96cdda760e5cdcd7a3555ee5fb320c8b316a4ea04c679dbb0fa6e9	1917	3	pos
4bd20d432483166215e6c91c5fc1d14a8f35eea292f433796129337040ae0cc8	1918	2	neg
eac9d5534867f36c019f0befba59f1683857d0450565d9c5cf654b91b5a210d8	1919	2	pos
d36282644eb1738bb83700f48ac752a7322310119edaeeecd173db01125d6ff0	1920	1	neg
e8227f33959fee2e24c6b31f9176b69d1da93c8a676c9eaf0c1e1868a42086bc	1921	7	pos
0bb8052959a74dc9bc9e37db4b01a937f619e1352ab72f11e14ff14429df96de	1922	4	pos
463898bf777a92e5f49746c0e76a1fdaa25ac08a0486626b786f58e332977374	1923	2	pos
e85a748e38329b9cc08c2075cdb1f648ce492c59bc97db9782298eba5b2e8fee	1924	2	pos
06da08668b2ed8e17ce0ff5e38de43d6355d42f78d53591381c51c529cdb633e	1925	8	neg
358dd21e016de3e0f7a6b0ae185f3e33dc1da5f68699558e5491e15e78dea7ac	1926	7	neg
8f2f5b07e33d6ddbf209ea2396c9bdae7a9744b546009af1604a89b586db31aa	1927	2	neg
5a7fdacb722adb56ec5f4b83d5a3c4fca5566aad2d5344dc23c362e6751a1e31	1928	9	pos
6f0edba00b1043cd8dfed23b2f56c7d534b8c355038332b2a752f983f79ad2a1	1929	1	pos
40b3750e29d388c19f821e577ad60820c1cfa106042c6e7088938e8a8d77ab81	1930	5	pos
89f5b234c46418b26092b38eb800d9d50d151cac0e49a7b8fd58c45e19e0f003	1931	0	pos
0447dc8354bd352c3d0d9a26a3ac4a09fcdd3eab6e66adbb0b3a4e2a8797ddef	1932	0	neg
e7579ba200f41b6873762c7fffe0541e2fdaa10eb9ba0761bc04cdbbd1b336dd	1933	8	neg
dd307b2f826621d5d450752de393959919a989653728d2fd1668eb9a5ce43c68	1934	2	pos
23f8eb727955f089a01398df7ea0f0def673999a39c194bce5cc5da7f6031da9	1935	3	obj
d558eb9cf2d7c2f5b792ab2e9fc811635e0849176349eb28d6bd811f819fb99d	1936	7	obj
93637307d7b6634d796e03c258b3cd6930b1199f824b1050a896ae535c9e3217	1937	8	pos
51147e5030f80519a7d276ad9343f216c2c0c61381c69237b055b4a423862ad4	1938	4	neg
6c0fb7285e173e227435cdc4d39c7092510e853a869de83feb259557b47ccd62	1939	1	pos
aa7898de29e5b2daeb90bbb0fde8a81b8e6926ecc6e5695b7d4cea5c94543ead	1940	6	obj
d8d968e30d9362df27f3a86f148238e1d23172a6a030794a8a44b836d4dceb88	1941	3	pos
d47aaaa8cdc580cfc34e473d15ae67f3138d7eda4bc93125cc5c32cbd3260207	1942	7	obj
41e98be8ac2010c08ffc8338598d3c6eca1f69c477e6923edadb56f9a164496a	1943	8	obj
feaf8f36aeaea791272b2aacfdcfdc354f803992c5372acfb050696da7533b94	1944	1	obj
60d8a265e57690547f6e256112adc3be5f4316dd591ae18531ba5ef94a66afea	1945	7	pos
4e39810d30707ff6115292d7578098f7696cd01dd22e5cf4d872df3a74d96464	1946	1	neg
58cb7e6bcd5aeb4a9805e32b8d6fcad64c6df4cc9dcb5cf3c65be4f3eba8c7c1	1947	2	pos
a4016ccfda34681d11ab509b9aec22e570c01395d05cd166a9c4f131ee883448	1948	5	pos
f344f811ffc4ad4373c75102f99154b958e517d088d08dbb932ce6987a01abd7	1949	0	pos
ee260041dde0994acec0e4906e89b18c568c76abd36969eb5506555fbe69db3b	1950	5	pos
6502db44d8692633f66762555beff327e9a8829ddab14fb7830fc10f4e9b6438	1951	7	neg
b9ac8584c30e42d6254bb34d89dc9b705c2bcc1d9f6e4bec18fa611bff2fe1b9	1952	7	neg
7482a5c2265f3db20b1611b52f6c7861fd1eac95f894b0c04939675ee391788b	1953	0	neg
d10f206d852268d01872d9041e25a76cc636e7cad814adbc1e645253219955aa	1954	3	pos
67bf0b8f6e1adc860f48009f39b2baf90bcc2271dbd18bf179c903295fcce4ac	1955	4	pos
164cb96a4ab3094f84187e2c96395e318c75f13940cbeb788aad0077aa9bc6ab	1956	7	pos
1e17cb33e34a9efe458b29adb7cd6c36c9f692fefde306a0fd9bab1a620dfa53	1957	6	pos
ddf1dc3e9c582a24021cbca89018905b9a918a451c6e169b95f8838f50653811	1958	0	neg
ef7f405cd7ae0e7f6174f312e34918f5c5fe50db37d5c8861c9c1e6d8dd5b965	1959	7	neg
576372c74e5a644e6dfe3c85bd2863285e561b9a73589efb3de3a55fcdb0d785	1960	0	neg
32a31ce02217ed20c8123f6c63126b714ea36312808115c217bee86e589b9651	1961	6	pos
c14a38552da6af687e057700100c0e2c043cb8782cf48fd46b5a5972c1664a4d	1962	6	pos
eb6984f41044fb6078e19284a913f30b96721df007acb791434faa06a09bbae0	1963	3	pos
613de36b53bc9a968b66c8df8af9e23287c98904b7de3fe8a3b805f73d0910e5	1964	3	pos
4ac6564cca5c90c6868ba73ae924fb68a92de70b51534f01f07f44655da65bea	1965	7	neg
92a3d4cb1c6295a3471985977fb2034dd4de18d9d4a1efd175797787d273b6cd	1966	6	obj
3cfbf1d153583b56d55fb1eb09e90c8e8d4b59470ac98c4297b8ae2c3625dbcf	1967	3	neg
19de8c386ee630a59808bd03a6175cd89670381c4dbaa24fca398272bd27e893	1968	1	obj
d611cb40dabfe9b78e7aedbcff585ddbfe529b942057d7ead42a0c21ca519b3b	1969	3	neg
c03cd8a8bb8c4f04d62fa32e21cc6d61bbf061e1b3fc6714584fb313ea5db3a9	1970	3	pos
8c39be7d8f20788c624601a418b6463341faf61aeb64e96a72dfc1929842bdbe	1971	3	pos
12a54f6cbcb20c08c28b6a258155afa74a7e937c82bfece58ebcedbf707a18bc	1972	4	neg
4666b58e8819efbc70d521ef96948ee823bdb77e4cb6d7bc0898015ac81ae52a	1973	9	neg
bdb499edf8f120f8c7c38d2eb4dd36708a47d09a758678f4b64da120a75cbabd	1974	1	pos
9967899c985319c644d7826231c6a82401be0a3dd9af2d7dab0c25919c974188	1975	7	neg
e2d86451f60b98708b055e1c199f7f12fc2bb2c241b3758ec6b8a5e48766d455	1976	6	obj
8c0ad865db26de7ae87f410f828beb19a04a9aa11ed40f37f44d3d6076a67e97	1977	8	neg
7763c583fec716ab26823324040c2962ffeb8ae0cc932127ab049ac5cb7e7773	1978	8	obj
8f0ed4d48ef4fa78f487b4854e6d7b130a73ecc5a0658a1dedd945393dfbdcf1	1979	2	obj
66087677a67aee8f84b96395cbf62e96217de6247170dfe21fad8fce91e36099	1980	6	neg
edf3d40b28b76b9ab88df8c4dce97aed66f95296c9eb201aeead36fa99c5fff3	1981	1	obj
c13caa544dd8fd6775af47950a1bd62cead58e639d26d0451e65b14fd874f61c	1982	0	neg
5362fce96cb41c8b2b62fde4f51f7354137d4e22dec29e7cd5252c312a997bcd	1984	0	neg
ae238e70a23eced3dc0fe6af50ea82d64dfafc31d144378ae9860f6151598354	1985	5	neg
b32f4818d387ef9f833c871bc2b54f6f8d92fee05b062767c7a263cc9548c698	1986	0	neg
0f0f9671ef59706564197efcdd8832619507201231559b5ac4f6fbc762447ab5	1987	3	neg
e6150142f7fe4982db6a2bef4b8f95bdcb3b25cf34c95a9880ee8a4a2bd178e6	1988	9	neg
857b5c9f979dbc432d1ca81b0bfd47b02192ed3e22472dd6f5705b5c1fe8b365	1989	4	neg
3f6fe9de9c288add7a0202cf975082c9132921bc599d069d7e1ac4b670c1eb32	1990	6	neg
59007844fd988ea45988f34e5786876d0bc834875718ac8e5dc62f2510365cef	1991	7	neg
2703852297a4607c3747c398a0a9c4ac4bb787cb152baca8e1bdf965315f2d83	1992	3	neg
8f0dd662c073eace5747ee8728e1338f2100d40925a70694ce2b9bb41aabbd9b	1993	6	obj
fc763f07a5aed5ac0afb14c131e2caabefb4ade1f5ab55dc69892432089e2fcd	1994	2	obj
fabe227db184c431645bb02da47eadbecb7d469c8483dc0658e9021830319baf	1995	4	obj
7fe56f6162b3abed36dd826908b0fbe28775057653cbc7e0571750654264fe9a	1996	6	obj
b8cfb34b6944f4e2d8143a11f93d3890aedb2fc6e30593fcbb49dc157810ee07	1997	4	obj
6002b0ba5aa2d8bf72856c285d6fc8d53bf110803f5f3e9d8654e4488dacbb4a	1998	1	obj
ad5baac3f5456227d79ffc1361d0ea93978b32fa38901646015873ea8fca6c7e	1999	7	obj
2e8b0574c3d7dce8b4d5b92558310870308527f627b3ed6ce6bea23c14332075	2000	4	neg
a404438744211a176eb1a4eee6d0d988ca9b730a7913a790a8b2cf254ecb5f90	2001	5	obj
14eff2efbc9cc3f6a3082d16a287d01c1df6c89d12dbbd3d788b7225ab809da1	2002	7	neg
a3a35a7873287ce9e4b3134af4a7bd2247d17903acbfc8d471fe936e7cec1477	2003	5	neg
76762f0d025cedab4e1e092d21b107ab121e3f98b99750893ce3f768f10197a9	2004	7	neg
8886baf6e7935d3f806048228fe2bb8e143c9a06ff0dc7a9a7a0f63cdf999a48	2005	2	neg
8871740328ed4d64431f41d61914df5bc1429927d846c9152af6c119733fc50c	2006	8	neg
8c8dfd8521d7e1432485a609a3d8255b95586018819181274c9904ac2041fb49	2007	5	neg
7ebe8a6a09ed4277ff7e0515780908bd99ae839e164397d8be117351d7569708	2008	9	pos
43f4e907361b165e1b8cf098e3941df9534470aeb760d045008fc5094a8bc189	2009	6	neg
ba4da297414b4d56eb1fb5c0591e3643d8c7188450c44dea1bb78db4f13788bb	2010	3	pos
9da5fd6cf264f6ae67c284cc73dc9bcb1b7b6adfb77906977127a4d93042cd6b	2011	2	pos
209bf395ee3aec7d9acefdce5ff13934838933209e13fda52c6d5368b29c4966	2012	8	obj
05ae3aac449051766ee62d6a3b30b1adb71add579f36e05b193f70e557e61587	2013	0	neg
a7f9f9cdb90e878395912fd5532fe7827e36907c8257a4c8316e9ad7f174bd35	2014	4	neg
17f3a7177ceffb1f36afc1e3e76fc7c84f90efad51a26614f7f597d9bb29b354	2015	5	neg
236a47e84733ba279e10e545a065a7a95307a71b7d913f8fb51050b3b1bfbb6f	2016	6	neg
8cbb74476936b17925e89de37a65c826fc0750e5a4bcaad6ec06e1b1346ee62e	2017	6	obj
77902a5aa84b06ffc9b495e6bb11e29f878503e24ecbd7115c6808e57f4628f5	2018	7	obj
d9bf0826d4712bc86588840b89b957b0099102691aa2df84c9a562d7ed1aa561	2019	9	obj
ec8c5ac0368becc311fd0d9fe26b6ab18b08c9ccb971672054bf85051ea4b63c	2020	8	neg
b350a884c3d8cdc6484f85ae9e6c2f2f05191031aeb0237f50cf3bec567362f7	2021	1	pos
6b2a9326e32049bba33d655d4188d2b30ed4b2ec03f46a8a7f08ada9eec66e64	2022	6	pos
3f580632a9b1106937d183322355b2d37cb54235c0f95c5b0f2c9300af0d2d1e	2023	5	pos
d84ce15b151bc9292e72afe6bdece3c44a70e281cbee98ab5725d231edef34aa	2024	7	pos
73b0c6e5cf4e43c34af87e7a5a020ebf4641853aefde69faf057633bf3ed281f	2025	2	pos
560ac263a2d3f20f09175ed54ec75db29ab5db21bb2fec263f56c5fb65fdc4dd	2026	9	pos
988b38f3c25d7150647ecc9ca757116aae3a8a13df328860132640ab192bbbad	2027	3	obj
25fd42385c323e2ef0547219a732f70a1c1b849e4ae37b6ca68393d72f4c21da	2029	0	obj
a64d7d8479a96adc25e69628b1e1916c8cf5bd26776b341ba8e50efe082acf41	2030	9	obj
47d189e5c6044c3866170dc65a0e1dd1506fa9fc21f72b56c2340e4c82fc66bc	2031	1	obj
9d1ebd3d8c602d675aa47e30ea42002ddf0d3a47853245cb7327379100dbcdfc	2032	5	obj
43cd6a84dee53919308c180bb04621e7a7f8244c0e189afffd5be0648be075f9	2033	0	neg
6891785fcb1f84ee0934c94b77517bc012f218d51c8605e3aa3c261dadfff414	2034	3	obj
7187157f97603566fd3a05c7ffd2542b67dc55094384b55460124dd206f9b3b4	2035	0	pos
9cdeba992914231833818ede310c047abe649c1d711ab6c3c2f235b0608ba8f2	2036	1	neg
37257ccf72cebb8d75610b7868e86c825892fb497b881788a7a652dbe6a34b26	2037	6	neg
42bf1359964552bb20117b42d73da71534b61ce932e116082c192bd9ee90d809	2038	7	obj
d933e407b3a7988d1df81f90a13b62c3cb86e2e4c432140cd4db2f2b56d94422	2039	6	pos
dea1be5c247ade3886c7d64d379ff87a258d6f323be0d7e645593907a49dfd0e	2040	0	pos
4b19ae48a2e17d149842f5bb8f3ec1fda0f177e67b6408dc0785e633cc5095af	2041	4	pos
f778f87d830a4a3ba549725c22d2a400c2c3d9769a3a184a121f20a6fcfa16d4	2042	1	neg
0ff14345e41e9a692291070321ff10c253b50c8188d96f3d56aa6aa77d0b8fb7	2043	1	neg
0a6bb0a0adaaf9540e7a60e9bd2cbe25f0a6238cbb422968374596633e5f7324	2044	1	neg
861dd8bf17ce3c9d00a77774762de914abf3ec6c3a7d18ee3b467acfb5a42e95	2045	9	neg
ac263d8a08eabf93acc16ace19dfb7b9146dc203cb5bed7f99113afc8f251658	2046	2	neg
3f5c598bf3591f68f32f48569966b93e339db00e2f88e1bab10c0feb053d80ce	2047	1	pos
20542e70ae1785ff633ea5e11545360874bec99ee0b42d8cc9366b22768bcccf	2048	1	pos
6acdba23c3fd1abb3bb4b7da4c2bcfac82ab53d091f7e3f19977a757a4ec75ad	2049	9	pos
579891f77eab8a111137104c09985a913262b68cb9a2b9512cc0ca86f4f9363e	2050	5	pos
e7e653041c7ddc4a0b2b9a9c835095bc44a095bf5db8b266a1ccc74311229567	2051	0	neg
496ea810c21898d960ee9db436fb0779f5d888cb405489d228a3e044506eaa59	2052	6	pos
6c9d13b75823af71c1c87f551f1fa1126c2888b840a741605be816d8b91f92cb	2053	8	pos
f98061f381c12ade9d8eee3b2027d0d285b66f24ff6000396ebc33a663447797	2054	7	neg
4976031e50050a3b3d5e8a6f441553fb848f0c3ea6f3aad9c7226f2f400ea129	2055	6	pos
138a92b3b18ebd54d75a4d554aeece65cb1000e2db0c7ccd6e0a9c64a579d0ce	2056	1	neg
1b061f3cdb6bd893c025eca01c0c09a0081c683c684311509549e9b35c4dbcd4	2057	5	pos
a3dead45d70a09369f795ba399fc463663df5c8a253ce62d2af166f6935acda2	2058	9	neg
e6015493715f6eb4933e4e983f955900de63b953fc371beec61e48b9e441bceb	2059	0	neg
3426041c0232b042ac0b760b8a91cae29ef83a679efdfe07b3c936b987a19758	2060	3	pos
fd4257cd3a6184a5caee3489ac2a1573a7ca1d4ebb27ffe5607750d86b26a8e4	2061	3	neg
5df33afdd27f3577f9080f989e0087e5e5da725b3906a2b13a76cd55971d27e6	2062	8	obj
f5873f1323feab8c1ff1cfe6eda2a673a6b709af54ff6de30465008f82b66cd6	2063	1	obj
1911e49eb36dc69a405823f380468dbd2d90be8caf9b05d08ab9969bab1a0d20	2064	4	neg
5d2dc685751a4f54d66245802467950f31c33559db16cfaf59e99a9d1c62a746	2065	4	obj
a364ccc374642c1dd0e89eca21212ac971b0ad47665bf7041cdfdbd07f7bcfdd	2066	0	pos
35e469484bb3f75d5673a98ef4ceb280587db52b70d7f237dc6d5fe2ba610f81	2067	9	pos
f7edd17fdd827c9e7d243539953151d470879f47ab45cb65dc5f4dc96cb7da60	2068	4	obj
aad139c186397f5a2a5cdd2cfa9639ccea6d99090b4caf50857048018e3d828b	2069	4	obj
b30a8563c797ec8b1fb553e90c3a26acc84323fd50730bb6b7b9d61ec60dd357	2070	1	neg
1cf2c74a452d598d6f81d8da3184ab4549c9049492d1dd12edc191e3ebbb8224	2071	4	neg
60df0e19479e0325f13a42c85f56719f9dfc0fa9484011d7ff3c57e1c5ac2115	2072	8	pos
28b50a6db968cfcf3c8a0e30c9b9b69d86944b839428c23f49cf6b4c790eaca9	2073	2	neg
f8c3a19fc70ab0cda83752ff048060117b95ad0d7593e142a8be40c62047e270	2074	6	neg
4c5195b8586d0d8e82bdcbf2d9c442cc8dc3dc1da5946b41ccb632470d59136e	2075	7	obj
1c6bd65145e26f474c3730664ba6168eb3513fb39d0d898685e01a4c95218e2d	2076	8	neg
ff86005764292eae3885f3b5ed8324233d82c2789ac73a6bc5dae4d5df1b49b0	2077	3	neg
9023f74b2b001c1bbfd0b33ce2ef1e44fa58b9853860a0890f8a1dd404b89d30	2078	8	neg
a76cd38e2280b24b909ed1287b2db2965988736a3b4d92890a33b1e18a35393e	2079	4	obj
47bc343c11e8c1990daba359a251f8be1c72e4743c63881da456d727f01d5c1f	2080	6	neg
3916f3ec5b47b5dc4d94dc525ee9410a13521221fb4868bc5080f0f63821cd56	2081	3	neg
e3fabde7e25e42675e9779ec0d51f0b30dc1e658b958a2189d283d87dc77d035	2082	5	neg
0f5e43d1bfd7422d2d3cae68f616679aed339745a346225df7ae7f706fcf762e	2083	9	neg
f82e9a5bd0fc8d6e05d262f9794c586cbdfc96fb3a27445e45f33fba7579ab8f	2084	0	neg
836221f99eaf26d1fda046dbca5beb29d93dc376a53c5686419a0a0a6cebfbc2	2085	3	neg
e1168f47946df89b3fa79c4a1e8731afbc16630517f596df0ac141ff9346922a	2087	9	neg
1da16a9d94fe3c9654e182b3c353f357b2daa6ca70d400309889b7ad468c5046	2088	5	neg
b172f317841dcc5c21763cb00a2b61aedc17239730c52d15c1cef8b03d5dc5db	2089	9	neg
aede26c8f73ec8d941d41044be2831c3bf4ab4c772587feb06ddded1701a6fac	2090	5	neg
724f8dd5ff8012e32dbd881a4c8a763d50482cedecb1cd32297de14a49b6e2f1	2091	3	neg
879fa3d9aa9108ce5dfb29a0e60baa5df6d6e2c1ded981cdeeb89704264af3d6	2092	1	neg
30a73572b83e89e2f0a0ab8770306e3cdb56ee03d013e645c5f7ac076f088670	2093	9	neg
adfdb900fd14340a1ab97a39491559020bdd2f70e8ad2be3d3fd9b65f6229509	2094	4	neg
e3fb72cc7e7f837bfae992a813b289274ee8f3d154bc751d9f13a1c7948ec336	2095	6	neg
5287ffd197fa8493761fa6cd1d04a02c5b9de5c05a4028cc10aa983bcd970070	2096	0	pos
2ae69c66fecf629897107938be6e9a5b1652f0d9a66f296c8191d06b49cdf18b	2097	7	pos
50719cb850ad9892ac459f9dfb68ab7318789ad9b550dc4211ef535f202973f7	2098	9	neg
d1f8cf3066e3feedc738b081b424ae44202770ec9dd05829dc116bbad51a868c	2100	5	neg
cf03cf0f6b4004c63074fd8f94738c036b84cf2d8637560bd0274319f7035a46	2101	6	obj
9dd93afa6e63438cad973fe2674e131c4e61a26dbbff74fbeb711f1b9b728353	2102	8	neg
33ffa7ed5293f997877e269d41b8a6fba279aec2601f7b6efbf9b0da2f34428e	2103	9	neg
b3a4043850bd7e3db7507bcd4634582e4ca8c241ea69d902d59ccba9a88a0c1b	2104	0	neg
cb25634c4b9707fb168ee38c956c0c2912097577c7b6a735a3ba693bd9e8df69	2105	5	neg
86eb6498f21c550f439f93dc05b57d84c3794ceee0596724c133df75bbe0dfff	2106	4	neg
5cb7feede2b69ffd2c74acc5d7f5eec5581df4d3a6f570ac40a2f36eca3e6c6a	2107	7	neg
7addaa8a9eaf89c0763b886008923f103eded28b3cb75bca31883041d50e0247	2108	2	neg
a32669c776cba5175dd57c6ac0dc72c937e9b3f735201834626ebfeb0d8edc33	2109	1	obj
4ba0061d8b655bcaa3d8f4a8ca43c18b9ac3a5d85e3ad961680a38be96e8338d	2110	5	neg
9ca1ce2e3967497f216e72aa0826dc2197374078e06c285c701f8930772028c6	2111	8	neg
f356fa14b635f503cfa7528ec325d16a12e9cf6eff60ea2bb74d7b2322f5c1c3	2112	2	neg
c30d34fa1d553b535b163aa274a905265c5e4d40e4830fdb6a76dbbca7fc6dde	2113	7	obj
df6efa35f3ffafb7ee88dda21cfee87f105421eef54ef5d0ffa33832a692fb57	2114	6	neg
41229562fcef6ac52827eab1faedc7c981695a78d88bbd5d36adf7a064026e7b	2115	7	neg
ca2f3aef59f9590aaa76b4e16f9bd74cc01a77eab45c7cf73a543bef19e72860	2116	7	neg
0a655e64e0e569bb229504aff52af5d41b7011bb1e6e8dff4364b6a5d1389db1	2117	9	pos
02de650ed73c83a1a1641a5280bc2ea516f6004dadfa2579114f31f122b85b07	2118	4	pos
34a73582ad6a7cba088407062401436f314e5de7c354e73c395027d655ea4e53	2119	5	pos
831e8e9b853c77cbb905e2876e8aee58626deb8ae2f1c4ec1f638d5b2884c029	2120	1	neg
8bc503c259e27c579362fb8571d503f68a526b37f23cfec201d98f3b9fcc726c	2121	7	neg
c623e3d3bd0cb0b19c674cc8400cab59f6f9cd61ef7923ccf6fee4b6f345c399	2122	1	obj
153e7220f7c992317ed247977bf85bb051ac335291bceba2949536a36acdae55	2123	5	obj
a9dc5bf9e829e6b915f7474abca9d407792ec8eabd5e9908ed2b7c4de66c0079	2124	4	obj
c7245f09a12ff56f19119da487fa04baecede15cf64e8ef5e42e3855b66d74c2	2125	2	neg
f0ebc20cc38b3483c04e8e0eac3dacf345379554658ac24028bb6cb330882f28	2126	9	neg
c9570cec3fd8e59234ee98e968c3dd321b9900f0719ab10daa0c41eb3e0fae56	2127	5	neg
80d14e682460def4c854903877e55c09c3d84a95093017d47a1cf80fcfd78df8	2128	9	obj
5d2f9d6ee07249bbee16f6c971285c0cefc70cbf36f80bb387e58a761bcc9164	2129	0	neg
aa15171a0ad6dcdedb02f056a3d1a09e8d07a9bf529d9e678a0c90e47e2b31a9	2130	0	obj
372e07ef9f4dec5d8ca146d2e56d83c209c43fd8c44701bd811a5dad28736994	2131	3	neg
901a861fc4fb5d28ccf5e42c891d9e5f756fa23a23ed2d714489da873623bca4	2132	4	obj
a1b0494728976d22eb87de888bc915a2f2a5395dde7e6264ac1f8a8bd1b6f725	2133	2	obj
b0129a71431eef2694eeb1d48b87e8226f1434864c98e43c027c08d30cb2ac15	2134	6	obj
fff6b4110db435505d38741b7acbe8e8bedc64cfe43c97c02642cb3a607b4c54	2135	9	obj
3628131de2445d5bf0fa73a194e9812bbe5700049cfebdd364e48c3ce23b5732	2136	5	obj
4ef3cdc1c618f273f17994a10824972c78b4f7c70d433364e1ce09f293c7d3a1	2137	7	pos
db64e5847c13e8734950eb20b6e797d9e2a6314ce4d91ff87ae3b85325e23253	2138	7	neg
d4b5bf7a2e272d20a39f95cd56d5e5fe0cdef631df071665aed4e32cee01ae20	2139	6	neg
65eb311e5f5beaaeb393cc605cb7a7d1f019b966d9c5c12d19a1e71318779520	2140	7	neg
678345daa9fce232790b65559dba11fb4ac2cf35ba3f402c82d50d11dba98e44	2141	9	neg
8d92dd455e37ce41b054fe648b4f7b9d08e3386da5f4cd457bfbc7ae88d1f359	2142	8	obj
3f0dce203afed795932b83ecfdf95ab94b2144dab51e985e6a25cf8f4a2cf8b4	2143	3	obj
f6d510bcb9c83bba5d85261da3ffeb9e523bf68f21553fe2985712d64e036b24	2144	0	obj
cf6e90fe2f2bab90517b34aa03ea9dd5281d35f94e2b6eba146ec576cf4f268a	2145	7	obj
9b02b509e161b6bf201c224f39aa46c55ba83e0819340eb2dbcdb262721a79da	2146	6	obj
3370bd14f50bee1de9316521ada1f3b3cfb6e2d71c45d83dc0db81eb96811ec2	2147	1	obj
7e02126d9f0d83ab6a345468f9b274279c48e268b0e6bf6d096daec8aade29ac	2148	8	obj
80b313efab6fc74ad08af6bc8b7453db539222b76d09a3b7fcccc20a46d364c6	2149	1	obj
de0b36ac3838c1e32f777151811a9a7bee09c1a40ce672cfedc035e00bfaeaa6	2150	4	obj
9c8b38c60f49b66905a5959391179724c33b1d75206d1166a4278a4a2203f40d	2151	3	neg
199694def72ca64ee9ef69246d2491a2d65a3d3e38f9b01dedaf24d6aaa5211d	2152	6	pos
a8ba14a48560ec8a4bdcbecea9819a75a48a034a9b72371246f283a6d7eedc65	2153	8	obj
bac73ad474f73caa1dc509f1c4cbeee4c988f57ac7c57d148abc00abd629783f	2154	5	pos
293f2220ea59a48f4a6cbb7dc520d7e8e7f373a30c3119bf4dee63619a60261e	2155	3	neg
5996076bfffde70a0a8b796b44a6a1cbdfe3073200b929fbcad37bf9802c3742	2156	8	neg
68529b8bd658aa702d9aab66bc9165ab91248ab00023da63d2bbde0682a4d886	2157	1	neg
7b8c04332b0d14d0b5c33ae030171c73001d47d81a8d559a3623c460b11060b3	2158	6	neg
abda2e75300f7d06c1ea672bdcf29e736cfced795f4e04ca31a5bff0995fc788	2159	1	neg
ac1cf7f2de344d83ed25335db6b6a288b967ea0db7f3c0955ad2aa0c7aaaf971	2160	8	neg
ac4d5ad45aef658f4423a75231714e071f3706de2cc4d1da2434da017cd10154	2161	1	obj
447a685cd70eff82312d2e4b9505edf87f47ce90d31c40c74174d2168c79c48d	2162	0	obj
9d2d529d5efc8cf135e790d42687d8e20128c808e920db342d5632e318a16af6	2163	8	pos
a5982bd1266bc0ba6d20fb77b2f45b36bfe89c11784a9ceba19d4079dd09b005	2164	7	obj
5d50df4775ce832e60d7bde45ea1d11eab05956880b264ceb626eb4faaffee9c	2165	8	neg
608a3a75cc592d82ad3f512d058b095852b97c3095705dd8d0ae832eb3f5ea87	2166	5	pos
7c621e5ddb88e92f45a337bae338f74e2f7e8e4841090c62fe2aebbf56d950cd	2167	1	neg
e4c6feb36a5c74745ced1134a37b9e3e1234ba4e594063da70a9073e60a58637	2168	7	obj
16e93ca2dbb67ad7da7e6f6be46454498077043910d59565a866296ca27fee9b	2169	4	obj
3386ea00a0ec51294b3fd6b26720804e3618d78544fce0a9f08572499ade527a	2170	6	obj
40c03642391af0714988244168c93385f6c603174f240163a0aefefb0be16e5b	2171	1	obj
fee1f9d826664a64a3ff23bf234f38c05c951d23065696e625d88de5dc7c700e	2172	0	neg
c1f5e121f2541d85fca1863a407b6b3a26422c465ef8d65d7abd91520d8c0030	2173	1	neg
8a49e63e499687af6e3a82a130d0b2d876db711d4aae335075bb6e3eb6b53dea	2174	5	neg
f9f4757c8d559b5c379abac621a2c5ceddfe35479f935545ffb06b7a19c88d5e	2175	5	neg
75da0ec7ec3fb8c0dc7fdbca08d4192c8aabb1f778bcd10c5ff6434c06de0903	2176	4	neg
989a0f193df7c18db41412b594a07b8061666472f9616021fd81b2ab42af82fe	2177	7	obj
b64bf84f8ea9ad3ffacb8cbb538646dc1f51c59aabd6653971fa02aaf29e3f73	2178	5	pos
4a6fafbd000eb87c126b686b04a9b6b8ae3cbd72d53df766e32f1bd811f93759	2179	2	pos
886135779a5e487f380e4170f7120b8f84233406096e6c12fc9ca97bac179d41	2180	7	neg
53d7735bccd1c9d8022c1a7df58d5d31bcb6c0621f35e01f0e812bfc8bfc8b1f	2181	8	neg
eea9f818c319b14f41c9c01d7bf5e7c9fa9ee9c2db55bdf1824e723357c6748c	2182	7	neg
97316b37ca31506e47d38b929705aa86036f6d2e9a086e80806c28b58d811e5b	2183	0	neg
47815f4dae3f47b469326e6c6d1a1315f5c9da33abfece94feb92ba1df9d738e	2184	7	neg
71c149c45510b6d7ab1f0cb2727d23d6c172c1f13354819bc9725dbe99df3de2	2185	5	neg
d0bbba7f0f2c9bbb8f44ab0ac2417cc48ece692f41631dde4bf549ac2ef61be7	2186	2	pos
7a4d258ef9e0d22b45142009cd3609adfa8f950df9fabf56606dbb01f7bf089a	2187	2	neg
2017e78288d474e664adc45ce54e9c628ecc43f364e0bb1a8441ca78162056a2	2188	5	pos
0ce4fb553f7b343bd696ef4bb9af6c42fb3db5f52cfbea46b0ee6af2e49acbcb	2189	8	neg
94b41d0540322d234f18174c05d341d9d89292afd6cd8fdbde4bb29f39ea2af0	2190	5	pos
8a85be7b05bab35026ecbbc7fb22c70c9fe7f0aceedfb102db46b0a2888d1aff	2191	8	obj
fe49ede89eae947b27f20184e8b2070c34af50b33ec686db3212f556f540aac0	2192	2	obj
407ffcfcc56dbf085c034aab25f903bcc9c448c4fd1f005562e165510870d66e	2193	3	neg
90896d625de33b00513fa185483953cac5d7b392fc306cd5a3fea68b1ee0de4e	2194	7	neg
c68816410a2b878bf46cdbfe07297fb04b00f26c9ff6f9658777d52b5c0c96de	2195	3	neg
d2efa49b3309df6187d260e818c173af583c9226a2fcf4251cdb63ae505fe330	2196	7	obj
148bacb52d941509c772fd5e64149610fb9faee2292df75d689d188e4005886c	2197	8	pos
929034ceafbd1c6af0eaf743946b7e0508392cabcc1770924566f52cdc5673d7	2198	2	pos
53324f26c0f8fc9c0196102b0f545d2cc8c53acf81b8683626334ca5e23abfb6	2199	9	neg
44638d46edf5025ae7f435b138c09271c452a6799c5b5a45dde6486596fdc911	2200	2	neg
b1c5189a891fc24aa5cc5a4f390748573afa7317d33b51f057366947f96fca53	2201	3	pos
c31336ee39d9bbeedcc040ca7aa2a89ff7ae9d2a8eca2b7f89ef600ea8c13430	2202	3	obj
819b98b7d6f243bd420e78625f1242aead96aa39c98fffa2f5ef898374a43c6f	2203	8	obj
540c14621ff193a3adc4d38458a324d59acf1c76c6e923b2152718bb942a23ca	2204	9	pos
438b6751959201c1a0d8911ebd62a0ee56536cb34e45c7ffbba6d1a965f77334	2205	4	pos
36d68a6f151382bac2ac1237efa4ff519c94e16136b89b961ea84c5e9a46e9e9	2206	5	pos
90ec284d7425cd71df2b7cd61f9a46cf0f0a120f2684ef80212bfe7f65e98785	2207	2	neg
a18dddbfe83d845ca125117a43dff7a4a25d5cbd62a2612a7efe0a612e457df7	2208	2	pos
a14ce53fed7edf43ff6dd881dd0f76631ee8d8f8e820395e8ef8b01b02db75c4	2209	1	pos
89f35f6b6eda75b224d30ac491f00bad59096789667bc467be094abc0ebc18b1	2210	0	neg
2567d73682d6bd42eae7004355b1aa6377cd019b8dbe8a6355267d808c18ce1e	2211	3	pos
6ff3ed8f0170e1c976fa4c8fc60f20583dbbce3796b3940e07821507126b1682	2212	2	neg
a3041d911e0b762df7a80bd409f8413826f966a79d989ad736206e7bd034e7de	2213	3	pos
7fa1b96b46cbaef1c7b9a3046e510b0d785fbf352dd61929d2e0d76dd20062b7	2214	0	pos
59c19897fd201f5fbbdcf2d6ff2e32e913e23ea52f07b8804caaa596ad7ee9ca	2215	5	neg
252150b8319ff8ef748ec756570322b72c7af2371efabf586c0f720651262872	2216	9	neg
191b0ff46857ec99dc6399af71b031a2d0e605c3adf773bf5568a844fc6daa05	2217	3	neg
78f4293fe86b9c79ffab5eccec763bdc1dde5fdf7c9de6ff0e33bdc159038425	2218	2	obj
d967f359cb01af60560727582d6b890edb0d556529525b2e50603a4ee1104eee	2219	4	pos
e844c15790c5cfa1a95256190ea126506cfe6d4c9ed8d69f84d629eae880d19f	2220	4	pos
0170fce0ae764a6aa30319d73d01b1847f300395a5498d98e3a6616aca001c18	2221	3	pos
3ed3e393683486274e97c89e48982dd62e1e289ba0cacbae9bff52682ee5067f	2222	9	pos
0797f11d96742643c60d7db3b3e79db73782096afce2070eb0eefcc54e7849d6	2223	6	pos
81286b58756bf9ea40240193b765ec809c6d0128a7e80f1c012ec58bc3c8be4d	2224	8	neg
235f034afa64f746c466140a9c207a236536441e98f3edb91836355c2e092e89	2225	9	pos
37dcc206395f636817ab40df0bff294aeb3d0118139bf782530eacc0c91e7777	2226	6	obj
2637d129d20df1e66311ebc9362173b0c9bf8e6dc82af4a923d545ae6a1cc50c	2227	6	obj
29ecbc1fce796bcfb2e056f82a02c33049e256129ba3ccd951ce86145ea7eb67	2228	6	pos
435a59e2efc40804f557667b2fbb7bb660665a6a368d1d1bab10a928404da521	2229	3	pos
138666af693b09a7518f686abfe3383b02ec6fe3edd8b70e519f5956776db78e	2230	7	pos
387fb9bcf5265dd608d1bca29b3ef71167f5dc5a2db381d10712e6d6d09d224d	2231	5	obj
efd4585262399bdba7c9e02e0e69d8482497b94830ef96495fdf5b2303ac7de8	2232	2	obj
05d5715e2821f72a0e2777577d6662da425c9eaf7c18e4d3a0c34508e5fe8b59	2233	3	obj
395c540e1784f941da8504c8472cc94238ce494c7bea1ace939ca5ae028d1154	2234	2	obj
fe12d9cdfa82b86374dac19bbab52f3e617c52ce0b9c5ab74d9e5ae8dea84c15	2235	2	obj
e92cc8993945e6881feac3d5365b018aefd99e9245717aade84cc7f0fb1764e8	2236	4	obj
3d233573c0c9acb6637e06e5c1598de0c82f649658965346ca5e07b5e34d9c51	2237	6	obj
0bbcacddfb251512f37949a3e3d8ec72f4ba349152f54fd4eddb6b5a2a2a6400	2238	4	pos
d8854c5db9891c4ba00433f18572b0047e044d4554d4bd2255fbc7d19c72ad47	2239	4	pos
1ddb21a116356391c203726a1056c7569564033f6154e92af76b5361cf098745	2240	8	pos
dfe9f1f976d96a33c1aefb505f459caa239a66b0edf49b5cd1d1f2bc8f4243c7	2241	9	pos
42ff7ceccb52b964a257700817c26877fbae98b2640193830ffdfa6d032eb05e	2242	5	pos
1455fd305ef28e648fd74ae77581f588d5bfb8f74001ca446d1a1fffc810d123	2243	3	pos
6c752d694fe700cc7c5493ce83d2eb2021be049ea822dbd2de89e78896eb3604	2244	0	neg
0d9df131f622cbc6d82ac19457760b3a6770980c9f7bb8a6d319e235dadfeb61	2245	4	neg
e874a1eebe48069f050c4429ffc97cdfd650baa802b123e2e1093303f0f3b450	2246	8	neg
79481d9cc1c548566b4c9c3cbfb318f3b46cd4b41d40356e2aae1876ed66c7df	2247	6	neg
3cfdeae07df69fbaa22f851adaacd1367bb2713cc2049696ca050c6ab85e1ad4	2248	0	obj
2921749cd5f25a1f1b1b739122735f4f5b2e308f6693b3ca197eb4197c9c37d0	2249	2	obj
6dff692afddec268034d16b1932d65db6af782bc4822d993d275b705613343d2	2250	7	neg
a360de50bea425bf09fecdaa76e16d5bf70f0cf5c822784b12c476e8c6cd62a5	2251	2	obj
e6a59a67847373f151ed3b7f9e908280d11feafb44e62b484e2d64a7ec84da54	2252	3	obj
a01f55de695b38ddf44200e57a7fb776f3f686eadcc2d327838a550f4a85b948	2253	9	obj
99105602a0c643ac24161dd5ea1c2b147f50a0d65d036f954cc16cead003b513	2254	1	neg
155cc3b0c359e3e40fc40481091c4e09cfa63e78482af43389ae5360ff1c906f	2255	3	neg
e56c1cf6bc0ac396828c0a5415535c70ebec8cd98ba17ec211da43465ae916b7	2256	4	pos
55101b33d9fa2a067bc99355bbfa8b19a6ad48ad519f8da371921dfdce8c1a49	2257	7	pos
a382a95a074041588c9635d0f3af4d59c4cec4513f834dd631c22d1fc060fdae	2258	4	pos
8dc76f06b718a8dee1883cb28a4cc04554d6e3dcbb0cff73fc125afcf8dfdc8a	2259	6	pos
f2083619773d21d7c8c1ffd2d06f4dd7ff03f620f7153e1ade5c9ba1abc65710	2260	3	pos
cd0a28ac03dcb35bd2e8c9b77632c3b893547e00069f55f4d94c73e95d9ba64e	2261	7	pos
b114fd8cd4e9ab3d1ea3330b3663913fbf8abdea120a77fc3efb1a07f77c346d	2262	1	pos
b0ce73085329628d3fec22b3601f9c33696e73908f1df0a3f832b6778753bdf9	2263	7	obj
abe88eaa7b748ca90124cb6d3d3b0ead519fa556445fa4db7ecdc06b0220414b	2264	7	obj
7f486f451eaae626b42c061ec7a9f41bf270014154c2170b9be2b2a88ed4642b	2265	0	neg
2b55e214325e325b73222aae87fe829dac512d717de1546199df9befbbce7998	2266	8	obj
000f5edca9e45657163375299b9e7d8edc381d269366c9105cb7cdba79041ba4	2267	8	obj
2de8b203efec3fe51bd50d099a61aaff03bbc1b59a3a5cd7df24d5987af34cdb	2268	1	pos
93c5f7b4c656a0667d66c493f26a995eeb2eb610ad857da2b1952a27e391aeba	2269	1	pos
c239412aae27447593510a7e52222dcffb8128128e985d393bf1698c23089d84	2270	0	pos
8f16e8bc24e9ad694d8c87f7f780002f948a4bd474e0b8a5fcfa008c431006f5	2271	4	pos
3c364a6d4fb123234ddcd613880a7fe45e63827909fb19b04938ffa4a99bb101	2272	3	pos
19c2a02bec5ed6870b03b112e2511c35447e4e5f19a046d8ecd0047bd61b1269	2273	4	pos
75e9c2f4e6433f9f8b7ae59ea460865e1a6bf22ea11b6177a8e34749f7ba4ec1	2274	7	obj
757fab023f59dcfcf5822a6f9ea24658af13551d2e5fea564950b1fa1b6b49e4	2275	7	obj
f2e8b36bd72285c5f8b9e76b446e42530562ef69df947b6c01e844803bc2dc2b	2276	6	obj
14c8e76bbe2fba43f6dd9301eb5f8fb00bd0b2539f86a9d04d245b763154fe3a	2277	0	pos
8a9744f75849d3a1c96d882f9a2058c8e0a1b7d3f155880348625ffee1fd66e6	2278	6	neg
7db1bb4de177e58f096e6b7f032d5a281c45705ceb244ed89d661f1b0bd695e1	2279	8	obj
92e58fbbb910ea039fb635294b40d9c786636418c3e63da2d2450b802b67aca6	2280	3	neg
0a2f7be273d7f88d0e49e095b6d9d74de58e8073622a92e51c5704f6cf55aed3	2281	1	obj
d39ca52f41c27830a78f06fec967ebe7ba46652a26b473f37b74c19c20d87d6a	2282	4	neg
1b237ee9b375705a325735651d22b3a17d1916dbf9579098e4616be3931d8a32	2283	9	pos
5bb4cb4179b311c88226b77e0b8dcdf52a318ffca4af872f734b170f54540ebc	2284	8	pos
18fbfba603ee3ad3db4138e321b56a5bb9932e004d3cdf7e9a4ef7385bc515c9	2285	7	pos
7e83fb1a5c5723f651cdbc03326690f8a6940af3e7b738c4d2cf039ed8315cb3	2286	0	pos
c14f3b54030bfa2c710bb3a2b372cee14d7df860350566e4ca0dfd6344df1ecc	2287	5	pos
795fbee7917ef24e6b0b68bceb52aee3b8bcf77c150084366fa73ab480cd57d8	2288	7	pos
6207f100515596be536250c15226d614138134e8cdc95a1307799878c4e2a172	2289	0	neg
4d67746741ab918ec6b932ee6af7a57f897521e3eddb13e2b290bab3f9afa63d	2290	9	neg
4f25cb3db38d37e46bdd7dcb6043ac9aa2c6c713ff48b4cc67dd6ba59f43cafe	2291	8	pos
e8ba9a2b6282bca638f7b3bb88c65acd0293228216f5cd722fa0f42631627d52	2292	5	obj
bc6c2a3c1f8d29d13fb3c41f8a48afb84f4707e40a9147a62d39004521882c77	2293	4	pos
cf438b1c87f85146e9fd634f5b5a5ffeb99923a68e91cf83468fecf56d064cc7	2294	7	pos
9931f913f7b3fd059ed689f1c2fdc74322e3531b211728e39b1be46b900449d6	2295	1	neg
4f364d77bdf9458d58901fbdfd8a9890c38fcedf3ac720b04aef79447ab0a45c	2296	4	pos
b1f5e1bd49ed6bf8f476531b1c9fc095a0867cca48d69d22885f40de8606bc61	2297	8	obj
a7ee5577205fc4bc9f57458c018d933b7e73e97700eaf9b4d4db8a31cf9ccceb	2298	2	obj
096fe125c01c8bac0026cff5451c9deb8548aabf5dffe723e0988bf09bbf5d83	2299	8	obj
e516297a94a5e2a06b6cb468f882c8fbfcd74c401d1a1b024f3763307b98a685	2300	1	obj
23dc7af8bec3250fe6aeb60beb927190bab32926812cf03c81962056aff89f61	2301	1	obj
aad9b2d1d5afca3692cd82ba96dc1bc46a4834cec90553e850c0faec4ddff957	2302	7	obj
983e0ec4d7aaca3067fe71ace72d0e9267e046ae4336fcb439024859e1a6cfd3	2303	3	obj
bc7fe095de7ad3faf70b86f137837128f8e65523947dd1a237e95dd4cbe2b10c	2304	7	neg
a97fb5b369a4adf8f68c275864e73f4ff753c23efbdca531d4dbdd2b7218c2b6	2305	5	neg
b250ab9ddf7da3df6b4cbc0f866520e45cfc6e5018e2301a5e29a0ad858e68b5	2306	2	neg
d61eebf5dab7e39ad1b93e56d46415009316210cbe0d1f4242d7e583917a4443	2307	1	neg
d22040d63a0f9ffdc9c885093ac463c84b91eaa2973eb1e1af52b847e2684db6	2308	0	neg
fbea634a463bb705a29d7c9222460547aa7be44b093fb9af8b6d0c50b2f32a1e	2309	5	neg
07be1cb007bbef3143488dde6547a35cb440475dd8e2ce95d4f8284dd0d27140	2310	6	obj
25782bd292625fe97c5d232de48679072bd751805562afb7cec90ec9dc16f78e	2311	1	obj
c2c6bc4158811829d6658ab8ffcc96d9a1430848a01bdb271984004cd0c092db	2312	0	obj
16b1a5052d8f3d5dda9ed22b8e851d1900f82079085fdb2d763dcac9658d273a	2313	0	neg
656ddc92ba70d96806403986a16162e29d1252e901cdbbbf9c5233ce561cd592	2314	3	obj
23f3bb751b05a1e07b85dbfa4f20b4aebbd90a603cb344a3527a8933179ce909	2315	9	pos
14650b95a45d6c065e95dee84f3b8115437061291afb50346c77387a1795b4ce	2316	7	pos
10fd238b1a9dc5a6269db8ee33fc18fa31031964118241daecc8fa2803c56b39	2317	2	neg
137a1a3ea8f2e20b0cd8f268b77ba7836f16edc3f6269e98a58b2b2114793250	2318	6	neg
b43a29231148bb972b1d119eb91f56ca81fde27d7a6f35fd56d33e232c34d628	2319	2	neg
cf06307397cef6c126eaeac89319db890f0bb533893eb9e12a6127e2b546aa06	2320	8	pos
b94321c9ff847b5829a4a8aab6a64963e9eefb04e876c3464e6be70214eb140c	2321	9	neg
1f72403603107b8e4e38092bd7a65f532b4e2eb91b090f06d0b083fd1145ccf9	2322	0	pos
fbb128cd07a02bd3e6f7a6f47111b7abc0ee2fb7ed6a8adc5e37e18ab203aa49	2323	6	pos
efed6243003fc1b89f0058221abf143ac7b0529a8d9212aa7bfb196da2e56041	2324	8	neg
04f978c85ba14d96654aee919ec9308f3bef13cf054191e69393ecae62a0aeab	2325	8	pos
0d5990c73df79de2ce214ae45a48a8d333747997d250c431bde10b56b22eb0b8	2326	9	obj
0fb809488df0fee0b076ad5d0ed370876b10b5dea15fd542c133c9c9ff8ba2ab	2327	3	neg
5da45fbe84fa981425138a2d41e5f73967c3228939b1871c246591e25ce2b09f	2328	1	pos
edd570f0ff987666354564013113d61086af2a5c368886567db0c2868121c4e3	2329	0	pos
cb02c546a7a2c5446d34229e9a2ad8aad10014832384672b8366846852023665	2330	6	neg
a04b536ad4fb95e5479eef42873ed4681469151abb30e767669d659c291480da	2331	5	neg
ff30366769adfbfd6b86d3e0506a6260f57fc1640514a7945bed644a3474aec8	2332	5	pos
b92758304d83168bac4d4dc24fddfb316c53daad475ab542dbd72b877fa3d8eb	2333	4	pos
af5d5e3e87ab8a405558d662857879b6509c87ca98b0a5605f704b9375de7cdd	2334	2	pos
729a55e9985aaace5a5d2cc3be9f5d324590faa22b65c88f879cf2a40c720fc4	2335	8	pos
8de651e79b3a31bd9cd561c4d4fc40dc6d26662c3a34fd2742e678b8bcb9669b	2336	2	pos
c521908eb7a5a40841c8158f5a76d980a354e56e64828b1349185d59b6f8a98a	2337	1	pos
447c25cc0aca86e86fc993754abdc9f5fc3e5c0881bd968d76063308a2f9342d	2338	2	pos
b6c63dffaa13552b91769c3c04e944eeeb938fad21ee6162aecc7c2e69ef07e8	2339	3	pos
e59933b44f04a257bcb4bb857276a9aab1a10dd5fb27ef3a5f6afb080a673302	2340	8	pos
52e5912bd1ad979bb547aab72027667d56d7901dbd9cbc662787d2ee7b446485	2341	5	obj
50c50384ec8b0a5f7f634dc68cdddb2b4e9ab02ad5299923d662ff152e20c26e	2343	4	obj
90784af8b1675b1afab51fecfe852ba04cd21032725b802db56d5cfb34376628	2344	2	neg
5477f3ea4048e4e1eb6c8b814cfafe95b45215cdaa0b933b6cdf568b793ed4bf	2345	3	neg
a317751ee7d89559a6a46b323484496e5174d8a8fef3f8a0bf8c68c5aca1478b	2346	6	obj
c54f74567a3bb960813815b36805bf1766e86f844df5af5cc2bdc195c32a973f	2347	0	pos
45ee04d6bab79003e32606db6556f4401c91445a07317c83835c205b9071d850	2348	9	neg
ba9836c00166ed5895e6acad38d6edc5cf243dba9d1376557626fc2ed62d69a1	2349	2	neg
e5c894a91497643838e8cfef51952847760a34abc5099be3a8578fe7e319b282	2350	7	obj
d752420b86c1252fede323b58459fe731e48376ee56a3866c83f77f88275b997	2351	2	neg
28c2371efa237caccb1d5f1319d692ab439e3c76b19d8a9e6803261863b04104	2352	1	neg
1017a54c9040fdda5daed22ef228f66703a4e09232d1c079138f7f5888068286	2353	0	neg
38c69aa6fe5126995c3cdb89da5ef8aad433b408644351eae1c85c4a91f9f7f4	2354	2	pos
a0b047de8876b888112ac094730bd8e4c1216bd8247c948609a56c78ce000f50	2355	7	obj
c01c7e8d1e13ef7794bd1f10b51cb2eb5dfbb08af9cf9d61d8d95d270a54ca27	2356	3	neg
78e3ac59f2399c0c5ebbcf274eeff115a9305bc108f8e4cab0b382a97e7a843d	2357	1	neg
b77b70dab479a752a3daf29116b124674817ae56d826e127db4f7df2030d922b	2358	6	neg
dfa9e79384f4255e373e67f39f7762e8fcf00316a6bef2e45de46716fb7403e6	2359	9	obj
b40391dd7a2cc53b61c15bbdf782059657fa736ab8804abe5f041285db83cdbe	2360	7	pos
10ec4561268859599a81e405f2fb134e5b53da2a3c305588b419f0941c88c271	2361	9	neg
512bbfcb4c8b067e14669ef8bb93557e41489df9bd868fec494b97fde891220d	2362	9	neg
df4598f7fc894a9688d6a1ace5a4b9289ff8facc8264c1c6cd6376273d425b29	2363	1	neg
91c6eeb072b0164207cc6f173d4872cddf187c0e34b0e4315605b77dce2a2b2d	2364	7	obj
2f7e4c3e2961064651d102624f3cd726cb2b3cc568f9e67a1c70f092bade7bed	2365	1	obj
3994e2c1794ecda403e3fbb18dfe850f9998a41f61e1b5763d99bff9ea7292f0	2366	9	obj
09e4ccbe6a11837784b86cc85b4b434109566be913419e63372df2e0356765a2	2367	4	obj
b2c584593b7f8c61bb528350e3bdc06be70f16125b18ce4a01d16256ea863488	2368	2	obj
e3932913c1a9d9b548dcf06176d0c91a05dc5ed7452bde83ed1529677d384b38	2369	1	pos
9e422402f8bd0b9ca709cd8714b776d23587c42b34442c5964c3b6c4e946de57	2370	7	pos
44bbde1bf7052dc434ecd7d90916c36e6dbf646a0af63e48ac595f29761aeeb0	2371	0	obj
c07a80d3a1ca0136ec77f19b5536564b8257ae9b1363303a4e680bfee96f2d7c	2372	6	obj
592093eae2439957be2f0fe547ea498ce0b402cb904576a45f460d99a7977087	2373	4	pos
48e442f1b2d581158ccbced5cf37758858a25f271b7ebdce1007ce8b23fcf577	2374	6	pos
4d6ec027ad389960fe47b7233953ef44612d5017065f44dd4a10cfc71071a2c6	2375	7	pos
8f0fba18827c87285bd1aeedef4a622f549f118e0c9ffe216934056da99fa3cf	2376	9	pos
e45a7e0ab6a417cdd29687f8df9b3cf6785352f3caf9162513dcf4a09e3bb5d7	2377	8	obj
336eb6993ada7ac073ef4a5f5ab74d6f732965c191885e2553a6d575682a26d5	2378	0	pos
e41975efc61e48bd25bb9e046870f10192fd9986b256925dc0161807a2457072	2379	2	obj
8c1f68b5b017c1a90c1d6c24d5be81f4ecaa1f4c50c95c17e6940e9a083a50fc	2380	9	obj
a89486a0c9db5c1083f14dae91183ad01c6e78a84e2b4153e348715ec6b9dadc	2381	7	neg
bf24c7d4951a985ecfac5611780dd72f6546f4454095ac24f93ba5d47a01eb4d	2382	2	pos
80f7eb330064d55e22b32ae08103e0210f61abaeb1a1293cd40aa985a8efdb8c	2383	4	neg
bc98269ebec192e7954a507b96bd3609c8d86c58ea419b2a7e34740469fe7945	2384	1	neg
aaf2bf0c5b68f323d73381a6daf9bbe43f804e3496cb968cef81f0cd83fad980	2385	3	neg
22f763868f60ee49968005d0af37df65213486b957f023c6808f9356044b7ef4	2386	1	pos
8f19dae11fc558e41a1960ed8a370bcb8a4e2dac502482b6ab2852a6b62104fe	2387	8	neg
68a1bad16bb720fa66e647d95cb4d74ca2d77aa501df3ba5fcc9f2d462e08b16	2388	7	obj
ff2ceae1f97e6f4abda6597ddc748b9d27739e0a453b1b40edae61b19844be83	2389	9	obj
37a6253cbd4491e3ff6a51b23e26272898e7669bc631ecde2e10c5050490b600	2390	4	obj
1945ae1acd5893764601be8b63cb202236cc06b4f81f6c168cf21e5f8219ea71	2391	7	obj
2dc95956d6676f3bb1e0731904511af878232a38a411b089c897b46c86878161	2392	7	obj
df59d3e2c63bca96ceb354832a93697d9731e5ae1a8a5b4df7f432a33deab84b	2393	0	obj
f5d995b6d806cd7776d7184be042b8c98ee2bee20cbe9f5eaf1484ce1f5caea9	2394	8	obj
b407c6116d6133fd378681db91ade71a655b562800c021aafe42e451e99ed5b6	2395	1	obj
a176102a2a745dcaac5b1e1734d2837ebf1f5d6398f11f4ec7a38573b67ecbdd	2396	8	obj
dbaeee18e76d012ec59c84a52338b4c05101c636b96d505e6c03090a20e36abf	2397	5	obj
599914d72d5869ca95e3a65302d927702c620655ea7358cb363194cc63251f7d	2398	8	obj
09b81611dc5f5aef883629b9fa98eb178c9d8598975bad0513af8383789f4c6d	2399	7	obj
478e21def2cc8b311f10eb2aa48a01e33d047fe012231f6077c81daacf492947	2400	3	obj
0adaab32bfcfba36ad57a580378f42933fcd23ed3f90434964fda363bcdfaac2	2401	7	obj
70d5dba77f2e871b3e4ee3dd6a99b5d0afc71bcb8ce08982dd8ea08782be6b4a	2402	7	obj
ea2c601a6f03833d211df4362954a7279e617ae5a89cfaf2d686a02d5b71fb73	2403	3	obj
c358ba1e16f3ca07a750630819c8a3c6e234405ec77e2ff1aae4593550ddf629	2404	8	obj
aede6d40657eb61925c0d5be8de42715948d9ffd0c353fc2e260194d87318ca5	2406	7	pos
a8aac1a21061ba2f09af167d7b90351d74da17d7d679e3a33d754b040286efd2	2407	9	obj
f182c51b13ce827ceb109f824a8bf708dbabf837acb33d3c0767b513831b352e	2408	1	obj
3296e2077f37b81fd4bce77ffc4d03d79ff544e893f4e4d2130a1939b845c100	2409	9	obj
4c3a0271a920d46e72eb5710564bace2cbf097414bd49257c05c55acddb2b236	2410	2	pos
82ffa28adce84c92e2daab5d25ca78a89b99a125111e43adb10b0ea2853661b3	2411	5	obj
46c7b9c5705282305333e0ea75cef7a56a041fc3a111faa0198630416fdd6b25	2412	6	neg
da796af2a144ece1dc45bfd588666e81d3920d9bd63739f2be380d391d3bba4f	2413	5	obj
18bf0ebef3c5390bb9667273546f6111f6419a539042972f381099fa766679e0	2414	5	obj
75aaa66f1eb5b2f247ccd5521938d86b184bc84608a01ade008769d7ce008de4	2415	3	obj
ce334cfd89c80692a981252b3fd29a8eb6a8c53d475a0e5ff3c01ebc22d0fd61	2417	2	obj
8545a785a8b740616cdfdecfca0ee40121c25cf307c10c2b10709cbedbf17818	2418	3	neg
afc716744b6b0047edaf5659a34e7b86b5521b141a06e36b5fd749519b7314f6	2419	9	obj
cf7d0aa66f3c7ab7a4d4174c361ac4fb2834a5ec44a83bf17afb3cdecff99c07	2420	0	neg
3f9d976085725b620f62aba04e205bd549deeaf8b1d69f3d7d90888300d6bcc9	2421	8	pos
6bbcd372e61fee88731165b15daaf1812eda4eefc21da0cd590129061b63a1dc	2422	8	pos
f4d4d3d12c648019210f88dce21b2b35485070c5afa7367b32fdf88a5398d46c	2423	9	pos
ebca11822abc4440dad812fd5ef11581bb35c125447678bbe14d40cc4f698c39	2424	8	neg
2a561087ba9d8bf4fed6a0fd05d8b18a6c94cc406aad54d3e78dbce681761251	2425	6	pos
22b49d79a55891e154f1d35c748d00ec5a50895eacb379a70d211ca4b50c8e74	2426	7	pos
5391f32a952f94c65b422855e1f0a76c0f3702443539b7c7bb898eb76366dc96	2427	4	neg
81c8b9f0a15c8111cb55e33c7562c82c08c5a4ceaa1a81b1bb8e42635b0b3007	2428	5	neg
f217eac1e2d5b63b0e7b5c1cc9f4ae20a7a3d96032ef52c18db293d6f235799a	2429	4	neg
ffcd216a5d574d01c3d0be4af35eeaf402091d3b68976d58cbd3e5ffc1c4c9b7	2430	5	neg
dcd718f58f6e2452ec8961655c39080cad0b5b162088ff9db26f63965aa56665	2431	1	neg
715c93fc2c4ac0562a4cb9b2e4a79d17808cd7cc162aab9d5291262c148cd4b3	2432	4	pos
8be119fc35662f20530162f19e267884ff8d548db743ee0a7f3236f5d88e8add	2433	5	neg
c2ab2700b4ea1be8deab5443ca3bf930190e78ef42a7ee454e6563d0cdda9891	2434	1	neg
8573bed45de4f7b0a64550afb5769a297bf4229ac07918648cc0a385e4cf6858	2435	1	neg
b79ff20808574a26df39cf8511b8ae4ef7fa4eb38c735df92dfbc3a627df15f5	2436	4	pos
105f6becf96e85b5fd1bb949ee4fc06c67c4bbcd483290731dcc97d8da7dd4d6	2437	7	pos
39b53e9fae2500654bd9a48b4cda694f95d9cfe3a717d1c96c7e7e773f1cdbe6	2438	8	pos
c205b7a34c0a0df87816e06254eda517d9a32da6b2bfc86f6ca060398cab4ce2	2439	1	pos
23699fa0f5ae716225aade29a57de6b42a9aaf60f07a9fdbcf6947a592d60b07	2440	9	pos
91e6d868bbf02eea6bef7f4d144a1e57baab2bbf4c7cbe4536f204b5deaea3f9	2441	5	pos
13b9eddbc9514f4b01b5753312230f18854b99291114a2230ba5bf173cbccbdc	2442	0	neg
e5d82334bab3871b9fb8fd960fbc89f6129e27f393feea837d73547bb34c5a5e	2443	3	obj
c38cca27dd16369d5224822d4be0ce986de1702efbf99060df30e18c65b95077	2444	9	pos
490cb4c025e24122445ddd83cc43edf927f518ab48ea83936305323517deaa8d	2445	7	neg
a710dca40b5a19efc7f2d29c385be8e1b0856dc52168423f6eb547467b5a982c	2446	5	pos
f41f37e7de8b605b93414d5bb4b220cccd4aaa893f721ca25f8f2ebf071b9780	2447	6	pos
ad77967361b838da0df0451750939161f3095e45f88a256c3acb3c455411f6fd	2448	3	pos
bbafcaafdb773f58e13667dc11c812b435a4aa16d22aa883e569ad553846c83a	2449	1	neg
31e3074b7d844a61871f23e2d7e1276a714685781a1243ee56d22865dc2cc7d7	2450	5	obj
a216989d1b285a94afa0e6578696532074e6a4f2fe7619c0037e35a5280b04e4	2451	9	neg
96aca687c440048b3d44bc2d96fb0b084bd8b92d2af96b90e154482a3cb6b901	2452	1	neg
808b7595fa049a4ef5f9b523112b75ccbc79f61393d613178df79d4007a4ff84	2453	0	neg
796c901487cb5ad87bee4a5a86015ec283bf6f37a5b6fd37fb6e27102870fab3	2454	4	neg
c4579ea4ae8aba37333e246b47d3715e8da447975a520d48826c381244b3f102	2455	0	neg
5f4d47176c7f033013f4cde42e345a88a52a3929a302657b5b2402350e2286c9	2456	0	neg
84dfb521f3528be2dfd6bb857c3e9df1665bf3d829bcad28e9b148a78e4a0a74	2457	7	pos
fdae8198029ccdd72835ccac2b0aa0aacce7092976336fd472836e5e57b70d17	2458	3	neg
3114f55ab3c1000c5bdcdae0d57f9043012c76ff8f648a1a0561276324fd94d1	2459	7	neg
6a8fe6589b982f783c2420c252b313bfe24d6cac30ad0da14a5427d4d8856646	2460	3	obj
daabae43494871e32bdfc1e7870d3e431c1b98b4b8c4c2a26376916356f348b7	2461	3	obj
fc214e074f8caa423e612bbc463db6299f0b08f07d2dcb56e6993701c4cbec39	2462	8	neg
af66383e4a0b9c419863755a02f52a3d0b41e0fa5493c2260bccde54c11c1fe4	2463	9	neg
ccda434ef14f248280003904486ef062cd75f7919f7e9e7b9bcf7b0538cbfc65	2464	9	pos
83bbb4ae8a68a5d53c3c9289b4222a52a3b64eb92a63462a69b33e4004cc588e	2465	5	obj
fee798b43b75e589babee3cb080c5e726019aa3c88535905fea6659a1c3371ac	2466	2	pos
2566740987135bcf78d359037f4802bf4bb259a943d4e78073f5549b20198f27	2467	9	pos
cc2c7ccc9e22cd8228164aacae603ed4c9e7c243816f1874f88582b1177ecf01	2468	3	pos
120ce9de9ed6375d0860d3f0a867ed166d2082ff3e975a6774a5093828a8fa45	2469	1	pos
38917d030e77ce966747095c933bf6b88fad39a07f920125c67087f9875fbedb	2470	3	neg
b96ae45fe2f56dd4d77b89f852c70561e32cef5785679ead136648ed5f825342	2471	3	obj
3febfe140d07534cb4220e7e24c150e9004a43ef5e80841c65b9aa5bcf0c50d0	2472	3	neg
e88051e6e6e33a40e4e8c0af9fcf42f250a4a69f777ddd07a6a7cd81f6c089ad	2473	5	obj
73c26a2b20a58a0d2970ae5e11c785ccda7b7290f9c09d7b078132bd9bb5e6f6	2474	6	pos
fa335849057643b40592595b6145c5e742404d05c3f7881e67b27b55005ebfbe	2475	6	neg
4d79826869dd74a5a3abf363d9279ff7383a6d820af65bf15bf70d65feca3d79	2476	1	obj
fe1b8ea1b8bdac4af1a04dac4770e649e0b09327a040bfb2e4e21de77ab35ec2	2477	8	obj
bf130688a4174c6dca5f9ae4152c4b4424b0891883e2049cdd2c26e95527710d	2478	0	neg
014f3b189e2392223af1c6251d014619e18a397a851326ff5f208646acb89526	2479	8	obj
a4f8b7049a0b2aea8cbd150a9ea0c844707c7fb7de4a07d14046c16d3597fa5e	2480	5	pos
8ea134962114afdfd5da756adb035369373d5cfe97fd3e2f22b1e40475b296eb	2481	0	pos
f20338522f113ad70f8bff0f81e83bd9a6234123d9aa598cf82b571311131646	2482	5	pos
517d335897807109909a7f314759b2f377b86e55f498a603835d519fd7fd73e1	2483	2	pos
a518b9de5da0892f9d15b39a2eccd00e29cb70648c0fe12546f79f824d12b5a2	2484	6	neg
a32da081f6441f959278eb0db0090a69b0c2578e68674dd6ebc36d6e16868b02	2485	6	neg
9e4d6643b03886dfa76c1d9423cd89e97adf1508d148db15542f68c04f109297	2486	0	pos
102b0659fd5d033eb63f13013e517cd3b437ef4ece1b9ca20f61f0e742fd75d3	2487	0	neg
5d6442bc3deb0e88794b3f71b32509482b4dfbd40b588151e82dddee5bafb27c	2488	6	neg
ca70502fde5035631f310dcfda73a0b58b70a682174bea087ad562271075a3fc	2489	0	obj
f08c74a18371df543177451e991c49d192eff5ab2b5a7b57d59d53a56b9b1bb3	2490	8	neg
8f84734159075af4607898c9a78187df3bac2a5ab5600133ebc2fdf54283b04b	2491	9	obj
1ed769e6df3b189bc4b2fdcc140c90ff93caf3a529f4ee7353f24ce457f41e05	2492	2	neg
9fc9b3feb5dca5a66fc313286abeea10d79fa133541fa976e058b86cf8905c36	2493	9	pos
43b8a979651dbeb8686afa2a739d05c84243fabd08db3e7cd394bc3b0f508100	2494	3	neg
c5af60f951f4a1a1197d1e0dfffe01497235bf1f2d3e3ba02247695e39847c5a	2495	8	pos
cb95a696b1ba44b04579c7ef2f240b586cd1d9d0f7e7b9c0594adb95a4b5d692	2496	4	pos
468bd302a22391cd763da1a9a2f9926f0c3588bebb3982edddb1d4a6bbeaa2ec	2497	2	pos
ed6e4fdc5424b2ec8a2844e11f019105331a9e7aff0d30ce2ac127aaff6faa1f	2498	7	pos
bc5a555eeeda062e6e7c9e40b7e3e9023b7421199af1e4665510159c8b451a7a	2501	6	pos
0b740c43d6a8b96a3f02ad2848c4a92177f368278059b3309ab8b4b9a1a56a88	2503	2	pos
126686d313a6897b4a08584b8c483c16402408b2a2b990726be9d543953f2355	2504	3	pos
7209fea8bec5354192075dcb232f5623aa2e878f4561301890599d3df1f48ea1	2505	2	pos
32a3e7c7d74b3f63bb5e7b985d71842d15fdb4eae194bf078b5b2f4c09f125b0	2506	2	pos
5e2e8bc53fc5be7b9706d9159f955e555b662f4081efa94d938e794e4d4c38a6	2507	0	pos
dbe99a7cc7ff2a2d979c6d312c4ec9ba7b86e95119784338c1e382f505dad988	2508	5	neg
13fc34ee558987ec34ef6f095ed1d11f02fd4bb1ef2c19c61a5f83bfd78c9ccd	2510	5	pos
dd9ac61baef102478fdc68eb25bc48f916af9ff4a66510d2e4323405c17a299c	2512	5	pos
3b0958aa40b87f89425ae77da271dce4537a1d414dab3973ca7f58bc2a85460c	2513	8	neg
c9f778dd77cdac37ca47f69a9a132ffae4a34bf7b452ef6014796f7a38634197	2514	2	neg
b59b7f383c5c91e65014fb3f39a04531afb7b4db6ca07eb8d6ebf687f17b2f74	2515	5	neg
50f4b7b3cb331ffb03f1ab76a02f69a1de536bcb198ae268d5e4f79e6ffbdf45	2516	4	neg
3ed3e014ce798cb9a3f5e95be844570467623acd590fc9bf3588b04189c856ee	2517	6	obj
826217ff7b70a4b6457ab146aff36988b8465f359df08366657a07983a2b539b	2518	8	neg
18dabc03d5038056c7c1d97c7d7f634236bd98750fd208813d634ea3b22370a1	2519	3	neg
b02235f89711c7856181f6ea4cde461aa05d0f874be2c0eacab8660bb5ec6fd4	2520	1	neg
eb9f8740ff4f66819e058882d71b09bbc3593de3176964cc0048934a0b1a898a	2521	0	neg
9c03e632f5dbeeed36620a05b004f8b05b5fcb82f3b9ddd9ed25641f8d8c3eca	2522	2	pos
055b442d311dba59b82ce21da4f80e6319df0bb42a1ea5d664ad4da7538e8b63	2523	6	obj
59e0eb3979ab66a173ebf51b511c6756cdd0bd202268f55215dd1fb0caba0f0c	2524	8	obj
779a0e9040b27ce6ac425e1a9927fdb1498ebc476a0418f2840b9488c437e054	2527	6	neg
0e6662fb71d32a09d1f7c6f48e4e1c9e9e8f7c4e67cdd7aefbb9e3424a47399b	2531	6	pos
a956dd1e7a960123702a57c8a0dbeea194739237104e02c9e1e46862115b5bce	2533	8	pos
1be6b495adbfe1320b342e2b9f4d9a5cec7c56f24107b96bdb241bcc286ce98d	2534	1	neg
009da3b74d84d6e2c09f458874380d31e92a0b6e6f3d8e37278e109c263d72c7	2535	3	neg
ac5d4d4b8dadf4aa1576ab4d5c29598f739514f2d27120ec6dda8d7d85a667c9	2536	2	neg
fd3314b9fbe92066cf2de059e7f84ad85f980f60e43d886b39987a1d3809992d	2537	7	pos
2b377752e555291f346f2b9f63e6f36d28f25f155b03d6cbdaa31f4514a214e6	2538	2	obj
3e517674dc1dd21df8a35d83276ebb2dd5a68de89faed7eea3dcc56ca5cb2943	2539	6	pos
e6413783100fc9f48cc4e96a4ede5526db6d215e87e1bd2313df4a329a940352	2540	4	neg
f6ba12f9536e7207be1e3ab619d19427c62bdcd3f839540a336e219749f41075	2541	9	obj
0a908fe0f90cc0de1376b02f6ec55abfe32554cd97b41d39eafd740c15eaf0b1	2542	7	obj
5bb18271f4b867c17d4e384f54cf005ad07e4b0f59299b36259ededc7337da40	2543	5	obj
0c55edadf9ef6140beae6aa4e2376f963cc38c719689b38f3c61bd77150a65f5	2544	0	obj
26fc1e0a8cb547a167aba6f90fbe61c3eedd9fbfb65dda13c7cd8847de9c1f94	2545	4	obj
13b39d631fd9a552dee382f14690a17027b0e22a47141ae2ae6ac1e67345f578	2546	4	obj
f28a305fe0aa9cf45d4462d3c04e5d4096f29b1795c22706abc4d32a949cd2b3	2547	3	obj
f0e15d9f33a0a5ce184692a879dc78332fe499721099fad0314d8704709ff23e	2548	3	obj
a3b38c1b615dd3ad97c02407b56650bd243b1adabd03eb5be0ad27066dc0aa97	2549	1	neg
c39d23d669817aed3ac658f7d918d2163acaeefa4ad61532e0e7f31e075232c0	2550	0	neg
d52657de25afd7f2a7a44797bb24619a4953b54181d0db6a381f6c2eda073b60	2551	8	neg
5b92e2ef7c4f4add65e0d0f0bfc89e24eb35fbad448a4cce669f7121004efd37	2552	4	pos
3e81795e60975fcaca14f6231aa522000e6b8977db58b6387cef91e5c93532a7	2553	1	pos
130964719e9999848f2c135941880af09aefeb8d7f214cee6bc99be2026130b2	2554	1	pos
32f0b1fd0104b0d6fb457a70ed0b9a5e2d0c7ed5038dbc94e2a3688471c4c0ec	2555	4	pos
9e5b39b707c8b2ad4e0812a38c1b0b4909946fdab248c4d08eb0abffa8b8ddb6	2556	6	pos
98b07f70a5c37416abe46fdfbf7ccf7e011d2b5ef7f52810d646a263a12afd97	2557	3	pos
233d1f162ba9e89447c26e358c3de3b64d49a2ba024b1d03de413daf7c1692ca	2558	6	neg
3822ba8e0c0c968bfc1f13a24009bb5d4a2d0800556dfab73927be6e6e4ec628	2559	4	obj
01422653a9c996c59eefdf19d50da946b4b7cb1781d4691aed00f61567f332b9	2560	6	obj
8216b6a510acfab91d23649c660b2c947cfafd0de89ef156f8e85c96b116162a	2561	9	obj
c408e21c9c4ef70e46270c60bf1038751b9387ee6e27259b8597b87eb41f307d	2562	2	neg
48f1abe14b18d0b3fc23bfb9d23803627ca81200ca6098f3d178fbe0f148087e	2563	9	pos
39bbbe8b85d49adc70a9baa94644839b343eb9810cdc52fff1e8bf5c11c1539c	2564	9	obj
4ea44ecb0563f75699319baf8f0d42a2744888085b590ea8c7ed127b321e8762	2565	5	obj
31a90d533fa06f4c29c984156feea22c5b82c2ba7c07587ca6106d5f5c7d9701	2566	6	obj
0804d8d36a7e3316aa7f66222474d7405761279c75e80b735ee5d17d7f35a24b	2567	6	obj
25a02e1b4ec68447cad91ae995e9d1e8620174151704127affbb5a5c1fb9c61d	2568	2	obj
5c0fe697958f46c988eea2eb414977379226a56a20a2e78de490b0448e024a36	2569	2	obj
988eac3095161ec99940a9559970fde8a93d4bc86310df51ebb370a471a00107	2570	0	obj
1e638621ce8c0a74c1c069cd7b9d91b9a78862099b24803af60a248b28188c5f	2571	6	neg
f15392a8c45a674039e0a8b0a027604ce78aa1bee9aa5c0fbac30c37aab12846	2572	9	pos
0767d2ca7126adaba824bbe2c1a3d37506573fffc007110772a14cf611a36275	2573	6	neg
c805dc4717a5b7cbfd50b76eba34dba1a488ac806f889e0c4b91302f354df3d2	2574	5	obj
f055e1def0f9d221b07804884a68ec12b7e180cca9caacf91c5fa98ab1f85711	2575	3	obj
23726992c41a8e70ca82e249e702f854ce2424440e1d57e7bb82c4e93092fc1b	2576	7	pos
e19cbaa45185ae26dc1bd695192af3d0219468a309d71a30c1fa3458fc94bf1c	2577	0	pos
a99930acc831f1664542241001dbef3a603db2a4fc28332ecec4cf438f8b11ae	2578	9	pos
76a4ea22fb89e614db067fc1fa512fd9c16de44e1186a878084bb98a3e868cb8	2579	5	pos
656e665a0eb7ed1f6e150ee129570e6529d0695b3ab1ea4bf748564dde350c60	2580	3	obj
b6f1f5cbda6110fcd515a5276c053f7af03f56cb52768ec5364e1c526152bee3	2581	4	pos
fad5e2fe72eaaad9ea590aa1efff805e1753817243e47c30307b2d3d76d8ee94	2582	4	neg
1b74adeefa28dd0851963d6486654678e7275e5bdd10ba90c3a6980910c8caf2	2583	9	obj
3d3212d6663d93ffbfac13f2b4e7f93b81f4b431f9b036fd468308b209035cf7	2584	0	neg
787882e767f2e20f12597a882e450bf681eef934aad1612de6a3594a1413087a	2585	1	obj
49cbeb4722d58584e3478db9d5420040687e5423517d7e776c8934e5f08433f2	2586	4	obj
7487386b2bfd3793b13ef8c117cfcca90f9838a010a37766d76f6b774c7544ab	2587	8	neg
44901eb4595620f2b9a5338de06f95df8f59e1f0711de4750efbc3774dce39d9	2588	1	neg
8a1d6622138918c1d32219bfed0ec00924e0f4080779b8bac474fa4853436df1	2589	9	neg
3c39327a21be05a34c45cc9236082ce6bcb390c9078de775e464cb16e317d394	2590	1	pos
0f4454b3babfe444fe7a0de21aac8703c7f06577346f1133d9d703aa92af0c5e	2591	6	pos
2c9b048def80059a5ac473f08266c00d22b82343a25c0df5c8abd0f1e2c20d8c	2592	8	obj
5271c71d0208880e51610aede17388c980a0a865c289f4e17165e7398a30fdd1	2593	0	obj
8893605c38e19ad79c3d0549287fa6017bf29704f5f399898a2ffa0c43db8b42	2594	7	obj
9f7b5e7488617a574b922c2caadcdfecbd31cdbe289be8701fcc622ede1fc550	2595	2	pos
707cfc8f944a6fcd3de598763f82567444cfbbf21ecb04098d9dc0e16edcbc27	2596	5	obj
54fda90c53a17c38b929dc3cfff9f90dbdb716bb5ab06792ec2c364912c183e3	2597	3	obj
62ee4b3fff38a3a725bef317c3cbeaf05b2f6761c83669544eaab6301430c4b1	2598	6	neg
18205205f8cfb914c655a8fc3447f1e964017e255f9f0c5d13b9286cac96495c	2599	7	neg
dd15307a946110f92292e119c34c1a31c56af9e227dc18bb2a0870e120307500	2600	9	neg
410af1aac167ef8b70a53f2d5794bba9f09af8a9cea8a33b28bbea209ee63f68	2601	1	neg
4984453d76e5f705d47ecaf708e0faef15f42a43101a705f75b3b38f5b23ff55	2602	7	neg
8c3ba7a0bacd43144ed36a89be190c3fb320b5a6cee2e0982bd64ad8d87a27e8	2603	4	neg
365da1a62cd8630a23ff8b910ac7cc4372e7ca779c6c01a9d464045f614b2795	2604	2	neg
fe5e7b10bd070cc5402ebce883eff0e077533fc850b19348b56ccd5abb94be19	2605	7	pos
603a1672ae7afc76af766c71c45d2692ce1e3a7e10d6733a1bf7cb2dccfc16e3	2606	9	neg
d528a3b5ed9c51dea9468ba84f1ab0d695b1733e228e69a44804be99b5aa8652	2607	4	obj
89da95ce828192dfecbbf934bb01b5642fa7b95ca080b15e8f7286cfad5bcbad	2608	0	neg
a9846fd02d5b5cedf6e66534ba1ec9515519ccd7d7b0a3be810bfd274940bd81	2609	1	obj
5faaa0af48a3ff62a299475ddd4c48e75e3da81c56240798623a890cf3ea9f3c	2610	5	pos
99300939c86445a2411a29c91b33757768363cb9c4bf0a1db4bfb57e6ecd83dd	2611	5	neg
f48e1a55b99dde46550757399387219836f26aae563e287b62657fe86e35e8c5	2612	8	neg
7caad54267fabd7e9b294251ef0de3b08676a7a8668a5a5ac58a7f1a8125becb	2614	7	pos
0fc3694eda1227c227030b6a498ff40a92b2e5b8387fdd8924af0bacbd7a81b4	2615	2	pos
fa2e5fc374faedf7959da9642c204896c2ed916a942da966688de84379760b47	2616	3	pos
f1336f105c9210722f4118dffcee3f2b9cf8b63d707a031de94d411e164affbc	2617	7	pos
ac091096794affa0aa2c566da144e6dfcfb96fd590f93d3f0baf275bddef447c	2618	1	obj
bbf7c22e8061719e0a58b538228996eca416fddedf35c8ca6d48a1d09060ec30	2619	4	neg
e144849195ec7ae90038b891fe71ab7d2112dedbe70b5d1a00a753f1937728d7	2620	8	neg
08efb58abe2c0f4b120b8146e9221066676281038d98fc0c98321ee28c7f8bb8	2621	9	neg
d8a6fccfb320d3d9dc9cfc5fc3cc035911c30504ec420f2016d425d9ca6d89f4	2622	6	obj
ebbb7a38eb5722b2be749ef2487c4e0238b2a869434a135db4ef523883200369	2623	5	pos
84bafd45f0eecbc30462c6b86920def799142d64128cbfe02124a22e565b5157	2624	8	pos
f32a000855604e5b6907a7c098040740d1fabda72ee66b477ca81e38ed8568d7	2625	5	pos
2354328f2a1ca8bb9124d3d5c8202c08d0a45e5937c31413177086e36e6d1f38	2626	0	pos
eaf413624c5e30bb56f6ba8a17f97fe996a4e4f45dafb88ff8f98a4e5f8cd002	2627	0	pos
38606bf9f53de01db39bca8f98379ce9a2329c409f27551bb0bea4bc0f928451	2628	4	obj
c15a825587598966961fc8977eee2dab23825e3b1563e873344af46693db75f7	2629	8	obj
83715884acc0ba2645109742865949b5df3bb0d437dca31b55cfc68dcd07a0ba	2630	3	neg
142c2cb47e08a7ca8e75f1327e1afeee91d1d6034b9b17c096b484ef85ebc15f	2631	4	pos
51ec03976e6e2a6afce853443577c6b544fcf5bc92946783eb979cfc9fa332dc	2632	8	obj
31a0162092f8d5e512028f096fe183054d1721c6a68af7cdd02c43cf3fccb378	2633	2	obj
a9198f95ff6684cbd8cfd2870d48c6b2dcdd6825f6531f331497f157e92a429a	2634	3	obj
2556477e9969690dadf6f56916c1716dac1d2ce6332742a3098daa6f0f9111cf	2635	5	obj
ad29711a4cf6d28d4255bcacba09818d1712bc5eeca7275752e4d4c7bab3bd61	2636	0	obj
676310212c25f8f5808fbd7e49b0bf6e1d5197e46a7e52c005436abe3e0a19b6	2637	5	pos
34be5d7e3b9b726cdcf373d66f436a795da0966622100b1222f473d4818f5257	2638	4	pos
3adccdcf39e11a800bb8f8adf9eba7476a54d65c048caf6060a1e39a7261eb41	2639	9	pos
1920d5cbcec99427d4720f848519cb49cecb2874c9002ca4dad3846dfe377c0c	2640	5	pos
9c74f09250f1c31d6d781efc89d8c6ad26dd64e422e1fd158a7407635854b7a1	2641	8	neg
2a3220130b4fc0adba2d2a7c0214d3f5f6252e9554767edff2de332d30a4338b	2642	4	neg
de102ab88c1bac70042435bfcf3b48972a8b399999408f3876087ea7de99a47f	2643	2	pos
06739c7dc68663e6cc2eb2e211ef69a3e4214641a1f5387ab6114d67464666c3	2644	8	obj
f36947486e786210a49450fd46dcb1bb8e2b0a2d1294abbce930476bd8e1c02b	2645	4	pos
fc57a73f73be5d6bf94348729ec52a11a9a187396de65058f85e6336683bdecd	2646	2	pos
62fc834b63be3135456b5fb27ec1ce1e219b5024794d62495c8661d867df7d99	2647	5	obj
b6f16840919678359c0b8fdc67adb699f2aae62ca597877354320a0615d94119	2648	9	obj
6ad6eee9fdca098216584f6f214fc9248edc96916666ee2c33dd113effb03ad3	2649	1	obj
6c1da27d6ec36032435afe0cf3a06e5578131e6b365682548a0d36df663e386e	2650	8	obj
9f74f6818480c8646c762214eb8f26c777b0926e019662e2f88cd349a475eb57	2651	4	obj
2f15c42e6813f891698e0c151aba684c2e13de8c31ce579047c37a01add7ca3b	2652	9	pos
e27ca974b1725e19e205524696be433ddec65f69980b517ae03d4bb20aa41a59	2653	2	pos
bd56354c5e9fb8edc3fb2002d635e338b74db36ef5c89fad842da05bc10980f4	2654	8	pos
aef5c993a4cafdc472ed9fa2c224ea0afeafd4a08264f4d44d4744dd01a10c5c	2655	3	obj
a46901fc905ee55c21cf776edf7867fe434fb6b185ab9799f618f1665cd80334	2656	4	pos
33e6a5a55d72a57f42395fb02b2b0c8eafc8e08db6f67038cfe5a41affdcc15f	2657	3	pos
9e9b3bf3a3f2951dda6db69b00c771fcf3b428fee9c306423bae09cd5d6d5e1d	2658	9	pos
f2654c8269bd3e92fbb2aa9f473666a6f18cacb3f50683fec32d67b96471cc54	2659	5	neg
4b568920d8f710a7b4731824042d9e104303075d7eb164dd67ed5863f3da4eeb	2660	1	neg
680178f282263805d9fb84f129335c6148fae57d76e72ec2a1aaa251b9f80c70	2661	6	neg
7576d6267534677b5184a28fa23d8af4857f12b57b7433500a64650fb09a0684	2662	3	neg
b8b67e02d8917f2d88508f8bd65348cce673ef34ec0e779ed2ef90fb2e30e3fc	2663	0	pos
092a0f1dfb987dcf2ba983f630d0c7b9ed51c3aa47fc5e5a0fa606e566dea0c0	2664	6	neg
a91a7f04a95c0da285d200a65f980fc9c02a60f4f5bfdd9b90c72e97d61e0fa7	2665	8	obj
8a142cc94da576cf7ec588187d302ba0a3c31e82fd906fcfd03a40e4e5d19a03	2666	4	pos
9b2b7b3c7f98bbc30199db1b122c7895ae8d8b08858bb1bd365864a5a0951f64	2667	4	obj
4df5fa6eabc807f73eec4bf84206d96e6dd84ec3fea60c294a5f1f962878099e	2668	4	pos
e0960267b51503c4db573bf98079615f6383f6c77ad31ac50d353ff78de08ca6	2669	3	pos
f361838df3fdf1cd1afa8c4148527c9afcb8a1696513dce763d0b920270045ea	2670	2	neg
da8f5e7371bffd9593c6876907df8142eba4e7b3fee602ae3c219059881871fc	2671	8	pos
67f85e4bfbb3f3353636b972267edfc6bcc24a6fd4cef865d8c30574a966bc48	2672	8	pos
98b478f55d421b0b97982e0157b8d34e92ababcb7ad0be0a133ac7f969be2c43	2673	4	pos
2457e0528e9255bb481c6457403373b12a3fbcd4a2ae90f7329be6f1d22de72e	2674	3	obj
4300f3f9dd63189ad1ea2436350333daabe57876f17d06f0c8c88701fe855576	2675	2	obj
8e2d109ed2958e2c36c035d079f679bbffa1f94cd5dd0640ef57b72fa866e98c	2676	9	obj
0b6ee216a12e8bfd791b6d227925990ace6020f94e852113ee99305e7a8133be	2677	2	pos
22e8cdefc32503b910a8547e898b5831c3cc68174bdd09d42a5a1d7a2f9c0402	2678	3	pos
a96163b784a33a2524d78116e563659f673562f73c0aa07443a1d9a3219e579f	2680	8	pos
97afe0e2dadf1b2e021cbf39508047d29e1afe23ac2deff7afa451a18944abc3	2681	0	obj
90f2e016b7a506f159d402e37f6e36a76221de4b8d05feec5ce14e2386a770f5	2682	4	obj
9e9fc7e198a152c0841ab054fb62b424613353822264adec4987ab45b057bc4f	2683	4	neg
fb312884756169da3dd1b71e6ed9bd14952e7dd130858bd1a0d36f4afc717420	2684	8	pos
38edf2fd7387498682b2b2c2484354598ed0a3716fa399c2fd03dc32cc8ed4d0	2685	7	pos
2ceeeecbcf86db1a08054d6cf4b72e94f1e15626657da9c681c23e73788f0f34	2686	6	pos
91a8d4fbf901abd02687937023584b63a02e745eeca8e5a78cac2874620d6cc8	2687	9	obj
e95a8116b086bd8a976cbd99981f4441c039e298f363ec5606eb1bce9a53c8b4	2688	4	obj
9783394bad89dc9fadb721e63f053ad2fcebaf45066a040c82a2021b896162d6	2689	9	pos
ae8facb3850da366822d59504ca7a4fcdcec7c71b2e83cc35c40b7b21b036a0e	2690	7	obj
b84f8d1fb1851add339f1f51f6973edc3154a2e4128c3ef86f3badf536b9665e	2691	3	obj
23698f1688a1aa7e6275c000711ed91697f305218c6482a09059aa74c329613c	2692	4	obj
09dc3d8c07458ea3a6d0a5c057b6fe0a60429d0bebb73e5153bd46f33fbd4177	2693	5	neg
99392ed5174788da618a88d36859a924da7928ff3fb8dbb4f91b29b9fee4e7e9	2694	9	neg
6f6f06e849f4c33e47dd6cb024f0447dd66ed0eba329042a9aa3b57ee087d21c	2695	5	neg
25a7448c24c8b007239abb103e44c0616005d7c5c96d9a7e382a755b80eee31d	2696	2	neg
8ddead83299f3b7e6a595dea5a03abbaf7e135cf96f96d8c2af074b39446d6b2	2697	2	neg
2b46f951f1391681f47589781a4fa0f7bf4d92acfcc3bca09a99a1e7e4d9fb5c	2698	2	neg
863f986ff829d9786d1d510f4a8d68fc485552d4cea2ab0bad288cda21102178	2699	0	neg
b185d8f13c5ffcfc9356ec70acfb80ca723a4f2ad54d33a0c431e53ef95af61a	2700	8	obj
ff914cf6ce9716a9494d97f18c737018b9b16c69632067faac1c9017101b822b	2701	4	pos
b2c421696cc6f1c0c623b904005eb1109015fac5c0840a70a5ee432d0ab652f7	2702	6	obj
ecb13c84d9f23c43879fd80af623cb5629f45643c2ab9fc87667db27d14ab8cf	2703	2	obj
595f89f3cb3272918ce46cc49cfa563ae45063fa04e3e88ca821465809b13aa6	2704	2	obj
c931260b7200e66202d829977214f02c9cad8806858f29d846a9f2acb36c1564	2705	0	pos
609ff6f4e987195d70005dc2c6f9220dfcd9f6ba226b026fe5fd919f314b8d6a	2706	4	pos
86323f8bb6427f89463f179378baf0f735b980a941543173c44c5673d0f9c35e	2707	6	pos
35f3f1cc9e5b9c9d5ca2a37c09290ab5568d5778e3ce8aff3f6e0837443d95c9	2709	9	neg
e7e4526fd652affd8d4d5c83c99b2069e4fac0535fd094309ea359bcc451693a	2710	7	neg
e7238690e6632feb6e0c3ee3187c1bc1368ce551334b558f7c942a8fdb5c1c4c	2711	3	neg
d2f75850d4f279900f7176e03c58bafe628a88e2949b928f97e71589e168ebc7	2712	3	obj
371d226e0957a1a110b0ae96b3f3e5ad49bea41ef8f6af8c532d89a75747f613	2713	6	obj
471fc87e334aa56572603f0377ce3fe0577c1d7beff5abedc42e4d4239225dec	2714	5	neg
97c7c00309a00a126a89c3e34330fc8c29d25435c9a1d61641dc94e0ad4bcafc	2715	7	obj
d2d0a6e1b013e9367c06520978e4d8b3b0050b9aa0c6a636b98698088622eb1e	2716	1	neg
c7a2c463369677dd9e7aefe62fe224aeeb678b0177d26ca9388b059e0b5936d9	2717	4	pos
418b04bdcff4c5d64c120b5a93b94a8ff9e5a54377f3a006fe43179f196044aa	2718	7	neg
b2de2185dac0804e6831aff75868f0383e46e54cd7b27689ff3175d5257f3ef9	2719	4	neg
d73156e3c553cc1d57c5a6c24a1a65b7b5969d1cc5a2836e08393eb838a8b50f	2721	4	pos
0d1deb721284b9433d3a3b67fa0bdf47c31793c60a7936c2ac74d4ea17262aa1	2722	8	pos
7ee1c92e9962592a4206a30058055cd9d1a0f15d0516fad88e4700cc10a9d88b	2723	0	neg
e897f756881312f9798776a35397940e4744292235614d9a50ee42b8fc6b2886	2724	2	neg
9d61b6c05658a59cfdd19996aa504b37df93cfcbcf67381d3408ebeec466b53c	2725	4	neg
6a437353863187b1cdfbf4469b12bfedb6f54b4de981ad0284ac378c77228b4b	2726	6	neg
78bf6c3f988fcf5322adcaaa32b0c3e60b59c06dc093a350104fe5cb5bb939e9	2727	6	neg
e3966d980271848145c8415244af11582fff860ea46e1600b7b80ae4834d2d90	2728	4	neg
4b5833a25cdb76c7dc597cbe626860038e75bff4c5bf5a02e3425b933a37401a	2729	9	neg
9d4d67d58e437eb4405f9cb145d109bce616431f8277123fb6d97bf0b26d7466	2730	0	neg
4f2393160d2429c6aea039ae097e2baf1d6de6c7b6ffe49261c714ec6d3dfa94	2731	1	pos
c0dbd6ffcdeb44aed18c73bc54559a14adaea6b592f75edffaf81926193d24ce	2732	4	pos
38e973d1c8227182fcc787fe05b9261cd4b2ac9a91ff76799c442a4fd4dab69c	2733	7	pos
70a6f8cb66149a4c4fd59d5220fd9d1c215b5ca21f5fc60406ac9080a7381915	2734	0	pos
ee524205f53c786dd80eebb831ab67bbf3a20caaa03fda4805000a21d0b537ae	2735	5	neg
a3afc828aacfbfbee09f74e51799727b47dccb007e2e83d163a501c0e248d286	2736	7	neg
2f6e542bf8a22e185bf9282d47e638e99c07363236ada6b56ca716154164670a	2737	2	pos
1bc33a0fd20c630031469c8b356fe710d21ec2b47483a265e0997731004fd823	2738	9	neg
2248951696cd089789e7882a7bdffbc4e724f2392eb0eb07b38834c9b345dcae	2739	0	pos
03d2c8c148621bcda2ec23aecdfd7ba5192d2a2f3aa61d0d1e8cb9135638e00d	2740	4	pos
7d91c72b10816e7920c42dea0381da0f8400cef1f62f96d0fcbe8c32e23578a0	2741	4	obj
1d9218adb855ed48522841e3f4502409f0e5d8f40e0e48f50c7b8556e55131c0	2743	5	obj
e5851c228934c6ecb38cb4406336c3445551750a0ccd79bca3ba03824df4b24d	2744	4	obj
70d2e76e4f1b4588a7346a87a21afe5ba7067fc764a364092061a02136db41b7	2745	5	obj
dc082254fc23205bac17547a180818fdfd16a6b646c0a8dc0e68023d93da2a3b	2746	9	obj
799cb31f3e5c5b4d1257a13ee97c9da254dfe8a3d4d1152db553d81b22ad5ecf	2748	0	obj
34156c6545edda3caeb9321e3f7c2aa6448610edfbf1f3deb70e5e2fcc3b4141	2749	5	neg
5e7d3c4e10524fdf323d7fdcf679bf8d23cedd7e94999c13054113404b74ed1c	2750	3	neg
82551189d587cf1331a83dc05a68e35b649035f380a3fa077cf973607929b8fc	2751	8	neg
e82bdf773cbed76485e74093150dd8ac64099ec586bc53cdab675e609f116a08	2752	8	pos
29b41859ea9bcfb547ea67c6d0fa6f591e800352fff9bdfad115f4002bfe2b0c	2753	1	pos
b75a80c019cf90db2e41621686e1e93364358b624dcc977bdf502d5438802883	2754	6	pos
c707fe16a9ed7eba7aeade44f4cbe18542fa04c1165e3959fde596467db515a8	2755	9	neg
8c17e018b0c7c0c267ee739a6a9a45c5f540f55a06ce5cae2ecd0e1570e5816c	2756	9	obj
906b85f160a5f15e44dce8c32c31ca960e86f3dc33e607bb483f2b115017fec6	2757	9	obj
440982a6dd83964b2621c4e5e28db9d490f6865f336a82f4518c07f40e44ce53	2758	8	pos
83f985a9e881cee1550a19486c34b768edc92d657964743536a09591448fe1d5	2759	8	neg
f2054a1960ea8a90100d9ef8ea62106b060091a5163fa589f163ad677d7fbab4	2760	7	neg
1c8c0c373163ce50affc14ea1a49fc2e2091ff6be2618066e42ddf4183c8f5b3	2761	0	neg
fdbf8a3b84031a5211c2ec18963e8add8050c7a7bbb6eac3fd13151219eb324d	2762	2	neg
ea6aa3dbdceba1143c5c5b361f3238a8881bb5d2aacdd8ccfe7a57c5f1c07c00	2763	5	pos
3e892f59506996bf9832a1f8d20a99ef3b38beb7a03f01e6f3b3e4fd19467c87	2764	2	pos
9b4bb69b047f446305d15299b40b380d4a827d9db3dd8dac95a79050e8e7e3af	2765	6	pos
e6e894744652a05bc3342063cd8340ea96c49738bff0b4e730940005ea7e8018	2766	8	pos
9c2c4fdf4c2c9eff724331ca67052d5d3e67921917917009042873172985a5c1	2767	6	pos
98becdea75543e0ca28e202548b0aa8a446bf67d1e609c8373abffbbd4575484	2768	5	pos
f05b6e0967be56bfc181906cb57832500b2b36ffb81fbe8d0c6a04828127bb10	2769	4	obj
6e0e920b8a94d20fd08b39d05e3bb79068044de74e097310b001596c3a11c7ff	2770	7	pos
67101b096727957ef7dc7232be7f5f95c019010d72726e2c684e5c197e9e9131	2771	4	pos
11e6dc0c5e5d89c452fae0cf186aef30c4b9efaf0daaba3ff23205f47d7b2d9b	2772	3	pos
2a5b187a9c78aa086473d7a8bb50868c4b18fc8dabee4bbbf01ab14ba27b4389	2773	1	pos
8acf8d4bf6b6b3d924dcfb9a072f99673bc15f4cc6187ad1eb7892742770eb95	2774	0	pos
1f3440652ec85b30508123926efbb731480c7ad774dc3b747fcf880683f8f433	2775	9	pos
63c0b3388bdb3b60de06bffc3b892dfc0be4cc37a05b21a3a7f4fc8156ef748d	2776	0	obj
29317ce5cb7cead7626113da2b17ecfe939f90390ca575854d2f302852aeb2a1	2778	9	obj
67ac671186f4a62e7184346aa025626263400bb547c55ce05fdb71bcb8422ac4	2779	1	neg
3887eb3159c69eddf96a086f08315d447946e86cce11667a1e3798a453c915a5	2780	9	obj
7fefa675915a2c34836fba920af23bc6174c930e6b189669654559bf22a4b109	2781	6	pos
ef815f8ae1ac3371a32f2c82d02c93b5570212903a75c29ba04a43b6687452f1	2782	6	obj
5d61a51bffc1b47dfd40492af9fe5f660f9a7fdd5bcbca125f7a97d348300d18	2783	3	neg
ac0f95d0b402a2266a69b3931dea1724d86212d134f369823a4b2d1aa83f4c3e	2784	9	pos
c02ff5766c0716eb1eae189c0d9c4387a49cb2cd7851b24c24a2d3a1646fdf59	2785	7	pos
ebfa12344a520668ba83545138279e86f91c455247660e013c0da23249963c9b	2786	0	neg
f3b4274a2153b760f02ebe4ee7e26eef9853d9c59ab232f7b523c51548da8532	2787	5	neg
8f3cdb0f924ccb4aa454ab8b9b9e1f50768c58b23891f561edfcbbc247b5872d	2788	1	neg
679628b4b8619556086507c1fb9f7f96fca25f5f3b31030dfbde88d3d5f24aa4	2789	2	neg
1c0f584d17c6b17686da3ccfb6e854c73aa494914a04505b4ea3ed58b9bea2c7	2790	3	neg
cd272f7ea1d925ad9138d3aa872a599cadf03a2f6b6715fe85bba1e692baf372	2791	2	pos
8990f47b09123a1c25a33d153689903f7fd71f0e6996a86a8208370d4e95aadc	2792	1	pos
864f2404aeb9a2d278d424be3e4f40bf4d03050319567fc377662e7de9f799bb	2793	5	pos
884edfe5ed6705c42e18769da3bfd08846809d8b9a54286a6dc28ec9b7dfb8d3	2794	1	pos
9cf593f26cbb56937b145a4d92fd138bdeec17e6cf308983326230460bc164e2	2795	0	pos
46c71f372c77dc4d6cba0badc559f13f523828bcdfde123b641262d9a7fd27a3	2796	5	neg
0d4fed1d8e00b5b5106285539a7569a7d30bab91c76aec1724b8d108b59cea81	2797	2	obj
ea44765f3fbd74be1666de6222063734732881cf7433bd2612faf2d263537c0c	2798	1	obj
3a6084a3173afcdf6cf22cc4d06adaedf185c0da40dc651934ee525d01ae9da8	2800	6	pos
3935c89908b59e6cb0543e64c2b670d0c0e6bb77d7af272817bb709bbd9a4720	2801	3	pos
e9069ebbd71a7df83940a433de5c5e543bb21824ad1dd06d0d2f64cb20c715f7	2802	1	neg
c9c2357289d04a6505ebe631a3d9ff2d744289aac7a7f7d4790bface54452275	2804	6	obj
73fa0e70f9c4986fb6ebaaac9f4695e5f7ccc3e4c4dec3ef2e6081b0e7484b51	2805	2	pos
1f01bb673b4fa858ba383686fbd7661cb5017f76e2fd897434d0abfcea4ddfc4	2806	5	obj
4d2111541c0816b95bfea5b84c6dc987ede42210a002d8ac1b202c389da23438	2807	2	pos
1a7d12c5f248f8e819e2022166c10dac40d4d0ef225fd62b8943cacb1b519dda	2808	7	obj
47835ddb82b1099b5728e18c5bab9adce836b6aa2d38e3bdaedd81d516c73387	2809	6	obj
be482a773b503d9463b62d29f8892a7c74f865fbcf7e1e8207a57fbfd02ff55e	2810	4	obj
a683819da0d00e7823dac5ec4ad5e7394d74f54f49d6235a38acbd971316c78b	2811	7	obj
f976066e136ad7bdea643b4177b39e27b4d988dc2f338bd06fa6e78f849fdcec	2812	7	neg
21d4ec2a08ff0c78abff6a0885b306797ffed0e6fed60bc9215f63603ef12d7a	2813	0	obj
c7e28dca40dc6b97792f25edb9a20cc56d145d4714d9be0525aea047c7edd5ca	2814	4	pos
51d4a0872406055afcd67af95833a939deb4f605d4de68929d06e2aca639426c	2815	6	obj
0c0acf4c641ccd2a2bb5e7ff68a1abafe0e97a0fbb62ff6b2ef765593edfee7c	2816	7	pos
b8f432f366691ef74ad21eafa1f4e0f5cba9da58e86e3bd880ade68ae1f22da1	2817	0	pos
36f7ad3c1662e7d1e5010e0244a3b0b0eb5bb83c2dca5db68e2b4a196e806544	2818	2	pos
65de3384eed807e5100c78ca2abb18a05974123c823d294fddf68b79bd333816	2820	0	pos
80a39061f1a9c564aaaf5761ddd10a00ca4bd09b2be0e3b763e4f148bc9dc6b7	2821	2	neg
28eaa2a37198875daa084c3d8d7716a70a96ae332064f58fa41e01c0f190a046	2822	4	neg
b42ada7c14d40e787360f5f2a48b9d73014d2a18e099ec6ef4f4738b0f56714f	2823	8	neg
e2fbca64a8c636b84c03b94542bfb6e032300e2ce1dbc0b2317fe39f2ad71882	2824	8	obj
34c66d92d501e8bbf8b9bc5391d7d099114273478d9f68383ed279cd91be3382	2825	2	obj
af75f36250b91e350991ccc9b9dd17f0208e3edaefc7ed3b2038ebe9e7dfd8b3	2826	8	neg
dabdac185028816059cff4f4dfaa720baaed38d5c8333727bb1943cab04d8080	2827	3	neg
b4cf9a3684b88c9402823de2bd85943088a5c9e03765fcecf17614c5b491af60	2828	9	neg
2e1d276d657fc33b0b096f97b6d96827ec70a3de65de91557bcf49e09e77f851	2829	4	neg
8a0d9ef920bdcd4384dfed83568a0623230d8f1014829cbe9716a8d4f779cdc6	2830	4	neg
1882f4e272be2692ae1a394a66caab73fc95ff9ef687bf34c0c5f0eb21b92507	2831	7	pos
07ad7075849afb8affc4b7781b44938313a16f591b27651f8a04a573b0fd59a1	2832	5	neg
c340884c20cd84f17ddee6fd2405463ddda76929b7e39687965f7ae807810cdf	2833	6	pos
eabf263c7300f6d7d158615473693cb21ddfa9822ca1c31208f677bf1b425520	2834	1	neg
66502fd56f00536e0a5286db1e3101fe701d84f66379c918c1fd45989e39cdea	2835	6	neg
3b44e3f39923cef39694e0c45b7c7861349244a2a0459ed51f9c714c495e06e4	2836	7	neg
580379cd8c8b1935127074ac77181d765da70a01bc122e2cee1b8b69fdb6b907	2837	1	neg
1894a849c4eaa0aa1cac14b5ffe786554239315ef81d5b00bf968b9ec07ce16b	2838	5	pos
b1048eded4f0472b0be6658cdf6415899d88d1463b76277c3a036ba1277f4188	2839	2	neg
0cfbbc6bfc854f27b1a224377ade7955dc203ceb1f78d0ab77be3c7fe6891a6b	2840	9	neg
f86263d577bc854282b1ff56ae1e24eed7eea70aba8abc9d5d6c4619208dfec5	2841	9	pos
778309d59780c8d94de34e94ce168c03deedfa75608ff717035988ec49d58d5f	2842	2	pos
c2a282634a994427d3eb68ddbb2570b062eec00462c2a4d9b3b9d519806c21d5	2843	3	obj
acc7275973a38c9eeb736ff81a56a73ab55c2ac2ea94b4377c4661b41694484a	2844	5	pos
a6c71903a1046a93337659483da8880cf7517fb159b8640ff95ef765c2cb881d	2845	4	pos
c5b3181b631c5da56c73540f2d05ea14a6b630dfa7a8e75f6dee94101a448408	2846	7	obj
5113c76b04f8399a5bdde14005d46165c92f52db0ee33f483e7474696af456ca	2847	3	neg
9f7b1e50a7f7b414b83623e29cb63390a6b937ef671685c7e0c2c847ba84525a	2848	1	obj
86497153c478d1b28a3c6c47e3225d39ac2760716dd81d7e1e57eb76c0334fe1	2849	2	pos
1c07f7afdf2ba061728ec02d7143b7148b053991897709cd8fcf096e32cf3a5d	2850	1	pos
be82e1ff3b93e6c4d73a95ae9e2e181372100e81ebdfa88a2fd8c9fc1c8faf6e	2851	7	neg
ad884e6529c0bbe74cdf2b73757835b9e590a479059ff35606151435b4b28715	2852	6	pos
101a6becc1b8e65c91c23f872f576f4d1c01badff8679940534fceeba6c0c525	2853	5	neg
5bde8b8098583912ba2aedba19b7f7d238251b31cf3885390ad9368e5ecc26ff	2854	8	obj
e4e51ca4ede370b20bbe585571f091af77f20b5258dd0905e5cf93c85b0252fc	2855	2	pos
55d30bdaa6e67a8faba5683fa276ba6d139933a9d1f95fa6cf62e0df4f5f8642	2856	9	neg
765dc6d93c5d004dc4f15e84da856036e0715fdee275902912cbfc1045de7610	2857	8	pos
c6d1b601021bff099106a615071c1b8b35010f8f81a5b8e2d9da3c8582287197	2858	5	neg
1da06404aa6e5ae34212469d4a49b61e38d40ef6f51786fc32ca6462ac3ec931	2859	7	neg
14cacabdd4b8ee686ea9fc5ebe3cb52acde3b712f8ce22a740013a632bba95a2	2860	3	neg
e84a3db24cab0c7f69aa297c17e7c7784d446744bbaa16892850ced1b9cd31fb	2861	7	pos
2560ede2b86d3b4ced8390385e362c308d9e4107331cf93f232699ca6a7e4b88	2862	1	pos
e7c504531d0bad3d1500a23ba1b19f9eeb1d146768f382f0f9bc0fec77f728d2	2863	3	pos
2c486bee2d089ad0cc39da1c49e61ef1f1331ef9155c2c6d8abf497f738d3727	2864	3	pos
464c0ec70e96a66cd275b1304adad8c1950cb8c5cd45c429dd3f5e8760da8fd1	2865	1	pos
6914db65359c1f77ec9f70598444a8a8969d60b5fa7a401252cd7fe006e71010	2866	7	pos
1f20e9fc7fcd61fa8380517fc9659e8c6329e7bc0b8f10fc68298f49ea3bbf12	2868	0	neg
c4e2e3465536d33bef082b5737c44d603ed7be761082a7725d3219308a4e7639	2869	2	neg
e68b7f1588080df9dad24eea0f60e4e771afd6b9bb1ef47b37863dad9724b8e0	2870	8	pos
fd141c81b49bcbc6e264437746d97d2e4a08bc9b9008fa149070d7a97d6ecc97	2871	1	pos
6dc411611482af9608c25d8277361e6d44b3ec8db724bbbb5e9fcb457b7ad9ec	2872	8	neg
9c4dc5d4b69240c05d9a26628c42498d264c44eb91f36b1864501c0c35b757d3	2873	6	pos
7489605e4db365ce07d5b4fd4ddefc501b7085f83d736c4339600b3fde540f38	2874	2	neg
0e7a3a045b9e8c7749aaa5f8780dbee807f5cab0169d16979107cc0fa7df4c78	2875	2	neg
3b62cbc98efefb33fe1842ae3413e7f7672d1192b36e1b5507192d8428890932	2876	8	pos
3b942b94e8dc40feda2ab8928037ea323a25a384c256a6009ca9d2bca4b354c6	2877	0	obj
b8fb2a2367ccc56fd0ea04eb8400dec50f3f1fe5c6941be4bf6f1501e1aea9fc	2878	3	neg
b265e43823e5913981cf87f1633a3a9a1aca44611b02c220487f5ef1484514b6	2879	1	neg
958fa362db721a5fac8b62725a9ac28eef46a6b6a718d1cd208005f1144a944b	2880	1	pos
97f8a088ad79d7019c487f7a64de1ac098c39f827f7aa47b15335825c8172888	2881	6	neg
e356eeab0f56201e9977313c99a80817fc537e726effc586354e18378b55f32e	2882	0	pos
bef3fd45c24305f42320cf16628ad68a51babbdba4830ebc3e9eba171c1975f9	2883	8	neg
1c8bdfeb3dab72c0b1900c5a794fddf34afcb464358e758590641a228160e33c	2884	3	obj
7986b748ec0009cdaef29c73eb382c5b22496df21e6e4f58514228fa00b90641	2885	5	pos
96e626834f16568361e1f9e6a0e77aef598ecdffb0c6304ba3e0a02ade272e53	2886	6	pos
c16e1751327bda709f702a3c48baa175e2fe5a31736b94fadc1f364e1f7d4bf6	2887	7	neg
0cb7206eabacde25f6608dd04d5e33720c945a71a27da5756abd04a66d142485	2888	9	neg
e7958d34cfb0260609f6fd7a73168ce97806ecdd7503b69516c138affa829ded	2889	9	pos
119cbc03d1d88d17610e5b12c13315cb9016cd7c15379b9360124a16abe985ab	2890	0	neg
20c4ec77730680717b912872748f67880b027008e7773f691035aacc2890abcf	2891	6	obj
6d0d1280093fa73d86d9f5e8e9f268f973a4128241cad901087cd1e444e37874	2892	3	obj
9468e0eacc0208020ff376b481cb91048ba2ef65984aec9265d5485f7fb983bc	2893	6	neg
ef0004e58d952075bb62d8adb68c2d16445fa3607c031121f549852588eb47de	2894	4	neg
c620d5ba50ee2376d3383cde52382b29be09be8a7e1dd8df978bd99d74a0bfb8	2895	8	pos
f0031a2eeb7ca3a4b7f1ddcd68ef3fba93a1da13bea827b2f0685d5a8fe063ba	2896	6	neg
2ac5c2aa7f36d19dcfb0629c570272dda95bb94ed8ae627aed0190b3eec8f5c1	2897	1	neg
f1d84468addd5a271580e067fbe3d988e46c51ddf5fbe3c74683b469d5c9517b	2898	9	obj
9fd55316bc7d4ad2b93da5e04faf66b0e20a6796cecb80e4764c1fd5a86c6750	2899	8	neg
07223e0a04691f16bd737151d587eaf2b03c427256db8900eb03e455765b6591	2900	2	obj
d06ef765778ac35fba115761c0b91c7aa6527e441ce6a23c67abe4fcd89bc1a5	2901	9	neg
9811e7abcbdae8067f8a6ec5268459fa065ccefc15f38af1d3fa31518ccd7d88	2902	5	neg
a837e14256682e6bf3ad15447144cd4336d4a04e0268380c4d2e25b7887b8842	2903	8	pos
ff322f663f4d119bd0119885c8ac2381cddf76ebf7beee7291c4b75fac39260d	2904	4	obj
dabcf07212adf57ae9c92d062a19c5b16043e5b22815321c6247f2198f48e2e8	2905	4	neg
28fa94d224b1251c0bf7b6b352a3f10b6c602ffff32317ffe8077c5500358f92	2906	4	neg
bbb9130a0d1aa61657b45c86d3a8ed07b2b26389ee640678c8ee56377439dbb4	2907	6	obj
f17d7ab71ea5cce203851d279793299241e83af0482da4edfceddc061c77ce11	2908	8	pos
a5337fbd254f42e6b309b72c5449b20b5563f12ddc112174668d03e05ea41c60	2909	3	pos
dd784396e49f5daa84730b8083f55ce2267f538fb5d9bf4e30aa40b34bd29808	2910	0	pos
02a3e1e8a64b8b9813f05cf844c67cc507a93511b5555d42c768cce12f6264a7	2911	8	pos
52e2280c73f08feca5d8b1d2d5eb0c8cdba1109735a49a3a2149fa2215a6dccf	2912	8	neg
3358207d0a641b3a4a90a3b03592e0090ac3507ffd6b721f6c78548f571b7e56	2913	3	neg
5d1a07511664d619e485e75da47b7521a45825e70f357804183207b8987e6da9	2914	3	neg
bc15d99897f54281b83f86962b8c5d13dd7278ed94fe6ff4e6e19467444cc307	2915	4	obj
3fd8e278caac122d3c47f035ea8a8269b6420fa2a5feb36b758d2ec0fbd6a338	2916	1	obj
290c124dfa82bdf29ac361472bca7f62993107d5c12b30dc0318a2bf5867a70a	2917	3	obj
56ddc00d6d6776c2016cb7ae28687f3652b0409e3397076ad7c5170333adfce3	2918	5	neg
6a3a867b08e9f615c1da29f87b6545b7ba93e9df169fbfdfb8eb36adb944cc0e	2919	4	pos
f016782e8092bd71ff95a5036dab4c9df5df02266eaf8826226dc8e07168c22f	2920	9	obj
5c62b0a32ccf8a3471e7db9a6e4855b0c084dec3479497f5666bac99292a446d	2921	3	neg
c6d50ab2311aebd8504775f2efcd590de0bcc7c992063207a50279ba88ee91b2	2922	4	neg
13167ef090ac7c43bed965113ea82b29ef425557f0bd5e713b4f6a0b19a1a13c	2923	8	neg
d5931a3b768cff96b9988d3cbe9263d3d941c340184c85756797b3b1a89769d3	2924	5	neg
7c40ed240bd0bee6134998b3373666943009235c414c5bd6fee88d529eac526a	2925	0	neg
a70ca7978057e75d73b78b1c2550fd53c2b1b8a6f64f8da4ddbe4841db65918b	2926	1	pos
1736623cef5b507337d4f28dfb94ae22bfce7c2fc917591c7bc14f469ec08a8c	2927	7	pos
cc7e6c52678d343d13dfc58ed26764628824d3da3896e5e8221f6c56ed6e0b8d	2928	5	neg
c5f92e0f545402b7edec70e2b2a6c6be0f152964436031b29fbdd898fc9733e2	2929	5	neg
101d1fec064264442b1c1119469fc01657506be96cb19980a80adc991982d333	2930	9	obj
74fdf28e7cdee7c96616be7365e0f7097f78cbf264cb0624b7370a181001b9f0	2931	0	pos
d474d2b548dcb927120e625f02042a4d86f35888233209cad568af408e86bf57	2932	5	pos
19d4b28b552d97742ae45b813c984cfba5a087073062822c5a07c35071631f39	2933	6	obj
6f471ae53864b3877c3af0d558f714028eb7ac4391392b3fcff2c82d0fa2b465	2935	0	neg
79657d8433fe3df00add0b72e1dfd4b0f60c6f268d1bf34a12a052513cc86f76	2936	4	neg
86aa0b835896be5610d685dc5bc9e9b4e523162a08c488ce2236dd541b16d20a	2937	4	neg
d2acd86832fb3d2d5978a8b38526e4412a1f32c7da49441eb678ec8d7c60e198	2938	3	pos
318f98c805ea7d7a27246c65580bf0feb918786ea4322eb1fce327853a9f4467	2939	2	neg
d447f3ec6e3e2cdaecc59c33fb1b5cf98030591581a6d86e660919d45e1f93a3	2940	1	neg
ef45def8a10baa8a488526f9b3fcbf3ebfdadde66b3d909cc099909474e4521d	2941	4	neg
f4c3023d0818f0b721f417418ecaa6913659eb16abf614460100e42e6176a4dd	2942	6	neg
7ee1bdbe201107256bf0ae6962c66f8f9012d3166adc4bda2cfc9804b16ea47d	2943	5	neg
bc28c92e2a70562444c18fc668e3f006911e0b836d9f2be652954e35893761aa	2944	6	neg
48692b4de6c132e260e809082e9a972c7d39e1ff841606fa9655afc88465de6f	2945	0	neg
0c23bc15fd1e20faeb708d0a81c591d73d7ab456114342173707689d301f2178	2946	1	pos
9641c02ab414eb35e4bbbcaff043c29e3c2708087818f0ea99b1d87472f3d337	2947	3	obj
ec4eca3886a55fd52c2c54c9b64b22440a6766ec8cc40bf7f07688d1217098ca	2948	8	neg
e6e27e3f9b4e990946b9cc37fe7f23b93accfbf3c5893195d786df47438ae1b9	2949	7	pos
9a4fac823484b858ace2345c5508fb3da2e0f3e34c7315b8511b60b82b1c06c8	2950	6	neg
ea8157839af268c931f52bf97f077215394f09a4ac256c43133874faed3ce8d0	2951	6	neg
e12705a9d2b63e7a15b514fc8e13a4d4438357c79d3be981ef3c048afcc26a62	2952	0	pos
05c599eff30ff67faffd3550d4fcc78a3baadc31992c16c96bf874a9e9327699	2953	0	pos
bd2b9ff5f4d2d6f36b49b7471d6a97c2ec50bb7c9bf9e3f542c44eb8105781dd	2954	8	pos
33ef84518db9beb4c9f3f8c53b22a6970c99f11f0d295e05f6e5509cadc7836f	2955	2	pos
77d58ea5d53a39574d7bb13be332a1570f4f19d0f1343e28bf6ecf4570e83f4f	2956	0	pos
41d8856338dcb932757cd1310d7ad16dabdc0159a86337a71028f3c4acf106b3	2957	7	pos
01e338bffb3af5ecfefff101dda4eae0531fd297c52384e0c49ab1af45283c28	2958	3	pos
796e52462a4337d2295cf15a83d874918c9fee99fbb9b5845fa56698c4f17582	2959	6	obj
5188856925fe1a727ee235592cac972d91ca9c425d349cac9b615f6b20651535	2960	5	neg
82528b24980dc3041af8404d92c55cd13a7aa3a776fe957c089683f92e0f8e89	2961	0	neg
eef43f1e3067370dfa0b4ec227e75a97e5f1f4113af06936a7917bdbf1eaa253	2962	6	neg
15d4ef3abfcb06833d94fcb99d5e5f7a439a2f222983e22fa10d0e22023b2f28	2963	4	pos
375e908504dc027eb37d2fcf5d57fb4f8cb6d32a58f6c407c7bc82824a2fdeb8	2964	7	pos
ad7a6912b284d074d0c1df16fc6bdf01e68d5c57c16238f71a968de5e4676063	2965	6	pos
f12c74ae93225af93c51b54bf0a28ec68fdb93f8ab30ac55637404e289cef6e2	2966	8	neg
2620e177d5c9a61bc10961413a36e4c28b580790430289b6f31191b410da43c8	2967	1	neg
786beea306c091c15bc517c0a8e9ce33ce62c33bf60aa2df887b9ce81583423c	2968	7	neg
65f078cb32a1ea993e33addbebcd26472be1b8451ce90b20b176217387b0797f	2969	9	neg
7855e3fa12652db7c328ed51d5c296e102489849d528d040bea944441655b7dd	2970	7	obj
4008c31c55af574d5e37dec27c5d64121de680a64ca00aa56fdfdc98c45e4598	2971	3	neg
b8d31e057f066f141d954562d0311108caa40b287fa5bc3e82994111e1332b63	2972	6	neg
351509db5adca7da84b043d8886e5bd654ec3e0f460be1ad4714b2e8445d77c2	2973	8	pos
2bcf41b6fe0f06ab88b35a7e9ec5d4c377665e14aa3b819f5081c8bde6a5ceef	2974	7	pos
5865af9f82801a8fe745fd37212293db0a3d694915d1cb32caef5fe2617fb68d	2975	7	neg
05b0ce37fdfc66004b672b93d61614fbb3f73a6b709cbdae95145bdfc2ce8959	2976	7	pos
cf1cb364816c8232aa01a7440b5204de48e9e2547d075cf0d0f8ba13e6ac6390	2977	5	neg
4cb0a8a330f4e70b085bba0082ff4fac6fa122416d56ba9dad36890701955938	2978	4	pos
3b932ff4c9c9add5bc5efdc8cbeed39f19dbfc0e20d7b6f49ce793edb202d6b3	2979	0	obj
d8c95fcf2e1c818bb9b7a4ca29eb581655e0372500a1463621c590e71b1a88e4	2980	8	neg
b6a20bd2a7976c582d30f7076e63af8409965e4be7b4b7c3cb837204c145b610	2981	2	neg
8a814756d3b3d4baa95c3bc2d0bb80231a106f6845a3b6b1b78a68f3d13ad46d	2982	0	obj
5bbcffc3f7987b9ea852f8f2043dbb6c4d453392b14d1d9bf34313808e70a0d7	2983	6	pos
40e84ff959863f12c9283c06ed1fb0fc3dbe70509e1bef518ce4122ef0a888eb	2984	9	neg
101f07547acb6d96d098df85befe001fc256301b8c43a2edd904531dd717d896	2985	2	neg
0218d1e129415698974f01702243eaadf0b6743eea20fbf8e4000f1d8b734dd2	2986	1	neg
ae14e3beee205fa046f6302d02772ba4c74e5691c48940a54a5339de1810e1e1	2987	3	neg
299e9f0da04bc15d97b76e6c4daac8ecba6eb9db60131bcbeef2bf3e3141edd3	2988	6	obj
78b554c7dd103240c07368620e86e540831e2b96313f2751710fbd63ae534fbb	2989	0	neg
1589cbc9b44ddfc46857f58679037afc02b4135dac111bac0c82b04c5d606680	2990	7	neg
abd245eee695eec844223773a73d45866a3fbf217b54a8d0e90de4ace654fdc2	2991	3	obj
6cc03c310ad6b9fa921b675677df724ce4c31800c5a3b26885707839654dfe28	2992	5	pos
4cb1cbc8e18a623fe704116eb3b0360f7adbd2ef4394cef09e1a0b54dba7a22a	2993	2	pos
36b64893e16c853dda27b17b095dffbd2c02e3f0bf08a7d6407208c16312b1c7	2994	1	obj
c4071e4a383795a9bd3cb9c0bf68632ac804e74063cb63d548570f2f13c399a1	2995	2	obj
bdd9d5e5a52addac95ae59bb27d396df03341504691a8c360232ae8177d44b83	2996	6	obj
1c92abbdaac8268da4923f4a3f529484fa4286e501bc0cec94fd1646590e1d98	2997	2	obj
fb951e66518679128f5870c77dc1fd85c5d3a6721df2866d0ca1578a244cb68d	2998	4	obj
29eaf25b164e138aa9fe0d77fb484826089719dc46aa86eed601f4a0054c862c	2999	5	obj
2225be7bdf42eb516ea453b797ea627b04e9d69682c6a841014c24bc7ba84fcb	3000	0	obj
a047e7a697bd9ebe778c7d53d2b9a3770a324a4e13eb958c3a828464ec5b7af5	3001	1	pos
49509c8f3f0d956a1cb1fead986677c1bcded08c62db9ef4dd4e45b45b6f8bef	3002	5	neg
4aaccfd66d22b1c21c3b352a7cc26a93b1b8ec742dfff37913117bd86d8e0b43	3003	5	neg
8b89d8a13aea074d7362c3d615af723e28818a029cfbabf478fb87a52bc55137	3004	3	neg
2fbc8d12ed767349d3fa68de19dbe2c60f771d4756bb383c026bce02b076f1c5	3005	5	pos
fdeb970af75bf73b2fe42f8fa9693ad2efa86ad48f002eeb4fd3c3d06931bfe3	3006	6	neg
1ac289a22530ec95a6da5e334c8642a13149f4c21e324a10779dc2f95ab761af	3007	8	obj
6c1dc2dba5fef8cdc326ecbe2e06840e17ac997ef17d1400619d9dbffd72d059	3009	4	neg
c0d99e73338a06ff18e48147d0cee7af0123bec3eb0b139f9d563f5186860e6e	3010	6	obj
1de97b9a246f55eae52cec7ba9778a09f379a12ee5a723ddb6c50e19dd57b4fa	3011	2	neg
a420e81fcac3eace14fd57a399b3679d0e48b1e5577967af3699bf6042718de1	3012	3	neg
18a67c4ccaaae030925619fca5108c3ce93ac54a4b223ab14708ed82e4ea5683	3013	5	obj
a000e742b59fe8f39542b1bfca1e2ce5207ee6867abdc507ce7251c816e64c21	3014	2	neg
e3d48bb02aa4794e88a00ca0f95762affc9a1dec66adc917c62af45376bb23d7	3015	0	neg
1d192fb4663b4e65f1d7d436c905651be9d9f3bbff9aeb1caa2b00811d358e85	3016	4	neg
51b627e48c0f06e31de4e7bcdc7814e9ed89950de50c725804e4561e7ec48bc2	3017	3	pos
ebfd220c4324e03df033e14b637427e8fe6b09be17e07be270e1e82c22aef2b5	3018	4	pos
8c2efdd41bb5d7ffbc4effbabc96823ecdfcc45adebb0c666d1a6253a94d57a5	3019	3	pos
fe5d618c3f627caae4469701dfd903b5c18d84331dd99a990bb1ebba02610e9a	3020	0	neg
d97d0ee7e061345a9f721b3e52793a4066b08766e64d2478bd0995efce5cd05e	3021	2	pos
4676c74f01d51d51f232d6c6bbeb7204dc41b21be6171f1b5891800a5171ba06	3022	6	neg
b2414ecc471bc5933cf69730499fa82e883211c2faaf33215b6300a290d90c55	3023	1	obj
74309c0ed848b89d4ec4b12cb70c4b55c24f8c60dc251f1b1b1b4e04b5438ec1	3025	1	pos
2d0dcb28fedf658ea0aec9e8ba0b3965977f540fd09e4a25fd6cba958bc54d91	3026	1	pos
704ff447dab4d0cf55f550812e62c4f683c3ae0f78268d1358550344826a3ba0	3027	5	neg
031b041266c05dc1d1a722bf4549f08c4064511cebb635a8903ce25121a71405	3028	8	neg
c9b2e181b95c9d2aff1e441e9b0f6e6335c3feeb2fd7bf6bfff43f9666abd325	3029	2	neg
02517450cd9f6ccc53d3a2f2aebd7d3fefd6e9eda7375f70780e53ac78e2072a	3030	6	neg
bd20265b72447b054b735ad2636e001debdeb14987852b10f1b2c9cf22a285a9	3031	3	neg
47d614f00e15fd61765aef1a5463c74aca1ff9e0abf051fb2853e099acd41702	3032	5	neg
a3a37b42fedaa985295b6549082a5d5f368fcaf6e25f90bfdc93b98e4c5c9cb6	3033	2	obj
50a5afb64616bbb0784f93e141b43320cc74bb008d60c364d45a3a22f48951e5	3034	8	pos
04b7d67ed549d94aaaf44deaf03309e8ec9ee32f10b4c79ba8032f14ba08f860	3035	7	neg
cb256c1b9d853f6bc4875b5b10a33e58bfd7e84ac700a49070046214093ca1ce	3036	1	neg
1336b59b8e295dd657192aa2a54c340cda324ae75716f8108a86622f20c1fb71	3037	5	neg
85cd42f181aea980038eac08aed1931506714805283cf953ca58170b47b44dff	3038	3	neg
6789eba0a115b1ddc7bccbaa274d8ae35cf2db4b62d21543ead6ada4338af55f	3039	4	obj
46a70b7c095a7ea87a9fbf8aa2d869149ee1cf4ac23265a3d510c4fee7913951	3040	6	pos
f6ea8ee08d7c381cfd28eacf75a82900ff3131a8dabeb85676fb39ca4c62b623	3041	0	pos
511891fb85206b6d9d7d28a0a8d898075b50a7326d0d9b9f4f528fcb077cf223	3042	0	pos
c234f377dfaa0c6ad4268bf271cd20344c649bd707366f79595f82729bcd6da0	3043	2	obj
14b15a52fc19e62a2939debbda84650edc40223b61cbe4ef50f02fb7d330fbec	3044	2	pos
07c928e98434063344c7eba8484f7280ada0377dbe43fcea49dd88900cc51138	3045	7	pos
698a84afb67ce5ee7be492c1b4a308cf80bda92c3b7a17287db9bde38ed4b745	3046	8	pos
31b2dad560f263a4a3b2eddaa1459ff6693809a7fbb05deefb13bef259b554a3	3047	4	pos
e16fab863b37f26a20704345524b43d020f789ceed7bc10b2e54cb9fb1b8f8c7	3048	2	pos
f40645c976eec90c9fbcd52d4a1f7f1d11763001e5f005ee723148b902e226c5	3049	3	pos
1cccb3d8c5eb1ab2ec140bdc6ff68b1e409e37f7fea0fd79517e297378f2ff94	3054	5	obj
ffa1aa7d7ea31c30ee089135072cc0bca5ca4a3b2575d440f71b9fb2ffd5c7f3	3055	6	pos
95d0312731ad1c68f7dbe5e90cea2b31f45e8d892e53ab2e8bb2503b3adf40a5	3056	1	neg
d1fa9fee208f33dd4944d6668fb5ff89f265cf9bfe5a4d3d994d879afd1296d9	3057	4	obj
59e779897445959006b66e7c34b6b0a71c4670b109ef69c96ed4d233be57f0f2	3058	4	pos
2bb4b778f46f5519500b3cb8bc31539b6b88214a3be924186acf1d81ae62ba65	3059	6	neg
766a7242e2ff5cecdd809300489a6d39462b06ac87d757247accef13a7fb8566	3060	5	neg
662db26e57cc425af7a5d4556135495eae2a0c81e870fdca057e885b418708ef	3061	5	obj
acb53cdd76264dcb68d819e865a217639a7f895d0180e36e1ad3f30a4fa4c877	3062	5	pos
ed9d7123c3bf811d24363be21acfd7ed176b333477686cc52dfaacb603492aa5	3063	4	neg
ca1d99ab082ff36cbdec2b4b56e239480270a323f8931f8d4aeef0a22aa01370	3065	4	neg
bb4344b5f13a81a4f2654d883e35d06851cbb15e6b1e8d862ce0405da533ef58	3066	6	obj
36a1fa9d40a0b80115f5f8384ff3efcb5674d12d06619b7908133472091e67d3	3067	3	neg
9ef6ed7a564057cf0c7a05245996e15495935f12bfd92e538129741a619ac187	3068	9	neg
abf2bd055af2ac63062e5153d16b54d9fc31be2ad895c02cbf652f3180530f97	3069	1	pos
cd4c5c9b7e7782a4e7bd2540261345785ddab0101c2223b55ad46558a8aea54e	3070	5	obj
4aeb31e9e7d7b060de4893f63b96b783483af106f110f9c95658000c84aa8a09	3071	0	neg
36043474e7ae71ab397ffc96d4f44f129f2d63f51254ac5c7da82015a4a95ca7	3072	9	pos
bc3983ec54be8f6c02aff562f66298826578be2456308a19ffb358b8fd56d542	3073	6	obj
453b9496c882a8cf94dec02a6ac40e66d30a73dcc5e7d75545f590af1dbbddb1	3074	0	neg
4677da847813b5c49ce2171e169d12abc96b8f47d6448a2302316d29507f8ff6	3075	1	pos
1aa4926fed9c1301a23fdb5d43b5439f7c5a2f0150fd80d63a2118279a4a7cd8	3076	2	pos
34315b712ff05d2133c8a3008687378451c76649dca4bfb2067e2b4d7a43755f	3077	9	pos
6189585ff4855b551f80d60d6f11776a600e4f88780c5dcf3c4ecfcee92adfbc	3078	6	pos
fa34dfeef6ec439ca62c6433387ba439a95659f4708d8fb4777b3eeb7181574b	3079	5	pos
b73f94dc5de1784578db5d8630575eea0b3c37bf19fb21096e6cd03e2d920981	3080	6	neg
6f5ff34411ccbe0b3e034f9ac0ec7f16c7eda0b7d630455e0454e36e7c424ef9	3081	4	pos
361f2dea85e9423af4e15d6db1125b8e521c9f691e96bb14ee62799874534791	3082	6	pos
045f6c4e0fb1be75e7f74d88949cddf750cc5e1c7621eb6f315e9d3a7f0a96c0	3083	6	neg
0370c63a67967ac45ac2d58032b2d547abf363b85620fd8b6f432ffa4c695f55	3084	9	neg
a2e576d23f2f957d2e7b4f2f32bf0ca788c01e2a10eeb46b2cfc28334bffe565	3085	1	neg
09fcf38229c979d60ea95fe60871215dac07ed9efb136c74cd3af84ad450ff79	3086	8	pos
fcf606c71e801f650da4d343e01ef773fa257e973c927ca719928c800dddae7f	3087	8	obj
d843f0b06653a40ef5869f875e8aed623b668cbd0967dcf19833eb6b78cdda14	3088	1	pos
924da5a68587910f395684d433758c5b0865a8d1a3deadeccc6cbaf336567090	3089	4	pos
34c15205ea4276eb05ed588f08984d7240cbd5b3be396d33099898c6207d909d	3090	5	pos
45b2f82bb96a78bdf89375e682ac0351e55b327eca2e8e339aad572746451d33	3091	0	pos
a5592d9cab718f26fc7d2f955fc603e719ff2b41f3902b891262ee5ab2978d06	3092	8	pos
b07da0e4e0935e5d469c6ac0953d72c3eb9471b666649cc3bd6cad55a5c4b89c	3093	2	pos
1dcc2a57631fe077d12659e12d8ddee56f8b4e3c389a7a5e2ad4ef74819232b5	3094	9	pos
ffb5de46b5d68565f165f51250c1578ce0dceab23fab4247da152468dfeccda2	3095	6	neg
a720071c4a8faed61909833ddadb30e54a0fbc36ef2fc866687a0e9917b1f098	3096	9	neg
5ecaee37343501f148678e6d493e7d03face28d1504051d6a601b8692d8f0eb6	3097	6	pos
859b4e37fb7768c732dcff0ea5e89a635c59cb7d6e565006694b2a6b9842fac9	3098	8	neg
d1a5c12c55695b5adc22a7e44885f932230876a8eab395ee6bd92e9d19f66842	3099	2	pos
86d05f6297f6e75dbae5421c753208df551748eecfa0ad9aef408697c364323f	3100	4	neg
32835086eb29a276e77ee78e39cd2e049e7a3be1d2563dc1d9ff4b385dd0584b	3101	4	pos
1a517fcd91a607cc19abe8c84174fda3bdf0e1a762b1bc4172c4980721677a35	3102	9	pos
353907ab7e1ea0e1164da99015fc30b65b28d582589a2a318fc2cb5bf5052802	3103	8	pos
c98fe91b3c711ef8fa79240dbf402484eac16d06f55f26fcf6414b14bf05b1a0	3104	1	neg
47e1014c32bd05ce5e7efd03239a22f95804910ea9ad1d2ea4e88e8987c66165	3105	2	neg
edadc1fd3bd17a6e2262e236caf5d3e9a14456161e11b8a45a1fe6f853c40855	3106	3	pos
85d11f87aa2d97753c0daab41bc519b74d032fa1c7b7e6b162ae36c121c010c5	3107	3	pos
44eb1f9dd5693ee41538ecee639408680359e6b4b3dc9fe51e60ce84170617ca	3108	1	pos
c78c9d752dab407646cfc1f6df569a2bef4945c18ac20214b0186061f57df165	3109	4	obj
975f27a4c68ca280794cd47896ac82126e57f8f9999b16368dfa443e98b40f29	3110	5	obj
32cb580ce6e2b4a957685f73a41606a94f22447d6ea6f2dd82bd96ee9a2ffccc	3111	1	obj
cee76be0c97696cb596ce5e597ef57c4b90bd01b24284c06b5f72516042c14e8	3112	5	obj
b7b57f0471500a6717d2efaa48b0bda8d1d547aa68d886950352546c9c71fdee	3113	1	pos
be5aa55e6ba3cbb3be1fe1faa5a9428388e6cdd62448c0881a1c79c755732ec7	3114	3	neg
c39bb3dd73330582695430e3dec6824c17f192ff1a7dc5d63ed8c4de1301bcba	3115	1	pos
f5732f9bcbe74ecc50417b052ec5dd0d14172539be419aa80c5c93c83669d0b8	3116	5	obj
e5b1ad50c5e3d88ebac765a66effc5e38e924252795df3fd384aa692e0e6a357	3117	8	neg
7f65c308b839c955add7b2aa2714e4e816f220f1b4a424b35ddd591ec7f3e86d	3118	0	pos
79d51f53a6abe06dfe5c2dfa6ca093c8278543ead3ba468c819323a7cc63f618	3119	3	obj
9683b88a7c82564f72149934fc1e93bcdc4a36fb63628173856dd9a1f9ab2bec	3120	0	pos
adaab0e234bb11f753682c641a71e484205d48ab9159822ce49e055cb8429b02	3121	9	pos
a31934312ecdaff75f935008ed949f81ad22c9aadc88e77ce55e23f7d03902a9	3122	6	pos
911732e18bedb46c32e1f18d51ad58081163b77b19b86447863ea0696c3a29b0	3123	8	neg
375c48e3b24841d7a12512d66d3c439d53a74defb79309cf129cbc2857ce4dcb	3124	6	pos
1d2df3216aa043236480ed612a2c7b840ed856da2812b501d3dfc3297a6ce7c1	3125	8	neg
d23b990ca8f1c2bdfec70e3f1610f6896931fae5da381f8fee07381b31412e4f	3126	6	pos
abbc2ef66c2fb6196f850739b6bd71043068ee61ec7ae73456da881306dc3221	3127	0	pos
35e7921f5e7760fee324f5451330309784a3f1754494dadc01659c712f52e740	3128	3	neg
9a534b10f369b75c5daaa5981d364714fa56866e3495bc9d5dd0fd08e217a606	3129	1	pos
280aa08fa897be3113b9d0c9c9298a3f7ca71920bed4a5a4e19ade155b18ef42	3130	7	neg
d6a51b0e2d78cb33549c84c1ce7d20cfa530e111e535981578b6eee3776814e7	3131	3	neg
cdef072e2ae8de461e69ff0a6021a5f4142ded287680ba5bd5746bb95d018086	3132	3	pos
609e2044259975619129be5f30f6064e7fb1499191b6b463d2b4c45baa3f85a4	3133	7	pos
11eed54cc9d2f86d9364404a10e1b065de1dee4f4eca41e0a5baf44038af8462	3134	1	neg
ad541f51b8d6692a362008dbd9c47f063d2ef8493e91c130e8a1361b84ee7d78	3135	0	neg
280c2ce25a88842ed689107acd2f7dc4701f8f4dbadf631dc4a89d323cf9ce69	3136	7	neg
27bbc608308a650a1604d03af5cb60586cd23a46369726ee086722eeda53bf51	3137	3	neg
29713c8d646891f6aff8c8faf197c01f403655c28a2ddafd1e7feeb7a75b7e3d	3138	8	pos
65db2aa5fb493c219f55850c52f590ab596881bfa7de62c44d8548309bbf5991	3139	9	pos
eb26373fcc45a5cc7d164cb8a735923961ba48bdb73f633027d7d01779644789	3140	5	obj
87ffb5cb71f5b0951fec27c82a8b4813257b4ef80134700a7ea9a9f8c2b2a4ee	3141	4	obj
07f855c22228cf7390f8a042c7f068896453fa6c2b0577c982e15e40c6cf51c2	3142	4	neg
3c28026e34396238a1ada40914175ce387b25bd23e4a5222c35a3f6a222cf18b	3143	8	neg
ca10398b1b8dc1a2b6920aa991b043d95a93457b952dba3b0f4f5becb1e3faa2	3144	9	pos
4d541cdb5f9f8debf90e9abbe821c024d17b935f08e7de44c2e9a5cdbbe1ed89	3145	3	obj
51f3242a09cb02993362c7366c5de6da18e416cb49d43467539f779b49348ea5	3146	7	neg
0a614cfd8839515d1622bca8004dad28c15069c334030766c28936ce1d086b13	3147	8	neg
0c81e75312aca6d3d4c78d7eff053903409e46e6b8263483f3c6f67ad12e3be1	3148	6	neg
331cf728caa01d5ba3d0cf6497e0a2640139bd55d0440178b20d78fb66781976	3149	7	pos
eceaed1138f3fc647d054bb0a2a8e4d06ee1981d717c120df8af06453f75df53	3150	9	neg
732db0cfbb912330477399f26ff159145ea07cdd351af58cbc28934f6f522e6b	3151	1	neg
206adcff982ae7761f58d8a6986384d2f725459c0250b768d7790b275483b498	3152	5	pos
65fdb7aab4b4ecfa59803abdc8a51998f6d74302cb83a32d4f90d9fa0294d628	3153	5	neg
6fca73e55bf76a26268464c53e2b15d51dcce1ed5cd6a1f30ef4f628dd855e47	3154	1	neg
302fd63fadd482e9d8e678587d755f65aaef6ae331175594c53edc78130f48f1	3155	2	obj
8fa7496c45bd53885fe96798237d8680a1dd390aba767d376cc0905242d788ae	3156	0	neg
5bee2b78a1f4c1035ec5824216560433e6d5d230d15b76aa817d263ee0c800ec	3157	2	pos
76ee9d5fd4b7d437982300948d28d1789f5abc85b4c95c184818e9bde417448a	3158	3	neg
d6cc361d11b20c613650dbe3f42b03eb9d07b33c178ebf35289b224acad0dc6b	3159	9	neg
91e3623a84e9621a3818331be31d27679547e548725da9c8470d127f1dc27aef	3160	1	neg
6990fa8302007267d2a5b5c053047759f86806393646fbaad24b264b76697271	3161	0	neg
6c06f3b5f7413ae8a8113cbbc2156568675fa2fb56bd4d2b655ac3a52bf75601	3162	5	neg
7938dcd9ddc41f1077be72f187b13fdef5407b18764117003ccfe2264a515ff5	3163	7	neg
ad3c6197f50d3123bfd9733c4996a3ac15b9c3a904962efbedbeddda030e31b3	3164	3	neg
d963ae70846f1bb50b5cbd0c504acdef8801b10db69be2a163f0c814a299ec92	3165	2	pos
847ee533951c382b06ca1afb956b0f040d5c07cdc9351748297829b5e61e784b	3166	8	pos
dff76edd1fbb7f55d0dd61403426b11bdbab099ce94d0364966b4a33f3b3668b	3167	8	neg
3b905a065be9a26cb25247a75ceed35a6b37ecc44871165bff2903000da72f19	3168	9	neg
5d4f587e75e7e66d9ad97c9717f2c4147e9181f55e510f8d50a1aec359c7425c	3169	2	obj
9996b0f2110ec4269300c9583fcf083d1b742f1fc0e8b5664384a51036e02556	3170	2	pos
82cd63e33a595cf186f66695279bdb74b14acb776e6b159857ffdd7ee407ba97	3171	3	pos
b0df755d8d55122e812a23ba86bcc1551db84d247a73fc20ced7710202d1f2af	3172	6	pos
04c6744481f7ba19cb09da2477a226eaf15dff17d4378d0efb010d6ad8a137a5	3173	3	pos
a400d0f47899380fc0ce7ce3d7eb0fea22acedd42b1efb768d09ac593ef850c8	3174	5	pos
9f5a1cdf3df4c3e82a1ceab2aa64eab4a803bb0a84ae03f3d7afe42a7a42f63a	3175	0	pos
4e76bff3dc4b2e2c57bb8337b8bb49bfe915cab80297f83ba2f7c2bc4a2b9541	3176	4	neg
4f6c2c30491bb9fbc87ab42d67f21f0a4085d7f70f9e102acd9cbd9c9c2b21e9	3177	5	pos
3b8145160acd0b443ec57c6e7df1f9711f3255833ba8dd4cc91c0a60b6b2911c	3178	9	obj
e164a5a1ef71c0b75cc1996311313740e9b3b27ce942c5e638bf52bc94a7ec95	3179	6	pos
b820a63116de500f90a2c003504056b9f87aa82fa81624f03089385445f26527	3180	9	neg
97cd89b4e68c34bf60ba8d513aa14185e9a85657ba1135e4ceb1158bf2d61c9e	3181	7	obj
f4cca464dd64eb14f1800a87bfa8178ea1f10a8f9c41d435ffea184ec39414c4	3182	1	obj
91ea7cd0f5d6677a3040a1f4c20ab83a51de2c21eb11d791f9a04cd6a0d5257b	3183	9	obj
5a74713fc3fb5f66997e6f3c1aba14de9183247fdd406e83be17486b7d7061fa	3184	1	obj
9239f3abc1b3f0fecf0ef217d35aa63626969416c5a99d91a2b67e19c0ad8f45	3185	4	neg
09cc42c8807aac65c2cb4ec3ca5ef8f447bdc116e1f09627e4d586ee6a5f5bd1	3186	8	neg
ec0136021fd602b36ee52e4d86866066db24c337922472c53c8b01cf8d9be659	3187	6	pos
30b9263d42c6ce311cb81227a629b4a36a509f0677d6d082fb67a6e627b2706d	3188	8	neg
3ae6df322b958cb59803effd0c0d9d14f2ea54f60b57b80adddd8448a0e463ae	3189	8	neg
9fbdb107f9820e4bdd6386839871824fe7454fbb3b59a9b39d2645a4b2120d09	3190	9	neg
e9138b2bdf86cc0822bcccc5080687e145410df2c824731dbf41e8c44ff47276	3191	5	neg
c39930088c125d9cf701e5ab8bba7360d81676267e9ce1257818a0f273b3c772	3192	1	neg
1dba5224bc68a5b788069e8b7e112534b1b58f5ffac4181d89e6d5214a58dee3	3193	8	pos
658e3d9cbbeb19da89ac9e7401c5b985c4fd5bc7de88194abc8dc2939ea2c89d	3194	3	pos
d3b1a8c11287e198b94bd2028b128a99b5eb580f91a90cfafe856a8f26c85c36	3195	4	pos
776743e448a520a2cbf161433a266e850bce0a7948471da88c0610bb2c78a546	3196	1	pos
93f805e6cba16d54ea0e72292b299547e30db0b4953a56007619a7903b3a40f6	3197	7	pos
57fc399c3a7f11a418212e894d3586a42553d75de6be25bc0d98243914f8b0d2	3198	9	pos
1e2e1fe023e052e75dcbf6ba1ef95bca5c08781fa0641290f89a87f8cec5e5f6	3199	6	neg
a8b7d5b109db8c9678505a90faece8b1060e714871a7cdd6adff566ea2e454e7	3200	5	neg
4d65532363eb42f5b7a0ddab1682fc448f487bb7ce5ecb86e855f4b4db6cd2f6	3201	8	neg
4e63f28b68bb5fddcc9f50e360a51af0379a788ddad1e9587a70932dddf27f69	3202	6	neg
3672ee7d108c23a9ca0545e728fc0f5c15ea0c9dffbcdc94517886affc73e7e1	3203	6	neg
92bae60d247216e0892bbababb1cb481fbf56a33d1ca13902eec57fb7acf9961	3204	1	neg
6be418633d9d55a13dba98bdf968525271b3ff94304d60df8caadd51ef0da42b	3205	8	obj
f29dfb5559b5d55dd5d98eaa13d928af13eed774f16140bc3366480bddd4d2a7	3206	7	obj
25ce5f2cfb8f79d952d6e2c50d6b50cf365ca13484f7dfe7d7b18b90c37b85e0	3207	9	neg
c72f64349e54d9389852b52dd0dc719b8dc25b13cf183b015554e7a2e137edda	3208	6	pos
5eaf48034eec8752554f5b30687c246464711b15eaadcfaa54f6da3d8ebb7977	3209	9	pos
e47249a226cf44437159196f246d0238cb9bdc067229a1059242cf34f05c0cfa	3210	4	pos
5e51e11a092a10528f231697e8ea63353911fd798e7ea69fcb04e29455edaa23	3211	9	pos
7218afd4d446a1a29e49fceb4aee22455fb0e0d3328150adc37bca2d3bd467a3	3212	3	pos
d0f39bf881d90be30293db9ab547579cf145d7946260eba5aed40fb57b7e7f53	3213	4	pos
adb207c583537ec57a422af456aa27761fa670b125ef2e5a311aa913de020833	3214	8	pos
1869f13f470258d73bed30a67d33964a3c8e2296c31d73fe4e82864f8511b4e6	3215	3	obj
77583d751f96b2ff6c297ce78a55466bf9fdf5844cb94c9eec45e4ac32368a5c	3216	1	pos
26c2cd663e548543bdd55e96ced4628f343493bad04443edef7aba9d65d00264	3217	3	neg
7e143f3dae95e12356850910c0bf7f668e47c0aee6a1f99c15c156020cfbffbb	3218	8	pos
c06146deb7fed03ad03a3889db3ae7fc1e24113e6add02f64faed48fcd9a0c2f	3220	3	pos
fb7fcb344e39a06cf38185bec8a216dd071161182288a150e3d21096f3bb0823	3221	5	obj
cd06464f32f9be5ee6f04659285dd1da4d28f210f8544d7158e1dd5d769bec01	3222	5	pos
ce1675d8ad60321215b152c675bb10e1748d53f94bfaca8f2496e36d9d93caee	3223	3	obj
60dc8e35332d10b484369475ef8006305d5a12739037d1a9cc652730740c6503	3225	8	pos
56af5ff11c3452868e482c87b5f96125ec9bc62e1ea52e4e0a68213b6f1a187b	3226	4	obj
e40cc4d709d6252f3558a895550f31a6843a95509e36c7bf382d0b69aaa471c5	3227	6	obj
e1b0a9cb9eec1ebe1d4573c36af039701aded9ce45db0e72448ebd8d72d9e465	3228	5	pos
b5773c4eacb0f0ebabf9a6719db741c128d9830ce2e381e6edd6a31b0db8050e	3229	7	neg
f25e5356e50afd425398734ad5b7158e01b1a5e5efef8cc4a8f52ca92aa76eb0	3230	2	pos
1d98a5b3d3b058373b89e26ee800045cdad1b745ecc756ebfc91f761e759ef68	3232	0	pos
4e47eef68030d184488915aece03276a56c11d59d7ba9f18e576670bac1b5a2d	3233	8	neg
4a4032201af0e23192e60af686040db47bda9c413be962a14d7d40aa06ad5e18	3234	0	neg
bee216ac761ba500f5ebdc401c91bb84c20f54fdf47b8418d67c0127d18e0089	3235	2	obj
0a570fee69c764633b06aaa34ebafe0568a42d7df4ce3388f150dfc3bd73393e	3236	4	neg
653198909020a8f1649154c4b59626bfaf7539bce0e1819cf909806b7183ca7a	3237	6	obj
0dc5d9a292d004e83f0e9f4efaa7b7ec178c45f37a3c0c419bc04adc7e86a336	3238	6	pos
563269c6759360a7d73ed66d9f71235622cd1b7508a6b0d26934de67b0a7a95d	3239	1	pos
b2080d8d57f97d42681d331002d8f3c34ee0912efdfddd223e4c7b507d1ce7f0	3240	6	pos
0f447b594cc090bca934dfdd9fb2941c3475afd68970beb6f6bba280e71ec061	3241	6	pos
16c27714845f1b0fcb39410823dc494e4d3eb55f6445c8dbc18f292383339672	3242	8	neg
51b957eb6b8d4f1b6bafb66e8684e62d45539981874eff792bb18eb741a012a3	3243	9	pos
d8ab06d40dad18979219d4069defa7e99c7cd996681ebfafa043d62713b1ec72	3244	3	obj
e22fc47b99cd3acc59fa445c5aa7f3c6de1e491dd2209eff6b50af01cd8a3f56	3245	7	neg
90f3924bf967744b7c4256b49ef5b615e3c8a3b7f5dea0583d322ff94bab020a	3246	0	neg
94d4832034288d95763dc54529b274bd2397577a716c43d96ea20adea3ffc226	3247	9	obj
9d21a376724ab93513702b0d3ddf8d6fd5b8d87ea4c1362cef58cdcec140744f	3248	9	obj
964bab0e07dedbc97f83c11a85359613c64ce08821139108f3e99cc901526bc4	3249	1	neg
5242357106ad29d2c10d6ea57f8bb50418620846aab10e30efb43eac252bd185	3250	2	neg
c4889b1cb20484e48833eddbfd142a1ae00516db4daf057c593892a84be18674	3251	9	neg
d15f65b603f554a5c7835811fd7540ada79ce5d82177eae5e9158daeb32e4101	3252	9	obj
4a0b1f0117fb0301f51cf796a2c9d78349f759a401aba6cc4e9f2544c0bbf445	3253	1	neg
1f1af578251008b21862b69438d157647099ea9bc40deb8418d9b7da62039326	3254	0	pos
7fb6f312279e79696c937f830b7b4cb3f502c4cd5e6d89a686e2be84db304a84	3255	9	neg
365bfb244d55b34495c502eddad09b436ff698451da2a49767dde5862106e65d	3256	1	obj
4718dea639eac660e91238bda5e281191900b2416012c97c2d3f355d38261d11	3257	7	obj
985111924d067cd266624b553d3112be1a42ec4c83e35127297a6f45f92aa1c5	3258	7	neg
b0c30cd258a69617b6cbd861b6f4c3dd318785568ec05c80daecfea65c377f2d	3259	0	neg
55f365dc002945aa69cd6284f4c6d4e7c13f51c39b29aac1c127985222c62afc	3260	7	neg
64d5b20a24da931fe2888d5b765c5fc839a9933773eb965e222a92e0ffb30a8d	3261	3	pos
13c7547d2d059770a8d8c716bdcb02dc546faffde0c7feba6bf1fe0228fc8b0e	3262	0	pos
939d6f3b4b66aa1127bfb1b74f1467629c8df55e283f044ebc8cad884e17c2cd	3263	8	neg
123a872a5fef481284c1a40bbbe45071dc4ad3ee3b829a5ef80eeef4d29d33a4	3264	5	pos
5e6594d8131ae2d059766d74b428ebb8501923bcaa0b536991c731ba49c8f6a3	3265	6	pos
229419323cee9136f6a763dc3020ef34ffbefc5804c503a0b8cf204ed30e3782	3266	7	obj
55251cafd0bb94c0909f8370ee48bfdcfe72633f2bb91f9dadf816a33c74318e	3267	4	obj
e82fa86368cdeacca03cfa0bffcebd9f4dfc84043b3f95b707fc0e4104c90449	3268	7	neg
4712be1831a53b49169666ebed2259e406c31376b6afc66b7f3f628947819a26	3269	3	neg
f04161a7201cb9011e73a4cad98c5d94180b45d3cce8889dc77a0b5eb77853ca	3270	1	neg
3135d25272c9860c4d9d1bf6f52f79d9def83bcf18ad7876acd47d1a373ea6ea	3271	6	neg
311b2893afd55ae0557952b24695cd7b4f3ce3c6a48086a552f81513ab71b6a2	3272	4	obj
c353c9c70d01e0db1d9352dc0c5c1a1109b8821849341fa1c952073ed9ff3da8	3273	8	neg
04db5a946fc83bdda762dca1afd304e61e75e2b7f487766f8ea776cf12443df9	3274	5	obj
3fa59e391fe59a6f528fecb79ed1274f2d2837cfafeb728f6acb9723b18e5b99	3275	6	pos
c18ff63eb2c31a0c3530d2399d97c1ba57317ae8133de44aecdff15cefa57db9	3276	1	obj
31dcb054c683b211a06b674155995a130112649ed860c2172df45bc12032871f	3277	2	pos
a6256524aed5b2498d329b61e42318755a39cef8f3a410a8dc1dfd6510f06ac0	3278	9	obj
ba7016edb1c60d0079906e32f5eaf45397c6ffcad3237d2cf914c21c35f242fd	3279	8	obj
b69a4f0202b6a52b9083b8ff14e9bf10f6668651ef9e95b1f6320f197b9a7f97	3280	6	neg
329fe341ffa6fe07be0bab7102d6fb8a9af65daab8378ddb8ac3b1738615018c	3281	3	pos
67abe51c070431fc27d56ffdd734dcd0d43ae0b6d3b82dc8eff41fe8419e680d	3282	4	pos
4d0dd9c25f4329e848b943e7f5dbc8641e3ca554b8ac66dd8d0894743f82611a	3284	9	pos
9069e4e54add6c4a3f783cdbadc33aac75661489aeeb13a0b5007dd5eb7b4525	3285	2	pos
711a30db04622c042f788264af40d503b3897036c44e8cfe9edeac630e1d1319	3287	2	pos
9e5b9c38a8bf46cf4094b3bde0a3af08aa0e273361dcc4adb2b82cdc1e6ce589	3288	4	pos
55d031ded81be7d7ab60633a41cf2e66bfb06fbb2a2c581bfbdf35ea36658f43	3289	2	pos
3e97cbbacba33da2ffa90c08ccd80719017d2f719b6124c6f3fe251c9922237d	3290	4	pos
53cf3ee23d73f5595e462154ca3ef70fea2a5a5dab5e8eaf169417422e644598	3291	5	pos
d77e08ba4eb54cdbd97150d1569bf3178628f13f5fff8c5fd9438d397ff1c207	3292	8	pos
aedf8e2ce1d2a93b8c9a4697f97212c212b43d2269d43ca44470aad05776ce30	3293	6	pos
0ed9a289d4ce6fe973f3602390a0b97a206dc56e13299c00df956ff43d7a6a88	3295	0	pos
7e3d0bb04e5c032e7c6fa1e5d81ab522b8f7c00bc890c1a5f289e512b26058b8	3298	9	neg
ffe375d229dce99cde3fe75d5fe86ae18b37166f1a491d9edad0614d7ed586fa	3300	4	neg
e34c254e85ab00e5ddacb0df7f2416c1af22f1fd4d516366fc65d89863cd181f	3301	7	obj
c74ef63417c7cacd43cded0cde43e4f98d7919eef72d6c37310f7485f5f4b430	3302	2	neg
2b52c7695cb8b86b1d83aeb4ee1d835340a7e5739d5416ca8c6e0fde55238e0a	3303	7	pos
a825b2684cf11d2b7c4b81ea62a85bf6596b88e1cee074ffbd9868dda6d910e0	3304	8	pos
9f9ac87bc1d758b9048b999783aab9811a0108a9cb1dcdc2c5d2dea5931904bd	3305	9	neg
88e2a911ca679017b4a1e56bd93e6567a72a41c2ae16a287175d784649461ad4	3306	1	neg
9ea85a93eba9001b8ab2f39f00209e164c2bac9ee69657d6a307a72ee14e8755	3307	1	neg
ec5cd7e2bad7a71e8896b28f9b6343ccf2e3c4892e2330b7fa9561c8cff1a755	3308	0	obj
2274d714050354fa30fd81db407f7dfc7bf12b2d7eef680a9cd72672ac3f91eb	3309	7	pos
ea49efd97617f99a4b0cd4491329a14273d1c8f0ddf22e4ba7f16f5e744590d8	3310	3	neg
5cf2c729818f7222a8c00a11d0de7c6d8e8b61ab70b12668e7e29519b45d36f4	3312	6	pos
f37ae12f98304f0c9b46c745a003f09e4603060de2e62aaf768b65cd931b3db5	3313	0	pos
88ba2b95b08ddb9cf04adc2ed66d2b602bda4fbe61fee8036b5e81aee34f79b5	3314	4	neg
6698b3cdb48758cf7bef1949668190bd8aa4d224ed9a74f0d09769383f152ad2	3315	6	pos
64ca6156d12b99402bc617e6b70eac0ccac5bfde175c43b49faf2626232920f1	3316	5	pos
3abb02b5978074a96d3fc070e403b42b3e0e8de3f86eaeb403c0b7e08fba7b98	3318	9	neg
31eeac7abe79ecb1a706b2ad258c8a907dd56b280bf45492fcee1f20dec1a3b1	3319	9	neg
307ca46feef16c9a70c854e671d5a1b5c397908874abe48e99ba0db06649cbe6	3320	3	pos
372b8744b84832994dc5d549e35941d521f8e6b3011bed0d6b7305330ccec68b	3321	1	obj
cace6da01c48a79419bfc3c15dbcc0665975c663e29adce3bdde408236b1f236	3322	6	obj
5867fa3166af50a587c939ec7a645fa16e592003c0e142b84b559343d9e1b1ee	3323	1	obj
e2f32ad5ee07ff8218637132e652be9d72a62cde8ace977f9a126a93d6ca4b50	3324	9	obj
15c3f0744b9c6d93b2ac74eda7ee70d8821911a82d5ac33c9a5cf26086385371	3325	0	obj
fec96da4d181376763b5d873c527b45fb78ae6564a3ed9fb23d6f85baa818bfe	3326	8	obj
3591a409cee14bb00d5ea0d15f29bdb7be36f5c9e4d601fba8060502c1c6e350	3327	6	pos
f25da1ba330cc7815413264cdfd9cd142b5e49437dd566592b117903f8872c20	3328	3	neg
f9fc36aec5eac6d6f2e2d8b4fb45c8604716dbad916f68679ba0cf06c6876941	3329	6	neg
ade9c5057b771a98096ce629358927a6c282754b07eeec6f6b15cfc2627568b5	3330	2	obj
5c405ba664c730d6e5d823db5f93dccc52d8264f66681e5caf0bec77bd14c879	3331	2	pos
5f7a759e10168f8ece0de1c6651587c54920e4b15fb7ec285194dd9311f25237	3332	3	neg
ba7bfe51ab904a9cdf64dfe9db9ecc8c45564709857ec20172f6db48b0046178	3333	8	pos
bfbe9e56595de444b8f46d3cf86c7617609707f76b600b203bc016f0781d7ba0	3334	6	pos
79c5cb8f407e0fa5ed6a2141c3c61c56b88147d131598190f9e1798520962d2c	3335	8	pos
814f9dbea49b52a353088961f8fbee3279b834bb38a46ff90c0a8830bc661526	3336	8	pos
1b2e189d8d3123b3355c58b1a199db891839578944aded5abad2267532b438e2	3337	9	neg
bdf6f632092945f8a6fd4c0037e4b3b575e419f2df8db7b3cfe346ccc1c1f12d	3338	9	pos
a525625c39dc9a34364b49cd2d5ccd6e814d67851c5d793d520ae8e5f97223dd	3340	2	pos
3300c851dce6cf1faf85892cf50520ab7fce31f91a0ea5005e6c0b6ab6abad6e	3341	1	pos
ecbcdf096c46a77f9bd21ee3feb1e140893a79f00bf6d5728d25e81a64bd90ac	3342	0	pos
a05abdbd1b4df4a2565131c8f67bcd6aeb03809e3d89d94a67d0cd24c85aa9c4	3343	8	pos
2f3a9ba3564b9e301e9a264213f32019d2ddb814c7ed039edf4a06a5d3a26bc7	3344	8	neg
7ff96962baf3914332cc42a8433ebf7cd2897e107d50fad811212ae825323f4a	3345	1	neg
be713200b9f22566898fc173f25d02087e0ac819fa5e328f143e17f364b5b97a	3346	2	neg
8c2003c083a2d4339333c3bd4d7d6d68e95e2c97bc9a4b6f37cb8bb5a87d30df	3348	6	neg
c517d15c976e8de71c62db4c5d1c2bdd192c08c6558754b2eb6048c36ab180b2	3349	9	neg
2025d161e731ae369248c176467a23ff877d38cc882c761a494b4511a5b8d994	3350	4	neg
b63a57c2ac93aaf274d13a6695fb807cce5302cfc45a5a4231b356f33bcdd073	3351	3	neg
5cb595a4c7fb695c3720be1d90d0516336f169c4168e0731e27278b5f8e0d171	3352	4	obj
3573d90aff2e8d034dfe2296d94308343e2ae20d025b9b313ebdffef1f3ade0c	3353	9	obj
2e30e8b4a9b7bb13267d233a43a9faa8073a71810c5b46e45c90c8bb19a992fb	3354	2	obj
5b7f17372808485b538c0ff939f9875790ef6a5c04d68f5bd76c6b8586a5ab0e	3355	8	pos
b33f6ffda91534072d34cb0eec6a2035768636cc781d2e92b5fe367ed729db35	3356	1	neg
9b4ff55a9462772abbab8354536569fe65893966515a8b187bd6cef1d0d0ac4b	3357	7	neg
e2f52e65968a988ffc266ac6f043673a59d0b95450eb6ea9ca7903dc8b07f33a	3359	8	neg
f1336fa3ae99c3e9c98b731570910d26e95ee948f8790085394e33c51bdd8ec2	3360	4	neg
d152e1172d54fd53488caf6379a02affac174e1bff569c156520cc09257aabff	3361	8	obj
fafbf84f93b5b96f6bf2374ad9de649dc41ac019d326390f54fc2fc6df295210	3362	6	obj
721faab0de4fa49972c4e4df5dd842025e57a233d716099d6888315ce4bdae6d	3363	2	obj
a72986472665b7e43f19786c9bbd6575daeb8589a1d0876191b44269938981e1	3364	8	obj
a6c92549d980ef0ec41167cb34561ede7461d7c69640f732ec1219d20e887900	3365	3	pos
cecde92ec37209dfeeac2602aec2dcfc48aa35678b52799ce41d007f8221d581	3366	1	pos
73dae999c7a6c5fb1d1d842bfd4206e5517a2a6338c85d649528d64cc324e816	3367	7	pos
578a5fd49d15a97d6432ce0bd659e4c2cc4b3f15a79d16645a6431f802ea1ac6	3368	5	pos
ad819955a5906a5125f2a4f13835fb6a8eb76e8afe152be456be60f9d3ea31d2	3369	0	pos
871a7b4ca4aa1608c14a130d52880f90162f729556c3c327b865c4b971cc8678	3370	0	neg
a725dfa1d2c303dcbcec60ecef65383925e91164c202d198af89f71b915297cd	3371	9	pos
5424fcf0def33660a21da4bf6aae974dbe9bad74b66d6cc8462eca8956e40698	3372	7	obj
930e7bb64bba4ea29ad605624d0b16997e110d06194f5ef7fb3405898e477d5b	3373	2	pos
59579fc624869f40c1f87711179b572b4ec2612e35205e8f8908c3556b42c331	3374	5	neg
999cf3bebe415bf9b621d2fa1b852ca81c1aee3b8c8d397ef5a9f6ac9372683e	3375	6	neg
ea2221ad175a5d059e6a0d9dbbfce8c521c1077546ef19b0f9de6d1a3a744281	3376	1	neg
fb3d849aa2fd35890046e5d54b269668c789e1c6ef59aebe8fb585908ae95588	3377	6	neg
d6160738e46f4d765d14f432ba18728f06af8f1d189393f8d1f791fbecbba02e	3378	8	obj
caa814246cea95eb5edf8e9378e822587aad34cc9ebe3c2cde0cf2803f2a1184	3379	3	pos
6808c9b29a4fb21737b81abb19516b5ba320e36c6dc3c5197e1673ed17b6bbbd	3380	1	neg
bd33c21063c0ea1445c1dd8fc88b93f26febbaeea125afab84a2487e4f6d7ceb	3381	8	pos
f4df2c5b0dbdfadb453f134f788ac3f857fa151337f74ee56b84e632e281e77b	3382	2	neg
774f1e4cbac63ddcd0022a641d3784d940b2fdb9b79ba7db39f65da92f640245	3383	0	pos
8e7707c90d07fdce920fb7ceee0b28b96f4534652f7f0b02af5f81e7a0eca8af	3384	9	pos
d814c5f5eff55c97968486b15067e41bbe2b4de5e09af7599683dbd8c16d4714	3385	1	pos
05d0ac79353100a84f4f6b71811b4e2e381e0260f26d1e7f7b530dc5ed91b84a	3386	0	pos
e544866104cfe3dde5df779978d6290c4c509f97cbaf3dbfeb9ce8dc0be590a5	3387	0	pos
dc8bc140cd0f96e8f6198f32fb72de32ea592d73eb29ae82b0ad535d6a7983b1	3389	6	pos
2610e5e931180f92bd4c5cc634cc364963adbbfb42c7bfba3eca9844bae1c078	3390	1	pos
99c6a525296f6bee3247721a171e68b0f35b8cb597f45466607c73c70d1b27eb	3391	6	obj
09483007bfe2d7f5aaa31a1f60f7d948714ec9e01375eaea6c1909a30f58670b	3392	9	neg
a372cbf1ab368dd94cdcef1dd2eb475eab31bc9752f670aba981ec28438a7cd2	3393	2	neg
bc588ad0f94e56e0dd8ef1c9bbda0518418373f5ba9e4025df9e9227cff13299	3394	0	neg
3485375e0edb93264866f16bb8860211b15f857738f108703e7f10fc6246b7af	3396	8	neg
12c766ddd609b8685b4a759ac4584e237f400011f52195b5f0e8746304ad1153	3397	1	neg
3f70fa89837bf41dc16e339ea7b9d987d9afed813a782010040a8bb40202b444	3398	8	pos
c0ba75d9cea630ca09856e6e84edf48b077442f9b12b497a5a153fb24833f300	3399	8	pos
2e88639f344c26475dcab791332aebc6deb4965bd0ee319ca7dd3b9009b53055	3400	0	pos
953fc200f7b6a5f05e7f5b175710361458f3cd7691b91ca8750af61251b78a4d	3401	5	obj
415524abe029fb2d63ad3e84ccb7a6f3e970c39f056a3a3908ce011e1fc5706c	3403	5	neg
d35b0c751d53f2198deb8dcdf433e5f38b5e4aaeb3996676a8165263252cb0ed	3404	9	pos
55c62ed0136da0baeb653c0d88549136f63a0bb6fe574bb8a6c00aec213f986c	3405	8	pos
77cd16a5a20339b902ac0288573c7ac8c04e450743e279b1e5f87d0ad270e4f9	3406	1	pos
f1c895b6bd442ebd876c3e0fc5ff07d04b38cc84295eccead6602a25f18d9c9d	3407	0	pos
d7698c9c0d8e6fa6ee21f20b09e01a6462317ea4f2545901d3879085118c3f63	3408	1	pos
122c8ac2d96079bdc7874dcef27f61a756ac219cbbf1028a4b6971f430abe8dd	3409	6	pos
4c0e2b9d21f5bcb3239d1d2e1a112f83f88e370c4e503b17d3bb4576f9a7b8be	3410	9	obj
f8cee46b6b45a7caf0de9de28899d67cc9b5849345097a2308aaa3ee60d9a384	3411	2	obj
9713cfa47868a68e8b84eb829631496fb70b2b3d1d30650de5d4ecd7faee6a24	3412	5	pos
8fd9dc38a48e4fc068bb4517154e0d9b7eb2672fa8ecf17a589b67035e9c3948	3413	4	pos
3b49d78ea579cbbb3838baba0fe863f093aba0374b5b293b480ee6c7cebe6ecb	3414	9	pos
6c264cc8bbea126d68fb2feb648174aca4dcc6605abd722cd4fe3532516ad675	3415	1	neg
7a00aa0a71b3d25619db790bd4bfbb1599511752aa9f6f0f5d758596b1bae735	3416	9	neg
66991a17f1e4208034fc0b38d7d79fbf5a6a5e7ca0498f92c0a22fc8713f0358	3417	7	pos
938ae213bc831e5fcdb552659832d63daa694fec51ad7062bf5aab1f237bc997	3418	4	pos
7009ec76ca964f86ac6c163f196a3d89fd1b81b65ad6e212b9ac9af20aedcc3f	3419	9	pos
84b5a7fa2b1562f4fc9ee8720ca2d5021e6ed40821c34c9a520f5227f4d281bc	3420	6	pos
bc4f8110ef5ce94edff744820c40142e34cd0073df25a7de7ec6dc988706be61	3421	4	pos
24e316cb553c0e1fab72c99f6187ca7ac92dd17de103be89c5cd971ab5d5603e	3422	8	pos
ac17baa088dbec89b77c1703ca4d82029143a015c1eaa6dc69ef8c068bc86eff	3425	7	pos
b9663ff6ca8a368a85a1c3269d39865915fe0ee1e8a0dce3c6843d0cd1f1774c	3426	1	pos
02d435945b2331f714019b3b47a1f09a43342b8419445e7b01ee33ab74a951d6	3427	6	obj
d4aae1925e24f1de4365e512d0978fa0a33e77c7183ec77d73a76c8947c78402	3428	8	obj
227e7b2fdfbe9d4d570cb73a67d111b3f722b87849978c8af6ad129024e048d1	3429	1	obj
2d6e1a746f9646ea328ac7443244baa88328ca7ecaa834f49e1b0c04e0049dc8	3430	5	pos
a4d825629f812d56bd55099990a9e6ec27a4313a19a2ab2a383fd3c3687200c6	3431	0	pos
b4e9daee3be39306868241c5ef42d01619bd0862c60f3876ac1410fc78a49227	3432	5	pos
0e137dd729b265e0c2dd883c3e8d3dd6178b89427f2a171ac8d133e4a65e5b31	3433	5	pos
9ae2b457eeaab0562fdba209ad5af1202f350c15e3afdb5d8e2ffa0cd733e209	3434	9	pos
0757e0f3dedcccec5d5665a6dc26b609e80ffce978544094fb9cacbc2a99145c	3435	1	pos
6d17c2fa57dfb077d224b12ab585d9d14664c7fec3d7d4be95a74d12d54ccf5f	3436	4	pos
12203687f015413485fca5a731c4e6429e4af2f44a2c54b5f9c19b9a7e2cd298	3437	2	pos
7ea3864dbce309a726bf376975fac75a545bd4eb48e6a381ab5fb03b22a3c32a	3438	1	pos
77c6ae7cd3e1ddfe1fc18255e760810907ce52edbd412bdec46a2d6d8ec9580a	3439	0	pos
6480a89cca52407dfa8ebac8a6b1f7ec49d1fd1f4319fec79257d0442c204291	3440	5	pos
6891cd298a7e0bd4b9fd992235ee1c5fbd644297b20243a22bd2aae0a3b2fe7d	3441	2	obj
e8b7a84e2b3ff0542855835f2756939ad49cf669ee9299c3cfdb3bf5400228f3	3442	7	pos
163830f4bf78b0a52e8a0dd4adb123786f9bc0cee7a6f3e89e7772f68291fc40	3443	2	pos
ffba8b07d95d3de2d09199d3969b259ec36a887d71fb78d412ec998e6ba9b08b	3444	9	neg
869142238bf1529c4c4554ae7ce5ba3f4fb5363436c226fbbaccfd093d4baac8	3445	0	obj
06425dfd9c151769dbf0b32358613828be48d768cc2e2d15c4c8cc20db3d6022	3446	3	obj
cb1f8256897dc77208bae289029ea864c134724a87edbb463366f290906a003a	3447	4	pos
67cb832c5363779b68987bfa83aaf4d1bac95076b5087c18e111708461ae53a5	3448	2	pos
e02aa3d8e8a803793429a57f13139a582aaa1e1d1a0aa3881b304630ad6ebf9d	3449	3	obj
2702bad08cdfa3d16ed4c4216a9509c6dc0cecded98110ca54c3701e1ccb92c7	3450	9	obj
e572cadd8eb637c1612d0af76fc1367ef4125ddd61e70aa916ad5009621a1eeb	3451	0	pos
610c17e11b479dc0b82d21d42d9a9156df27cb80c4d9cb129ab1f87fdf001c44	3452	3	pos
25701303c67355b6f8e419fbfd1ac253aa472782b60fb55acd06a02c1ab27f24	3453	7	neg
8a2a34ff78f7189f6538386784ce7fcf2206b0480e68d1ba087ff5d0f80ca159	3454	2	neg
01b376e36e3a46a5a415ebc34d2b31ec70c38a7de09b9ebaecabe5bcc099356a	3455	8	neg
4971cfdab0561315abba8b4311d542f67c9fa0d36d5aae32e666b900b997a8c3	3456	7	pos
af37fabdad17f2e3b19c565a36857d24496337fb4eb912220efa58f9b9f55ef4	3457	0	obj
3aead1ce1ee4a7f5c8da1bd4bd6fdb162eb51dda46e5f22156feeb8a40256893	3458	5	obj
26a07f6c9a6e130e7ceb87a9fa9f2e80e65a609b9c0a253606265474b3529906	3459	5	pos
bb28fcb4b752144a66199994bb55cd2057c78309bbb4ea9e9c6f160072ff7acd	3460	6	obj
6905209fa4940ddeed05280f4cb60a5d41c42b6e4a5d165622b23233747a5dc4	3461	5	neg
b48c6971d11ef77c31e7f69753fa34a1de8ea363a56c643a27e4314c7ab30a10	3462	6	pos
a73a3d6759711bb10bd629f5d82e4288df25b87567d2e869380e8cbd646be86c	3463	7	pos
d265012b56950a4e77949e21fd25bfaeea1ff0de828622738d0a7e800b6c7e60	3464	9	pos
69752dcc17b35f6a0611acb25dc3ceccb6183e6b67b7d0c344ed2274b48fa727	3465	6	obj
42db3800aa747f588f02e0d49850464d8116f90a53eb45e1c66d2a94ea08cc27	3466	3	pos
cb1d2450913aa3d8ecd47d80aef7af391fb8041d3902c256b9c7c9e722eb4369	3467	4	obj
2c26d5685a56bfbe1af63c154bf18354fd1ffa720040607bf3ee4605153ef5c2	3468	1	pos
f9c2b49d08067ae92a81895c719949022cd18c8237939eb6b720f1351963cbc0	3469	5	pos
b822b77d42eb3a2d599388dde232bc9b079b6e437e3a7cff27c4f2a43022abae	3470	3	pos
8c0e37d6abbb38087e576980f0d27e9f4c2c50d1ab3b2fb8f8a2daa8cdcd8ef4	3471	1	obj
9b4da2333913d4f427cf63601c77347715cdf92e3c654ce4357bfead1d3abc0c	3472	9	pos
bc55c24913f3d674b9314ce40ecc415d7ec81c85412e529267c49b81aa70f4d5	3473	1	neg
8bfd2cc3b9c3f3c9c688887915c21c91fc6bae6f5b82ca3b24e91e63b87e97c5	3474	2	obj
184b9fc2465a5416af74853c1afececf90e26af5f30123e02148c8e593179cd2	3475	6	pos
5412878e4e609a0a92a4adee5f99d65188b0e184379293e97d990becc920a6a5	3476	2	pos
d11250d2f4f381d247d044a2a5323618a816cfea82dea74e90266b23fdac8f07	3477	4	neg
de880684c184ac70903b5dd28a5600d0b4b12acd262e68ff3a730a0b0023a728	3478	4	pos
06cc9ca2b7ce807e1eab28997bf473286f05525e3c4fb866aa8ce11edaf772dd	3479	6	pos
822d0ad0800352bd99890989101da12baef1dcff2d577e2b10b98d212f5eb18f	3480	9	pos
7601eaa7dcc91a3e26c56ca89957b77a4225d118bbb96fd92481abd327dcd478	3481	2	pos
bd360fab74e07460e045db585dff9c50fb38c31b0bfec2153916cb28e03c29ef	3482	1	pos
f872051e8ca84aa129b36b51230c7e29b5ea31e3486874512f886724f9c39617	3483	7	pos
082fefd2f893378335efe20770f0593d8f27d9413ae7546e7f8cfa165dbd94d3	3484	4	pos
8d9b1605ecd0602c9e58f59f4eebd9a2d6e8c957a200b46422bbaf8b0693ea86	3485	7	obj
57a44bb34f757f9c87a7273540ea7e6ab861d2983babb44727a7447b20967ce7	3486	1	obj
f563c93eab0ef753155441b508cce7375f0235afe7d2b95a58462e3df2538ca0	3487	3	pos
bee2e5f471a46688ecca7055ab1d2358aa890e428088300d816de0cca31feee0	3488	7	pos
3de08574bcbb9c81a21029dcb0a6636f2fdcb32970104b57270d355a051511ea	3489	3	pos
3fbdf3948cd6874a65b1c8f6fcb807077d31a45aef1a645b85ab3089e0215fc2	3490	7	pos
a3b4ed686d1e40435116e3f43628e619b2b866b592484d4f3dc75458af72945f	3491	0	neg
49a01fcdff889224d735746eededad53f8622a8222b50fc1a0c0c09f6deac717	3492	0	neg
2de072f85b30a92e1a8485ed378e092309106f9b0c17766e4f353c1ad28fa605	3493	4	neg
5482930c3daf9765ee075538c9ea20b370c3eddaae3d112aa24eeb2f8239067f	3494	2	obj
b422311d3c5aa460f88b391e0d00253d4318ac82cbaf363a583a3ae8077155f1	3495	7	obj
32def5c017bdd4cf0f7b50950699d521eaf2a50d79c6501e15bbb9f97ab046ac	3496	9	obj
fca0ba285533db373e5d9226d7ccf694c9668eef637338909778268b357591f6	3497	5	obj
3951f730c2bb6422e95d849b53e499c5886136cfc0d94e5d401d63058dbf59c2	3498	9	obj
14ffc0be635c60ff6377790fab9426a8c12d9685f630cce30402af1ba5b9d7fc	3499	1	pos
42baad0b0164f33502d16255f1dfdf1326e515fb26b79311e8e417d9985e694b	3500	2	obj
9f2b556fb35c261cbbaa4e57607f301ff96e902237dee4f1bff49e34dac05698	3501	3	pos
b0cc0c38f4a7c8ec83ca6c46d086a71e677e9d539771ee460cfd8a5ebe07071f	3502	5	pos
4dce3d4b5094f89413f189cd7a3f0617f3d09acd6d2a7c5caa838b0b27b63968	3503	9	neg
0030123229c0aa8b55d8db45cedd55d40de2a3fbaeff400da26d816f3c0ac6d9	3505	5	pos
f2bcd57c80c668e574d453c91b83a06ddfc72516bc8702bbb13cbea6c928b722	3506	7	pos
1283eade2b51039e0cc2f4442de5fac9694c4ee517962c8a50afa1a374897d70	3507	8	pos
5eb4e9d7d350a30976aed35beccd37275827dcf8055c9caf842b3574636d0570	3508	8	pos
71c103cd977f197b3eba62c28e06fc59e43703f8971f257013c175203ca9caf7	3509	6	pos
b8693c9e8c51a660897bb868bb8f2e377b583fcfb3445b5a397516f277be71a4	3510	9	pos
fe4ac32c096797ed55f399037cd84c659ddc16b7059e97d3562b7512830fd778	3511	6	obj
117250048b4e12823bce0a7a8a790c84ccc22d492fcc8601ac267480cb32d87d	3513	0	pos
6de79830228c9aac603fc44c9373bcd8a7accab651442b5116822662dc16c785	3514	6	pos
a9130e56d0173a4d4de4490d7ddac879075b0c646670853f130006ab7d8a9712	3515	2	pos
c25590e63817fa4b71279687f04a08c5c7380e0f541f850b86e9ced69dfcefab	3516	0	pos
441720db3ac7fc1ea0ec9af1f70872f0ef097c7ff7666c74da8e554277d1b606	3517	8	pos
0f197e78e85872fa42a07ab7eb41ceaf22a3baf59a7c929c6e287d3f7b566813	3747	5	pos
b7dfbf26baf114d791ce2ad43f1db07776f6803b41e67f639764f703fd232070	3748	6	pos
989e089f13847fa1212de937f2e7757232120cfa3a0366a96260e6d0ed24a37e	3749	7	pos
dc08bfef9342456d9eebcfbb8e35c8b0e0fc3666285edff3b588f7063ab960e4	3750	6	obj
800e72e885ae1f7656bfa7f4ffabacf85641df10c5105639c707c7da778660e9	3751	7	pos
90e36208c68248818049bb04f5a3755fb71d1a589d91a0b6cd1b0550cd423210	3752	4	obj
a8af2c5630feccd93a603fdcf2fd2c33b6e8ae4d9ddac05dd3dfe35e22794fa8	3753	6	pos
98c9de27a3c667de3cd1b4e6942fda40e503b7f90728db93c85ef643daa013c2	3754	8	pos
f60bfcb0a161d0deb259d79c5524d965cf98be8c27b321c6642af11386a492f5	3756	6	pos
7fce28f18997c47bea6378bfb83292cc69ecdc7a046b8e4e0d9690a5ef230397	3757	6	neg
924c18a2dfb0b1a8bdd7aa74496c5a4f90819dfec2f6eb0fe9486ee9f7354d80	3759	8	neg
c86b468b9558ecb739bf924095d7f978df2181af4a58e7f2d58ac594774cb346	3760	7	pos
3d3558c1a72d2f646b89980c171d858fca14e6c579165dbb4aaf538ad3cb76cd	3761	8	obj
ab8c93f8de42e902df9caadc35e12c932a377292a374bd0513666b77238377ad	3762	9	neg
16bd42783e84296905e72f0bf12f2652d04f90305168b8da35ab52e9d6e97a27	3763	3	neg
bd5c826166281432f3dac4e4e2b3df0c80cb832945b4a4ce6b48088b4b451767	3765	7	neg
7b02c043bde0ce12a8846bc5cbf2e9a836a282cea51a8ebe5b0b8d754c79ca96	3766	3	obj
a9bbc685f6265fa18cbb54ed14188dc0026c8688f682476a8ade6be4913799b3	3767	4	obj
4862334b58f64e5dee04a82f14b252993cf88226c8be2bdc41bee65b8ad7a081	3768	1	pos
3e4467718934cdf987fd563fe26cddecf12fbf81c919118030a202147d498980	3769	5	pos
d38cc18619b430c678cc3386bebf8d585fa77955166ac21fdeb2bbc22783f9d6	3770	6	pos
bdeb718eab0db9f35b38d6f9edffae3dff9d9a99834f590a32fea53bccd28baa	3771	0	pos
1d5576c2e90e8dbdab7fc208bd7ed821e9d575bf44d0c6745ac77cfa6cafaa5b	3772	2	pos
924e5bd32392994177dd9222fcb5827b8202b6729b6cf34e76a50fa386cb2923	3773	9	pos
fd96cd41ad7de0d1ac118e8a6b5aa4f2c74cdf4ffdb6a2153f46a0603ea6453a	3774	3	pos
7386db753a8319033c60cd7de2ef4bf318cdb479b0f98d180be86c0729a04a79	3775	8	neg
866094411decba2b351e735b95a8724d712be83230b40415150b0e497e4c144f	3776	9	pos
30727947c056615a31e6bdc3166b5aba7e42be829c7c700c69ef430089520ce6	3777	4	neg
2f8e26359c8277cb17af72f65bce56e8660b13356e93b8c56658a41111afa4d1	3778	9	neg
96ebcb4039dc166a7616d25f6a2ec77e6b462548b42a64cd26f7bd007d25e389	3779	8	neg
21c7b427292e2d78c77fcacd8b1c1a65581fd8ebbeec5bc1f610dd6811e65aa0	3781	3	obj
29f4573799c95d09dbc3a12b0330e9aa5df4a00501ddde58defbbb2f7236f697	3782	4	pos
cbfccc73fb507a87497728332bb905950614969a27f87ca5ba9e8d4991a4cc6c	3783	3	pos
dde58ed4e143eb85eaea22e9fe56bc7ffb3aded1d0ff6d8eda094570eb5db2b7	3784	8	neg
55fac795076c183fa0fa1f92f8d34ced24b54d56ac90f5e78f995dcde32055a5	3785	3	obj
0ccad5e323ad33d591f7ad6f548d9255483aaed85572131f4d660716c4062e86	3786	6	pos
c2867b4402b0c34a065d67626dc683426f1b5338a67327474196ad97145f2a24	3787	0	pos
e1d8743d03d7ea0cdcdca9c529b5e8b332cfc887d96ebd91c971089c8d570a35	3788	6	pos
dbdbae8cf77dcf6e762594504d55381f00e926d363ff5810836c2a9186cc8d6a	3789	5	obj
4109fd319d10ceb40415dadb027a42e3c231350c336c3d9f4c9787383ebe931c	3790	2	neg
e15c101290ed0f5e6a33768c68aa165deefa7837bd989acc66c89013d75ad4a2	3791	7	pos
75d01680311d2b9c32fad48f24bc645fe43fded2273527cc011cab7e08e81615	3792	6	pos
bea0a0479a5a14c04ae6e2dca9d9e3315c92cf37ee43b7d942536131a14025cf	3793	4	neg
edd9c83dd0462211a7b8c9efd2f2956ffe22212f0cb0a6dd526c0cb89349ded8	3794	4	neg
7ffaebeb466bb330f8ba58e2fb6a9b250df7f1aa7673e8c87fa55447ab0d73e1	3795	0	pos
512a541b8663fc7b36eadf7e6b344b1ec010e43854ea2309b3f2de766f67429d	3796	7	pos
20946b00378307516b2b00ac38d38e63aa0fa6b6f321fb6cd95ee4c068824d31	3797	3	pos
6f808355815e64d83abe6e936a20fff194205fc41b100ccb3d8bd78d793a800b	3798	6	neg
5ffd26791f5ec4f57b4fc7e09fdc0c46205ab255a716d9e865478e96e0f3ceea	3799	2	pos
7ab87fb0c31c1733a99ae1498641fe56fa210c2a1c4e9ea61957421d2e8542ba	3800	4	neg
692f468bd1e17bb6a9b0c0b9c5f50058f324b752434066830bb16db44f42d2dc	3801	6	pos
b16e7f25787947bbdc0aeaa3f136132d107a690cef5f85f67e8ead6eb55c66c7	3802	5	pos
ced487bb10d61d3ae8e5d06578a6961a9ab5aa9af31c3cc547612bd1fac91933	3803	5	pos
8275f3286237e90c2c3ea77bcb18054ccd516a50a9c6824275a5c63d3f3c011b	3805	4	neg
e1de4cfb252b4a45ece27d5f34ddab1597e81366fae7603af05364f30acbaca2	3806	2	pos
e17ba87269253cd41706c9b54f81e03335292421afca69110432d04ed61c11b9	3807	8	neg
353a0c00d3b49f53b28ba095fa8b11c0fef006186554baa4e8c7667163a758e6	3808	2	obj
c1d25c5d865f9897f1a74b3a2b352abbf67d3974719e205c4944e1201b0a6a90	3809	9	neg
d35abccdd8a3aae02376eb54bb955babeeca8bc052d359f46d67cc0cee591aaa	3810	6	obj
ce11f947888b4de12d4e2ceffed1000e371381b6d37ab6fdc4ddfe2241fcfd34	3811	4	obj
4ec055026588481ec5efb40a05ca1ddc84ad89ecfbc206f4f9943f60661c9942	3812	4	pos
3701ffcc0191f998934993f8a240dd80f89425bb3d526e7ea4dc72594efad2ff	3813	8	neg
32af52cc390f72dd927915a90bfbebef5a08d16ccd3d5986f9bb8cac7aa6c378	3814	9	neg
b87b331bd4d1d5e9bbb0cb1f57ccadcafcb2f75e05182f98489be19f3061e8b4	3815	5	neg
6877fe7b1d54ca36c5c2f944f4752bd84167ba4f142d2ca08724d8188f116c34	3816	4	neg
a4d9c749f9cc0eff0df49635600b0cd0812e61004abd0ce148e293ab58e56632	3817	5	pos
423a1a650ffd0b1f29d1610db7ab2dcc956d6407cd4094801512b94b27c1e5c6	3818	9	obj
6097acd27289581865ecf3da9cd5864fcd57228cddebc200c9aef54c29e056e6	3819	2	pos
b202b2e1feb22794a5f44ebf2be255e680f7c23da612da3663baba27a6236516	3820	1	pos
18195bb5cfe2349ec6024d8988c511df8e902bf5a80a14cff32c54fccc8c43bd	3821	9	pos
6c03e16ffe8ef1a525f91edbd641743f7c22e0468298a57c87568175d15ade18	3822	7	neg
78ae15832e62ccea56043eca615d201a8ffd8eb5633e2012a8a979a9a74c1de2	3823	3	neg
5da0826ba97249bd3251d278a6ea44f9a1a026bf05ec474f2679120fcac84957	3824	3	obj
7fe4813d58db4a86ca3e95c3855adf55a5411ff2f80ed0ce915b2a0531f37cb2	3825	2	obj
44cbe79bdcbfd895ded464ab1a5191d71e7759c03d3531a3f159b620372c422b	3826	4	obj
9bafd2c5be279aebeacd8a7a38989573b62ed67b5c08faf107e3eae0b09f91aa	3827	9	obj
74f61f7fffa2b08de8f150ea88f3355b7cacf3a2ad5e69aad21c448ec80446e4	3828	3	pos
7f85ed13a49d91c864a3cdb5d4a3f93f8b1d7efa77d370ee8349cb26cb562517	3829	0	pos
da65e50a8864d3b27de23453c9f397c17a29ccdde7eed2cec3886ef2083ee545	3830	4	neg
5b31c30a7c743f75e42b60db44b046aaf125f7608ea3c7803d7d38286b39acec	3831	6	obj
7a473ac4210059ea6c0988c67968e46c08c15406e601a9f750c3418bbf452a46	3832	3	neg
4415e5de1f38edb74add7272b680082cec0f5faa375965c27c86902c84e026ed	3833	5	pos
f6586ae8d78cf6561cdc036314ca080350357a394de97d75e55ec88b63cd7fd9	3834	7	neg
ab3731c5b3e84312b742f6804aa9c5b9c5c562922b803ad69ded6da49845c80a	3835	8	neg
c8721fbf471d84c922e6f3fab8f55fdc193e8a96414c0b15b0cf3ff4035ee823	3836	8	neg
5a6bd1ef6701b8efd5f9fff30fd5d4791c5b56dc6357807b42dfe30c69d67fcf	3837	6	pos
de3663b4f22dd7d2020e835ade78d69a0d56301e88f3adaf1008e3d2b5df835e	3838	2	pos
d0326ffc96aa615addca448b605c654beb13c0c13493a27dabb710ab8611ca09	3839	3	neg
950eaca04a78ec112e61dced4e60adda6d5dd5b4a420c7a129fee0eabc4882d7	3840	6	pos
385b0855e50d924d1a753d9f7dbe1d3c87b7fd1d94dd274d8d117ae8d5e9828a	3841	7	neg
455d90f58ce6e817f006a8cdbc57a32596648ef340eea4f18956640d41d1ede9	3842	3	neg
4c90dd7d1ed25b93b7aff13e232c032229e4d34581d2caa179645c1b26bd09e4	3843	3	pos
718b403c07f2bdade6c3c7a35fec07a7b0454ac3d485bf452ad419e23cbaa96e	3844	8	neg
a92543032a5c1c92e50b3d94d00819bcd0b60c3f7bedd4e4777eafa1a5cfb2a3	3845	7	pos
8f013bccacf001adaa14feb49c57653ab2d420c05642109c01ca36b4bc3b8bf3	3846	1	pos
ae0c6a155283d9f8168a2796c20ef85106b30d3c98d7c084cac6f8b8ea40746a	3847	5	neg
459e176e583575eedefbad6bec1e94bce8f8ec966d6c3e1e1062835a1a45b65f	3848	9	neg
dd44716829b2e61436a54103eb1c342154764f56c3cd4c34b73df90cac91232f	3849	3	neg
478e0ce2b39cff502d308edf10403d8dd907cec14e734e5dc7a01de2defd7888	3850	9	obj
3ec9f61505fe5cd2940af78449fc490d7dad992ab4c78368574fd7fa24f167b9	3851	6	obj
351befbc6e6e199c975d2aeab6c66358e057deb930938fa3e6eea5d64449fbe9	3852	5	pos
98cff99532176bfdfd84f4d17ebc9c4e85a36afa956682f0ad6eb7b1765e8035	3853	3	obj
ba8d63c07e1c8239e696d075735721acd896b477b7cc14ec0f06b23aed2799c8	3854	0	neg
8c02b780f45d64a0ed99607194e82c6a777839d05844460d6c63677c0fa0651a	3855	7	neg
264f6ceb8e927c3842b9ce9c1611570c27c37891c29a7941c9a331e04adda185	3856	3	pos
f8e950d6e580b9855aabc3c918b84933cc801fcdd4d92b10c6204d96d5b47412	3857	6	obj
25f7a6be8789adebc75334e1e3b268407e0337a80449bddddc9cef7d64bf85e0	3858	6	pos
942af34c812bf24c34486cc6fbd17b4773bd4eb5dda2e4768671b1cebf35919d	3859	8	obj
0ed8f1e98e1a80eb9a1a7ee20baa4bd8a6ff99b3df3617ff87b7e4279e4b8030	3860	8	pos
7ed98a75b5ba783719ad7459850000e0979f7d4916b34a37da280e6a8604c1a6	3861	3	neg
b446463ec0138556a694903a13533e3ab51f97705720fb77b7cf79a8d2e5f873	3862	1	pos
3ac5c6daed6708ac78ce175eeb592d6270318923675cb91a484695b57b8b7d3a	3863	7	pos
e25621ed7a0e4364c3d52e511bee2dd0ef920af74add8586b8eee8b954267123	3864	9	pos
a4d420d2bba99485f3d8f99386a28e95c108893f8b7152099eae7ebd876ddb8a	3865	8	pos
1556509d851c083486b10cd974b3380044d6a945a5da63daf65009a89471d701	3866	2	pos
ed2612add3764d0491070cc4549deb27200bdd5d081db6ce945585813314b4b1	3867	4	pos
b55b6b3a855791e41e3af9e2543baf2c7eb6e0c1ef797225effeb87878293db7	3868	8	neg
b9aa8e95275d4b381800e3620feb93ef5ec90480e7227f845cf02881ef4230a6	3869	5	neg
5610bf4bb4338f1b6d2b8b4b9ab1a28bcdc0ac53a71c8a1ff098bf20a09bfc3c	3870	5	neg
f0fe12a59be1947f83a01a1ce555a1994aa9e18f00396d3ffa5efea28b3b206b	3871	6	neg
6bfe074f0453d5ecf133b57ccf0db30c824f4cf8a8a29f888947de3c9a36fab4	3872	8	obj
4ceb00d1c9827d0eb9e01388240d2fa6c011ed927c84bb7926bd8ca3a71aa11d	3873	7	obj
568a2cc8340c1783a0489dc0fa78fb99d5301f8f04490951517bb5ac6fa15470	3874	7	pos
5eb8f3cdd779870b016a40777e2525057110be6546f65ce2b2a7eb5ce36a03e7	3875	9	pos
b63d6b01ae4fdad8d49888c0fb2b40ffec7cc21e634719febfbda09fc045f4ed	3876	1	obj
69bfbce47e56b4cb8bbd822327070c10f38452ca67916b5759c6c5c4dbb5220e	3877	9	pos
9070f46c358ae76f8e8781ea307f977a7cb948d6eb09a9ea5da3bb692040594b	3878	7	neg
9ac741c5eaabd8d40e690e3916fe27672e298cae36768e17c691a5a1aa99963e	3879	1	neg
053bbc84dd19333e6bf22402a07bd95ff8b70b66975880249e36d72d513de8c7	3880	2	neg
8b051af3dfa32c3eb939bfc48833060e95ec0c67fccac01eb18f35f60150146b	3881	5	neg
2d46381a01baa6d600c8a1d6ffe59803f0c24f5dbfc09913d92cac491504af7b	3882	4	pos
5871ecf1199b8b823b2f1bc699a67a7e3097fe924618638f3a1ff5533315474f	3883	2	pos
babe324e9eb6ad3831c2cbbd26413d54c542cd9d617f919d4841738d4d8ffabb	3884	3	pos
a9c583fae1ff7bdc706044449ce24adef9700a461c293da7661c39796e7bf12e	3885	7	pos
fd7a78a1ca5dbbbdaf8b6dcbf18bf048246f72ef25d1e0f5b28786cb263be32f	3886	6	neg
4cc6588e25d3e7ee40e492323c240d2b9489987e0364334fc162e09ad6721f8a	3887	2	neg
4efb4ebd77755a46aec81e80fccc69f90d1042e6a96f5ea4416c697346149dbd	3888	5	neg
e673928fa1bdaa8baf3ec60d09e258b46586e36b991019deead546e26feebeff	3889	3	obj
fde6fcd37fc235482d28aa2d950dc3f75a324e0e130ea1708d6721cef5392fce	3890	4	pos
3710eb395ba961fdd683227011c057f8ce9d2595818195f991f2e7b3ba7ad968	3891	2	pos
bbcfa6c612362a6b1b0e5b25f77560f3d675f51f22481000a1b7810b92a29012	3892	9	neg
c44f83ea881a45201fa1bfdba9efcf7309a5aca01dc2edf2c00069a7c1f8adea	3893	6	pos
cfe9ebb647ca27905ffd22fae34a353952367d2d61496ff42490db2bea9599aa	3894	3	pos
99a87ed4f680152cfe7abc8219bf08f029bd81a507d44bd3e63c91e6310c153a	3895	9	pos
f5a94545d366ac2b96620e22dcc50456dcc94c05e34d76f8251a5feba6ae6471	3896	6	pos
660c166900e6c1817328f0e7cebbe4a5b8c0b4410d4676b7c381ff5acfea46ef	3897	8	pos
0b722018f8f75ae164a47611c7fe5258f8b99d6b5739653563035b654ad2958c	3898	2	pos
5d5c45dacd55d56ea542f0b15058a63fe3d23e578812e46984122ffdd46c403e	3899	1	obj
bcbcd4038013382d9fee91ce3649d58c9e3e49a759fd0505e84656180c983022	3900	5	obj
5b71f03a88cf283edc9a19941c528aa480dac2c3dbdbf92551a2562abb0034a5	3901	0	pos
4486219e191ff0b05b8ca0a4c67b0a97e5c959f32ba4c778b0a9f7f8118b7c05	3902	9	pos
bd4a5bf48238433f0ec285c5f733b963a080e2d552c17446dc7977a27f3653e8	3903	8	pos
c88ed2ed09f9f8df78f4fedb1a649d69fb04f7d57b3938451a835c3d47af82bd	3904	8	obj
357c52f9479372dd03c5004d5554835e6630c8402c67b6b06111e0347599ff20	3905	7	pos
e71da9c204b73b6cdf1d66ea46f7ee394dfe54a49f1e13da4e2c0f3997f32578	3906	7	obj
6380b582a4896bf7738a60b182fb0b3fc65b9b4ee4fd86784da835e22e205d15	3907	8	neg
472478de7dbd27effe6b48a3b2443ca70e38fb9dc838c7c0146165a9c4ffcbad	3909	7	neg
8c9ca861a236e6818b416c76cd99350613a9f5ce1a88b8985e853a477f79b897	3910	4	neg
26bd8baa4468c23d294c3f0cc1edc9168c4c77b8b1a65fe6a39da810839750bb	3911	8	pos
cb20499321b9ca74bd527331a9003666f3d77cd5d3eba0aaf7b3afcf0e2f7671	3912	6	obj
ea7f15d1e286d75d8de3dfd17430b87118840939312770ee74d57b2df9e1c6ee	3913	2	pos
fca26b502e01b3841c35a988a1c87dab1304889e4681fb8f3ddd07348cd3d4bb	3914	4	pos
70bd67b90713dffbdc8c3505d652f12818106dcadec0d6435c8456f27f57dc21	3915	9	pos
f95b9ba2ba7e16fdfb62058884d88a271a6eb192370365e70acad447d09983a2	3916	2	obj
2c594db7058a8888e835147ff1ed5119bd7c4ec19e3a2f41615d82fb74556be0	3917	5	obj
74429fc89fff56a49afc7e0c3e731b457b09737e350a1709df9ccaaf842907ba	3918	0	pos
f71bc57061e6ca7572f3f1fc4313a261766312b9c0b7a4ba589a77d32318a1e1	3919	7	obj
ebe6d36762b3194b323359318d596d0531ec6101d2f6603d0f990a41a2b6b8a9	3920	4	neg
adef48642f92838f91cdbf98d83b5f4e36c9b6954b15af869ac13956d290457f	3921	6	neg
ab28752d1209a6bd37cbceaa256e1f1cf06364e79444582d887149f9efc99102	3922	4	obj
a891f3ed9d4266593a8f2388c1ea4764eb355ffac3def3cf3b2ed83bec445d58	3923	0	obj
cf5047aae2408f4b28a02b4ffae3d7ffd783bac510271733e483bf3f27b9ca75	3924	8	obj
5219512cc6a0778056dd1f69feff55a6e845d2dddfebecdafd8e8f0290926519	3925	9	obj
ba0c3e9231b4d8d46143ba8c8c28f60f72f22344e83257ede4d13a2d44691a1f	3926	9	pos
2095129658760ff5ad1d713eb101437df2ae9856ac2497cc4c9ac37a2e10e0df	3927	4	pos
a018b9fce093dbed28635c8dcbcab23f0b1a4100a8da76c231b686b158632c7b	3928	3	pos
24a430ea2f00780d23db4617dc8c2deeb19a1b6a84057780c89cbb1cce69803f	3929	3	pos
408b0296d87040538c8dd5a0201ccf34ba98210facdfef749695b5e6318ae1ce	3930	7	pos
b3ec05541a410335492fd536664e2951e33e3662f0943095c6653b3fbf2fa088	3931	5	neg
8b97381043a31bef78a2634f7e42506d8a63060b66e4a353566dd84d71f47dee	3932	1	obj
030d92cb65e7395efb0ece1a5d4969ed8292c1876601f3293529fb27689026cc	3933	2	obj
fb202d7c210c2ac373e36d674bfe227314114c1288ec7eb790c2a82a541ad093	3934	4	neg
bbfdad3b5cb94c1ed2599a22ad3e20748736061435782eaefac061167c039d79	3935	0	neg
8a0b542b234f5c850de6ba2d6ef74e8f67cf6ae2a51ed82baabb46d680412e78	3936	5	neg
8be026904f6a301fae02c1a256859251cdf8c473915730a4d268a93a164be89e	3937	5	pos
4e2b4fa3f795b8400f39bc043cb2fa16e1cfa695c67a4f2569d7fb0382110a93	3938	2	neg
a8e2bf4ee283bfc60c725ccfd3cb7f9573d57dcedec454ab961408f4f88404c7	3939	3	neg
01426c5745ec798e81ffc3199b7475cdbff21d7b70fc4ce9e952b0cc6f4bf0ca	3940	7	neg
f0c9501ac00d4fc46837004f65dedb021e43efeaee8dccfe24fc26f65afecbd0	3941	5	pos
61ed6ec5bffc37ce39ffbf1963ddf3d97aad3b78fa9f880f55967306c086a3fb	3942	7	neg
79d4b6b6e52ef329b0405cb7a3237e492b326dce02ee051ecbf71b01d34c690b	3943	6	neg
fadb4d1060308865b94b035401a68e1aa8a4c430ecf15e1d82b7b0ad1aa3e58d	3944	5	neg
40e106ded60d26d92476846448e85f0b66f1686e16c002f88cf13c8e51633ed1	3945	1	neg
7d8f96481e4c35944b236fc47d96629fd93a58303a6bf4cf9a1579528fb0526f	4216	6	obj
8dc6f4458f669fbe77cb7cd18bade30171702fa884bcc025ec61c0bd3862c52c	4217	0	neg
722fb4507f519d7c17ad5034cb18086acda3e163f8081372036df48cc813ba24	4218	9	pos
f1539595b6850a7b19a5250e9c3b6460c58e26008db69c2d2ab656eb60ee77e4	4219	0	pos
435708454c75f6d509dd64883f1c55f6c58a5b380b0b915cb9322cc211643412	4220	0	pos
b604489898219d09ddea318b8d500e6a65269390a88d8c3be03a3f7e65fd1e6b	4222	7	neg
49053ae3d0951abefe111786136ee3cea5612342306bc0373b1a643f53c488fd	4223	0	neg
559d545c42467590b345f2c2a3a9a2d67ebb1a6856ac145c02a3d46232d5574a	4224	7	neg
42ec9be61e60a4e3961dd09c295c83f0397cf3dd9a5c5352721d173f19b17788	4225	1	neg
4f5fbfbd3cb7a34b4167b2cd8ac908762bd58db8342ef5dafc4c80de674a3c2e	4226	2	neg
9153931c9a1861431ad21ef5b56ceb8949f2e618cc29c801adacb4c958252d27	4227	1	neg
1cb889d60fc1ef5b232e5b4bc931f69813edbef8675e6d955d6e05b53e32330d	4228	2	neg
6dd6dda95f7a344775f9097a46076c32162e3c4a82aadcc3be269225415a3c5d	4229	2	neg
db619a0fedc9aa030c981f2e6ed8acdae961684a3c07bc23f1b3977973a88997	4230	5	obj
7cfb4f5d096d70a16376aa91c56768560cd2ddc84dab2df02c67c2e9070f1a00	4231	9	obj
7b56cd0819aec441ed51adab4eacbf162cab1df3c745ed9835d00b603c85c011	4232	4	neg
f93201db18606db8018438985e44adbfd5da96a0ebc832ecb1109a14559a4ff8	4233	1	obj
9f94402d639644811ba3c040b8148bac9f6b2a7e1abb5f476e351d291b8ed309	4234	8	neg
3a8a99afcc572c2bba1314a4ea61d20364eb0a73ad840b4a92d11e730b9bea29	4235	5	obj
75db94d0d82aef2090828cd7c9d3b82c2e51460d811ed2854b34ff1b97a20154	4236	5	pos
c0b95c1b13f2c89d20cb38123ae46f43b3bf684cb2c832fd65e7443a2800397a	4237	9	obj
9cec4ffde847cd6c54762a6f0800e4e1d92b6b633a703cb307df3ceff2107378	4238	3	pos
991dd4c69c3df8f4399fc39641d333bc38a95ac6526dc757fa716702116882d4	4239	1	pos
fa7231bd3b899e277c3f9546df00f0f17671ed8613745b376ff107aab8075c14	4240	7	neg
10dff68c3fa56b00e13f7e910707541a09c7bc446507905caadc50dacddd4b64	4241	0	obj
cf9f349d3071477cf2533d4ddfb8c2b06e700470e9385282414c6bb6711353bb	4242	8	obj
e63ef18dc8a8c37e760ea692ebb0315f4017f44c5cad96122c9520b7ab786ba4	4243	7	obj
4d9400ea58d200a19d4f7234455df6add9aab241b2dbeffb13a400bde40cf7c9	4244	8	obj
4c5045c355767b337b3d391bae37bcb880f77bf1b0ea290bb72a1aa99b5f44b1	4245	2	pos
dba5411b43ea9ef26f4751723102332edb9478dc6cd65a4ad4cd21290e207a95	4246	8	pos
a35dc2b380c688df4e7f715d10a0aa5968babd7d46ecb90e6dea5b25c6105833	4247	5	obj
e7c97dd3247b3e5632df62cbbc4a28657b14c173f6deb27bd26e1848a35e1304	4248	6	obj
420a307e09db4a8f041f9b7e224d810f87eb5fa00c7f8089d6cea4038f379043	4249	4	neg
7932dc05e8c589a94586ac25fe8e6ca9030e186889479b4b09e664c7a0b9ba3b	4250	3	pos
b9d3181ee84c8e31544e3aaf0652dd22b0cc995e5c744fb942a3f6124ffb4b9a	4251	5	obj
152f94bb68dca0aa83bbf27a3f5a52b117e4a3e66ebe48af22044e6b7ae54ef2	4252	7	obj
a4d3421d0b118ca5aa1607143bf785652b29edf2a9953248cca07da2cd149fc5	4253	7	obj
c8b8265fff883103c56a1530ea038f0a6eb6b9bf787c2a0609ec0cc1ceb566a7	4254	7	neg
bbc1f03cf6ac9f09990cb0d8235f2a6c117a18b3326cfe52e059f66b487ea040	4255	3	neg
3b9159e891049e19bdade1845d1bcf26f01bf4cc5c709779c7bcd1f64c2b7f0d	4256	2	pos
df0e8360f6d1c795bccdf1fdfe3d47d99c53c7118dcac4da668672d23274ea31	4257	0	neg
95a80ed1dfbcece26ee6f34f65971ca953bb6f6ab9ebad8016f264e36e1c33f0	4258	0	neg
914cb5d379e1efb617bb67ed00c0a8af33d7fe8d282519a4122279a3f5db6f3e	4259	8	neg
998c8a24f407025d4f8ccccac57b9535d84e2038fcc4bb955a2071196be92339	4260	3	obj
1e77cfe6cf2bae0cc39072c2c6d6595c9d42ba0524760514c4c7a339548fe9b8	4261	9	pos
d0ae674d679b0ae07a164e0addc987ff02c9f86385be855bba6f2ab4bfdc675c	4262	5	pos
7dd8aa2f7e48345b62132369fbb140163a8e9918196e26cdff8f3714b2e4df6b	4263	7	neg
43609bb492229bef2e0ea724d2bf77735c9c3e043572ac7117dec1b6d188fa07	4264	3	neg
56c5a46b36e71067654dd1181ee942294f07450ca49e31af5454bfe5185053b4	4265	9	obj
f35f6528fe5c6a69dbfcffc8ad02bccc1329b19468ca02b61ef6a5eb210f6dfc	4266	2	obj
5c531a6a55f083ab8db4757dcac26059b32ecad4a36a75ab473c02085fcb8818	4267	4	pos
cbf457e0d6ec86e2c192c3cc7d7b152925747e621612b5fe32e7513347ac718e	4268	2	neg
eb1ec19a3267dfc20ded20be0ae7e1010972745b443cee76911f8aa6dec89c77	4269	2	pos
bbbb9698b2b8e65337d0be656d66b284ac5dd0e977ead058a530b54bd08e3e83	4270	1	neg
9627adc5edd84b56c5afcf24ea5b0da2ac07c56f3ec8831c7f74626086a5b3cc	4271	5	neg
8dd04f4f42585fc197284b3b56c2ec15b0888c0f98485b0d7450620b9e47b2ac	4272	1	neg
ee516475b5e4282ee6253176b80dbe40845ca6aa9014ededabbdab160faa78ca	4273	5	neg
5e71b91f71486df30b4b805cfc3df41a88ebe41a244f6cd8d7e562d5dc6a377b	4274	9	obj
7f583a067331c3252567d7fedcf625bac412a493d25bd158d1bd14b656af159b	4275	5	obj
6867fa56fb49cfb5aca04774a8f85b87eddfdc99428e0fec55031d7623787c63	4276	7	neg
56e1c09077cd6294b53e8566a85f99dccba0ea358421e670d2be7429e272fcc9	4277	6	neg
d82cded4437e33762a380793a3eee0bf520810d883feaa8ee972bf57ab4c38e2	4278	2	neg
6328ff7ec20de34ec17eef0a6fab77e7d4dd8efbf2c66fd3ea451c2a85cfa3d2	4279	4	neg
ec56f56ff4ad7af92adab6259f4c3b1cadb8d50906260ea282e82e0e41c372ae	4280	6	obj
7c4a1a94948aa7cdedf15a39a45b7e0da04ddc625eab5076f8f7a88a0183108d	4281	2	neg
bc3e71ed330e20a16b2fc33c49bb449cecbc70300ff528e70ad768588cfc0c32	4282	0	pos
d6a4f6a83a59bbfa542cc8a1661ba4e2637df487874f4bbbe88c850a1356b5c7	4283	8	pos
54cb1d4c447e0a9af9f559ff16db160795887635e90dd372d789fcd1855fb537	4284	2	pos
492b58d8c5df7f85b76393cc27a40e4a0896ca3a0c1ee9d947082ea9b3e765d4	4285	8	pos
99031b3ff6324793a10adeb05034f8dec83ac8c94874874d1ec3dfc443433d75	4286	9	pos
1074fdeacc2d532a7620412bb6fb5cd4a5957d4c9eb1e0d6a6f7ea48fcba7bee	4287	9	pos
eda894f0a3d41a6ca32741059f8572cf87112dd09824afe7e39b3364d07b3f99	4288	9	pos
6ab034a36629eec9e8c41af080eb40004fb81c3b709913fff4966589d63a5761	4289	9	pos
dbc58b0cd71abaf858f5bd4c3bb5e06c00906978613087ade15252b1a25385c3	4290	4	pos
c7dda66504e34781b3b70bffd0c31a33a93696237bcdc24ce39e5daea00caf10	4291	0	pos
9d0ed7d78ac4b938ad9977a952546f2461e277f78e7de1351bec60e649d58101	4292	2	pos
0d92afaf521887f7a9ef6c85727a64b508d24e8eb00f09b9c697cb9e6479159e	4293	2	pos
9247e8b91e1282638376a54aacca14334f17b0b1d054bf3eeeadfff741c35702	4294	7	neg
6b157c1b2ec1b7a1c3644e1d803ec3210a5579f3e52d64117db1cab1b8d53bd7	4295	1	pos
336ecff2e7717cd271185e67aea1ba619aa6f34cc83ce33fd2f1e0afc78d48ef	4296	7	pos
448b5fbe9654ec6fa63191d8940f061cc850d85fa27edf73a19d4f1012abd384	4297	8	pos
cd5d59c60eff1d658de68e96c9ebf8e395d17549b3afcbcddb6b8c6667d2c558	4298	8	obj
5bcd43890bf848e8c53cd1fdbb5897d9edd6dba3b27aaf9c9888f0868a6afb74	4299	8	obj
ce57f40b0f2d4e61ee604414b1e6024725b1ecf3938a9881ae534445872974e3	4300	5	obj
1bdc4968906d16baf9b3ce698181f02ea73c6fc65b6bbc604ce94d97bc54ca73	4301	4	pos
21096028890b36e648415577e339d2b0dedea6e07ea5dd4306088c50a9dfe941	4302	9	pos
c4cc7141e73e32fbf335af7fbb35322a76b8ddde5df0a4013b13e0ea99ef51f1	4303	5	pos
2bac917f3917f1188dc4ae8dc9a3a441b07324427cf21ddf97ed8457d821b3f6	4304	6	pos
3f992518e25eff16bbbafb67430ce4c07c89111a72e05b1069984dd0dd936160	4305	0	pos
f38dd82c8d8a4e8e99c73353e47ba4a90398fdbd4013dc1fd0b97a657ad95555	4306	3	pos
866b0ccd8f6f2b7c9d37ce407a283c16b9ee32323e1bc9f5772052ff90ef9d36	4307	6	pos
362ceb8b5d3857887d2a37835b1ef3d13af86a992a0a453e843bdcb18a4f6e70	4308	8	pos
665a926850a12e6b73ae39e42facd981846679fdc3d023324aa7244fdc258aa2	4309	9	pos
fff0019f7e29c0054981e544c7704a91176053bc7b5a54f3a3a0cf9f6e08db91	4310	2	pos
09ef7b8a73ee58611a88ef963b74fb33aa3842666b14e54d65d155aaecce9c3e	4311	0	pos
224be63655a8753c14bc22e4779b07a4c07451b8082d6479b5fdfe83f16ee7d1	4312	6	pos
00f43052cf638ad40bde315295d96082ad926bd2ead1b3ab2c471c5a2e3e9cc2	4313	8	pos
8596e7663b77641244d450647bb93ec9c76bac12e23985b4be41ba9c0ee9174c	4315	7	pos
96d3043a5d3c8baaeef6ee55dd5df3cf2f3a1a2c3be15ae8eeee89f17bfa856e	4316	8	pos
6fca1d34b80f3bfb65f05f5ccad5aa89c186325c87af4eca8e73d02c322a4c24	5466	6	pos
9db2200b9366fedac1723eaebf53f5b35e2b90db45f8511348ce362797c4d2ee	5467	9	pos
c88e2917dedb03b750a37823b5ac75f64a030f466f4bec54fc41ea6edc258db7	5468	0	pos
a07379f8536870592c0a97fa29721a40638442e3ad3721e1c828cafe1866d551	5469	3	pos
fba11f64526199ba58e3e72b19f4c6e597ae7efe1bfcc32e1b1c6cb86f4d6fe0	5470	8	neg
9657cefee2b382f591a76ea52a30074075aafdec3f374e67aba727c5f557f6c9	5471	1	pos
54fa9816d9fafc611381c90191321702bd4a034fb6ae4fea00f7ce47650ee92a	5472	5	pos
adbb78f440b6a04d306a9be19525f67539a07062691fd3d12895273cfd9726c8	5473	6	pos
77b86b6aae868288eb7846512b76669249545be2a24c5a085aee0a67bd157dbb	5474	8	pos
6340880964b36c1b7d34671119f8e3698df7dd702ceee7a69686b220fc5de426	5475	7	pos
551bc5d28fec39b96a164b2bd11f08a58a68653e898a72df521b233f72413747	5476	3	neg
9259c70fc570b6e2d4efb8f22999dc5a7eec669512819e64f5063d8fa2bfdc62	5477	4	obj
7a597f93806c509fc6bfdcfe374010cf0910bde7d0badf2a688dce02bc838bf7	5478	9	neg
e19281243ec5751b7c5a0c8e664c2e7718d60f9c680aae7cc6f132564732db3c	5479	4	pos
d69b34cdf47cdbf2b80f904300e1665acd74177cfe3612a1f8bb3e9de14879d6	5480	6	pos
e1975ecd48cfefe35e25241d13811ed4795f88b476b9cf2a1e9376eaddbe4521	5481	9	pos
8acbbb26cd8e30ef8c523aa9d563f57d84612f1a0ec49fd3c1bc55194f59546c	5482	5	neg
a3e312dd58bd706e6d02184ab5bbeb21d109cb730e622cf0ad20c50f762352e1	5483	4	pos
668594b0fc386e3a4fcaa8c999413be8127063dae4091c9fe48e51d330c68078	5484	1	neg
1c7ee41a3e9eb258d0933014b5d6344b10a2da37283cffd26dbda828488630ce	5485	6	neg
2bafba310f29c742f54a24bcb256acd9363a9bb6f0544cd385b5cea2b636fa2a	5486	2	pos
e7fdd94706ae793522b264cd1875cfc255646add2a0e5ff81d0c0327004db28c	5487	7	pos
02337e7804b29301bb78b7df23eb7c90564bd368cdb0d2c74c1889a95105d2e0	5488	6	pos
902a2e3c063e0a7a253b95401fc66d18ad3bba3661f592a1218f508577542f2a	5489	8	pos
77ed8a68fc175ba1105772f23c5d98d76df235503535067a5facedb28cdc16be	5490	5	pos
903b3dd6502d683e199ae686dd756afe0596c732ffe0010fc88381d5f4c0bda0	5491	1	pos
813206e10e73ed4dbb2e31fb19b6a5fec1d70eef19ba1b398303bf7ca6487e1d	5492	0	pos
4040577235492628c54f74bd89e69e3635722e0511b6e018c68c3754de7ab208	5493	1	pos
52c51d145326412086c0cd4bdb4a96c6abb664a9d196527ed913da1838ad7564	5494	1	neg
f8ae87ccb492c6ee75b0b079c35f2fcfefc8c1e8998b3d3078572bc0556a6de3	5495	8	pos
9a5b72a9f0b1e133cb5f09cda5b449d7e8af3c7eb83401a2b0eba32e6fff3b22	5497	0	pos
5b1c19500272cf860d5d0a49f21f1da318e9b2057fffc08efaef3607130e83a0	5498	1	neg
2d89e507bd18e672408045eb412494ecd54d24d1838cae85dc7e85df04df7815	5499	6	pos
9efb9306e13cca8f2dc760efd287e4aa0f6b1efc7732841307af033864fccbf0	5500	5	neg
120541431fe3dcc03463e4a06b7d663bc1fb5581e121397e312c0f951db63e81	5501	2	neg
028d9bd15365d8b6a01fa240dae68d40ae5bf75b7d5114b39a2def410a805ff7	5502	4	neg
5c725b93d48267923d0a9639e8f50183f1a9bedad6c6434e465364b8fbd486ad	5503	4	pos
50fe64c4e3663640cb163076aa96f89ff2d1eaa0e4622a3058f2451490f39680	5504	7	neg
ab432dfca6ec4fac8bb5e13ce86f3109035a430ae6816958f10a8468a063c7dd	5505	1	obj
7fda78014653653650c6412170871b6562c78b8c2a84b5c3a2706773f6b26598	5506	2	obj
a4f1dc8ad3fbebd5af16d15bb58b8bf82fa68cddbc3845cc7d3dd1bb8ac14bdc	5507	8	obj
b77be924de6aef022ac7a50e582184512d1694bc07c18c730a0133564af81b97	5508	4	obj
955d5fa65057d49464f9541b3efe48f8b5694d325c10d0cfbdd370a7c27110d7	5509	3	pos
26b6ed4e72b02dab33f82ec144d30ad2099f23a48f8f6989dc1be1442315a6ca	5510	3	neg
577bbd0ad66327d037b7a7f93e02daa229168916870c3c4afaebd7d98317d339	5511	0	obj
fe38a09695c381519d51e7137b5f5481b5f579b413b6cdada13bb48b487ed027	5512	7	pos
e8f5fe576291c7ea6f7cd8fcab3aa7ceca05ed5de8294c7e6f159502cbcdbd22	5513	7	neg
f635f5f5450f93346ea128e05e857861b59e999810dfd1c6e87209230c854695	5514	7	neg
23dd8ef62cdb6e477f8e866e9db309cdb4622c3607d2ca374cee57446292013d	5515	8	obj
976c9410073594cdd7b4f533d3fe1ab184afb77fec66a6c4e0b2c6366f886c83	5516	7	neg
d34099bbf06aa5a5627cc4b8e4606e7acd96427ef7b391b5905ed9bd6d0c62b1	5517	1	neg
781909fb41bf7876d613b5918f9b02eecaca2ef3f6ea56050fc20898312c3d54	5518	6	obj
1126129b92ae601d3c029be1fb6f7c2b60610e3fd6423cb58a91271f1d34f9ef	5519	0	neg
550e576d11014038d6c5a8551f6a85f7f2d2d250558b6eef21d943f58099a2a7	5520	2	obj
917215fa7ca99e9a793fb38a6b6b66b2a62460120d1bbd80c56a6e76281dca1f	5521	5	neg
bfc16b862ab75f5ff668af9deb5b093b55323b5a137ed674b913974a1496fd5f	5522	3	neg
56aee7c475c7e84a18616593456f1578e46f877b5224d183c4d08ea0a430e06e	5523	8	pos
d119b8c1a4623f242b72790d9d2f2300578b892770321ed6f6cd9375b9b91b79	5524	4	pos
04804d24d882710ebece60b48698aadcb81da171d1f7cd50a5f13a95e182a593	5525	5	pos
eba3f24d7aba0ce9edc2b7b994c299d9dca7b390ac5d66b029f126e0d8d920d8	5526	9	neg
a0bad870f379d169556490ac380ea01d4b687277ac1a0cc0b661250a1b086b40	5527	2	obj
645602d81c097facdfb38bd4312a1077b34f4f5412fdd0f4345fcd52d76be233	5528	0	neg
42431a3801d40ac8362f33d3c45b2d16ff7b5b5ce9b15ba73d3e277711601624	5529	9	neg
5b1b1925ff474b582af9bd7d9f84414320d371f61105974af764179e896f8ce4	5530	6	neg
915d8029eeced6fc51764a3f54aebd7ea02a01bfac174d840fa295bd86a3b347	5531	7	pos
4ad34a9ecddd2f2777a0c77aead9a061bb5eac095cd795545f4660a91f50a96a	5532	3	neg
c5de3cbadcf3fa3b8bbda0570326c24a832fab27de84d93797b83b70b9141bd2	5533	9	neg
b7b446344d7ef07b414ef274943cfda86650e38b6cc9e271d1d698f54020c284	5534	5	neg
56d697ba81a8ab7ce9530ba484a4dc5234dc01d46739aaa493e1f38cb9bd6cbb	5535	1	neg
485e231316141d53571bd8538546f63ee902a3688e617514baf1ac9e77e27cb8	5536	8	obj
a28eeb6bcf397499f96c164e802658ec0f19514a8f5aac9c89d20051eda8b709	5537	3	obj
2a93612a60e8e6f9a9d857a37a350c74aa5d4dff5e175cbd1183e33f80ac6d7e	5538	0	pos
9e64cc25871d738357155ea9d4854c9c66f453cac46c6a03c4ca539e568ef07a	5539	1	pos
2dee0d9328a8455a209eeac0350a9d35221af63663ac5322377e0e9778a666e0	5540	3	pos
2cbef1409b1d12e250bccfd1187b28c3eb7f21c3a1cb7bcb39cfa9a6065fcf1a	5541	8	obj
e9434e0e8617f0bf0762a9ea44c52f0f8f5d989a5dc7341684bc006ed1990615	5542	5	pos
110ab1eb6f9b9bb2a25977dabd6eb6d7c3b6c3f9a1b4e76cc3b1a78553d5bbb6	5543	6	pos
a5269c86ff57b60805acf08ca65e089df414b33143a9c70d676b0bd48c58763b	5544	1	pos
3c778b0e0d45a057b73b063b6de0fb8f05b22507ea3eb52dd9078d22e754f837	5545	5	pos
79c54d703abf4a7c73eee8a47286d5fdb2b8455db340d7f5d1f3c0da3ca6adcb	5546	0	neg
1d8fb8d69d561047056bc02313939250952feb9e75aa600216ed5f931f5c5435	5548	2	neg
1a7b5dad947ec4c2f83a23a5cdb90067de384b96bbe4a10099ddc1d8d8b2d75b	5549	7	obj
effbcb9789e641d107ae4ea60e39e24b6a64d9312a3152b6ccebc3a1e44f74a1	5550	3	obj
61ddb081c518546d2a6088cfa6fbe6aaed3682457e8fe3df68ed19e512aeeb13	5551	4	neg
4a4f9f1960075d87ddea673c15ae5d05b871570bd5b50eef665a132edb9c8c42	5552	9	obj
50b322341bbdf97177588b9a6e520dc50257bf704e95f265ca4c88080e181639	5553	4	obj
995d2f35a87083dde7a4f2123fd5229be8cadbc28e73476fb5c607b8d383b439	5554	2	neg
f577770b753589542a3769d3051296ac1d4fb7ba06895793f060b1d0a45068da	5555	8	neg
28ee7f9dddb15b7bbd80ad845f645eced2c72379bcdef5a52330d495561560c2	5556	4	obj
d315edbe5183691a25d93f1d2ae96129ede9af076418e606c98b35e8310c3591	5558	1	neg
a49aa0ada3456e398fbdb1e819b2be613e3af4d06f548687f2fd726a2f145690	5559	5	neg
f323eb81ff9fe7193fa85001e4cde1c7aa01cb8e5eb7a05376ee33dc5bce1528	5560	7	obj
4ddcd60e20dd8056b43308f1a2f764670e3e2f7fe5360f24a60408869c708ba3	5561	0	neg
4c4df5a743bd35432a3c43d6cbac11ba608d44a18e868cafabe4ba84ea7ec5f2	5562	4	neg
97104d605ccd49e28b1f5e611df6b54272fa97d2fafaa8e8c67236de112214e7	5563	8	neg
444d3e9cfd689c1ce18c5df03148e2bc3f09265089ecc6f34268d7310d092fd9	5564	5	obj
f58cc001ec3233e639c597a887dc8bc9a8baf54dbe2a2800c3f47a87b23254fb	5565	2	obj
7251a6269662a2a00429d0653d04f5c08c6f79d7e591b92d3321ec758ba23908	6557	0	obj
7a0cbc20599fbb70fe2b1cd1cbe16ffd1b834fe1773ba0ea4b4d405cfa3d9d63	6558	5	neg
8342208527207bfb842a7ce5b8f6f4729bc0793e21a12041ca9adbcac9604dde	6559	8	neg
838ae3869ae01ace6ec581e7d81e37000c5d85eef2aa7eab92c689535d322818	6560	9	pos
1dc238d090aa0564f64caebbd322748127643de5e35aa96311dba8fa95a3ad2a	6561	3	neg
f7d1a1e32fbbd0e24a7a9b247f1771dc7d4a620b4bf5cc1eed51753ee734bdd8	6562	8	pos
87139abe19066340d7e9a38aad052e1976d44cf659189928a80d2925eaa3db0c	6563	9	pos
1dbcd340a049162d1e1d12e290e8c3c2c9bb769fd80593e438d864ffd989fff1	6564	2	obj
e13ae810d87b8b0ee66cbe9fbd6585383657efa7869d736a4e15c2283c68299a	6565	9	obj
9788c0438dd5c47cb7837f18faf9af9e04d74639f5ecc6cfef734a1a06fe9d3a	6566	9	pos
87916f07c71e76a638a4aaf6325a2035395521b6fcde8a51f758eb63ccf60ae7	6567	6	pos
a51b486c772b8a6053e95abdf95102bb35b4cb081b60573b34288c744f17350c	6568	8	obj
195450c5640604d525a4b1649e9c6c5ec32e88508b0287c2575c166a0df8c939	6569	9	pos
22b91ae1ece8f6649e21bf51fac0eb5efed3a4a96f2062afc5d663265b78ff28	6570	5	pos
15dcb06bafda3611955e9cb081bf0b8f997499d9967ac91035f3225e8f3be658	6571	4	pos
5b17a595d943136461632e4a8be0e23e0ca1501eee27d5b3efba1b013ad79466	6572	9	neg
9262ff706c20cac7caf7a1684f3dccca12e63850f7f61f9933fbf139a7359f8d	6573	4	neg
e800e473f4a897ac3c2592c2e36376700fc09650f90ed315fff9a8e47a5f3566	6574	5	obj
cfd543591e1845537fa3d82450b21733e782d25a0bf92c33a876fef08dbd3883	6575	8	pos
caf585c476c6c1a1df48faab3fcab230d71e4d17f8120c1ae64caa345f7279df	6576	6	neg
9d3bddadfff9151f27ee9e187bb440f72cf95a5992d7ef22c8438be9615dfdc4	6577	1	pos
7365a607b71f8706e2cd9596d3cd1ea1da57a92f3a30a9bac265b0fe2ebdd705	6578	7	pos
77c9eab9e9973a5c1627c142f0b7816a7553dc5d0859807ffb689ce7433d3d17	6579	1	neg
7547899d8a656d60d4d4900048781cda5d7b00d8063da7310d430b4b61285953	6581	8	obj
444e0a975a879fb4d32720a1af3132ba44f59394f9586f34aeb72f0bd37c60bf	6582	0	pos
dea39fff5001a7a0e1d2c68408e936b3ef1c47db27adca2ed3cd5527442407f7	6583	6	neg
67f1dbc7ffcb5512618f8363b61370ca6ab45da771ded089e07ea7d5cbeb306b	6584	4	neg
58b15ddaf58b8198b993535e1295f13a7a8758b93379a4948fb2dcc3d6a9e609	6585	3	neg
b2ee0c015048d79cae7066e33b6e8f811b7fdcc46cf3cee5a616b74e8605f348	6586	7	neg
fcd0a874c4c139b3643e02c5abb5af830fb3cff178dc27ee47365bae9204e623	6587	3	neg
d1452a1cb42df12056d09e1d95639550c20b1b94c9b4ccadabb285f88fe2d70d	6589	5	neg
0f86f616720b7174914cdee75e2e57b60355835244e3530d76f77d56e89c393e	6590	5	neg
f3ea9f4677f0ee4afab16d62e43540e4f037beeffda1dd2f71ad8a56122f9a33	6592	9	pos
e1c422722052d80bf98ee6c063b52c3b5b8e5437a0987d19074d708008cef29b	6595	1	neg
2994370f2690b8877841f209507501fbf61b2cd12739ac499d2b470d7a5b7b07	6597	5	obj
f3ca97a16b088c4bb5cffc52badcec710c01abdee670bd1181e236f3b712a34b	6598	9	pos
a7299bd89dc07fd7b143c78b53e51312f3d6bf3626d329ad6c94346f7bcb30e7	6600	0	obj
73e3293208b2212dc91456b3aa823478bb40e4cd8a97a4319bd349b8319fdee4	6601	5	obj
8169639f512d5c1932a6ab1a8cd1a8241d6069d6d68af9c6636d3c33cda8bd59	6602	4	obj
7fbd9d4ee77ae2ba0691899d7cbf29910b163988aaab45fd6f61a6a07575ad21	6603	0	neg
ed869ba652a3d1f81c839e58e88d97e896b7232fff1f61d2cbf2d254217d952a	6604	9	pos
3d9288311d0812a96e4eb768e8cfc344c306ca253c718891271ba798e3b948ff	6605	9	neg
b45bb85350905db6cf5bdd34b0ba2ec1a9307820065853926988c25319b334d1	6606	1	obj
7e5635c4c88a77d63daa1197d27b6ae131e3dfe306e436cb38b6cc79143bd1f0	6607	3	neg
4ead24f5a77e1f7af8bc26f127a1e61d4e1804796106fad38cebf38d0bd3b343	6608	8	neg
74586a150e92b9f655f5a4b1462f3e4dcd8d99d681ef65f9a09a7c518b7a3cc7	6609	4	obj
607ee7cd3b2e68acd61205f0f162cbffdca1b283b6bd04550711325463548d36	6610	5	pos
20cbce5a48a830490773dfa54f9f7096f6833f1c9dbf04cf992343795ab9b8bf	6611	4	obj
49967dec4d307b93922b4f2199c003aca627a6bb81e786b5419cb152433bea03	6612	1	neg
fe0f6f68133f8b4747ff973cddfb4df8eae0142739ed4c4bcd6961a9a5d5d4df	6613	6	neg
b5b44f4fd5148e2801b7596128724f93bd25edd4735b56a13244aed88c12b053	6614	8	neg
8d498f533ab9ecc5de981f7b120945fc9d42676ed689406f35770e86584d2052	6615	2	neg
dffe5b13ca46ec4ea093e3b732a5fa0945eea525dfd222b6bdb06b3756150eb6	6616	5	neg
677581c0e77ccc099a390dc53e035c57511eb8d612ed2ded0baffff786a23c7d	6617	5	pos
506269b2af64fdfd933ac24362d18edabd590fe1919843085136c39a2a960f2d	6618	0	obj
391b1a87ef27f2c35ac17c544609dc908f38a85eb15800f6b1f7f06fc5763aa0	6619	2	neg
fa90b802cd939f3699e06e464d964684ca1bace05180dd5196022ff0cc1a8309	6620	2	obj
b04e778c0772efabb9a732579f567132e71cc1f3e51343a840d4042a7b9e4de9	6621	5	neg
99e93b6fe05a67c1c72084ede6ebfbe0163dd508835982b3f5486f7132632011	6622	9	neg
b57c6c7f17844ed052c7c0b662f9b5db0d5750fdaa03db8549bc06fc33ab42df	6623	0	neg
1e30cf61df82f7dd3a128d9aaa3f03569b97a9f51c99d3d026df0be2eceaa147	6624	6	neg
b84fa6a1e5c54b74adb1330ba387956296cc4967baf20e7feabdf8725809a167	6625	6	pos
13e5e9bdf8f370be1bfc42c1d9dee35c843ec9ed3a29fc1bdbd1415d00503168	6626	0	pos
03306a2215dcf6a9a507c1922ee1b3b91d8e4aeaac9798e7f30c21a833bbf587	6627	1	pos
3ff7494d1b1e3b0e0f595a734b02c8e19392c01fa8edde6cda5711e888a3dd05	6628	8	pos
68f4ce82f0e39bb12946b079ab04b0f86dee74841cc84f493bd671810f943eb0	6629	4	obj
400b5c85ab1da823ad828ff231a5cf14b16631991134495276fcdd9c303ba165	6630	7	obj
0a15c4086094a2742d621839587e99d91887226e618302ef5710d8e01768e96b	6631	2	obj
4d0e5ac612f38c10b80ec1ce5cdec05dbd247bdd433e238528c143f4d09b786e	6632	7	neg
40ee8c1dcf805ef40113fee8e6d81fb3b294fdccdaca4c5daa71918f0b00e83e	6633	9	neg
f4f4c0da3d776619d31574da261714987ac858261fac6c9e80f7298dbf2b5393	6634	6	obj
2396ecf6cc1b1d43506fa4eaf77ebee6a4701cce218b53e164379b942e84d27c	6635	6	pos
f42f9455c23d3d8677169d070fdaa67b6b42f1d9b846b67eb2f09451220e638f	6636	3	obj
611a4648032a68b082ac9ef0796b7fed68c7c9ce230053b951692efc8f6a563a	6637	5	obj
112fb140921b1693255f321c2856264625b52da28f179eddb5d6eb5b1457157d	6638	6	obj
36dbad917138194cb6a89b115c2195f5ad0673f43c8ae2e3fc61c39f85428fe9	6639	0	neg
89752ea5a49ca020a5539862f5c986a38edc8aa4c42254f807a4b44b3c97c542	6640	9	pos
196d87d440ebe03785e8f8d38b7c63200c472b35e5ac11452f2a005df2b06540	6641	2	neg
1a4e3dbe420926ccc503595cd736e63f99703074306b5a0d7f29cc84e2e017c3	6642	8	neg
99e33dd894b20e76ed4cfbdb6dc5838ad8b0899e6dbbcbd8fe17e17e01319fa4	6643	3	neg
70ccf61f80b5f6783af14f7afc069b3022f7e201cf01c0121c2d75fbb715c47d	6644	7	obj
8ae49ed593a21f75bb6932c1dade25348841166e46c65ecf5b7895c48babe4c5	6645	0	neg
24bd8647ccce02b1863322570535488842d99f2f2b0560d550886f67f6d17dbd	6646	2	obj
a58ddd33891e541782d9ae22b3d8ca400e5d52e0f416bfe228097f3f1ae412d7	6647	9	obj
036eb43c37a80551dddd9f496b7b72d899ca74d613f87f31243f7ce2751edb02	6648	0	obj
1c3d6e3d9b249edc92f8deb7312df6258fb946b6662d3cd7529d100dbe7157ae	6649	4	obj
2f861dad6c574140356eb60468a536c355ae5d54c2d3c13b946ec22e304f0bfc	6650	7	neg
7170403b97defafd61862bf507a4b8761e2a0e5535526c37e2ee7247059c2446	6651	8	obj
21943d6780b3e4dafc8ffe86a3f13ded4d2895d3a76de93582fdd7a82643f10c	6652	7	neg
f42ccf975aee23c630cc1d5711fef70017d05014886357cab35730dcf8b3f347	6653	7	neg
5019fdb04aa763f922a9d6c2cbd8a36e35246c98df5446ff9d5f25b4c40c9b6e	6654	8	neg
071b68efb94c6dd8b580352910bbe3bbfb61e75ee338f3d9e0aeb553165cd10e	6655	5	neg
bc7cff00fb936b4519ec97c12b09c44a1cbfa25f095c9d9a2ac067aa74b77162	6656	7	neg
