uid	pool_id	fold	label
de253a0a39170bd8083bdecd1047eb216550afde17883186af30c40bb3d8b269	1	2	pos
44acbffb1f0fe5e3e15e4f6922b8f9997478a92cfae8b9629684c0873a1dad36	2	9	pos
45138a1781281695fb0ed8a243303443023251e0866318839d66a7bf6d0ec05e	3	6	neg
fdb201a23ca346eed6cfcf1d50165771663384bfe3e377127e6d67d8be35894b	4	3	neg
f527f197a1300dbbe1b50e9d8f40d464addff409ca922bb13f5bc3aa72330c06	5	0	neg
ea421f5371a27e088e74ed7eb750f4e08c51270bfbfada60d82ad1c84802038b	6	6	neg
473d5cf99cf134b4e0519935c4c1db0aa707591a989c527b0a4f0bd1e2b80965	7	7	neg
4cf221562d9ab7b453a836be9115884bb8c3dbacf3677e5c4b65cb9d4c2b032c	8	6	neg
ed150030cbe1c765d95e205ee786002bb965d04e5376e4a8f8e3b40380476b0d	9	8	neg
d1168dfd0517408d970d9edc3a8462f9047bd9f3e60563382e001bd07894fe82	10	6	neg
67332a9e35f896550befe7abb7d643630276fd5da493e3775032c6da49ec89a1	11	7	neg
37a89211485225b857efb02a3b914844fa99ea55bf6ac5c833d09c7d1b29875c	12	7	neg
7091e5279886dad4f8ef2e2db686cc5a2b95fa201fbbc2bb5c89791bec4c5ce4	13	6	neg
671aa2457fa13fa916a02681ead9491b727fb76542359a9d6fd6ac2806c85a96	14	6	neg
a555992a4e94a343705faaba38e015c300c51f2005e802791fbc0343f342fbf5	15	0	neg
b6186c4d4b96deba9c2a1e512cdd43c113b93d817fc069825c33e4b0b6dd1892	16	9	neg
4c646b6769d5be733b3cb761437bd3686861dfd1b3b1dc60d2750872cc34b149	17	0	neg
bacef4e910bcebe03a070ae026ec6801b3bc3a6c6bb1b80ae4a6c7e2870c799c	18	2	neg
50d09adb95dde2e5492e0b28374b49d8a732d7d60765bc5fcea43670cced34f0	19	4	neg
da581dd9bd4dd158723130718cea2b90fb0d278b35fb14bb2f3901fc6d2158c2	20	3	neg
90661070753c349f56063b1c2028b70ea641808af9475c64badcc6a174aba243	21	1	neg
7d6ca63be7ab326a1c71ac78793745abe304207298563dc76f0ab32f73c0bedb	22	6	pos
c7a64c521c2c9841a80f480691d476750e73af7d774192e40f6bd0eed8369d22	23	3	neg
f181c5205520095a39c8ac23dfc576ae4d3e78ff8a53eca3c86a23895b2e1c49	24	0	neg
d63eab2251aa27a9fdf442a1b1c602998caf5af7c2987f28f5b54f233ef7233c	25	4	neg
b861360133a43c622bcb7e5f72a691cc02025623361370afd3eb9c94ac98ad86	26	0	neg
0038c3132a4ea60c37532936ce82c817c9dd70eb13ee181b2ce1706727ec329c	27	5	neg
d3ab7e9690174dd18e4dba2692604fddaa002a0fd78e3f4e57825943125853bb	28	6	neg
a9e3f07901e616e066b60d889ebb214493496759bcdc0a8646694bc8c1e74efe	29	2	neg
ed3d572e87e49776bb8396c7fd8385118ca80e4f10c4f592301af1af53955206	30	0	neg
98825777196cc6f29e199334032e9ade81e290f7c15f38d69019c2ea96f2fbc2	31	3	neg
82e1cec3aa238c2f6ccad8f69bf015907452f6628641361b8cfcf81728cd634c	32	5	pos
4f2d8e1a31a77cf0cac58f339269a2ce79f6f6c11b6f50ade03c07a51e7174bf	33	1	neg
b11f402407f058f0cc5244f79f7fe28f2f5bc6407dcbba79dfc9706fed82ca91	34	4	neg
0ec69db297dd05c1c52f240678da6abf00869c8804c4fa2c737fae380154ce2b	35	4	neg
d925ade9cc56121b2922cf0d542e7aeecdb5c707c632c6a3c2cb9f9115632ee9	36	5	neg
3677c19d47ff39a10594e7ccf4c65332c49098ca1eb508cddbf47d26b86d90a7	37	1	pos
bb74a55e87da0ef4901976e21f77b98ae44fc8dcf6d6c10c4f21cb006a142395	38	7	pos
a510a6155f4515973ad0201dc77223f74eeebbf0a6484070e33ad70630e31e91	39	2	neg
bd576879b28468c604a397fe62a534d6bdd977bd9cdb599e51cdf4e2e71b2aee	40	0	neg
a7a1b834e4bc6e272e45d561dc40bfeeff0441d1c400c4b05bc85213910dcec3	41	7	neg
2c28cdd5b2741ea831e815c1a9ab662286f4f797580baf4009c75398be8ca725	42	2	neg
6f548a29b519f7823cd1a0aefa55d640cffcb4b6d0d0a4e7e2ac76c343ab92a7	43	5	pos
d70d5884e8aad5096d282f0bc69417da0ebf64f64e158dffca1a3172c671ef9d	44	0	neg
0477d8b36ea61fec949fa8e074b54cd95aa153b11c6bcb42497c28ac7ef909a4	45	1	pos
13190b9e13e67f6d8c7a2dd974db4d4ad455c59f2602377e820f186eef3191a2	48	2	pos
d46e579ab78eaae7d8780328b18754f6ac1776a0b7737ce038be71b6c2c847ba	49	2	neg
a991d33756c0187f8fd08c1cf5877edeeb12c1948ba36fa34c737eeaca66733c	50	2	pos
854d3e51da24461cc4cd57fee6adaa3d3d0637883097b06f45d6bd221cc2c5ce	51	1	neg
c8e590891fccbea392cf1386a3d4809f31c04f7ca87b2cc325e6cad28f590594	52	6	neg
584bad0ff6604e304039d1a577f3daa6dc27192be6c0bd99f3e1004a3dbafeba	53	8	neg
29097b8d27e10a48c4bf223c42c3ef05cfb78cb383627c1a1c3fddf991f7133c	54	2	neg
edc070f035b8c779eabd9fdaa47606b5750206e860e6ffd49ae1d9eebfdfd01e	55	9	neg
af08cbc8b000df153a2076bf0d5e4e068d2816d1518925fec7b5773be1a1a07a	56	8	neg
b2d991e100530dd3fe18b3f7e1888e929ca04ca8ed30c5fe90503d239011de97	57	1	neg
f11434771a238e8274b5586c28c2b5c13b0576656cbbd44dc31bb44a5e5a863c	58	1	neg
dfdeb2f36643d0b0a40aaa6ee4aa5b6c68875fd894adcb06c868f4233f001ec7	59	9	neg
a4bcb57936918978ab3ebbd7da816f3b8f465c901ebb2a258577294484d9d432	60	0	neg
31c46b8029ead48d01aade080e3ccb8de7c09ab8277cc76de8a426197a89fabd	61	0	neg
bd28260cf1756f9d24a995a061aee04118ae2085f63f93ebc944e7decaf9abfb	62	6	neg
1632ae6934910c0ec0ed3e259db09a6f996061cce192c0e319422e338efc4cd0	63	8	neg
7f9083ca7a1cc89e1b9369f9de44383717d0b3710970ad5359453951b8de9b8f	64	6	neg
729bc6c9f2419a1efc1710591267200313f5d64d4105b95fc4b21a3d81c44dbb	65	1	neg
06790ee18daf2edde2cd43f097b5822aa9645abb57f00c4cc79caf09db1fbeef	66	1	neg
7b078325c55205477359e6c4ca2b0ed62851db8aec146492083e5c3501ea171a	67	4	neg
a2a5a4dd0be42414c99daf8ff877fad423bcb3d2d2e459eebb19434edb7d8b80	68	9	neg
b801884cca6c0be0c459638cdaf7de46bb6bef94c3b7f891540f1863097bfc2c	69	9	neg
898a090c3e6f048857b5374adcba5f66631754358dd006646e8f7ac167870a85	70	2	neg
4de36c4bf693ab422d487ce71454e341b077b24159245c75d10722a061c84ba1	71	8	neg
525c94959252bafc8117c416e58adcf4ddf2cfadf729e77566a76f950b2a1bc7	72	7	neg
649614dc61d49c72bf78a3492fd2df0f14336f96224babce4cfcd5bd5567a6a9	73	3	neg
d8af233280a77da241372ea1e2f455ba215feec2a165d3458ee3efcdcc1d5814	75	2	neg
a5b76d671a09e3d7b29d39e76365cd46539a5e417851dcfbc29dabc50b04c537	76	9	neg
d5c8cd3f1daea22f1466d77e3ae1313d1d7347e46125bb348e67335420691fc8	77	3	pos
28c27448d7018453b16892e767197bbc0cffdce7e3c95eec2023872b102a0786	78	1	pos
f64896ce0c73590e9ecbd33a560f347c919893b0e7a0aec8e356bff02c9f8d4e	79	9	neg
867d14ccce4bfd015232046a4c6b65d47944603d2be61b0d4549597d0472cabd	80	0	pos
e65c8ed2bb7a3257f5c633b67712f82daf97bcac98a76cfba5aa4723773cee2e	81	9	neg
b17d9fab715d81bf5a7c1ddb814cd69db8990e5f7e403057ed00b24ee710482d	82	2	neg
fb78bb43b70d25fcdd58525224f3922871b1ceb74faf25dc7b225ad8c8728f65	83	8	neg
4c05ec142027bbfdc006d3b89a25ec37521bbfacb392eec059bc836e4645caa6	84	7	neg
9e8e520d541cf8d6b262b717907abaf943322183e00d05652e59ad52ac968361	85	2	pos
ae688188c4682a13481832c958a3486c797879af6eed7998760b2060fa7d240b	87	6	pos
e0c6b4692506cf47cee4811237683705c40b67e77549aaa9e024edba9e681acd	88	9	pos
4d069bb92868f6dd96f1ff87d7d42f344392887fa650764a1d345deb17978070	89	2	pos
ff4924101f9d72b5a9991b01d6a6d9ee9346e37eb92862ee33402b4474d2945a	90	2	neg
4e5b90864d03367160c3fcd664dd7dcda0f2646462166b10ec5ac7fce527623e	91	0	neg
7256a7d25a6287bd8fefecb7b072579e7b40262ab81da62aff36277f16599403	92	1	pos
ed0944091fd5f41e44ae8da038b643a1413420fd09feda4a7c3342d102446c6b	94	6	pos
395b78a71efd72b29ec3d090afa6bc81d4e7dccf5600dd82467a0bd573bff6a0	95	9	neg
5de558f828f346fab0e75a66070ad731c90fc9d7bcbe74daae6aa9766fcc879a	96	6	neg
770d0fce9a5c5091fafea05bfc05be8d9e4db63cde77883011d8cfd8933c2672	97	4	pos
c22343890e728a5b59b3c9133a1b17da5d7c03e865c5d22fe17127883897a857	98	9	pos
92ed4db1982f3e4f95e0102c71a2ba5304a9a34140e01000353822d3acc1e485	99	1	neg
1c2e0ba3feb769c930f942318bcccc0362c0c11eddb73e167e56863cecbf0a60	100	1	neg
59d5c1fb73d4027b3d061413e14a5a26ed1460a202b516496564ce93f85dbbcb	101	5	neg
ef4e14fc167954da565d6d36aeeb620eb5e508a189babef13442419b52549fde	102	8	neg
dbfb92c24e35610a74aaed283f11f2e4317d9b7e79edc95a647ce42610065af0	103	3	neg
3aa88608ca6f363311d7b9e250ea267a1fd907459b8db6d4c677a09354bc1620	104	0	neg
5207eb8ee6a235f07ef223bd1adbb9efc38d5f7e9b5d60621565ebc0e73a1c1b	105	6	neg
fb264641791e919b08c5ffd78644a578a1d427bbcafda68b33379fc6a32e2e6b	106	0	neg
81575e4e5c46d9cffac93b0e71029bb9a2cbd8be218b754fef1a35f9b9409456	107	5	neg
7f3023cd02e7b8aaaa35f8a3fb5e70f9c06c43f2da84129f85e0df7c180f5314	108	2	neg
36312275d12e24a07f610a16e1316b308a195668c43a61e8e07b160a2d244317	109	5	neg
e2e08a21279374a3af60d92ba3fa05b18debe89b4baab29ee56ace3065c13d38	110	0	neg
a960e389320c0070e1d1a7b08d76cef2d99a676ae2e0242808d04b8190f18bb9	111	0	neg
d873e42e81a516c5c26023ccdb043ce75b842a91d666b4e61be0aa075c92f98e	112	3	neg
a8a4c911017263517ef760876453cca14f000f0b1509d3341a5402d2bc0c23bf	113	0	neg
23273368272bc47e66dc8a054655701e27bcfbb291bd566afd33890072051087	114	9	pos
32b88a2941824796e1469e854bd602fd370f486279419552c0708f79ddc403c9	115	1	pos
14459cf531ff468b42b5d559b16ebab94fc4b0160a4479aca609294f8ea57a27	116	1	neg
c95093fce2d5adaf992bc5a0cfb0be088b3ba1bab3e0cc1abcc3ca173e96898e	117	7	neg
71e93fdef7b0a12414ca2124eb7d5dcc1df225acc3ad89ea84287883acd80e6c	118	0	neg
0b993375ad928813b0ed5e475d50965a1049cadc1a0ca6ba6993bf2a92917131	119	6	neg
7c54d4f27320dddb4420a98b113f4b4529b14cc72335260fdc4bd5feb1a9b9cd	120	3	neg
316f3dd768fa888f526fa0dee3699160484a698d5bf220928ffd766936224725	121	2	neg
c0e61248ee7320de61fe939d9b2099e33cf7622321582b78fd805f6c03464bc7	124	5	neg
0b718873c79cf74bc649569719f468587f1a87478488f789e8330b409d94b941	125	8	neg
bf214df6cf9c2b5c0ccb16caf1e9b3191c05c8f1aaf80eec91cd2dd0de67e35c	126	4	neg
ee65c6dae99f139dad7454dc9505e0525238a4baa389594dda58e3743d0e662a	127	4	neg
9b0f7baf1b81b8767b58055e2fc21fe79e220c5c7da4f0de955fdf3cc2efcb64	128	4	neg
eed22d5491ec6548d577d5d43f844504ce5406649eb18628317ae94a36d877e4	129	6	neg
eb0e307000ebac6f54d735f934910ee6008c8464b22ac82a4b4531e0947f791a	130	9	neg
b75c1701c822a5085fe6ec7701f9b67c061d600fab52cd6f80c16ac6cdb29109	131	4	neg
354dea8e5441403e308817be49cf54102ae443a153c86f32511c155d740550c9	132	5	neg
45c5dec6d547884e74499710c2b55689d2baab212153ec513227bd8b658571fc	133	8	pos
86ede7e17b874443ed57f944ebff6871eca6c0105ba7a48983dc17bf5915fe58	134	3	neg
eab360c16cbac0e9f0e264193958faf4e9d11fb91602dfddd6375ca92628c5ed	135	7	pos
e363110fcc52ca920a220290876634a01b8c728b4c3114fd8e3f94aa6608d1d4	136	1	neg
4c032336e8cb944e31c6668873f1b69b05ae635559c841cf32925f1933ffaf7c	137	3	neg
032e9881ebcec3f16e6b35ea5ce7485c315f50d22d254e4dbc433c19f80bdb84	138	1	neg
306508f8ad9f229fbc63b20b180322134e0149ab240594463f89e19e0f74c609	139	6	neg
d6ead143d5a94e4151359c42d2cb5a3ca2875748663536b5a2d385a38849ec72	140	6	neg
2a6d01178b8cd4a7109511b9ce15095c460c5016dd4e5d0560531c626a518230	141	1	neg
ebe6dc4c372c6d367b4add1d217b38d58ba50d3f5d1fc9e83c66c6c7c2522e62	142	6	neg
46e8bb4a928d1f1df8b1ad5031abb95bc592607daa42feb18814727b4d3dfa9f	143	5	pos
5e056e0750a6b8751a8d743bd4f64215ba8189ccb94d53d5d03024232addea4b	144	9	pos
c2e102e7587c8911272e636d7909b8cf07a19d79687af4c79735abafcaa774f5	145	1	pos
55315479702894780ef5beda4ef29628025d111f6062a5d5884be6422f141d39	146	0	pos
04e58533b756fb1a529f87f65edfecbd9ef1064bb096fe8597f77d34a6b8cee8	147	1	pos
d5fffffb1e8c1e3547901ab7f0164a0d9bef7a7be3f827810da17624d581ca22	148	7	pos
287baf17d26cdc683e62736d98f9e32602497a4c6bd3145350eb7abc5e60cb8d	149	7	neg
30054b4a327d39d3b4f6396bd533b0cf7f71cc97a09dddb7381d24ac274d8d2b	150	1	pos
f6f00da325d0f63e7039d207eb8285291d8cd0970ab5d9a8477cef2d4b821c76	151	4	pos
7330301000a0250a0a28ab8135d66c4bc6a6ddcc2fc772711e2704e61dfa2719	152	7	neg
2cebc62334c4e4cc52a9609424f57e41ae74f3e010a8769efd5ef82a95286516	153	8	pos
bb1a442416f11781b368881da7f3f02c8ef514f9c772f0d1ef2657989cd14136	154	3	neg
1ebd27bdf51ddc4392c10662aa8b4896ff77b097d55665a92473adfc957645ca	155	0	neg
225622fcaac3260c11aff142e8fc113bc7c74edf978bf2ee46c3e1125b76f985	156	4	pos
eb685b7592b8fd871b4916c20da4cff89d2bfe0ebee1e5480bfa1425a7bfa245	157	7	pos
25531e419d10eae8bbd21c9fc2af39bf9674ecf716a42908cc5837baa184b6b7	158	5	neg
cb48fc4870a11f5ffb22def334386eb046f6fa40237acef0d0e7e044e59122d1	159	1	pos
bc3f4cc4bc38727396e091733145a01ba58c59d6aa54aba34cd0b48af9062666	160	6	pos
e36bc6ab313f99d18c2e5b711449c4d34dc18e60cc787426b72848d7a87c599a	161	2	pos
9da90156c33dde68fd95559b92ed63b777e60d389271d7fdc731ec36e75bcae5	162	1	pos
b401a61a42e013c65c448bafc036bdf8fa122557c5972c23a08d6fcf97e0b645	163	9	pos
cd42a7cb2383597c426c6543d08a50461e160e7b65fa2cdf7c31159ac502c491	164	6	pos
323741e073fe268862634cef2f96a3156885967edb3c0ec88858540b4212b544	165	8	pos
0520d10c0a7082eae8ca17760c3250942278dc01e95f4262c29f3ac419a3c1b0	166	1	neg
6815561913a9f25dd677f008953320bb9d18a5a75e4939a19b3526d75fe5fdae	168	5	pos
b00989458c08010c3d1e1bfa147f6978e38b5f2ddf366d682ce9c0a64cba8b53	169	2	pos
314ae337ddfe1f0953420b7e089c0048326ec7d2ee6f0a1b19094d1095c9fb5d	170	2	pos
72ea1477ed42513b03c859bf77387872d5f40515a993f34215d9c209ac82a356	171	5	pos
6da116205cacd0069086df8fc91c9979c459fa432c8c3506c45d58e3c51bf0f4	172	5	pos
5c45b6542dca13e6b2594467b15139d97838bd9650edb07f5fccb2fbd5c3b1cb	173	9	neg
7c45d44e0bdb4fe835d5a7f6a1ddf7f8f50f398bb0b897a6a385ad2ebb813336	174	0	pos
ea27fe1a9d866c4cd8ff0affdc06779bfb62ba3209a3a367495eed8e598ba17d	175	5	neg
99a497d8934f89d124b3e94ac61cb086ee39d28be26de8da5af62f39fe538da8	176	6	neg
2b7bcfa15651de045f2ceedfbdb14a4fe658775d66007ee45bbcea4af7bbc65c	177	8	neg
da7b4658092cb613ad9ce43d4600d3c5393f3a4a40ef8c257fb850f86210a537	178	2	pos
e76f3f6d1ff2f724ac8e931046cb4003d31c31d0e20d88c01768f58800f05e46	179	6	pos
6476f16fdcf866f7a63b91588146131496f0c1bc91d9d0b4167421f951efcffe	180	7	pos
9f7c66c44151af4a69a0b11dc47ff67e0b70159bd1c012cb32fd1aaefa49cc87	181	1	pos
9dd0f40b2eaec89f4b040b9e1fe4c7e7af2d4d88ad2c1c7119a4fe1e5dd51288	182	3	pos
4db09943fd7ae708788788c38c0f3c8db74c7c723aa684d8fa9308e662abf09e	183	3	pos
aca973088168160ceca202dc0503738ac79b878e2f6025eb5fe514776d18270b	184	1	pos
70cd70c16e3b1b2e0e2de6a0c5fc32a9f252c6517840b01e45c900b3e91d6aba	185	4	pos
a5a5c0f426f216a21a42e3742be5c2339b2716b13a0caf159e225119d207ad76	186	5	pos
2c0abe77c47a74934e16b4c21b573e7ca4166ce0c72d76535999a3bf1e44a179	187	8	pos
a7d06bc245d14cbdd4d0d456f3192a7f1f36221ffb7ffe7f60655267fa2e691a	188	2	pos
9bc275d3916ab1da94590e587d070ae527eaec4fccfe665fb761d0e351736068	189	3	pos
8d23bd8ed42ef25496aa10d24bcd04f580a258028cc05ab1512e689dabcd1d5b	190	8	neg
1817787ebb10c8cd6aa84966cd0495d7f7f2bb3b447045ac0513cb40ce57fa2d	191	4	neg
1c06750f2336a12c93b06301bcae2d1091b90986f62fb298e046de96a2fe92d6	192	3	neg
f2bbd65ae2961698bd7a8ba25f3b3909c800c645a07d3969d9430a5ee54c9235	193	6	neg
18baf0a132a91226de800d567f5e2e5595a1d3b4905b05470ad22f5062109511	194	4	neg
b5dc26af94e1562ee08296dc331d2c2788ccdd57386f12ee1d127a2efa718e38	195	5	pos
c58c7935ce0bb8d9dbcaa1bcce30a5cd062f6f0367ebc310da027db535bf2f84	196	4	pos
34bc46e0c560a3f05f0823679cc340dce5106eb3ccc86a1b6eb5417fc20c1462	197	8	pos
81bcc381000eed842d072aa65a61d3c0dd98ba4c54ebf2abd14d805cc477c53e	198	7	pos
8c2d2a767bc1583ea6503416b32cbc71d3c814d77982355eded92e355dd10c5d	199	1	pos
e24860b25c8a27d03bc0060d7ef5b2bd52563f362baf75c027ac83a21dda0b26	200	5	pos
33265c77e0f1b1eb0efa3a1eb04699c8b05b21b249301206d8b3f1467c02e460	201	8	pos
dc53d6ba63bbcb4d28d885f677337461c4326c95fb1c710fba97b39e4a75471c	203	1	neg
efc243e1372a1e0bf8881fd599f499d219ea7a3f92c084c1896f30d23838277f	204	8	pos
31dc3029dad28c927180c5b90be7c6707b7abb93ce9e74638ebce575f1fae027	205	5	neg
fe65b5361642dc32ba5b787a930a2088c69544922c1f74aa3975254ef4aeb30f	206	3	pos
c353fbda754dcd81bbffc0ac58d1b0fc5aac870633db4ced2c5ad5f6c9376523	207	1	pos
fab0add9c7401676cd6c1f1acbc9d4180ba763592e771d9d6cd0bd7e9f68d14b	208	5	pos
640f4a622c110820ffdd2139bb19f3b41a1215afb7d7dade8fde34f9c51b47bf	209	3	pos
8e6a22745885ca00ee597c564b8c42cd99ed9d658ed2e35dd7c1d6da85821749	210	2	pos
24d62613f5570c16a7d1799887a2e68bfd01b1e842459a978aa037cdd41c1cef	211	9	pos
99751fa6ff21c07b7f99212aea42ae4a977fdca93a84b7bc33f4b31b95cd9616	212	7	pos
1c0d792c6fd03c44f4894c31f6ad43d965dd1f7fc70fbc313867d42ae9cbaf1c	213	6	pos
7e1f2171f0a04243cb38e413908b95ca4c7e2a4ef060eba39d1fc7647b5b150b	214	1	pos
928c0fb27224ba9057dc96d861c30c1fa523e8e06fc8e7d54817a09903b19bb2	215	3	pos
bf5a8eae8c4abb0293680a71c7359206e79df9e7c68dbb61a217dcbea5950ca4	216	3	neg
f5c38c955b593d5b8fb34d6f2ecfb54f6f715f2e49eefc5812435415b0b68e1c	218	3	pos
9d385ae5d43a5cfd50ce983d29a63688effab42416efa76d1cff76082ef650c4	219	5	pos
381c47ef80d501184ed8254676e22f10353d6c7fd76839d2f9a2c0f3d889670f	220	4	pos
c30f61f25c7ea571633b317b981e89ebf21fb57db95a9b458696cf46dcb8f56b	221	4	pos
a8bb48e2561cb6a1b641410b8180a8c3ef229373bad66379fdc98a38654445de	222	6	neg
808be7bbd098ee82f8f3a96c5e8c0e69fee274d55894f14026e1a3ad817529df	223	5	neg
b74297960e5e7da2429ee720647aa471ff13b32240ef6ae228b8c86f8ec099f3	224	7	pos
785344a9e8e2574cfeb3a4710e6b65671b96c9a4d924f3fd0742a9d4dba3559e	225	4	pos
5ac1c413b4f3e10c7e1eede846d95d372db1408494a2fd0eadae959632c573f4	226	8	pos
9e9d6bee64e8ba27a1c539cb4eb5392bc4edaf8690aeb592a14b782b1de89e90	228	3	pos
43f935f5dd43627a66f0509d95de35ce89d34b14fbaa205e9385f3d7672fc1ad	229	4	pos
d2a30a6d012acd4d5c3a827f04e33fe000c9dcd65e604f8b40527d1fbaeb326a	230	9	pos
ed122136ff99ab28c4c3b05af9b91e76e22ca055fc0bca840f1f3b6c7bc64581	231	6	pos
4ec2d017f5d19c770a5cb5a5750ebd4ff329634316fde89ac85a528d3431689b	232	0	pos
33672c1ebf3deef381ea4dfa34cc57dff29897f5f9adb2846b4684289d417296	233	8	pos
6bc4baecb96d5f8f4f08a00af0ebe78f5bfd61f04d556856e2a8557c00f54065	234	5	neg
372dc7873b5890967c17a547abef1dbc8a7073661d8f3b87ee4300a02ed4662f	235	4	neg
a6fe7656c2dc1b05ae838ebbc10c15e34832debe93b56da07050b82d229e338e	236	1	pos
5ec8550cec5091f500050f145db81513e2cf044e1309f54b3612a459733b5b88	237	1	pos
32cbe79639249ed627cdcf549a8a24e3eafb8719b8c4a4f13a40460658781cb5	238	5	pos
c26c8582269d261224aa3d3dffaf5f0d8517a4f706f485cb40b56c83f142d964	239	9	pos
80002d18c9b599259df3af6872e46ad4b6a68b5aedb1e8a97314dbf45b8602fc	240	9	pos
7cca153017c40a92bffdf01382198731f581bcbda75a149d8c4474fe3fec3235	241	0	pos
2afe97336771b57cad515cac1e12b4055cbd94fa610ade3a695acc74e4f7f9d9	242	3	pos
4f5820164c83d1ef6d30d66052b7efa68dda98f0cfcd5e2494981a5d10f676d9	243	7	pos
53d828185ef978bc3d08532c4b85ddc471452e6e6f034e0b1adb4a23fb626019	244	7	pos
6cb35a2bb88e5bd31d623723d486128a0ce22bbcf239eb52d15a00314e6469c8	245	8	pos
20404c9ea2109af86166fc41229166551336f2807d2eae59709f9f19b43b31a8	246	1	pos
6138753d0fb1279901b0b5b7ddf69742b1c006cfe52b027e4fca59c748373251	247	0	pos
20f447f82f23e1c7428051265d43dad9d8af05f389c8ff930e89d22e70109fa5	248	0	neg
afe4e92406c537d9f0a233c34b2146e6dfb6ca78a9b1778b053eb0b1c2531ecf	249	8	pos
301070e07c4a99fbae0116961292970d4e34446226240eb92adbdf0ff623c362	250	8	pos
f4dac6cb71d90e2aedd7a1d8bc9406000f126305456c7d5275c8556f325d06ad	251	5	pos
7a186453aad806fbe82e61e27ad1fce4ec16c70ee5d13c33729feb8250783eca	252	4	pos
91d7289a7fdce67bb1377f7f27ae93d3130dc02d1ea6c56b8a35998e2eb9dd91	253	8	pos
27fcc4c497aa7df3e75b61fd55cfcd3dd6bbd5edcd6df3237af989a1d0ca722f	255	0	pos
335fc2163ffa338fb9b2acf473672aa8a7c69792a9dbb99dbbe015d30fa2f98c	256	6	pos
55f1b0ee685494ef986bf859e03ead42367fffd49c3eb5471813916c10b27ed3	257	7	pos
6569cbfc91ae62acd170658067914f44cd641d4b987d148c69dea671e5a7cb80	258	0	pos
ce240f67b8743788932473027caf8392e97c23d5611a06068b336a98dc18be62	259	5	pos
c73fd621c0497ff0cfddf2eb8f250523a97dadeef2996c5fa904bc859492d491	260	3	pos
25d32b5f1b57bc5719c62e2539967050841a25ee55dd84ab19c495581df8af29	261	3	pos
573120c090ab94768a8817e3108894ff2fb45de86b5e0d7339f81c34c051da56	262	8	pos
7c07141bde5aeaff5b859973860120a26d435b94dc754341f55cfe61413ee08b	263	4	pos
3f2fd1c7eebcd24ebfe694f74a5ce630c933ee60c4c7d247b1976f415eb4301c	264	7	pos
f99df990be3ffb6368d507e4c79d020ab5bff6f0d4ca1ea3cce7c582e7e6f742	265	7	pos
79bc8a483c855708db71f851a3395fa84db7f8b5714280f613035e59b7299049	266	4	pos
bb7df55e9f19db99969b11efcfd360a07586876a53c2b83c849d18a7d3499670	267	2	neg
fbdbb19dda6a45a5afe654ee96524cad177818007368160e66cc9bf181845a98	268	0	neg
1f072c98e4388c9edcaa2768ced38875424311460db024b3af260b9094e5010e	269	4	neg
918d4229952d696dd5b7a4dbc7e2f8c43fdf2dc76aab7c5b9a3e128fc992ae09	270	1	neg
a9e06ee346a919210f46319c735c60944ad8b5771a11b29d9883726075a32444	271	8	pos
09132ee6fe7c41c99492440fcee3d5c4c7c8e9b089a73022f5694a7f036b31d4	273	7	pos
f9519f11eb2b8825a404c0421fb015cfa8fe9d4df3ca8412a81a1ee21d468b59	274	6	pos
eed08fc74f19ddde20832d931e4eb5be9706cf75407deafd352e8c32a7005a22	275	4	pos
3fc4b5191a469744c5c8e5eb20faecfa746d38ea2b5799069d0fd5d1c0213708	276	4	neg
b1e8d9a03597adbb9ec21179d0d2cb12decbc6f084664209ea41c18b487db878	277	0	neg
0397e77199a21bfea75f8781a4428e3fbab57645e9d338c1849a3c18db54a545	278	7	neg
c9d16a5460073008792cff3feca1bbb6687016216b973e45ea6c56a1daea4651	279	2	pos
12ef8f6b127a902f236843650a01794ec08d7795d26e44e867dc6edf9d0a9986	280	2	pos
0ab2e4491275b8474d450af16aa1bbe9cda47f818b33ae2d34fb206050ff4ead	281	7	pos
7e1365b5f9f4c2d64372d8d5a32bdf31bda855e539018a122131aea12e3360d1	282	9	pos
255c0345d7aea1698c76fb8fc88774519e90214101b0e2e7dfd5c1fd63a81d84	283	2	pos
6a89b47d0db4dc30c7e35ecc9c885bcea8b11b25b42e9412bea3cd4f03ad29ab	284	4	pos
3c342ea3465f5a17a56ca30e0c8087f481c3f5b25c5a836d70496ce92f2e79ae	285	5	pos
babff291c98baa6674430a78fdb1bd8de78059583bde268bed0775cf5f84f6f3	286	9	neg
ee67c3fe6b8eb5c2b317f71f4f93e4f44589185841805c45224cd89c1e86de6f	287	8	pos
8efc0ff911714b01ab5cbb2a6a1e7f87be29d6026d2d5f188a66d971e436360c	288	6	neg
f2dbdb6770768e796d27822250fa033529c5764291c0d58a7580c7c194e5babe	290	7	neg
2520acc5c3bd17d34efd211b3819ae2a7d925c89207b76640a9b5e021f7717f7	291	2	pos
15e0d7c6d001d2f5040f53b18510e8c3e54593b211949a3dd6e9ceda8804c845	292	5	neg
7f33266430cc425e0a89f33553c546f4cd822a394aca74e30fe5cc290ba57356	293	2	pos
ff3f3959c234132149cd7d6cc66bdb1c4e2a2eeba45a3492852ec8531560975c	294	3	pos
ad2724ca29318c4eae5c69a918a8226f8269062178a24ba8743f2bd2f2c0ddac	295	7	pos
837dd4e571c1e999c716efb0c7bdc3a558c81726a392b6fb832a8d5e6f66abab	296	0	pos
3e7d47e03994742ca740511e409b2945fb7e65dee7a9b8056c6583fd521cc3ac	297	0	pos
4b8b51e3be54376acaadc87fb90cc0a0a75e7e2d3044fb84780bcec0af1f8ec9	298	3	pos
ee699a464757cec90f1df5ff0e9f1e602ed4f73e9db904364f6514b17cf55add	299	8	pos
a4e6d81afbb3bcf2160575387bc86f3081631c71deb0b7e85e1aee6ec405e56a	300	5	pos
5a905935884bc71ee93dec3d30dabe7583d6c8842c038959c86fb8308f7507c9	301	8	pos
a8f6bfcadb8a4fddf28a2885d5322c6eca1f5fd49661ea8d0a68bc984b8d828c	302	5	pos
955f2642436bd396591a45de84b47dec1b7f0150aa88d4baf22605833dd2648a	303	3	pos
40a7156e2b1c82f8b1043f6aae6454563ebb039c106cfc6b5b8f78e4f7c3717d	304	8	pos
b148bd780ce2a988aa7b0e4de2ca46701d1f82e795f5135d8920607fabcf3ac8	305	5	pos
5726f77b79f2d8abec71698ac01dceebf03c71b48be50e03db216320f6b06fe0	306	7	neg
4c923cb41549a33288c57e88e7fb73e431c6b7ed70047ccfed651118671ed3a1	307	5	neg
f95a612b9fc6f7918284d5cd4bef010474d38aaf9ff0d6924b7870be209ee1da	308	7	neg
bf5bd080d6dd94832814b632af642ef7bf84cc21981a324d122738d3d318a5e4	309	7	pos
2bdc33690d013a2e9e7484994f8947256cced421ec425330cb9f2b04e440d016	310	0	neg
bf786cb8d799bb4793ddc67f5e9be947cc453ea12a204d3ecf49eb6171ebf0ea	311	0	pos
071d7f2b2128d4f1d82a9c0b4cc1e699d4140b098cd87093c803a9b00622cb4c	312	3	pos
ceb87cc99d2a3e2d88893ee3cf34cda7bf8ccde98dfd3d01f22738295c8d2ee4	313	6	neg
10c266c51d48017d7f9c5f8927be9ef6e94dd8384a58b805985ee2d0f00af91c	314	3	neg
d906c635743c2c90157defedc225d73dbefa0e55fba2ee60bcda19b7dbf431f0	315	0	pos
817e9882bd0de72b3f0d6430e1fb7eb9ae03896538f5dc4980bb8a68ac54c7e1	316	6	pos
8f168f7b586937f1d35d3ee4a1be5c5dcf236468cf42e435daba02027a59d209	317	4	pos
75d6d6c04f10038be2e1b06dfe9b469a7ffe024dc5f33eac6f62bf420ca70b3c	318	1	neg
1605120df3d7908d2c62cd77eb38e85a4d84ee718c2dcaf12a23fad25c422bb2	319	4	pos
4380cd18e632929dd29ad157eeb78be7069f61b23c62964b0cc6fc339c1e783a	320	3	pos
2647f670b341b826a56f285fd4424ed3788144e8a97fffe89dfd7142a88bd68a	321	4	pos
883f34e360a373a9a4b13a1b6720923d910196c4b10a98d45c179d4ea731a14c	322	6	pos
d9247afbc33bafb1e3ccb2e43c511789241874c4ad089b5d5c63a419c005a8b3	323	7	pos
80f98576866959c624193439acb5ff8b8c73b4a53cffa8315fe891b2a5e1ec6b	324	0	pos
8a2dac4258a55879f94fbe0074cc6ed15c26468dbdb75a9afe14aba2baf81563	325	3	neg
dbdc56fb879738187dedfdc255d9ab76cf67ba4059c5886853f2b6dff1c5ee1c	326	7	pos
8c5978b719e023348f9f4f464e6f08deaf7181d1bcbbb77e58d43311dcb16714	327	3	pos
9363887bb483637ca99ef890c3bca7ab4045b160dbe4ad6108946a62823e9b88	328	3	pos
7b8b8ed8507fab83ed7d3d310799e1e25d10d2be30609e1ef40e817943292658	329	6	pos
a5c477b611f971e1e18190ad49d3201c1e602863adeea112d27114ba95f6599d	330	7	pos
4365fc24a4c190cf1889edfc6fc2b95b1ddf79bd76b292681c98ad1637532ed8	331	7	pos
b91f49a086b4753b1f778b4fbcd2ee2f9af214cdd49caf936efc0912ab90fd2b	332	3	pos
6c4e45c0cf21055966a692c065d9d302bbace7558065833118b9fc03040131d1	333	0	pos
1640e732051f73b58bf7f4710ca1af5be28694cdbec070d62270b8c92d03835b	334	3	neg
ed097399114e22b4e60ab87b79fa67f6f40b0cbb5eda25201a9b5937db3d9fa6	335	5	pos
56459ec05cacbcd3682215ecd67ca21253ca57c9255b841dddba756dfb7f970b	336	4	neg
b6242a8643a7da073315c7cf87a1937d28a9291753ed15f1a5c38e90074ea3e2	337	0	neg
8dc38f5c55472c886341e195eaf0bdd2fc4a0976bc41428d4795317a1b1e4692	338	5	pos
c5656ebc42ccf003ba77db8437f9d5ecf6d06a295f96c74b349a264a2e374e63	339	8	pos
f6c547786c952ddb22c42b6e37fb030da92c6c0da98dc0a203c15e620c2207a5	340	3	pos
cd9ae2f6217814884533b1e647daafa4c6cd9ef096529beebe77efc2ac68c51d	341	5	neg
7a21a4acc932a0855dbc212f5a741f35099f794b8150daa2c565014013c24eb2	342	5	neg
1e826c42fff7b67bd8e2c2ce23f32a8480aeba45367d6436ed2fc5ff900c7c0b	343	5	neg
536994c83cb88313ea35484e17a210e478c0f22a61880c771e3e229c1ef2e2e6	344	1	neg
5e80e05b22b7ed21b45947053e431b8aa3d8f0d41b64080caf00cf6d6d6a2361	345	9	neg
5f5b4c901d97c3e2297748e979affeea7233fac7275d600535630c360e973f85	346	5	neg
4c94cee7e78d32388e355981d21d27333e6c0dad1aeae71e977eae1e064e43ab	347	5	neg
6e9392829d3be6a25328d6eb897bc88709df8ddc730625e3038c3273e92f950c	348	5	neg
2c25140312ce087f9326c48a2c22d82404436f00cdedb3aff3916741841d53e7	349	1	neg
c02c963124a35872e9b7bf3ff7e3e346cd55f990f0c86798c0d6aabd16bf7bbd	350	7	pos
c8b970ee02d2fa09665d5a73947574d139d281846200c56dfadbcbc320d1e0a8	351	1	pos
9152301817188f21771a73f645d23703a0da134f5c37567290aec83851d434d0	353	8	neg
941099b2050c808be68cb8aa52bbd451cf16ebd9b1c6cf63073561a9c4624e53	354	9	neg
2c2cefec054f333cb5e1addc49ba2ad178e9e4b4438ed6232fa42b9827c1b854	355	9	neg
4433a11f8ce14f1c904b07e71299128b13d8d622a3a9d8ad16184840c71cd962	356	8	neg
82f2d2854c7237bc0cc2903cb72b00d547b0241c7e95623a38b99bbc7ff97c6c	357	9	neg
094dad1a0d298743025e52d58423c4d7f36d9277eaa71c3f69f0452195b465b7	358	6	neg
e2cc9fe96a9b3703165140d0bed92422a53f9cf67f0851b0fd49a43c8e3f6101	359	2	neg
7338d1b99967a9efa4db33294f8ff14b7fcfda9025472f4a39bd734425f9b9c6	360	0	neg
c8098b582384ec6c282b14040c564acad6645b96d7d9034419f82aa129211442	361	4	pos
3d876586668afe1283a93215a91cb5400c037429523eaf5962d2ed3b29845d60	362	7	neg
2e667de0c6c0f44031119267b6b5263022bbf9b3fc83a9d5244f3a1c0d805741	363	9	neg
f83ecb8bb85fbe469f795bcb72ddb69362548bfe3b972ea00e82b9fc5a8e384a	364	2	neg
5be386aad091b0e6fc6c0ef57e2bd09a2c2cfd47bf6e3587ac4a4c2ae5038c68	365	6	pos
9fa2c9aaf67ddae0ba926269ea8a2cdf902abf8d930f86055acbb195530662b4	366	6	neg
79061c2e709b1edc279faa0e76c8bcf1b5c9df4ce5b52c8a0a0e9dbfbf491cfa	367	8	neg
1983a50152d1657a7d2c0669a71927f0c435431fcad3753908110feb370db473	368	3	neg
0bf244f6147609b8e5a1c9c7f8543d1d9c69c67fc1f54dcebf04c0733d856338	369	6	neg
ec4e72c793f4d469d22c4858353ed707cc54062aedd69086b2455999e6e8a798	370	8	neg
74eaf8dc17df51d2b004793c953888053171a7af3106e43f3c3afe0e6f9e402a	371	1	neg
b443081702226e479f1a528cf1d281e70ef8f6d40d6982d31e3b060674afa659	372	4	neg
757eb8759cd063b77970b75fd383832f5e3907b0a35d8f3b2abd416d801a92dc	374	3	neg
399edc866d3aa31ec6ffebd311c49150eb6317e35e928deec6b1be8a76031f9b	375	9	neg
4230873969fe48401e07264574145db7df322ea8451adfa2f3a7bb395ca98651	376	5	neg
d7edb425612244d7ff8f3cc884c7e948dcb58c7fd540538d2206bca9be63af76	377	1	neg
78196f3cb107301604760ace3e161afac981726a0b9c6e7cd9f30632ed3c85a1	378	1	pos
ce92cf9e38567d7a1e858be49eb9b3a1b645215e192bc09d493c7a11352ef544	379	0	neg
d0be1f1715905ece2d558442a1341e53fc704b0781636f3dd0d7420de84a1229	380	3	neg
32614839d42b0c800112770632da34ea2dd9569a581621e8818a30fc66cfa37c	381	4	neg
4c574159903c610a485dfba3c0d5ce25051eaea3b9bb893b0e0ce0753c8480b2	382	9	neg
357d67edcdb23397f7e0aa16aa340e7b40b84bf4a41be32293a7794d799dd17e	383	4	neg
4d978910de85e9153c8935a5e71071956eb5117488ea146c206a43a286ea5d1a	385	1	neg
e65d4de0f9aaa1d1ea3a58cd7715528544dab2348c73cb124eca8fbf8234a19f	386	3	neg
5a734758d0ec871949c754b18e3f95b8e04bc2a43d731abaf63c634db68e549b	387	8	neg
68ba6797c41e3f7950f27242005fd5a0fd542058603029ad06cfcac85d8aab58	388	2	neg
ceff33afd28ec0dadac0225cc9d3607332cc8b25113a22c0478f942386fdf5c2	389	6	pos
91b7d18da72a07bf476b8d5ca9e05e58a54d07d7b4e35dbb8ccae464fa108df7	390	0	neg
ccb42917981c5f505332050130bedbc835840b07844e09724fcdb50d9dbf6d15	391	9	neg
971d9c2ccdcfdac58f1841bea59c49ed5625fae129718a26afef975c62cd2076	392	0	neg
9cdfdcc1360c096f5eb6ff6f1f4d03f1202570881346e2242b749a5fa7776cc8	393	3	neg
3c916c96f32007b0a020ab1bb504c1da82a117cdc4a941a699d8be342c10b868	394	8	neg
3aec4fec5bb07a58fd19106f26b1b6f19cd3caeee4dda26d0c24d4a2b0a1ff0e	395	8	neg
1c377df66aef7a3675b3812076c8d3f8bb289f60f70a31d1eb7f6d67abb4f9ab	396	2	neg
58602efbb8d79d2c7717e1d386170f2d66a7b8461314ced8cb05463da35fca21	397	0	neg
d6709b3c39bb2fca673146ab021ec54b7ac68f0325b6d743d94fca2b127d0410	398	6	pos
06331b446f0a87b72a15813783d8f6c8dedee0fba27050086eb92f11b08bdf3a	399	8	neg
26bc8091e38442a6d5f38682211976ac558a6f4a525d1b019a559c4adc596a9a	400	0	neg
0bb0eee701ce3e1b2b7f273122471af8fc8fa2ace061af5e3c8544427e55034f	401	8	neg
b3447687410e9bd8966d593cf420ef15dbe76e74470ab3afa0d4b7d4ebfd83cd	402	9	neg
ea6056dfca91b905854326cb63cc586bd975243245263cddda7c5dba2630c591	403	5	neg
5070e6afc5eb016571c153246b859c6919c4065588ef0f702391b5f8ce0e2f03	404	4	neg
8784ddf50b9e98706dc19935d8bc931bfba03cb2a72f6f70b5a86a18ad1f5846	405	3	neg
e726402a00b06d458c20244e4958b73902456e23d789de263f4249e34094ce6f	406	7	neg
47d0255ae0373e88e2d0140c86075b6a4f03a842e9893657a49051e360a7abcf	407	1	neg
355e59d13ca6b7c1eeebc8bf310502210cd414a4a85651bb7d2effc374dc0486	408	4	neg
cf1220b4c68908d6ce6d533b8e69ac89b49b2f6be255054ab495981c5c3cf885	410	5	neg
5392ae5bf53affad760407db8eb6431f217f6bbfa1bf308809ca628c2495a090	411	9	neg
21c8667d590324a0d337308dedc2b662a781895688278ab1a3a83cd0083882ec	412	5	neg
3446a289fd927417557e29123bc8dd171a5bc34193ed0e3a6720b93cf19ec8b9	413	4	neg
5843155d083461ace2a05343a006dd080995ce18bd3cbfb798fbc8684081f13f	414	6	neg
c265403b58ba75e406e1162f658308e24d81cb3ab383f0174a400d72297a34b0	415	0	neg
cb349cf2252c4c9402e26a30e002e7fbdd8b5ef99fb93907af8b22f4d587ed71	416	1	neg
8acdae74fd23738ffaf84a5db4b4e6c428b1e69211190c216d9bd87731407c06	417	0	neg
db7aab35ce1e006fc810bcba769515b23b266aa914338897d81f684d308f7476	418	9	neg
cc422af03958598121a7121158d6149ad6c3b125c0b8243cc6c8fe6cc1a46713	419	6	neg
8b1374ffe2900f8d686b8543ed726565c3d0bcd825af4f2fe4fd73f80f2c0d40	420	7	neg
ff402dfbbc4c1fe2896d07c74d2223214464a0e81ef8fdc400e307214ddc1a40	421	9	pos
dcb3200d5445ab8eaeadffe3da519c863e111eee0200a1ed06e1b11e8982556a	422	4	pos
463b5d7c0231464ffdf8ac330b156bd955e8ce22cfaf52146e4aff70674b3ab4	423	2	pos
6063eef87239f4fe399865df89051479c5054da7391f2ded5437713567aaf0c3	424	8	pos
815afec946e0e13eb9993e0b616813f0aaf5aa8f9915883fa9ca85555403f9b6	425	6	pos
73a30bb2b859b70f282a20c5be311d5adc4bafdeffdb07ff6a71856808e6f1d7	426	6	neg
e70d5c1f041b974232226675032a169af25da52dfb6aaccb6d652948472f27b7	427	7	pos
ad9fc576ba4e916f937e64b3925ed50c622241f087f37e8d7a555169559a110d	428	2	neg
e4c8227d7341e4dfbdfe579e6019f6701e08625eb79d04bc256001229bdd9f1b	429	5	pos
468e3bd70da143a11c0de59f3dd2bc27c529af913a51a80cd331b8419266da90	430	6	neg
fc06298a6fdacf86a7b116b88504c61a1187ef497a2ca7c03cb73df1dfa92ca9	431	8	neg
2ad096d6be017af436f2b2097d0ca543d2e61fa140318af362d57f6dcc4f61cd	432	5	neg
e85e7f2839aebeb356618ac446d9dbea70724bf13bb3e774458b3a51044c7d56	433	0	pos
a38ce4d35ed57775869294c4c207b9699a7e9df94171dd894c425bcbad3fbf8c	434	9	pos
4b36c4b90a532875ecb12ce5cd9964b31787d0eeeab5339fd6f0456455446dec	435	3	pos
b1d1a17b34ddd03e1ead4ccfafebcfed6549d3c4c1645254e6a79893db2dfc39	436	5	neg
72f2146a4dd7d796b199a6a3159e5f371ff114184f6c5ae1edf21a152b547918	437	3	pos
d8cfecebffbb445fc70c3d6f24fd1798f4767846fa01dbfc893511c2ede5d891	438	9	neg
7b6505397a19c104a8b506277c374a8216d155cbdaaec532249d2760d8302a49	439	5	neg
65a702252eb52a747cb1520ced537ae333a2f90f05ec92e904e745640a8177a7	440	1	pos
e129dfa467bd0b85952f164ee5e9bfa179f4bde82a1b3d884848a023214f04b4	441	8	neg
8cedc45253c0b13a2c095d0cbbac2dd9d8921cdff13c0b7e6ed9aa7a8e240dd7	442	8	pos
276b9a98bf51ebdfd8f39391f69fc928ff4f1127c9a569f57e0b6a3b8fe6b107	443	6	pos
da43118c5a9316378b6921b6aaea2a07230f9b701f2d7fe24703dcc0adaa2617	444	8	pos
446d9d953556f47297254ece45625c5d668165eff5be46ea5a9e704264bef178	445	2	pos
9bb9a83bb0d0393ba862b745b4c936fe94f683dd4e976c9cf35e9a5ae689c209	446	4	pos
5f7eb400255376164bb1da48e2f4f9a0d05d1d545c1abdeee856dd22f0c37752	447	8	pos
5203ac4e51c78aee01e8875c7936a5f6dd97ce79ef5f4c75e6ebe365eecc4790	448	1	pos
5e197d7e9a15be4f89fa05eb667d844bd2a479df309da2790e3d1fd370ad1913	450	3	pos
995fb85d490a7cd1ebba3827fde61fbb896bf6f4057b95e65f742c2b1a259030	451	2	pos
6558fc8bcd955a6038f1a0d46c97e3c434515fda34ce767508c7ef39a0f2fe0b	452	9	pos
214837892bfc66807932541436f657e6fcf79fdfd50c98e860b55dac68b84513	453	4	pos
6b6aefebb2df7497e76da129647fee533d109006a32baed6d5812a10c87659eb	454	6	pos
3d4114906e5b9a75af70fee49f347769c2281fb73ef95e74cc9fb6f9d6ac43ae	455	0	pos
02ef278eaeec1cf77519fb69d0261ee17e75db33c1f45b1baea95f161cdf4616	456	1	pos
82d04c29a2c0f8e1862fb48e0c756a9f8136f00272c92f63e723cd5504bf7524	457	2	pos
ab63d4fee049069a499814081f099f8606a887c692a60d270b2315e368432f41	458	7	pos
54d5a1e729553ae39a327cb67b45844333d6da1c6f63881c295ec0fbf7fd2dcd	459	0	pos
219ca9b83c175b419babda270fc71dbe8538f73e166e5fc3c84b85574f21f546	460	0	pos
5e03e5a999413976d17bc4408f7c4404c6b891ae6b00051f29e945115d3cd5d2	461	1	pos
d535a55fb0ef42f106ef9bfcf8f84fde9d4f71bf51bc48c3ba7e9a95b1849974	462	7	pos
a7cd419bab599525520406018d3c7fb6503a7af0edf56aaded3305baef20fb16	463	1	pos
a7b5017421fd8269e3aac6a051f9158d239512f7f08ff17525db245a09a59e01	464	8	neg
3530b383ddd81ec43f325d912ff7083fa39719458190141895259ccf3a09a62a	465	3	pos
a67bf6b4ddf69078c1b0064a7503c27ba9852caa939a56439a2a2069b3af0000	466	7	neg
7870862262dc211f331b3369275c1952c6e0ba667812e5bd68b0e47802fb7fc0	467	6	pos
08de7d76e4f62cf97934dbef6b9b6e89d31295ee08b433ea641a857cb970ef27	468	2	pos
0517bb47556d23ba1b6ade3be57bb29e8819132c2d6e0f0264fb289599d7eee3	469	2	neg
c4d4f28f159004d4f49947f8a000851a8446f843e1c75582e59fcb2e766a5295	470	5	pos
d15ebfd0973c85ca811efa4c69d46d17d5f8122c372971c46198d6560efae2a6	471	2	neg
5147113abb9fb8d012a79ae117ad75699d81e235da2b61e09a1916d4c76e60e8	472	5	neg
ed4f6f7ae910b3d444e8191857087fa6f79336c8959327528f32432eeff1dae1	473	4	neg
ff04b2649bc57e33cdac2f00934bbb1c722c7c9b98108a2aa5e98d8913b2109b	474	3	neg
6a2f6be403a3d2ca2adc6c2ae4415fdb14916dfd085ca5046953fe9703aead75	475	2	neg
1a4b12e64a0b3c0e579a1b71f6a264b10b3a5089652d9e3496e9d1218cdc9378	476	7	neg
688c109e06151ce1c8ba4fea1753ba159d2176defe32f128c08cbf17e63c85ab	477	7	neg
c93387cc95a5d192b66e1680e828d52aebeae1e7b7d82ca1448e356b9a13e334	479	8	neg
e45e531f647bb8f22b108df4a10f2c6732ae55d6ba5543afb8ae1b8132ebfd64	480	0	pos
eba4dd47117b4c89808f273b5f715c75d724f3556069c505a9ae60853a2ae88e	481	8	neg
c55ea1ff99d9184ea004b928d25365d0d06bac13767a28940a1f9325f4b2e457	482	7	neg
fdfe52892f5d01498b0b1a53c518dd165158430b69829e2933f3a115c5f0d585	483	3	neg
c9f2a01544df0ec8844e886017430625cadb75818d7cd80cb1d7b8158e6b224a	484	7	pos
e88418377333a6abd2a74bbd10eba525ac1f381097fb3178942923c0842cbb1d	485	9	pos
91ffcdb58b5ad64e12d18143087afb18a7da9049713e0416c38b722a6d91d153	486	4	pos
fd7dbc43af4ccf129ee44337d5b1e67a30c03a0473642c6861e10ae16a71452e	487	0	pos
422d25bac6d7160d0acb2db366e32577afdb223d138f3aaa87793439d952c831	488	4	pos
fe3d7e3ff6e29a3b6fdf0b02b8ae88f461788e085248391cb9aee2ed56479ec4	490	2	neg
b21458017f44980568c7800500861576bf5de2b69c2aa11184c6d294d9a5d894	491	1	pos
b47286fb6b2b54a2e1651255786d58a724ad0df6a1a2ca6c644107aa173f4afb	492	9	neg
a33d342e273da72aeebde9f3558c32c3fc3a8ba81a1dc3b434eaa1ced17dfed7	493	7	pos
69c9f6a17aacb1b6e2e53ae8e777e7cf7dd6512a9571da98d0b470464f2f9cd9	494	6	pos
9695ea629232cb44127c570e361f23744b5a581cb496a7f3d386f1a6def3c337	495	9	pos
5e8ccc76a5ee709c7b787c07ef0dd1c0403a6e8dbf1ad607444669336632e60a	497	1	pos
03c8d4107c3d66f0cf4d43bc5263c08a9dd6dbc85cc09cce347480a4235ca668	498	3	neg
22b2cbe067dd1086b7d0b3f0d304827a9de5ad46ce0b3551e5623d8be1ef866d	499	0	pos
3fe18097298258558dad05bb020a825993934801128aa8e1841b569db0b62ff3	500	6	pos
ebd379efad29a5848142e32c93a7ceb21e7a6324a91018bb5bbc78ea9e5e9598	501	2	neg
37b3ae6770e4b1c0373926dc2b24903a9521a00b8a62c3ce92ad104bb81b1fde	502	2	neg
8a761d43b8bd7a335808c40e7cd89b3b9c577b42335cdf00e066381e473827c2	503	3	pos
199c9fe463bed327086b7e9144b54514c11d91407a4772eec954c411943dc263	504	2	pos
ac95af2e74d4d5b6cafe15112a324834378c3abe864bd008c28257e3e2c23cac	505	9	neg
893f0c895a822300655affee9196940ed11482a82c0045bc46ac25d66b3a96b0	506	0	pos
2bb843e868a703a546071279a675c2f434ea0e5ed01299ad8caa0529f94dcb76	507	1	pos
aae241d2cd46f427aca100f3dc43801b5322ef4cf06ffcae9cd7f7b8aefb9162	508	5	neg
c31cea76fb6b789e967d49e68613016828e9031414da20395985e8ea4a2b2a45	509	8	pos
163ef6908c375599c5540c56bb437ef686784d9b1cf23fb1b56f90161e5934e5	510	0	pos
f9e188396687de0304c858b739c8b7f250a47206cbb2bba0ce6ff93cedce07f9	511	7	neg
5375ba5587b4d6ccb29514c7f4d31419ca64fa3b18da8ee5fe94b4a47ae6445b	512	8	neg
84cc9edd9ea62eb52958631a354a10feb4af2d4c734f30c92cd2488e164d62d2	513	5	neg
97007f7823729fe84b8d758e7e95641dafbd2a0ba44dd642eac16d2acb8f091b	514	6	pos
7ae3427561ca36a14e625201d0da8ed5bafd71dcb1a8c508658264ec7e181a22	515	4	pos
920329f53c251fe0621c0bbef5da1591b4452c19cd29f16bd51765aaf58f6318	516	6	pos
2e650593477deb90ce5c7a1cc76817562e4ee50ecbaf654353102cca4de912f4	517	3	pos
9d6556b27e4b771fe31525fe06599366f8427614cc0b5d7a276f1b78061d8933	518	9	pos
c26dede292ee6ca1b56f916714516468457525d2ea4665f2ea15bf007dc0ffeb	519	2	pos
000b5d3efb6fbd46a99bc37441032b8dc6c6d9b9c50804ed0d98e0529b16f287	520	3	pos
30d94e6132840be024a3c63176a500b0c4fe1118222b24bcbdb2b37ab2c974ca	521	8	pos
4478f5a089d8850c05d96d3e16fc949fd4c85a1a9fb54ff07ccb08c3ce9fd0c3	522	9	pos
5b052cab8085171cc8c3da2bebd4e21249a1d5f9221003c9cad674ea785a45f9	523	0	pos
ec4f86a3432c4c320c9643138152995937c5ae718e592b1a6704c6dc93611fd8	524	7	pos
d34ebf6bbbe7a38c4f3cf47bae20b6e1b223db64a06d400a800075391de3bbb7	525	7	pos
5304fc2883c20ac8a466dfcada90594bbda85477b6a7a1a6e81cd77a4d0f092e	526	4	pos
60c3b2951524b9f91a6be6e6144423195c5cfeb2c0cb9186d889c31c7e2de194	527	8	pos
2b3e9c17682635333b6eafa4605a58fd73301c3ecb203139ac2e70e6a6cc6787	528	9	pos
f72ccc1e23aa3f3f0c0eb7ef66eb9a16876cdbd5b64d84f3432da4ca4afd9bea	529	1	pos
402789b84cff01271317c8b019f7970e3e95864d72e5fb0a940f63fd1fecdddb	530	4	pos
3e940fc058dbfc75182246614d380224da86ed0b1cbab6d72448a5d8bd46ef79	531	1	pos
459616825dbac81e4907861f75f7aba20e2921a9e0b049717843e8f0e9875512	532	5	pos
25c3078e3217c66076613ad876daca7b21468d2e4024c75381fff620b3aa7efc	533	4	pos
5ac0d7d91328ce2cc3b3892a0e564ff692449ac47b91844130707eafe8bc399a	534	4	pos
46c07868ed61a2c8a84232b2070e3392b6ca9998ff653c2072c1ede75977f0fa	535	7	pos
296d1073ef1a59ac174352666be0dbedebaef5945be39454519066b9caa2d105	536	4	pos
2b05f0c8df7ccd721acea7fcca5ac3cfde3c86b998d821cb0ee7dfd05505e69f	537	9	neg
92ec741c7e4918a815adc98d8a9f0d21784de492c84f71d7b947e06251d6432b	538	9	pos
ce50119409a07fada419cf8505248f7b3acc97befeab6bb65090f78e09746e08	539	7	pos
3d0a5e5e971063afad64a41edf60b5ed9779cefe1947a571303918b8d2967bb8	540	1	pos
48a4a1ef23cdae0a100da61963a48ba348544c86a68a0425421160f38bd9941e	541	3	pos
d94704e5f1e39df7b637d6ac695311dd90376eb4b64a1d1be55f379b780f4e48	542	7	pos
c92c67791d4112cec2563c2b8302bff069a988aaccf750bdb31abe8f7d43536b	543	2	pos
d696df2d019820b9141a2a3017d494c8af25886b993c59a129802b3c9e8a40e4	544	8	pos
3aa5bc3d678acec6f27156df7551c1cbee0ccfdfa30627d770c7143780c98711	545	4	pos
84d50cf1a922a128a57b794dded837d386b664a3df09dc1526f9254493909141	546	8	pos
efead1b0a5bb978a96d1f86faea6dfbee0945842dc4c6b2063f58595ace6b7dc	547	1	pos
bd0a42c056caaf7fd4393bcc6be5ce0bd87fb7ea104d86629c4052463a7463fe	548	2	pos
4ba4a55e12c5eef47a5a7440f41db421851ed78c8348bfae8ec5861b9f7febe8	549	5	pos
7d54e7956bc5f35d2846467b71271250efc0d739d81c4c2d019aed3058ca5c1a	550	8	neg
7282016490f88965bb445ff318b8081a0cb2c09652238cf0f91d96d7460bce4f	551	9	neg
912c7a689ea12023fd1a1cc70fb6c83fb1c0bfafd8b01d4cb3f4c42eb46c6aa6	552	9	neg
7109f99ec7673550259b108b8806ae5030c6bb936fe18d1b360407b04fc0a8ac	553	6	pos
5c91aae7f62fc758900e8c5829210d915111c6744914281d4a2c1ffa1494e266	554	2	neg
2ebdbe8eb1f3acc983647ddfc7580e11df0998e2dfa960bcafad3c9dcb8a609a	555	6	pos
fb002b99a4e0145c6fe08729f40dc6a2c2b84fe20c24e86d4a916517ebc87afb	556	1	neg
1bf548785b0ade1708ee448ad2a84a291b5a2e4d84c80af408f4f7e3277239c0	557	0	pos
c055b5d5666290f650a3e7342d88369998f4aea9f8dc2e8e380012c5023fd77b	558	7	pos
ca80c9ce14acc1d5653852f9127364150b0ce75ebba69d5ccaf9b39acfebda64	559	5	pos
96a9f93c0fe246416b0834fc136aaa3677b4b36adafab8f5535cff6c44d554b7	560	4	pos
7451c2b2b8d9d58b5a7ead4e1baaa0b0471c2225c66565c451075ee60a60aac7	561	4	pos
25b0edd280ab7a597f26ae8f7b486a0dd7e40b536736825bcb2c60b01b4fba4e	562	3	pos
da15596d75872bd1096013ecb7455fba693c77fa0cc9fc699b37857bf111d5e1	563	8	pos
6d31f82201f050b210c589f407709dabad0dc1fd8a2207888c5c80fc3ebd2765	564	4	neg
8bd57073322afdb0aaeda033d58e0dbcf1034fb14e51d31a25a4f1cb695ca594	565	2	pos
6cff451b24b8edd1c64f438127bbef6ef27e330a893032b7c1494f22dbce6025	566	4	pos
089657e68be5ee475df015acd0d18c9f1a01e1e8cb2b5d85d96496462f74a20b	567	1	pos
f5995d2eae102ba66e4b067739982bb35029fc8a7b18fcc8146f80e3a3ea5f65	568	5	pos
84de3d36ea207298da98842e7682c31d657fdec42dd0e337cbf62a56496551ca	569	1	pos
eaa2c53a17c3b7f6d1ccb08593848419e929b621a1a9817f311bd9db9537c14a	570	8	pos
6d81a5a3e2f3964fcb4091578b0153189ac15f750dc053a86f5168d53804b10a	571	0	pos
dfcdef83abbc6c9963680cb9100e2a162f77e5f88bbb660c04eda7f9a0c93be0	572	6	pos
ee679107b3e04d3124fed20624dd3b1cf65c36342adc68b1f9eb4ce6a142323a	573	1	pos
ce9483b361f3534b9be9a63b6db285518243f99c96b9c075516bb44a58386486	574	6	pos
30df285e11036b2498ba836f564623725a397299e60cea21c91151352b2b521a	575	0	pos
086562d133ef21337834a6062eb5ec4547cfd726f55cd28b0fda59793191c7c4	576	9	pos
31155590f7d431a63ac8ad9bd9171f3ce3b3b961e1f5e1972b2fa139c3c71c40	577	4	neg
45571d02be52d799d5b9638806f6eb35ea10ca79d583d86e93ea2453703b2250	578	4	neg
b40f5a363f2354818235f54d32cf77bf2f25e93527730321d0dcb43e014ab0f2	579	3	neg
d5e5a154053d4a820167cfc23e3dad94de5a15274a20e377a07d3589dd5b4836	580	3	neg
8dc709043ab59283b941867a12cdeab71c96828b28800fc23c7786d5ea875905	581	7	pos
f854938a9175629733e3e3ae5a9e599218d0194bc4df3fa31780fad8e7adad27	582	2	neg
91377dfd676746a2f5f82d76edbe6fdd777cbf4719ed1db3bae47002b1555065	583	1	pos
34760569a62b0ce4b7f47bad728534ded69b2f504fe288ff904ea72246981be2	584	9	pos
459630c936739faef1a0b8bda41b4598b48e62800a7eb1ceb884b26ae27cef7e	585	1	neg
48107998d4be15b605187adfdff4ee420ddf827b3de73341156e4e6c172d153c	586	9	pos
9a6dabf142517998bb664c7d3df48d17303de0759f1516e0ea169e8082b3547b	587	8	pos
6650e60552e96fde07f5f31fae85de4c05e2c275ff08ee25a2e0a1fe29ea0c46	588	0	pos
4c82b5e17c4ba4f9214810030d8ebe8ea65a2d51be3e4f8abb98fa4ccf9b2cfd	589	1	pos
44147895d63a3075064fc264dccc3423022cc2dfe213c72f23d8b9aea7966c84	590	4	pos
3aeb0472657529f3c2e029570a8156f543c56191cbe8ee5919ef3d89f95c6eb6	591	3	neg
ad2cb893d0f16b792968a593b2f00b526bd189effe6727c3797d7c5b0465b8e8	592	3	pos
134a8791593645c88d1f1d32d40bbe42d7c92628fe7ba89b1fd649afa999a0a6	593	2	neg
8e0acb07102f98a1a77cad4b69a6c6311c8d90640920c8ad738e69190f3f801c	594	7	neg
f4036b91cb7627b3daefab5fc5cb42621018b964547f6c0755da9a087dc2f977	595	6	pos
a1fe7fbe57477a3d8511d95ddc34208ef413a00b559d0e899352ef6382276cec	596	5	pos
50a0b08882e8c45df89f3398d71c9f4a8e246df13e9a9858341b28f170bb8873	597	7	pos
12439aec9e95ca210809fe47c41b0add60923a6a08ca2f81e0e12dd1bc2b022c	598	4	neg
64d1d7ec34d609e19f713cc94a94ebdb4381b6c2c2f509ef777942f1a9a9b595	599	8	neg
af702df334eb48286ad627614a6739d2ec7d09b018e32a396e2ef07c008a893c	600	1	neg
5c03d4908b5e34909ceb7546167e34d280676438f5a66d9950a1d4ce338a91eb	601	9	neg
be79ff90f1c386a3ec72fdfbea638264c5fd26ffddd4e2b16a5b377b552bf650	602	1	pos
147b45276bbe56faeb4301937a73cef0fb2754bdd07eb3a0aadfa2e6c0cf0e3d	603	9	neg
c2df91018b8229cce021219179ddb3cbf94ef535360c49b1b90172f7fe61218a	604	5	neg
59f4a4a5fd45829ed13b56d288e4ba89012a113a0f751253e0639212c65f0275	605	5	neg
1a5f01d2d55cfae4e35ffb70e7546f8082e91c419d16d4ebcb0177ef6aabd856	606	5	neg
5188544c82110bef21ffbc0d9d3b0e5cb91d627a57d308f90fe0cb563ff39ac2	607	7	neg
c824e6f7a789d98c8c093f85215f0e023de75e4cc9bdfd29f1c33d20ef3da103	608	4	neg
cba048c208de9d9b92d189e62fb9446a24fa658d86a7279a5be3c07ec99c2fea	609	7	pos
8b87f0257c9e15f6418c6d28b579e2f4d060e64739f0b2b2a03da163251a1f84	610	3	neg
b2448c2f9c69c98fa11a83fb3f8a4d6dafef86780b2b043ea0935a542696bf03	611	2	pos
849c64bd7cd44e8113bb46439af7d41df281891a21ca36482a5ba8db64e04324	612	3	pos
9d38711ec25fecdd34653a250ec6f926a70349dde721e5513de9b2aff5641518	613	8	neg
eb9cc04d9337af073b7d88c12041a2a6cf4a75cae92f280a8e9f641c775e2b93	614	6	neg
fa6454e25a96897947c4636956559e994a963400cd9797dbbf4141c1292208d3	615	4	neg
655c165aa32bf12ae708b1e9fdcc6df9c9bd9f6d1dfa31f3ee61d1600b922a0a	616	5	neg
e304d08094204e6291035294f4c670bd7466bde24f83fe9c15c93b968e5675f6	617	2	neg
9648d80f4c163f5801f60e9ccd4f5ec339f282a166f36b4bb83e93d3893891ac	618	4	neg
1f882824c26e7968e11ea3a3d7278c8f931f85ae6c5eae042e6f9314f2b9ab79	619	1	neg
4edf6b230b7f417227e133deef3ed6495861bdab802507a09d8c583d9bd3bd03	620	6	neg
9b3d250ed4ae13b4f90d3ef26fefa08ece8de0db8b9899ef2514d01e27657e2e	621	4	neg
f0fc1cc364cf37cf76481b07477e1b02a4c11a17f89aec39336c327429947be4	622	3	neg
751b2303e8ac04df06e1328bba31e61b6aea66c45fd23481de8a22cf421b2ff7	623	8	neg
745c3f8078e47ae6973db10728b11f2838b73cd9e20b664bdb460d49c762dbbf	624	4	pos
b3b5f1eae24366942419d321849c46b09750e7c14224d9cfe2ff88f31e7168bd	625	8	neg
a4cd3a6ea5318628e71c6cdaf053c8bc4d7e8cc7172adaf68f48021c31a535d5	626	5	neg
d3e47564f1f0278aa6ba369da90ff9543c1f374e96e218b5a713594b6b25214f	627	6	neg
d07ab293e45fcadc80dfb0ccba5447efff885e559a887d86a25c5c9c912022d7	628	2	neg
6754b45a9dc86b526486ff7b89984d4cb39513512dbd7da0038544a11d5f5baa	629	9	neg
68853006d692deb1678d34dfc6779afbdcac320e635dee0c8a3b83c4e9ace900	630	6	neg
2a94b24aa9da1f1e0869b716a4383cd190e8c373aed9d1d15611982ab39887ef	631	6	neg
b9981d17f681f22d99e39e817ec33bd23ffa9bc95397c9347bc40096cabeaf3e	632	5	neg
5eceee59a0c9b9c68b8825d40059fe3ba47a26d2534e3c59b7b2062848c1e063	633	5	neg
ecc86d4958b07675905139464b2b5b5e35215309d89e5caeaaaf64fdce119b61	634	6	neg
3fff41321397ad636a26e9d2a850cab335f4ec9a2f84daac430e4e80087f652f	635	4	neg
415ec110c19d62761a79a05c996949705eddd0d8a443841fcc0b58bc713b5216	636	8	neg
95a12a4601d58d8a5533db19cda06fbb3b2c192a82156dab8718e2868513e48e	637	5	neg
ac2da0049857a711cebd694abe71016ebd9431d78807c23744cf5a3fa367bc68	638	8	neg
4e6e5abdb5084868905395f9f6ef15c3f4758fc276d7b6a65b133f33a6c09407	639	2	neg
82c4ee8fd130403ea5cdee78b806700d94e5b139f719e11057f2eaa92f208e17	640	5	neg
25e267eeda03738f38c68655ae47e8066750dbdac218e1c22c3cb7558bbb784e	641	3	pos
0be8b31c22c69a1d183cb2243322b570b5b1f51ec2e92bfe844b6c1464b67986	642	0	neg
a98ba4f0a1acbf64959c7a3ee39a0122c2e6acb935af0e605b33d454a4d7fbaf	643	3	neg
2ebaac38d2d451ca3f7094b3a98141c9fdfb86007634b43f64e5ec4e6532c9fc	645	8	pos
ef0ed6d33655b13a0ad877f80f067b610b55ea8af5ffaf86bb420ef3f9c8124c	646	5	pos
1bf2fad832b2e32753bc138a91c9101bf27522f2a04286299aa3a9579a24711a	647	0	pos
1948d27e889752511d43567a748ff1eea4d330573dc189d95e1d8f305b92d1a4	648	6	pos
dead1107a7d1342b1adc74f060091b43c80c12caa377d0fab5e15fc2661d0775	649	5	pos
60e7adf8be1a070c66ea43569fe7f253a06174a248dc73c3ca0202794aa92d28	650	5	neg
5e6b7994f8a1dee90e3634fdece7f2a846fa1927d4d0fee7ec7c376528a32dea	651	0	neg
6a72cd12c741abda1afe2dd391537d33fbfb801a43491b94f53dbd5a2877c7ad	652	0	pos
41fa5a9b3c1e968499a8476feb62019fb7a45610dbec4a23286a64e3f19332e6	653	3	pos
d6c29ab750f31c5411e61c26d80bfdb99ed8388250373ecd4fa8a9ef446a18d2	654	8	neg
1df2ee16cd98643036d60de2e99008dd57bbcbc06de2d5f7a1800b04116d4325	655	2	pos
31e5abcda5d98d51e9de535338f16f3d5c42f9459b79eb8e5722aa99620aed76	656	2	pos
fa336eb7e6de15680c7f39cbbba5650c7b8a8e51795001d060bb5e3fe83869b4	657	5	neg
4f8e93f78f6db79c99e823f666165b04a6532f06b4f28f92d0b68a197dfdd31a	658	4	neg
192c4ef7887e4c29f840e6847535ac8312ef6bd3c45ccedc984a6bfb671e5fb5	659	7	pos
c80fd79e70a317de788959e321353117118ee6021bba9d19ac74a6e064b37582	660	2	pos
fe3ce7edca9325ee4d4c7a61980ad5a3716e3cf31633e3622913bb8309b2b387	661	4	pos
f4f97475f2ea2b9da92d90ac327630c4c7d2b14024514e0fc233fe3c0fcfe05b	662	3	neg
f7d15e07d5bb17f5014d7e89128683fa364a8f4d7ce1ddddd766fc1189cdd9fc	663	8	neg
29b2c0288109087fdff69873213f423c583fc3b359fcae4957b5871961ab680f	664	2	neg
c8483585953f5b3c9cbf1908e05a4904c4cb33a419f5943230b0a9b001bba30e	665	8	neg
c12d6ea2eb3e8ef361d5e656120188adf5970c2392b0364c0ef498b048a2ee36	666	8	neg
28dad90d88a80696c1fbfc31bae995253b94cd93a7a88cd6b80ded87b915fb10	667	4	neg
2b876c6fdd84954ceb8deb8efb5048de78e43356c248ea26b30cf75db60f2be5	668	9	neg
36afc9ba115ad561f8b2e972c3e958bd53e3d125399f9fd7291a447f3f5e3f82	669	9	neg
a28aab03f8a3a277a330bcaa15f58c455ebf244a929de10a07b5e1b325a91954	670	4	neg
349693e0b1db3da97b6af9616b695cbb1168de33bced85cd7bef5df3e7922eab	671	8	neg
db56598f1778cbdb6bc110ee2b5dae0979b5f6dd32b21418454555c0319fe0aa	672	6	neg
7eef7ecdd1a5f96c8b0aa895d2954d72098a97b6ff383d3a218abc119bb96eed	673	5	neg
4e7a0ea9ae55f7201323e624e9d04916c763ec85bf8407ec3b7f59312876180f	674	3	neg
eda9f52ddefca9b1582d09cfa4dbcba48a2fefc63de4ee55cde3eda6c17b19dd	675	5	neg
e583bfa1199b09523d8ede8cad8fa89c86fe32ecc8c99d362522b889dc90cbe7	676	9	neg
76620c3eeab8d14e45ff95f04432f336c9464d27cf8082402ea757f3a8639b6b	677	4	neg
124c73c8a40b7b08e357220726c1d828e6207c27149def8e8c21eff9e4aa5d58	678	8	neg
fc9a40ef152648dfd4bb699416456eb547fc1734284bd7e80c10ee79a369e710	680	5	neg
00fabaeb452c175bb7094c0b93b416b37a8735fe3e550a37846368dda19fe386	681	0	pos
8d6df97d18246007e4a90b89d271d35509f487c0b5f25470c8a957a86129a5e0	682	7	pos
fc7611f5b745e6faca9a7ed2cf5c1f3543a2686b2edcff49dd68e7b4050402b5	683	5	neg
ef0e985dac4ddced0bf0ef82bd40ab235c0e74ef87018a3fce5b2fa8109b8cb2	684	9	neg
23078a0d5e035ab029f48c652e802214e7273cce2e1e226428b4e49169c57b22	685	0	pos
bbb38e8533a690c0c194753cf2faec17c3aa5682e54379216cf1953b9104530a	686	4	pos
1d395b4d39061154e569b12e2db08f49a44cbd57924bf1d33c5e4fc8656a186f	687	3	pos
958acf83d2939747c5379b7cf2d06dab2a2cf808499b5610d8928be29a7f113d	688	6	neg
ca7b0eff576781e6626e04c73ee3e978056fe83708b176dde3ee011fe8d7aaaa	689	5	neg
3ea9ec56da522f11933c37cb55ddaef30771eb7355a1d769428e53884e5aa0f8	690	1	neg
8c2d25b529c57fd5b9c4d688b3f0e10e416c98c56f8bf994b3aad06aa16c501e	691	2	neg
5254f70d623a2087298d16704e416b4112cf64ca59aa48bf7d5d3e2aa1dff088	692	1	neg
df7fafeb838b9c7ad0395e535c361ab4c27402f9b21ca431f40a1eead50c7399	693	9	neg
3a18753c123cf6af6487be40b1baf88f33dc1013c6de0daa0294fea102be058b	694	6	neg
503cc2c04ca0b44c5d0dcc975d712d15d88cd0041ad7e169f6af276bad6f104d	695	7	neg
d7d45670facfb72812755fa6f2348d94854e3361f340d2f4195d30e8fa14cc6c	696	7	neg
a94e6a452975006437187b935db42901803cab03bfac66cc2a35273195855682	697	7	neg
b1997b449247528f957364946b4dac8aec04bc6af40ec79ea4a67df294612083	698	6	neg
dd4fd662f11118e4aa07d04d12b0c422da9a965fe9a23c6f6d42c21f09eb9450	699	7	neg
4a7e8febd7d7ae2d5d0a1d426eb44cb47a7b9df10b11dab9295f7aeaa7780f32	700	9	neg
7d5774f7578dfe1f4266b17a88b9d4b617dafc6705b58a92d47de5205a08a90b	701	9	neg
3fd4e1d016ad54f2cc4fa53b57ee4df275eabb0410345e0b05c588bffa868bee	702	8	neg
c78b79f6bdcefe81fd5161d8d1330247055174ba17ffa07d84b3c4decba2a0b7	703	1	neg
7a4437ee04a279a862b5ecd57da16e6dd43572dc86d0dd96e6797b38bf13955e	704	1	neg
a376fdd1218935e0d79c2cca5e8be3bd90e945c0d84d67a628f37ca33b1859ff	705	8	neg
7b6badf1678b37d30f6a11ec1c36e4c9501019d41d96f99c762c064809804fca	706	0	neg
b784f26b894c4c570d01cd73692dc279774eefd33ce2d67cc2836a9ab70572bc	707	6	neg
df7172ad92f56d2c1329272eecd09fed126c19fbba7b12966d1cb64d3065b2e3	708	9	neg
8450d94dc07748fc4fce185390acf98c4cd88381a924104ba49df60281e66b20	709	4	neg
48bb98796c7626e00e38b2974d96c580a4d75daa7505d2486af807a8f3df9eb2	710	5	neg
3c66475fbf8e3c5e113ccc5c535914b96a000828714e4007f3668099dddd4e36	711	0	neg
316c0fd9daff368da1cbd8eafbe0a6701941ecd64b84e5b93af85f716c55d34e	712	3	neg
b76da0bb62a5699a12cc4c5a90addf7343817a61d2dbfdda2c8083dfa67d351d	713	0	neg
e53433515a5505545c71dc30d0a518cb5520c369cf03347fb42040168838f5ac	714	4	neg
1a53b6b1bcd8ac38efffd867ddc4b8bb3ddb3ab9e2efc53bd168a8f00f0a1c42	715	1	neg
7a3426599ea289afcebc9ece83227ea03729d63be540d3458dcf3bac1f59c294	716	1	neg
c609621f2a146f51f03a0dace505448ddfdb47d99586b9e1488f775629ef3bcb	717	8	neg
2fc1d2eea7342d52c2bf7f57132a39b3ed19e7a8fd871b1e6d642fcf492423c1	718	6	neg
7486004b394568949b55c8d6b3ee92a1f5c47dce4c5532b737bd22e1f20e465b	719	6	neg
5f82a9554a7ef5c38b694c179f689973226bd4a343a762d124fd7e55fbdce239	720	7	neg
649ccd85f149593aaa5a1519a01951816f3f1f16403b0be4d9c023a76b30d5f3	721	9	neg
ba57e6df5e4c5ff6b7f264de5d58510903df99a290f29071de39104c7e065464	722	0	neg
7acf7a384708ab76d03cda1bec9f234ea26b8fcdf61524652b7391925109cb64	723	1	neg
5be917bd8825addf7e37358569b97ec325cf13089b2834286152545dfb86bf9d	724	8	neg
09b6c4b69361515d809767cabaa72be340f58a5e0c261bd9cf4e59d3aefb2034	725	9	neg
eea0c9eb27f0bd9de45cc2d2d903fae9ec537ea14c9eeaf3e5414d0bbd21143d	726	1	neg
6002b0264e4ef4dc6c04947189d557b60677dfb2e3452d0ba8322a4ac766e50a	727	7	neg
58be499d9f90e627b385684dc9cac7d6ce1143cc4546f5fe101d98013ed1c4a6	728	6	neg
60f080d3a301cb0c163f790364d143a611f40354c076beffa9d0a199697a768a	729	4	neg
03f4ca9cb58eb924859d00596aebd665ecab23473121b7a1a071c3503bde354f	730	9	neg
1f58dfbb4f58198e111ba96648f5069b0342ad397d35216db7caf540ea7a30d5	731	9	neg
e12bc12f15e53430fec62462e7c0c43d1b3c034281e6afb5b9d1fc1ca8b0d1d9	733	2	neg
8e149dd86fd5599ae76563c3df263bb17216690eb062e34f94ab8b75b7f3b430	734	9	neg
59d195b7910c96ce1c711e98a7370b2ff83ab6ef202b92af1336fd63be7458a0	735	8	neg
cd3ff8f93c0d708acf9304f7307007e9a19d95374984633b907fd894708afad6	736	5	neg
b3d28c1cdb23e07bb677f789f118b04208d8a11b3b37fdd8528cb98fdd2dfebd	737	3	neg
94ebc22db8def1b353b54c5a3497ca9974ee8c0d15cd3aa153d6d95fc3bf8b1a	738	8	neg
3e8d3537c893c3e4546496cac0791854fbfc388660fe356ad54d9183185e006b	739	5	neg
7664f61601b28cae4cb8fdc28f2883e6d7090ba164e57b927b12413799eaa86e	740	5	neg
e3e3a3dc90f74c0de3ba4a031c18aeddb3eeefb1e9a26836a3a5218ea3baabaa	741	5	neg
766708cd89662ba72da18f71b66b77af0b2e98b148675f502b927d2ebbf59087	742	4	neg
057d98a8a180d5fae8d2048e9eb80e630f0dcf7f79ab9bd916ceda3f3284767d	743	4	neg
48175f888bf96b8993d2417a0354d3d7c2c67dde49050986ea31d566be1954a4	744	1	neg
5266ed53810eb929ae3d8164ed1762d4cd89bce36481695657e3e65aac73864e	745	3	neg
853f61177ea4c6529345052ce9a42a2f71de6203202a3c9cde0b4aef61b08ae8	746	0	neg
3fa0fb952c5697664ec1a734a959d99dfd56ee700c68d51fc10f7de55d0d28a6	747	0	neg
ad6b7f3b76ea343a2488884253b306fb9d62230137a8aa268e483c5ac4408670	748	2	neg
eef6d3e703142b5be14ed7f257cf1825f43197c99e02c499ba5fa6e85350d779	749	9	neg
c72beb81ec86b2a2f4bdded225b2ce05fdb47db06d6f258c2f3d9a800f22f024	750	6	neg
baa4ab0835888faee6dea8f6a72649c7204271baa65423f17b4a5cae0e9eb9f6	751	0	neg
7c5accb800f6c22b43295fc7faca8b9a9fee08b27f90444c2eca2215d11a3178	752	0	neg
83bdcc26d7b6424c7150238d7e7fd60844c96bfb148d851936c861059a67a768	753	2	neg
3609316d219d193343e3a4799b72d59801bf0fdd6ad7e637d3d8cba3f151d810	754	6	neg
c10f890e635963aada15d01b5d3c08a0cf54f55ea41c35ee4a9c4a50e482e05d	756	4	neg
b25749d762e21234d750b42d3da391a0940c66c91cd1893a65f43dd71e87d525	757	6	neg
071436cbd80a1f0957574104b16739d6b24c300ae0a54cf7122bc63d9215cdaf	758	9	neg
d75d5ab2362aad63e582f8072d373d050b3f7c19a0878f12ad068ade2f6b1a05	759	5	neg
4f20e44527cc05e128a5d0392a8b8d30acc56468b7e0c6d98a7742d69416703d	760	6	neg
e2ba7340446a5358ae92d27bfff020e68f936896995e77102dac9ec2dfcdcd4c	761	6	neg
1f8b81ea2d58d48b98ece4d349bc111b4922dcef5eff6f42de924e0298ddb9d2	762	8	neg
0bad55308f037bf2d5dfa5166f4c254e62028a2a38beb6dc04a411f06ba2d87b	763	5	neg
b9702536c5f1ca2c368aaf4015c429e29646855ad51f5cbaf3d7f0cfd378a5b8	764	5	neg
30c8a8bb58c3b7ab07570c6b4956c9f7005c384a24f376ebc650143271fab420	765	3	neg
2a9d88e3b15e008e9b988b41c540ebdb959d44b62fb3e475844e8ed8001ebf33	766	0	neg
deb9906a35c6503acd79227b70428ec137a318e119c438a6d2ffd21675628a07	767	2	neg
15e2fbf2b94e89af8d12ee58f27aaf0e4275b0cf3b7bdeb33cb8b8b930d46471	768	6	neg
60ddfb332ca35acf4758098e583af22924f25dbd1490d6aa5e43ca95f3d8e2df	769	1	neg
de86b197f51f4c3898a14c91dc3bb96ae1a9a97690cec90176cc8e5c58fa0b26	770	9	neg
4db43d3c00d1340d0e059c22a2fc262613ce6a441def6b7284f2765eeba66f39	771	3	neg
e9b26d4636ccaa49db1f79a5dda0facf421376f5e0e46b74be695968652e8243	772	8	neg
da75bc096ccf1ded551d7102711808a123dd05a89f188cab5c60a657f6fc5496	774	5	neg
af103ba5acd1134ed82cf3d75f4f0d39b9443f8a2e611f2d608d8f2e5d99a6a4	775	4	neg
2da5be07825807d2fcafa67f0bf1be89d712265f6cbcd931077849dc6a8c6c32	776	7	neg
a78fbfa40e6d8b68cb4527ab3a959ab7aa30aee7efba1ee29448cc567187b976	777	7	neg
85217a5549a07e71fd04f1e3b33328ce03db1155e60bb98f5a6746408816d478	778	5	neg
577ecabfcd844fea040666d9598d4db8d56316fc60fd4631538ff28a3b7ed4a1	779	0	neg
e492f1bdbbaebb1360b3c3dc0f3a52425f90b2725202ff98b71b32941d1a5bf2	780	4	neg
44b6ecc933b204ee47efd36368dc6c5f5c4741073b866c289a59b7206c87a65b	781	6	neg
fbfeded76524d51b1622e0b48831721407b91266d9f1f0426d8c4094692d456b	783	1	neg
30123e287445c7e203092322c1a95dd1e556cee72fe47e823491a05805837216	784	1	neg
3789f65815af38a5c691829c67a4fd85054cfca75aa2d623cd6b2aa795ec7b4d	785	8	neg
92bc0d87ea380d361ffc94f1cead032a69a382578cbd2ad5f9d5e3bf3c6a3de5	786	5	neg
fab635fb7bbb8875bf9ae6e3c276a964978ac1fa2a3f2562ecb3e1cc90a08485	787	1	neg
6b430c468f360b6fcf339cfc3613045847b976268f17928bd4f75a6cb449125c	789	3	neg
b332374d8547edd2765ccaf19017285824d2e0574fe3de5a14d92aa1c149d4d9	790	3	neg
ca57fee7ea2afd2f6b9665e805e2f5d1a1276b3019e1355f50cccb18335c5314	791	8	neg
8d1f07fcdf0afd25f8bca31c63478b4f78ad04ea9a614f4712a8fe0ef3e97951	792	7	neg
3ae0fe442fe1ebd72b8c8294c9523eacaf548e23a98ef4e9dbfac5ccd96f4085	793	5	neg
43cb37042cecf1228e1d4b52d2d3ab50ded1c746e31acb45a6675604146e7187	794	2	neg
9e8ef7b9b809c47a4ca48f437556bee7e8e0a206f2878a49a6e89a6726a86ac4	795	4	neg
f22dce43e9b7a9594036875c0cb4fe1466ff0f4514d2be18a62ba337ec8b30d0	796	0	neg
c97307cc1e108f3eae336efc04bdf352bcc9823679c97f4bba1ebf93625a322c	797	8	neg
d9aad2e03c7fae34e9eb6d33e8c0f3ce035f2ac6cfdf7b95d7e45c19939e381d	798	8	neg
47c9a7d706e43b69f7ea7a3223dbe18f90c8184d765053f69ab4c1342dfbf1ca	799	3	neg
49d7fc06e7277ab3d2b1bb53b66d52b2fff09560d890096f72fcba09b521a1fa	800	8	neg
a530945d555ffb325c741018842b2dfdea3ac848653e8268f9f9f471bc14a00a	801	5	neg
3c3ebde4189346441e8aca001fefbee4832b77cc69b84f0e36a080d2f260a490	802	7	neg
bd560aa1d8ac233abf2949d08df08502b88c13476dea05bfe6286a069104c2b7	803	7	neg
ab4e67b7d4b6df78e5341f8771dc200cf0c5241468d2a63bd408d9ef1609e1a5	804	6	neg
a4771a9489a71126cc2f2e22677d7bd12a2510693f0b39f2be1046c3ad4b13f1	805	3	neg
85011cd978a21b05764051308dc19ebf84327dbc2e33abf549190d930fcaa668	806	5	neg
2c538ce76aee6fcd118d6bd24328ffa915a160a51902f2fc6841376efb88d6f8	807	0	neg
48f3ff6c9193003048866f99850de85ad82feeb100f00547811bf4677403c457	808	0	neg
aa7b90b110eeeda04f3e9dc3ced29caf565901747a83242e3dd5c7676660546a	809	8	neg
32d696ebc4ebc96bb613ca48c2aac7d77b27ef555ea47ec82b462958395fa396	810	7	neg
d5c0592768dce3dcdb4d1f5d97717a490eeba8329f999fc3332e25ac87469c43	811	4	neg
618c76c3db37694269c4507cc71ba3099d5cc251766da30beea6dfb7a61e5b2f	812	7	neg
4b7e82bd319a5b629bde1478a340b4dca7ceafa4016199534490b4a08056ad4a	817	9	neg
780de87f524f4e2a972f2b3d12657bce9c5728de01f1bdc48f6fde4b979b61c0	818	9	neg
443efc26df3a1c4594cd0f97c7e104e818d46b55459f1697fae2b4bbe276b4db	819	7	neg
935a8fa42bffb35aee041c97de14ef1c03b8aaf03d1bbf971431ea2f09636d70	820	5	pos
1bcea86ae50e80532d3f2ccab09a28e37a296072d3d765027c6919ea36f5f177	821	8	pos
3baf2ebc15f05e460581269d2f29eaa9bb108aca5441329de5814f6cd465c698	822	9	neg
d2cca246c3385a43b08aa84856a2d744c37d2b130df60c287523b71652e865b4	823	4	neg
8b888b286c0f9031d2c15cc3af39dfe78f675ce99faf7f668b69ff761135fc40	824	7	neg
b11c6b3a69d39f86c7b7a92e46c0b84e396b0bb9338156af8af80ab3400eafcb	825	0	pos
033fdaca3f53d84631e9ad4e66fdc491a04915f4007adcca9474dbb13543aaaf	827	3	neg
cfb14998d5c4f78ddd963d6b4af8ef3580fc0dde1489a9da607cdde9efe1c48a	828	2	neg
e4d3703da834f0d1e9902f83a634d1d54584276898800be5c378d02a8d3ce2f5	829	7	neg
1aaccaa902f443dc8526631d084d0959b2068644f2cfbfc947c10f044c065cb5	830	8	neg
76911257668d34cedf5f09dfb00e3248c158ec90c713b94857ec7141ee992322	831	3	neg
70c5b4489f1e63bbd195bc326ea39a7c8a195c33ecbe6ee3ddacd3a747329dbb	832	2	neg
26f83c1d9abe1ee9659365d0f4d6a8fd4f0f311d94078dc9de5d69c2a9da240b	833	9	neg
b51a30bc155a4bd2d148cfebe7753fe8b308fa437295db2c7910c9bac6c19ea0	834	6	neg
2f811c726621c811144471a26ecd9249a030c1990b36c8d0745ab80da4a7473c	835	6	neg
85d4c727759ece802db760afaba800b1cdcd1870716c4421a020995a2976f26d	836	7	neg
628186e58e9f656d3e5f8f39fa3fc76ce217523e7f9e88d23f71c76b300a7155	841	4	neg
ef2de6764cbe318b2c47e4dcee68d82452e037aa3bdb8a8c78537c78f0685e12	842	5	neg
de45a20ad1fe6e62160b03e29683e810a6b02e8707c253af931a9ee8d7c288e2	843	0	neg
e48145a7b0bc7794911bf679ad63981ea08ef09cd683697d0819f9d630132710	844	4	neg
4361dc0e7064d3419f449071ab88bcd4d198b7e7a6bb133a91304df23ca3262e	845	0	neg
da21157b7df265fde27e86f05df55423547eaa1defd5d4d418342be108dde7d5	846	3	neg
e8fc95f48fd2a2f1ed8e80ff5d5fcd42f3197489c3c8733e64b7a1726dde8dcc	847	0	neg
00f6b1d6ef9b9446daa5c7e71d534578cbc6212b892998d7b7022ab73cec0292	848	5	neg
3075644a966dd3f883c10bc24da9ac0c5d322bbf91f2d93f8e02b6a61c9c78f3	849	1	neg
0b247c1c7977667fc70f2db19aa9952e31fe3e193cc27430b56d8a5fcadb2866	850	1	neg
ed248a213b430da0797390c7f8597a2bfc19594d98ff2e6f4f4aa95bcadf1a6a	851	1	neg
c8122194e8be5022e5cda9e1a3499ed1b8910aebd46b5cc1a6c8fa6f9c6c2c6d	853	3	neg
cc28da7227556fab29d4ec1bfa534ac7084aab59b4c287b5f7c31ad419fc1f4d	854	4	neg
c16976b5e2f1f4c1b162ee228647c96b9fb2a8bfe2d663a83c0ea2c8c35d0dc4	855	2	neg
436051c2263f6d656027b1e2f6d0b4751bacfd4f6745ab1a468192e623b5dea7	856	4	neg
b8f1997ccde0f5c49f3fa6675deb66aa3979b65e5216b6e65f029cf4e0390553	857	4	neg
1b72ebea33740f8caf83b9c8eece3eb741fedaf6c3ba5018b78815c24ab34cd0	858	0	neg
3d3e07aa5611cbff2e68bfec98c80e5d4c68ff0026aa13f4eaece3e1a12f070d	859	9	neg
0309b05faca083b4734f91774854772f797823c0a70331f5ce1007f8d8ffbc20	860	6	neg
f978a23af9e481fe8d293e0aabb37bb41cdb9277eec5b6e70e8e2b7c98e41648	861	7	neg
c105a4dae718eade558023b5b10e515dd7aec5af5aeb97ade7ae4b1e141509dc	862	8	neg
db6873fba2a0dbd56129180e8aaf2a97b1136e529bb0359ec66255b71d2375af	863	6	neg
2b0f0415ce4b51d781634a59b405484f4b47e6d2274b5f96855eea6bacb03c9b	864	3	neg
83ae3f861c9683ddeb44f61121f768b46cc6ead75152317cf142198c1052c85a	865	0	neg
da51fc082d27d53ca3dd7824ce6c3a84a2234bc1005363b4261c3f4f4139514c	866	0	neg
e2d136c3fe5f5f5415358b757ad3c8bdc513843284a0288caef17b9c9400c46b	867	3	neg
01f092aba34badb98d71da67eeb18406e92b32ad144f51b074a68f8229628738	868	5	neg
422e127a31542e13adce5292e51cd667a4b2c176c98c295caab7f8f89aa6eb60	869	6	neg
0a5a999657e269618d2b5ffd697adda5998b6e0b5fed308f126006e94a0747a1	870	8	neg
39797a70b5a1cd92f0d21dd9b6df6c1595a8ffa713121eca245218899c00b2d4	871	3	neg
aca098a46dd578e46b08b93786abefee7738836fa71898348d30bf18b4d6792d	872	9	neg
cee7d3214903ceb78766bf1feae924ec1af788712e0c622dd8500bc3856235c2	873	4	neg
b1100e47590a292752fbdcf77297205d8c558970c0263cda44d8ff1f5fd52e37	874	4	neg
2ee94dc049bddfeb3f3ba60feedcfac30ff5c0208e3b7e3cf37d33b35b78fb8b	875	3	neg
42baa47ecfd6e382bcf1804565eb3c0b7075178fd01592ac6c58aadbdef7dc0c	876	0	neg
c659c16cde484691239f9e84daf35c680f9d9c1db7ce754306d78f6e05db4692	877	5	neg
70e1d1786e47f0ffd07e44a2c579f9baa507542e3d10537a4825a37c2faff672	878	9	neg
18c3e690185aa5e12f555f4dc38565a6e7900a633e36a8a7f888228743504d6b	879	7	neg
517d335897807109909a7f314759b2f377b86e55f498a603835d519fd7fd73e1	880	8	neg
e81f098202c1f97b9af3373ba45a3d0f8ac0a412299dd0084c6b528553c14f10	881	1	pos
80a8abed6732d89f6212c6492fad6bc79d6ee0984f4d1e832047849f39b2bafa	882	4	pos
7178977cc49e43c8b17e64f899c012c8e7b97b89dff37032b7b36f1c67f5d4f5	883	7	pos
cc6403b54732b9ec5fa9852e3cb77ad55b2bb46e167196e9a77339e4a5aa75ef	884	7	pos
38a0c4e26cf1f27eb84ab56b992b5440c87c7947f5034caa83f99a9c7e5e742a	1049	0	neg
5978d584b135cc0ce1d31f5257549236a6641cfa636d8b28372d04362ee74718	1050	7	pos
c17c56ecd24f7c58fdd198943302616d57ad9f57d052562a3e4c108e93f0a3ca	1051	6	pos
ac8a20df0b78b98c4921fa90847781135d12430493771bcdbfc31bb59f44a48d	1052	0	pos
2008c5aeb890327391a6966cd3a53d31a81d4db6da3d848e42eaa702bbeb3c02	1053	7	pos
8ac0a1caffcbb4ca09f8ad0dde8d3239ed50126a1dc5db7180969869af6cf8a1	1054	8	pos
cc986ce220a1fd41cce0e69db8423991dd28327212cbbfc5d5344497a33bdada	1055	9	pos
5e52e7c3471320921388c9a7faa5a9a82f4612c829747a13cde2c8baa3ec3436	1056	0	pos
0ab7d9f0a299d8d4d182b3956f87d36e31cdb796f8d0e231a21702cce2e96b21	1057	8	pos
6072743d8989722eee3599a08c64353eb13a191db05b9ca840d5abecc8472e15	1058	1	neg
1b99f2b13fea8cf074ef7bc2e60d22e0df54443c30b2d91daa466e5fe4020093	1059	2	neg
3584834d6aa4509f08e971e26b4d0155d8651d05d512cd091972a4771b52583e	1060	1	neg
ea0e78b8e66fc30d4882aea37b6bdc3515166f8d86ab0fe7dd0eb1c1c4605ba1	1061	1	neg
752a1273f17de905bc5babc894815aafd9585fd53b4930579a7de2becec3c9b3	1062	3	neg
2d704b59367fa5dcaa3b2a420416598f3b49abbf36baa983ee7241eb571b4e02	1063	0	neg
2f6ff4bcd1fbc6170c81ae0e6a121cc7d887e952e78a76e845dcaebd64d7ab47	1064	7	neg
ceba185f022f6ac3e55b311bfe1195014054e96e42b600c546aec5b2ff2f64a7	1065	6	neg
828b9470fe84a2049b283dc829478eaaeb536955a9b516a9dba4de4bf6176567	1066	2	neg
554f1ed65cdf7225866e7c423b4c032b0adfc6b35dd4153a629c6d16220b0e70	1067	2	neg
c5109d50f2634550872b92eddb02fb844e0e53b0bda87493bbef181c020e6a02	1068	0	neg
5abedda91123adf57f628e9384c88553f63d57093517b3e041b86fffe091908c	1069	1	neg
ee65761e95775528ecd74c40e3041ada058d92032a0ef6beca47953d1da7cca0	1070	4	neg
bdbc88a0703cb0e44142fc2aab4c01e3a1748079c9e9f2b7323a22b8d600b5d7	1071	7	neg
bb1f32f969cccf33d147502bfb03b37e561c09bea3b46ed5828797fb8f444de0	1072	3	pos
a0eb579ac73b858cebad3d6fad440caa8b09ba1c91575f5e3875c929b5febd8d	1073	0	pos
04c95d345a7d9a1855166d6556209dff91e3c83db96bd439ead6e5b971986f14	1074	8	pos
4fd9842b28cc4e7256beee8769d9f7ca116792e04e0aad529ff0bb85f50fc349	1075	0	pos
cee43b0aa75e1963fae50359dfd72260107f12a43809fa2da6f3e995c084ad25	1076	1	pos
b6f9cd2113f44e244a10e7716cbf707ca13cee513b1070ea5326b2606072bd80	1077	9	pos
2fdb9bd1c6780607d148aaa266a2eccdbd7c3f6d0532ba0ad5f20988bade82d3	1078	3	pos
ca59b7cb53c581f3224622e5d7212158d890c1a6dece955dd9c10f275931ecc7	1079	5	pos
7f04324a92e108f411323ea594a086323d0a5829fddb6d7bd5d03a46176ad25d	1080	1	pos
3761f2115560ed09738d67b1274f677c5299c9668682dbbb0f94a4054c8ee0cb	1081	5	pos
b461c9913009c133de512f24309aa918db2d503c00ff4589cc3b1442c1abc716	1082	5	pos
fe56baa8aca8e05d155ebbc16f0d09121510a66d1fd2c50572e7c63ba494e04c	1083	7	pos
65d408fb9513acc2cd6ffd68ef45b69900743aad0fd4076d8df25e497405f401	1084	2	pos
2447e621bd03f25dba19781eaee9bd17a900364c5f9b2025b4edc3e8de619c4f	1085	9	pos
e15fc86453ba08996299dc3ff02451114c4e309c71a768346f4abbe52656e783	1086	7	pos
b71f5403a8af74c0e9683a8e81fa5a61ac8fd87904df35124f7747caae5f910e	1087	1	pos
ebb76ec362e4b3b6cd625fd803dde21f4001eb9f2130a13cdda00759b486d07d	1088	2	pos
22be58925853543a742c315f6407267cd9209850cf313583c754d683a5f3d521	1089	7	pos
13aa60073cb43a25f5e90972a4dac0b5f99406bee79e9e1fbc33818bbd508d14	1090	9	pos
5edb3657f4ce3800a2f691f9e63eac371b5490af491d2ce272676aad9bb55279	1091	9	pos
885a90206f415dcf6cbbf88ce356262b6c66b6040e036129ed631dda297eeb21	1092	0	pos
29efa158edf618bd179b61719b16f0deaf245515fde7dc452a916f20a9c5de3a	1093	2	pos
6a47556b3a4a6ae98402ee50b7d96d06a803f849826db344d3b99704a40db382	1094	6	neg
079862fc46cfbb87edbba9410c807fd50b989582ddb13fac9087426b5e88bcbd	1095	0	neg
1b9bcf3098ccbf84b55ab0dc51d93a4a2d73da1b2e59cd7104a4be3cd1bc2f33	1096	4	neg
b58e3c47b47966f39cf48b5290014c35d8120b084ec3492cb251899549bbc676	1097	3	neg
d4ec26c2cc2aefa327748887ba1a037fa237896077b515f495e4e4236982141a	1101	3	pos
b950f36fd92fe9a60474476c9407b5697d49660029122c2fc4b1fd67da2e146d	1102	4	pos
bbd80f76d71a13e67b76a0e6221bad4a68f048b7348e014d16f417fda8a3296c	1103	1	neg
52d76159fbb1b8aceb3e8e30b1f36135340aaa5c85546ac633fd8c3a5000f525	1104	1	neg
0656135dd49156b93b5351c6a6a5966ed5310047d93acf36fad8b3df8c8c698a	1105	8	pos
60ef46840561c81b30a10f97f3e669e377ad063648227033a071639d3c45f7c0	1106	8	pos
e91f1406e7f14eef5db853cd446a79aab84a109d14ecb468d1298c8fb655792a	1107	6	pos
52cd6179ecfc9b503face1c3351b56dd60836081e26583aab539ac198d544f94	1108	9	pos
ead6c9bed682daf08b1315bf902a539630f2f793802036fe8919d813a4815966	1109	9	pos
dc64b603774632953c49460338da7939d4122fc0db67b40341328f67fa94df97	1110	7	pos
6c6530618d76e516f56f5365e767c9a21c615ab7aa60e4e3bd93ea58b40fbd09	1111	2	pos
62d373a54f00165fd44abbab241ecdaa3b07271479251180f9db52745f8b4d0a	1112	6	pos
75edb0d3ef03127638c883217db3b810c33368749474437332fb6b1f1f1991f0	1113	5	pos
5a231f8857ca2079d1764f87c073e2eca9a43cb97370c48caa9cdd06317d5b1e	1114	2	pos
7538ea09efbc98c6a7491f55b75d75668dada2c270c72d395af02ba03379a27f	1115	9	pos
008d46919d8f16dd04e69b55b3471f91ba297cd88bff7151d7d69abfce53fd3f	1116	3	pos
5e2eac103188f7d660df4e85ddbc1ed8f310de88a948ae7ec0be6ea3784830cf	1117	7	pos
313d3b6f227a47360f93224b38aa7146efbfb0349dea9b8ca6b672f19e0762bc	1118	8	pos
72b493c91e4a964509791d7ba0957a2072e0538d20c89097d056f7d8775e477d	1119	8	pos
63105b6ea42aec5579d2f770029447198c99bb18ba4ea7024982756b432911bf	1120	1	pos
b7faccb129f980df74bbcd8489e8b278efe1e5095e7eb032ef8eaf2cda4cec04	1121	5	pos
805d12682d6502a11b8324f9dca7056b9e6d756271a8043bdd1b7c27ffb4bd46	1122	8	pos
cf3bd3c55a97fa78bdc9b7856a308c4095eaa5fc1cbe45aef136d4bf5edf7efe	1123	1	pos
ae3063dd7aa68778de33264914d0eb2414dccb8b07fc73511d642a273e226133	1124	8	pos
b6fb67f64d76e390a1c917b64e640ee87e9f898fbd4f5bc3a66cf814cdffcf88	1125	1	pos
1aef659b3f36b1c9a7ff3419e49c62bcbc10318cd042e324895424cfe0eee69e	1126	9	pos
050de85e9199bccd03ccab02744b2ca5602669207ff7df660ca1bc37b0acc498	1127	8	pos
61c90f2f0e8ae76417cd394d46216b1aae83e5d3ccdbe7a60fe5fc1d98e53ba5	1128	3	pos
022d3d4e19ccf7393549c2912c9a7d73b1b7c1dd742ab3f41e4462788be84a9f	1129	8	pos
4f636b2196532795a638be33de3a08c7095355ab6a06be9eb2395bfc3df9683b	1130	4	pos
6804cd1729460c6224f837eec741755beb6309151325bb6e5e9b0aca0670cc04	1131	2	pos
ee6d9354d9b51506d483a776e39c175a36fe17b67e9b393be543ea051f7ff3f2	1132	2	neg
5a036c6d06db1d8e55b58eae6e548f6911bb4641691dbff4e0e9edea7606f5c5	1133	9	neg
a3a10b11ea3fafee9d06a6e53792615eed923f2b6b4ea52ddd1c1fb8bd7c2d98	1134	4	pos
dcd96994365af400495b896cae783b1a0ef82d0ee46c01e18c1ab324ba7fb2a7	1135	8	pos
0af9fc3e576959fda74ff35a08e91fefa46bd9f55368d27a3d50c92ba258a2a4	1136	7	neg
c1aa1ccb823adde13182609ea103e1d4dd9777f0fadeadc54d259ac0ec6cb7ae	1137	6	pos
85f7593607c11e970ba188fe5f618ec3b50d1ca13c4d984c9ff313df4adfb1cf	1138	0	neg
109d138c7a6738c030366152fd678da0d71c429e2b753de06e1465479985fca7	1139	0	pos
c389e886790ee2ed1ea0475f5fdbb06978010893859838619a4ca48bfe2c8fd9	1140	5	neg
e14669b39f5f829917d9ba572712b36660324e492d3fae1abc4ab552ff0fbf7e	1141	4	neg
4a240800a37c83588f055c87f23f4e8a7c1e527d8a0fb7e042bbc3f7a78765b0	1142	8	neg
b29301bb77f670ce14e4e90b85692fcb1e8455d705ec1795987f7f200999c307	1143	9	neg
bfe6618bf5925e1f8cb0d0a30548cfcfbbf8e7ec7be302ac1f6235090f8a75c7	1144	2	pos
3afe5910fb07d9d98d2666e4cbfb3ff26ddfa9c675bdd99f0e42bb5d77851a4e	1145	7	pos
3db296ce83add714865196dabad0601e4f2e214696d7bded65fe662de597513e	1146	2	pos
3112611d7f9139705b369e8862af1757e49ae96ee614d26068f1e9cc15fb8920	1147	8	pos
657d8e80b6caa0d0c812e2502b43f2340cc22f83401c44e8876f7daf3ed534e3	1148	4	pos
a74af6cdc64d4bc1dce07918c99357050dbba033ea1c795d816490331ee50e43	1149	3	pos
2c7b159546d8767d7c9b782ac104fc9d95c68307229ecbbb657d025f23b46057	1150	0	neg
f64b926593e2375dc0fc58e280fd92c19599f10b089874f88a392c7904e2cd3b	1151	5	pos
44221322af0c440702916f42e977b189e4c51ba8efe954149f5e7aaff5a79126	1152	1	pos
f549c0160dbdbf8de004c448300b64df852d723db5820c52406ad5e95d178f72	1153	1	pos
4543fb0f1391bcec0535a30c9e71bc90edc207ada828b9753f8b39d152b8646d	1154	3	pos
865c8e3078fe8beba1820b3e96432c5cdefc8478dd3c7482381f7264056f5c3b	1155	7	pos
d348728d04860e8a80ce84ede0428530206cc8648f47471af186c4a9f8086348	1157	8	pos
38b9a891056d3fd447200985390bc4932a5104689b230d817c0c547124294fcf	1158	9	pos
57b424369668c619846f602343a99cdac850597644c87de655e744f5af69ce52	1159	0	pos
a87a146a3eadaf396a64ad7c6773b7c5d074d60d38451ae5747e838c8b768eda	1160	0	pos
91fbe012ce6c47176334de851da5755f7fec2ea32ad301399b0a2c3bd5ac58a2	1161	4	neg
b0959f569d57bee2397e8962c56c45d4f32fd620db6fe5cde288fe634ec74708	1162	8	neg
1605d517f62bad32f00f7ab533b547c0412aeecaf005cefc523dfb00306eb956	1163	5	neg
65cf4aa794a942df92b7a9bb1df2c66f19636891fc48b25be71cc9620f476e6d	1164	3	neg
a97ba0729a2f43dc0e28a72b9058f1c6f3af91b6fe2deb3a10ea721c6498b17d	1165	9	neg
19f797a8527ef16d8500420113ccc1b3ebf8282c8abcdde4a39984dab4224e39	1166	0	pos
76ef9b01894e47d8f3510912e7ac16c28c46656f10aa410beb7602b244b0cdc4	1167	1	pos
d0ca4ff869ff3c5d4aa38e45014d10d08ee6d489928490b49f3a4609be297954	1168	1	pos
00a5f923221df17a5864a9899a9825c4d56529e1b4a5e290c8db3926affdf30e	1169	9	pos
f40933c8c34d24f497dd29c10aa89dc7fe490ec14b84b44dd6876ce8c3716a6f	1170	9	pos
787762f2455fa6f66d019e583b2836eb8e09c71ae8c7e7752e80c388dd938fdf	1171	8	pos
4adf1bd244cd5972c225ccc0f4eb75a4158aa78d2e14ed1c5b8d13e804ee91e5	1172	2	pos
eb090e574d41cd4e15a321079ed10b056e3fbf6d97a2087b75fa6e4ddbfa60bf	1173	9	pos
bcbc7fed362e6f04cef5d1a380b1bb02cb9eb63ce9e10e3adaf382c34c15e312	1174	9	neg
b79dde1ecb878a07c6834c5b1b9cb35d61cf8fbdd84ec725a0473de318774976	1175	7	neg
754220679f4746a6d9acd976f81f29086612455735cfddaa8bfefb64fd0174b1	1176	9	pos
eabeedc9730bfaab1fe39351288d4ff76b3b732af5c27278ea708dde46871131	1177	4	pos
42c0345f7fc39e72af7cbf543d2808ada256c5193da8f5661716180385c02e13	1178	3	pos
b1bea61d5c13461415f64ee638fdaaa523808015e7f4ae0959b3cceb073a602c	1179	9	pos
ffaedde197e9806f6492530eb67ebba5383e03f09636a62fdb6f9f1e627a005a	1180	2	pos
5ff304c73a1b20b09e4ec71da290b8125a6510ea2881dd8f61c4a05b63ee81d5	1181	9	pos
fc1b43dd555382f568b9e7fc93dc43d2a1efce1ca99f868c167591a11447da25	1182	5	pos
35f5e685aee74e3aaa6f9c392baaaa425e2315ce671f11e3c96f75a104ae4591	1183	5	pos
7b1b23833dae65c9e9ef6c99e6e1b816279e2414fb8bdfe34a67bcb6e409b337	1184	0	pos
1d737656dd646b0d019c4951125c27bc01b414ac5f76bcdf8075c786e260f0a8	1185	9	pos
7cc9d81113d2e11dd5643c70f6a80ea171f46965bbb172f600ec706a42de04c4	1186	4	pos
bcf4733acb1c45a4444c28725d607e91c5b9a01f9cb152b65654f960b15c5e59	1187	8	pos
5180e5e0ae4d89610227a1f22d691bf9a650990120901b8d412188f4416c4c73	1188	4	pos
6dfb0c0878f12976d7bea1900e9c4228d9188fe7f0fcadcac3cd57d58746dda7	1189	4	pos
cc82625cca67709c18a4c13b17231432ded61282e0ea45fb76f3cf3330c70135	1190	0	pos
01466b6a3637ed668257abad81c98615c82aac112da3013d961e843b6a2c81e4	1191	8	pos
f05d0126b2a980ee4381184bc16c11e5c473d2f62557927e92ae9fdaffe0ca55	1192	2	pos
3459279fe5ceae231b572a05d2d187d76ee8ec481c0321d71f9a2c1d0c797267	1193	3	neg
8de08af66e0e81173c5e1c3efa8e6eb9fb02f233ed65b7d7e353993a5ce531d2	1194	7	pos
8a889f6425026b72f6bfc6225a89e86b6e293f19e17ed02503700f88a03fa03f	1195	4	pos
4199528124996b28a1bcc27dffde432858fd6af5ca3d82c976391cf02de7e11e	1196	1	pos
7c8e4e82ac31747c2cdd0a6ead5e8ebd5996627683c04cd1a4a7224e0272b1b6	1197	9	pos
84b39ca791b1d2832c4b63db9b924c4867607d8281d2e3cbeb0e0762fa5ae2f0	1198	6	neg
68757487903dbca302edeeafa63ded07863e30f0af8d0670de11d4a6428eb87d	1199	1	neg
8c5303645b3344383bf884789cb17e52729edb6347c8c00acb5c98e51cb866a7	1200	8	neg
867fdec8bac860e23e42c4a0a0621ec320ddcc1afcd5cf6debf269df8640932c	1201	4	neg
56cb6c000bab02b308b8bb1a698aa47ee6a2c69d2ac910e899dba5ca81212d2f	1202	7	neg
4dc1216c56a077c6b59fe7c5f8a8c137069448b6fdb36da665be08bf0e67b33c	1203	7	pos
5e52432faac545c9acc4e70bd6499fcff47535b180e6995b2c6d4c6aa0f62269	1204	7	pos
32d8d9ab46f6b6985f023716466065c4dc0051e52549f1bb12b2417624f3ae78	1205	6	neg
38592bb6627cae2984215b87e28e1a641ad2abe673baca746907ff8742ab9101	1206	8	neg
243ffc9f90d57cf31ac2abee0f3d73686c9f2ced24b797acb8e37a098ee099a1	1207	1	neg
9a997aa9068eda03ca0504ced877018f60d8da7507459f3fbdae3a4ac476a025	1208	1	neg
f53d1d4fe8f60236270cfce97722d20ca6027fd53524337c96e80076c4463b90	1209	1	neg
28b89cf492d99c507186f4fc37bd9e09fb245a9d4f11eebc1553df4399c7d5f8	1210	2	neg
4cfb128d4bf51550b6bf212c7dea1c936f8b34338c6775a06beac410d9264dc1	1212	1	neg
5932e3cc4aa8b99df63d4530f5921fb34639fcf3e2c982748ad712dad9d91655	1213	6	neg
5b8ee75c1e0b38235d8acefe023c8a6e225127ae89b5d40ec48f34d7ca44d950	1215	0	neg
294276a91dc079adeb1e18b39b0db8256c4dfaddb883d12f4eb7ec418baeeaf5	1216	4	neg
1eba5ff5ed296f1d739d9674af33851f10b765b9ebf8d88c31c3b40643482c7f	1217	1	neg
1f93c6da5b402457f845c55f5191cea2ce20d609e5db3aac303859e6dd533329	1218	9	neg
39eb9747ac729f484427ae11be634a5c7149900874e172350437a11f24074f28	1219	2	neg
48a991933bc201ececea00da327af7209c725f27dafd04a57e91d5d1597eb273	1220	5	neg
10c86edcea21587ee1ece21422e763a40381a9716673199bc07bb7d346c1e7de	1221	0	neg
bea81af5e4fccb1ca5e32e7b153206f584f8fb3f99b4f0431585e6d5bfa6e8ca	1222	9	neg
c7e1611b9986277e83200edaebbcfe6d6040974f74d22bd7b46dc307e5670e82	1223	5	neg
ee90741269453371828830295269255ae7c1e78de6c3a99b12a92484f1edc139	1224	0	neg
1696ab460c68bc506aae228d21249e4f26af7af140d0b8498bd79523f4b1ac8f	1225	6	neg
9d70208189362dbee9c3de7a7dce98dbde0eb2b9735a078bb9a47c5185bc2ef6	1226	0	neg
cabfd63b70f57331148e96920a69f958b659264e4814c6b6b0bacee10cdf8bd3	1227	0	neg
9d315f382a528a419bf8d5ae1d2db8dc665bb8de1aa8c0c85bfb5ecd1c8b4be7	1228	0	neg
b0a8cb4e92593e0a8a0e88d1337c525dc0997e884e958e84f1d85a96d3bb64e9	1229	0	neg
f2b57900e724acc20816965fb8003dc81c164f79b415a61e303273c98e15067f	1230	2	neg
b86c44e8c1b28fe6733d26e5c3db45e95e2d0ffed914f82da1a89362bca99686	1231	5	neg
3c225497c40e41c8173469006daeb0dccf4ac683cae629e2836f4bf5ee074bac	1232	7	neg
9d9c37d58175f68471376544d76004fdf9f8c36512eb8fc022cc53dba25758a7	1233	5	neg
afec38ceb38931e22d43e0e89782a566e4141924e2d113a4ab2f8a96f7f2f938	1238	2	pos
d1a207fa428d87eb8b8f2852f44fe8a11e97220920de2deafc76c9e9f4cc8378	1239	6	neg
cb0e5f083efe87516e85d42778ed32a9d5bc93d355f3908fdf65df026ed741de	1240	6	neg
945712fe51b37636d136ffaf606cc3e07caa64725327fd8bc0eea1a3d267f48a	1241	1	pos
a3d91883fbbf81a87571c7e70ed6397efcbfbfa3aa763d3cf0baf70159467514	1242	8	pos
a5dd7c465392464c9f1ef7f84a5270a30fc80f044946590bfdd16f8243d2714e	1244	4	pos
73c6a9ed972f3f7bbcec639ac054df64410f106d65187bf10c26e2aaf8f386c2	1245	5	pos
8c18efed12dc05e993b4c47c6b7740c04f935fdcc110a0410eeb7e350d258702	1246	3	pos
18df68401514510584c9c5605bf5dde3e5045dae08a657a4f719325c3224830a	1247	0	pos
08a34e6733fd4f1bc2d88807fe0b43c965c9f87fa90f234b826920e1570cc10a	1248	2	pos
eefdac81cc7e2d94a382ddeff580703cc391937717ab29cacea738adb9567630	1249	5	pos
cbb6916ca7e26432979ca472c42f44ba009ce3701c7adc88402a9d2f2a33132a	1250	4	pos
69a450015c43b6186a7b2feff99ea11fbf455ead0559d346199180846d37b6c5	1251	1	pos
56e210ae2de21e55c2c2209eb67d5741e03930bd6ce03ef9b07be3f63b2f96ef	1254	8	pos
cc5f77564972702af8920a2d47e8323dc808008bf0937388b9fdb2b0dfb5d8bb	1256	6	pos
7fcecc67c97d525b0b09bd16f5444ca41fce61fdca17cddf83e01ef2da347629	1257	5	pos
87494621efc9987969098686e52744673fe6ee3a767c510f55781bd00a0080f2	1258	6	pos
669326d5a49e5f7ad081fca80006aae6b7395ec1636e79e71f01809bb106b298	1259	7	pos
44a2d69959ade9840e9d070fe8fbf0a2d207146d83dd8b55ce17ad9d4f840531	1260	0	pos
8549751b213247ad935a2b14db5282cc1fa69f12dd0d159ecd0f1d6bac7e37ac	1261	9	pos
7801a6f7f5ff21b8206bee642f1e1e19451c39ed9625cfdf5bb97bc28db50ba4	1262	8	pos
be0f347e77d8893a1938489ea995b1fae8ac5f6542ab027568845a9eabff3ae7	1263	4	pos
bfde18893406ecc520b7477e2509da7cb353e85f78bcae3a48135233050244c8	1265	1	pos
5432470f59c5b76f152d6f96273022f9dc1a500e1168b9a19a460ece5f85dc6c	1268	0	pos
49dc3f1133a90b18759f57da116bd1f6a9e621a7f523b3c7b6393e465cb0d292	1270	9	neg
7d403f161113c85530c5662bef7f82d9cd6e8a23688e8508d74176c55a4f294d	1271	2	neg
93db9ff0afe3729e43bdd299fc1dc961b1921a020a3c91d30f3c5dbcc00678e1	1272	7	neg
f0bf6fa970c183f7ed4ccf5d30dc96a4ba4c8c256f07394c83df83e29144a59e	1273	0	neg
117df501d0d2307443212e3b46f68e484f4a131fbe8ec1e076e038ce20e95705	1274	9	neg
3c590fb2419ceacd2a88c56fac1d5cba5c7da58b68d593ac5f6ed71f1e876737	1275	6	neg
c07d0e67c90773992ee9209af7f5ee4a7cc76f08a598758753395b64b9be3f79	1276	1	neg
555a5bed54adeb66ffd4bbaf53556f0b14a1f250de457562a0808b70d4f57348	1277	9	neg
9ef320a6d429816879110f9fa9893175f123dba7cabf739699a0f99a5fb7b681	1278	1	neg
c6bdfd7a6663bc7e4d139dc491c5c991d9cb20e4a9d20adf9bc41e49568a9fa6	1279	7	neg
50389bddc721f1a4c312c6da7c4f0bb86a3d0d857d9c2efabe60ff49802d06fa	1280	0	neg
5194ae750d8a6d41bfe98424d04bdf26f70673e9b8dc8883b08946278c609fe3	1281	7	neg
4f6276f6ad4ce4c21373f89f52a8bc2b4af5601e68fe7449564c2a53dc8c7b09	1282	9	neg
6826754da49d7c53101f49066fd76ea91e0b84102613deccf5a4b190bd223aea	1283	6	neg
be11b5ab92b10cb5ef72e277ec058bb25511eb6133755f6f7fa0544a58feb6c2	1284	2	neg
0814f00881af693ad4ec81a96edbde6e6358e99bbbe650eef1a4e415bb82c97b	1285	7	pos
4444d20ba0bb5c3d718cfc23eb4614c9db4825420d172451462c4d6167973f5e	1286	1	neg
8b9abbe301d7f5ee0a3cdc4c3277aa98c757dd6f6298c9662156f876dce3f03f	1287	7	neg
e189af518732de8be64a621545ef121c18c97c41db70e205e552dee3fa18158c	1289	0	pos
f27ee7bf0ac8a60f485a0a43676b72e38a79643bf9b23a906b122445e3a3f689	1290	9	pos
78b4e8cce9c424708a903ec5a9adabc25eb186e3722d2118cc437e164aa07b00	1291	3	pos
26756178ba7614e597575cd2155b9639231a158d4d334fc62cb7b9d8ede5334b	1292	0	pos
42e0ba604fbeb7823dbf7c296dbe54fb140ab837a3c50b35ca0151d6c1cfa971	1293	5	pos
b1d309d35d201eb68e705a3ff763ea1ad6cd256fca0acd6155c25f057746ba28	1294	5	pos
05dd5ff77153a0a34c02f563efe841e553b7af91b0a698e410a13276b205e90f	1295	1	pos
1b76740be9c7ce1fd2984ff1f476c3928e5cab844fb97639e99e6c5cf9ccdbcd	1296	1	pos
b4946ffc2571dc58934e6dd15261fc6eb2074bcf19968f546b2fd98812e0cd3f	1297	2	pos
b9bdd1ca9e9e15db8b089f2792f20ef2035df8181f6be1d99189cadc598f5cf1	1298	8	pos
8eb29ab8aaf5428a69c3aca0f9caf122ad1bc902b9c1c07403ecacc23f68307d	1299	3	pos
48462f0138b37457190095a6296538ccce9bba929d91e0eb827c57bd90291763	1300	6	pos
42e348da80f3fa160338913d4ff0df9d57baa103d3075010fffcccbb7ebd7520	1301	6	pos
9041455a80986f26a5b5a255f6034d45e6fb922f79094a6c02068303e5acda4d	1302	9	pos
f707d9dcfe3c8437c4a6c7fb34e8a6f8a181be94f00ab09284f262d9a2a3f84c	1303	5	pos
a043cef52941af95dc7d599b4ba886d45762c8d593c6bb8f315ddcdfa6913df2	1304	5	pos
c4ccfd845eca0e7385b4389b61870b69b793ab2b22d84ec318a495c61b1fb5ef	1305	4	pos
8a0f88541a6bfbe6b51b9a7743b4218306ce36bc6f8b4a79568b1fa364168525	1306	9	pos
ca95ee91c2fce68332f36e0dda37a6f40a74a61ca5525bd8aea8ad57deb97f9d	1307	0	pos
3cda39da5c51bbd9c41b2b1da5136d720b1c3f77fde9c01a34ce305253248e7c	1308	4	pos
e382fd1f0263e615980a6e8f8f1676595dff492417d47476f0a6270339caf4dd	1309	7	pos
fb74004a22c32ec5c18f5d3da99582dbfc27ac6d9b5f1ede3471d68660c0d58e	1310	6	pos
4134b00cb5b0470cc8bc5d9afc4c713373c01ada410a6ece35a1863ab07c4460	1311	8	pos
1389db7517ce49f6f7b7b3464e9b2c318b5fcb8ee12d32bb2f56f5bcb5ab1326	1312	7	pos
c615ea9a4ea837fa24f4ea221def24b90c3ce671efa628ecff353a4c85ba713e	1313	3	pos
a01372f31c988707d7dd7e7e4f081c98277d8493c7031c63195f4cf5e80a1b2c	1314	6	pos
e63dbcc558e023d20717906f6a8a349edb281d03eb871265f15551ba150f027e	1315	8	pos
f2534ed6d2e6c288996b076ab70568297843c76da567855a57eb155d616a6d67	1316	2	pos
f9d70ddc4a9ba1fa55f80239624834198822fd0b14e5352ae1ed98beebe45472	1317	7	neg
fe33eac6c84bc5afc054dd3db8ce8bec4d98b974a8614b53d63e95129ef32973	1318	7	pos
47ff0d1d31910e666acbae4aef11b20ec23611984ebf84ad7eaa982c31a2a29b	1319	4	pos
d491abe95085b345c7b7c40fe4c460166ce8e679be61e8c88981f8e62de6f584	1320	3	pos
4f55383b1c5dab34717b2cb79537becda73aa1cbeacc7c7b88182433df704c18	1321	1	pos
b9149b005d4fa01dd6e7327ed5ea6367f1a292d393376f336425fc174ece9288	1322	3	neg
c7211ee0199c0b5f6a7467c627b3b91655e7cdedfda70e8ed3496586430b6e03	1323	6	neg
b5e6ca97482a6086fb8c9cac2627c327e494db3b58068e5465fb1457b7412cbe	1324	2	pos
468d9df0b12af151a0c07d3faeebc5f7544b8b2ac49f80511df000dc28684002	1325	2	pos
2498fa9ac2faac18637de2d8f59758a366689eee34d3634cdc4d5732fd2153c9	1326	4	pos
b3185d5d2c863fb59ec75ae7dea85937de4c39d72759d527d60376ce1759cf0c	1327	6	pos
5f6b59582debf3a9247f7509a9ccea1c29c5935b2758dd3a5b98b544039c7202	1328	3	pos
7cca9eca7af77927bc37f4fed50a22762c4adca29b84cfe4f716605e1e5301a0	1329	9	pos
76bb710e974bc2a4167c90a3658a28ccd4062e09ceba37de4ff9e1f597895bb2	1330	7	pos
469193564a14f96ac12f742c7d140f885c6dd3c08a64196267ffb8c10a537af6	1331	4	pos
d7bb52c548f3a6739c3447ab4eca7fa5795e3ed7e393e121f8678dc0ecace6b6	1332	5	pos
2fbd99bd96a68d023ff113616fbd393f28f9254bc1cebf683a57466d91384005	1333	0	pos
2b4adb5d6cab0c1e84c384c934d940bd4b3fdbec6276c4084af36c91834b9cb1	1334	3	pos
69ed1a4209cdc29ae47059d3b1180e115628d05b802d58d93fba9f1404989c7d	1335	5	pos
a0c75b567875ba1f2e3e91291d6aa7a1a6648fbbbe06016651f19147c90dba64	1336	3	pos
1335823ce207644038c00b93b15cea2c14fff23e6f114a71aff016d9b6925720	1337	2	pos
673b56ac9fcd7d9cb26b75be3b103b2f7fa70a16a8d60966a0869e2e4ccd49fa	1338	6	neg
9fccf202a086e3a66c570937890daa195757003421a278bde94c9e35fde6da9c	1339	9	pos
294fccfbc30fa9f5da0f74ca2250de267f7db1b55e285216486d669844bfe4ae	1340	6	neg
3f12d9e63baeb5bca23b6c6525c89583e516cbc22e43323b4cbe771b186ff4cb	1341	7	neg
f9a4c87cf5142048476a388dfcdc4fd12ebef3932bf039baddf79012df55e7bb	1342	8	neg
b9f4a98fb1bc39e911ebc5f3ccefa254a018e4d596cef9e808083e7c2ce12c8b	1343	9	neg
8cbef5df407f52dd3b59dc38f1aa7ebf98b169122e192d59feab877445f79db1	1344	4	pos
66ebd3361d89d430cf00482fe3495a27f6d7f91a2f0f02ffd1d4b32b0d047769	1345	1	pos
d7b536f9ad402c257a354d7f97fdd04399e340d83f5a0952448ea07e02c7a447	1346	6	pos
95d85f5ceb6b563babd7dc968e0cdb5f97c84d10a99b8cb5f41329b2e069c75e	1347	6	pos
895bc5ac935f86f6660c5fe88bc72b302e1bdd514d144a9254e0eb96c7553437	1349	3	pos
b012fb1d230bcb0f6abb5d761a84684ae960f62cb897d5a207fcc6951640141b	1350	7	pos
c7a0a0b9c1216d544605579b7f44ce6d4c0a44364420247143599ca683895f6a	1351	9	pos
18e2fe0bf356b6361650165ad92a3d7f2a3d78dac8e2685a6c426d95d1d3ac97	1352	2	pos
1ca0840dcfe16a9aeb6f527a2ee14fc4de705101017117afcbd5c0ec8f295569	1353	1	pos
ff152c9fdec11717ac72d3dcb8a80e660a1a8789f8b48cca9404942f698a6fb7	1354	7	pos
be9d4480ce2ffa4fa39ec0ac32dbb419d6b72baf00f77eda598f8af15b1ecde0	1355	1	pos
33802fb74666d882f276b816365782611a3e06d815fa6f8e8b247908c44bdbd3	1356	4	pos
cf2ff8ab584e8918dd14419930607fa47d617053a5abcadcb8cc6dc3d19cd1e6	1357	6	pos
106f2afd00d731828276208456262acb490cce9ac5566b2635bf7b3985caf59f	1358	5	pos
40677eaf73a634c86cd1eaf2e4221a01a95ddbec7f3d6ba914ff1ff1a838e4da	1359	1	pos
3351d10bae9931838ecd11beeb7157b0f4fd6946bda5827844dda30bc151211d	1360	6	pos
bd672f2e2255809ae6a0e015337b42ebcef98d001636714be8ac17cc35f87f11	1361	3	pos
5de2533e925945c94d21f052e4abb6d0e635c8c839216668ba79ec25986f5a35	1362	0	pos
e3f3f83d79d8f9ef4c0f5514c4c619f0589e31cd01a7edf418ead2541b12b08d	1363	9	pos
8d13d0c8172d5b29e05158b4904eff144193fe5862d43161732655ac217affbf	1364	5	pos
ddd2ccf15c50bb58419985b999e08764362a95814c04f9b80f1ac31d02d83f8d	1365	2	pos
6dfb6e4d4f4ca7a6d3101de45020a5177a51b03c4480b06f6b693735e282fa54	1366	2	pos
b215840bbd70b6e214cef8fd907cb18271d358eb610ad11837076960b2aa1623	1367	3	pos
17a60ea73f629ee549910ee9b3e226a52b43ea2250ba86847064a765a34ef83f	1368	3	pos
5d5e48a9bb57d728a488c5b86b32eda384c679c5841b830fb9884414113bc3a8	1369	6	pos
454646c0471b94a9c1b471d79d6f322740a31b613869b9cfae13a3c9a13a5d39	1370	9	pos
946eb0b841cc913c00e3a4fb5765bd316147aeec4c8b11586d18f2c0ea476e3f	1371	7	pos
0799d4f09ac3291c45bbff9f2456ba359455717abe8f800d67bff03c327e6a16	1372	2	pos
d3d39bcc05ca7ec7f61035e40772376ea97f0390ec0e87295bd5db60f68b2dab	1373	4	pos
a9fc960e05d0f96d388c70b6c7a19062b43bb77ee6f990bc4ba092e30ce9583e	1374	6	pos
e1061da23dac635cf3318997548350b995a0f134b886dfaf46b935e986d5c2bb	1375	5	pos
df25fb50aa8bc293eb995c03202b2e538cbcb335112f467c107be059eb90a79d	1376	2	pos
14850705dd51bd87d73eed019fcb3ba74e3b3be5ba26fec78a14f54412f70e2f	1377	9	pos
3bbbe7b9f6d3f8a6bfd37999cf9ad40eea86393b82bdc4edc94dd831dcde628c	1378	2	pos
a4877aadd29553c749f3f483815f854c05cddccb7752b83ae6e389a5dd167dba	1379	3	pos
0e1ca0395da1662fd7c973f109e109b0e760004f5a99bcbacac2362ce1d880b4	1380	5	pos
bd1d5a2612c65d18c5f8718f61e3e2fc7f6ce0e6474b1cf06fc9b61fe3b5f904	1381	7	pos
3732173aa638c7ed1c89f7ac24d800a58e3c90f96ba4e758ea7e86c3e1560644	1382	4	pos
c955991328773baf0530d51859bb38a4b76502a9f6ea219b1ade79a2618d2ea0	1383	6	pos
d91a5930442ed2da98f92850e5610a9c1f300249fe11549fd5503a214741048e	1384	7	pos
3d8ee2f8b81e4210ab4c3736c438037c422e804d847e7b3966d93a483be40247	1385	9	pos
c794bfd40d54b666c3262adb194a30d972bea1331c29dedc0aa31b79cd553d4d	1386	7	pos
381d396d2cd7fab611a871a8fd29c18f540d7cf2d0e03725277e653cc743d37d	1387	5	pos
5f2542c3d28ed827c32e4c4a537abd42ff7bdd551b54f00d7b2753b0c12b616b	1388	8	pos
7d37c797f17e07ae61bf5ba08b383e2c47699e0a0008939daa255b79e50665e3	1389	2	pos
593bce5bdc50705a53448dbc56386bc33cfe256a0bc85ff554a25720793fb595	1390	0	pos
3aef8e4e130836b495a5b7c531d935ab2896301a6776e40e944f7e918b6ad98a	1391	9	pos
683c02f5f8a88d9c36d7b3bf331a22ceec5e88535ad1cc9d8e5e10f23ea5a4d9	1392	5	pos
e5621376dc02ffa228a3c50957688de3887cc486c197e148c2d91343115d9a05	1393	8	pos
f86bb9b6ae55ef614d2ac397edad3c6ab01d67c6d91e58ab1a1ed6a94628e1ed	1394	5	pos
68405ae82000119eafa5913d1d05049373ac08faa96a02f1b6268032eae4a604	1395	4	pos
91865c9c768abd6523a821d32e1b11a50ae4c4575eae6765e71e33dcb7c414b5	1396	7	pos
9c2f4a33df142e4a2a7970d17d99a79b8ad29633bff0dcfb94b13c6cc9353637	1397	5	pos
5e91f1b7a8f0f709b8d10e76d7d5a4ed97a5d59eeba461e0aa830958901ab1c4	1398	1	pos
c9f1cf337bf04d05623874ad0acbffb0d35d38e0646e1c236ae553409d5610ce	1399	9	pos
2eeb6d5e0548941eeb6418e1f72cbfc9094161d3fe2ff0d3752ea4c604616b6b	1400	8	neg
12f3b0622f06796c362315ab05dca36e00b99c2f0d4392cf3478793da186d97c	1401	3	neg
12c7fbec709dd48416d97c405cc1576a82c6184222f7973b22d86f628c0604dd	1402	4	neg
b67e57488acba3a3095889d68316df3105449eaa75db7a42cf986826d6357841	1403	8	neg
1b2685bcf528a2ad6d64584f0ebdae8933ad4f8b5bc8522f6ee081b6996456c9	1404	1	pos
1cc26429b6a2f34571066e6328946daf2889b10fbc84fb473a9d4b2129c3cac6	1405	7	pos
394a4a3533fa702006fa4883b22c04166a1705be85c917b9f18a44d6f1a2c285	1406	8	pos
5a0f8da2d221b395b540da58dd3df7f7515c9f9fadb48f7b9c4ebd0601cf6790	1407	1	pos
fdc08be98ad99a3388ae023f9d7f4f90f00c5487b69a8594ea745279597a84a4	1408	7	pos
4d75ec751398a2f8260c284f3e05cd2b3f0f50e21e644aa1b7dbab9b8759ca89	1409	5	pos
50c988fde9479f6e78526763a68920f39f9ae34325c510a62599e3624715fcfc	1410	1	pos
7481f15912f37429eec0e818dea4052031ccf6c5940a871cc3b781e9e9131359	1411	7	pos
539ceeb805f416aa46bc5f62e051af6e47a4b26590eca7f1bf108d9251a684ea	1412	5	pos
78025c151b4f3ab058f3cd40f3591b1eb470ddba89743b1a1ad97434bde5bbb8	1413	2	pos
33c1283016eedf584afa192729e91c1fa8decb9e182b4a70a2acb74a66560759	1414	0	pos
4b6faef59927838eb8ecde258c97f7353fc83d0e990ccf5ffc97851c0852eec3	1415	8	pos
1f91599948c9b63b6da8c84bd5759c130847e8ac7dadeae4866c9869a9a29528	1416	9	pos
2072b060f92dbcfb72cb9cd1648b3a37cf64f99e56166fce364811bdffbedfa3	1417	4	pos
e46abab1fcdb0b4b30f0351c93ca5f40e2466ec2da1b512872b15cfb1db52475	1418	1	neg
6b9eec9fafe2f0c0bf9e503982a607cc45cb29f88c06574278b73c099faa85b3	1419	5	pos
ed37684d3c944770b1e132112821208bdc839e270e7aaf1816a7143067b46099	1420	9	pos
8d141f8585a491a7b877f6202ebd62a9d91a98fb2f61a7f1998bcf66c9f32c83	1421	0	pos
858fb0696c40096339a995905ed97472a2b1c18387777a9737561067d4d7b2a4	1422	8	pos
39fbf602cf58a143a8bb336e9e85c7a9876f7176676bbca09797464a6bcfd06a	1423	7	pos
caa2ca3d5bc20e1c06cdbf7ec04a7388be767559acd9aa0b90d5e60d16fd42c2	1424	7	pos
1eded7762e82299c11fb9b9c641b31e501e1727c4c8c1d038a0703921d731219	1425	9	pos
876ba4b223acbbbd04c2163d6abb6a6a7068349438d794050b2994d8c989d859	1426	8	pos
f19c9aef8760c4c233ce090c968383c5384885188e338a86a45c20876716e9f1	1427	1	pos
cbd1399d82a8cff34a7d165ea667c349d9e664dc951e633381ec80b40d67fa6c	1428	0	pos
535bcc2155f3142d577868826e7e5a3a8a700bfb507228eeb2e69fe97537d4ab	1429	6	pos
7ce790f8199850ed490d29d4bad1afa0fab6fdd357764acfc30e0274f94edbb1	1430	0	neg
2b91743b859d4c55186a9a25d06ad3879dfeaafb129543fddf119d9be73f1338	1431	2	pos
2f9556336c61daecd78fc1e52cb5eb3baf65e10b226f6c9c62bf1111f960683e	1432	7	pos
7de90bd520872d474f65e72abb23aab8c62883ae05b44ef70e827e2ab2d15385	1433	9	neg
d498df2e79b18df170c0a423558ad2298c39931335a585bccd480c5b6e503183	1434	0	neg
1591fc1559af7bb35e5475a553b18c6f0940d360ae4d7fb66c576cfe9986ed01	1435	8	neg
d1190d5cedb41775bb47a2e70f364c1e65d2c2a750898746e98c89b597f66968	1436	9	pos
e560886a5af3b485d4ddf2341a1d7ebcd768f688ddc634661dcce3ea3af393b4	1437	3	neg
67b1a5053cc68adb58d5d637f2eaf6f84fd966732b62f8faccb6252baae5c7cd	1438	7	neg
96ea336449448b047e6ca5f50eb99cc5492bd9e5504d0c18520e1aee28fe2274	1439	5	pos
42d110d388968282a96c63a2f10a73cca86d29fb2a1d9454ede1a37224cf305c	1440	6	pos
c9fef5c0af93abdb6cefc81af6100b4bbb000ce9a55a3f5ed42cfb60fffa676b	1441	2	neg
ffa71d60c63e8cd812218bd74717fd51937123b8cd7749c36d96ed855cc3e41f	1443	1	neg
ee4f42931c596e3cd3f054b16b7570dfef2476e4e5213255016e9168bccbbd3b	1444	7	neg
1e8c1555e9309570b8ca651a84ae3816a0c2ba338a8061bf80bc0093d3def269	1445	0	neg
357d10c6153051bca75531b5e737f5b57a33bcd398b359069534f39f0f04518f	1446	8	pos
5aab6592e27aaf1999a94ed2223aacc731f66a902404be44534124f38f0cf0e0	1447	7	pos
8c9113317f0284de55a8bc20b8d8e96847126767d9c8dc05061e5afa30220f97	1448	1	pos
b0da763e9c3f804bd3c2dc506eb7aad9d24cd3e2f20083e89fe3bbd59ebe42db	1449	2	neg
529cc621e6b2224f17889a4f7aa54c9e93621b22ea2f6076841a224509193907	1450	3	pos
8970292bd8cb7da470364a952fd8a408920c2c04697f6ad7cf682b31ebe7350c	1451	9	pos
06e7e0119854e8cfe9945278cc73f3a37a4ffce039623f82f2254443e0c1f31b	1452	8	pos
dfc5e540a7fbb841a92335011dd77c92d53a23f624562e21062500ca697a86cd	1453	0	pos
05627c1da713e3d1418f5995ebd8baf893b4c3cf5589f6388490e1e8e480e94f	1454	2	pos
feec41234b127c7cc0ea7c86e4935e2b3b6f38a9b0808dcf64953eaa1f814594	1455	5	pos
296ad1597ae31ea96de9e8d895ea277241ec9bca3faa2f6935dff50c6da68045	1456	8	pos
398a943002a80378568fd8a26f406c2179c5c8d49c143fd0d31cd8e4a0e8dc53	1457	6	pos
d5c7cfe8089cf42146d9947ebeacc3f8c17404adec4d7338b12b2db241c52ca7	1458	1	neg
442c74f92a846d7d4a4668f04179ef4db396296723d776d369a6aae168571384	1459	2	pos
6c8d8e794e12be0452cc87c4f2914941a76b1208fcd48c69b487d7c05c24e530	1460	1	pos
c14f6c453408b2ca99c846f8f35ffe6cb04b3a96c57b5c30295b8771d475b9eb	1461	1	pos
2ddcc5fd92900a5ea14e924f796e29a0ec898d9a25c3fc41c0f2d40f584daece	1462	0	neg
964d4ba6e8064102ca7e73794234d8f570f81473988fb58c2bd4511239e7c451	1463	0	neg
aea92078c53a6f4f4c8c23b4343dd57760f5ff7ede953e209cbfcbef99e42aed	1464	9	neg
52291a195f9e2442aceb3e80e1a9a1f60825631b56e863b366020b0641c536dc	1465	8	pos
a32f8243c599075e6e224163a2433f23bd8c4d95365a7abba4243cc47daecc4b	1466	1	pos
018b67fca2926a5d99ddf9341aaaca2d4688113e5770d51dd5b562793da71377	1467	5	pos
39cfbbaae040c05a5603554266a71272d7e5074027e3e9a035f64238f7c919ed	1468	0	pos
90099248d1e6c332eaef45c23234edbeda620ddfb0910cbd567a0fb2e684f859	1469	6	pos
524851f73a0afb37513df323444c29a2572ad412d7c418582a3396edd1eab829	1470	9	pos
157bbf007a1cc419b9c9b0c749a4cf35d6cd0449bafc23740d52da88d7b9b801	1471	7	pos
83f055a46eb1c69528d201daf993f7d3ac656d08562574464fcdcbfe5287fa64	1472	3	pos
92d0072b93e37abfa7633a40d99bcd40274b3e9308d838f1cea5f014a8187c12	1473	5	pos
1af01584a50427252d410df67da5301c3209a1706630248ce1a63b7f178b3b19	1474	4	pos
cf658dd7236f389fb2d234c94baa7022b02130381f9bf89d3a40e22da84ef613	1475	3	pos
d985234fdddbdd93372ccc30ec2e82fafb85aa9a329361d0aca3b78ed045ede0	1476	2	neg
99268a6232eaf53ce1080a26412923bd5225812f08ec0c67b90a0586270f90a0	1477	8	neg
f3b9d7e523a7151b74aa62e51c969b63dbcb269e45128c1de9f962fff1ae12b4	1478	9	pos
cef0d8c0ac5018191d04eeb044abc78e36e7300aab0ba722a5c8de2935fa002f	1479	0	pos
6cbcab0a1867b4a23834283247a16a8677671113dfde97b8d79d03547970f45d	1480	3	pos
af7a63a1e6cbd8cf30d1b29c041db3c3ebb9d6b1c3bca12dab7d87d023efbc9e	1481	3	pos
7bddc8d2d59e16d66c955e3b55e1d769726c6df7c2048c2eb108454bd3cf7add	1482	7	pos
f9aaf2b03a7332d0fe1d80bb290e9ba99af3c6f79b86cb8ad54a7e567a4e9247	1483	2	pos
3f704bdecccbab9bdbf14251c7fc266de545dcaf21485481e11364da75d5e99e	1484	3	neg
aae518a8c1f601fcd4d0ede51a7868df2bc4a65fa3b215c565c150bc3f847077	1485	9	pos
962847a2be3b1d946bfab2a6d46ad5f851eb0dbbb812cb839ab0a075e2fa5510	1486	0	neg
bfc12277562b0a7d0894c6ff4c2d85a11559e241af8300e84460ff816a8a8675	1487	0	neg
4099a92e76f58d5f5c4dec0974b5478f2c0714f2d5865c4adea9e48b007737fb	1488	7	neg
0bb2b2e899676952ddfdd2ffb401ff537248b0b0c7f9b168db9f656b07b8a5e6	1489	3	pos
30d564da3ed73dcd5dc0d745fc81aeeb097d51e19a7c74f16a5cb53fc9352c0f	1490	7	pos
917a44074defd7a49a2b0ce51376e005478cbb8b222f911a937ee48e14936de3	1491	6	pos
b072d9632033178689405713d1793f3a714bdc212d41a74aee36c98ed4c8d654	1492	8	pos
31daa4ece4fc03a55156be355ee7d94d65c4e255ff07456878ee561c5a32930f	1493	2	pos
5119e5ce343ff81b94f939a28d1bfd19d62020d3d075d5ad9f84c8a369f0d81b	1494	4	pos
a47d8b9296b94ede6c3c222645bc3370cbb2cf55a13d515bb34a13a71bde75d7	1495	5	pos
1474dbc059901f1032c806b84e18e1601aa3f58285a3a82086c5e01917587b7f	1496	3	pos
a46224a8b7e2f6411ef9a8b0439bb2a02363cfd6d21ae7040beedc742ae4e080	1497	5	pos
38f5108484af564ec3f1af0a7e52f9f8816d68d826107dcc123c5aef25c7e933	1498	2	pos
1989f9a8ccd82c8983ba33cffc694d74917be96e36250a610c9a3669dc38dc5b	1499	1	pos
79649e991af43a6710dc192c01f59f098e19160563decb0128df8ce80659d32e	1500	6	pos
d241a917f573be73887b102a8d4367e3d7bce567c1a8d51f5a7aed1658356364	1501	4	pos
3c0672863a798ccd217864bd0dec24616869e2f4da36d816a3e1139bc56cf36a	1502	1	pos
dfb34d860e7be2701ea324cfe09e2c310563c4eea8a4b167a0a12fdc19b0064c	1503	5	pos
484cf0acb14d1f4225bc51298de130c59576178c15ee33a75944516584b94dcf	1504	9	pos
2a5cf20469fc9f99e76599f2264220721e8100684fbaf18a34c27e445e751e3e	1505	9	pos
c6f31ece08a9f6b01c66000db53e0745fb9c23f1ca325fed3ba03c6dae616576	1506	1	neg
5700a40d373ea3185f5bab0f979f13f4001f93f57c25a21c4f8b1a429118a4e9	1507	7	pos
eaa482259ef3e69375873dd1791d6a135c07624945ad329658298ce9641e7704	1508	0	pos
b7eedfc8873dd5d0104810fee3d9f8de562eddf7819747bb6b925c7dd3b9a5bb	1509	2	pos
1fd5c6d4216673ef6831d66486895d0b5f2d47e7575d3fee9f3bd6b03a0ce57a	1510	7	pos
3dda928f0cac4d038deb6b28f7327ed4badf816ff7b9b125addbe36849f76021	1511	3	pos
b6f76fa3f390a9f84a0a9453d040da51587afc57c050d6c6a7bfa03e8e7d3274	1512	0	pos
239b47eb0c22cf1e138d366b6be356e4b776faa8685258902f982147619df0ea	1513	5	pos
0f1be15604f34eda03e746abf890efa95a4a39b2c8cdc6de3419c82de71b42de	1514	8	pos
9105e0daee1a9926d21216cc6e2cd0c31796e63e6e41e76fd21ed24d7caedc51	1515	4	neg
293b7364e8414c2bc2d17a9a8bdc9b507317824a430b7d5552aa183535782e89	1516	6	pos
33b7cad0b16a43fffa382b2fa8885c05fe3761ee4282bb0d89ebad3acf116271	1517	7	pos
fabba83577a9e265095341fea7b86b8e885f8d686e78f3fcd307f341ae615de1	1518	6	pos
e01c53064255c998ee68ad180152a5a18439a0d30854c9ca0ad5cb1879cb37a6	1519	5	pos
673864421395a2c41d0cc32169177a1b0bd7d02db8d8a1bfe64dbbe41b1a5400	1520	2	pos
4b04cc73f0926bdcc927e928656bf6d3393cab7bff1155013bef155239b00619	1521	5	pos
f05875ef93d831e6fd82c762bff1ff79e2d18239cca76b4901dbf670bca6c230	1522	6	pos
b1206a810241a183f148bc6eb0135fd1709fc031ef9c4414ee0655c7002309db	1523	8	pos
dd7819868aaa69b532f1f8cac98a09e095de15bf807c07d9e53e1aefa09695c3	1524	0	pos
870ad4c0fd1512f9b572f7cf55f1fd995704de6538df5039012adadcaab3b770	1525	7	neg
81b4d9d7d6b6692aac6759a518c8be50ade69ff50f5cc1ca4b3d4d92589b712e	1526	3	pos
abc96b7888e63c8b81e35247a7a7fa097b94101eec8afb74109f784dbacc86d4	1527	6	pos
08797e05208637da3ea33d4f2e94d1a64a44f45584fc5e8ce3b962eb0d426108	1528	5	pos
77e28955c9bc15b6fb285aed0d6916e4f8a259bafbc844a3ef8392781b40e2ba	1529	1	neg
97ad1cd0ac3ec84509c9dd9b310da6be9b9614c7988f81be83e7933c22fd45e1	1530	6	neg
5f4baa231dbf7be44152d39871dc4e7e18a450cb8082ec1bf7c9f6d195f406cc	1531	8	neg
7136db4c20824d83e1e830fc9851655dfde2ab35a2ba9d7fc566f67aab62dd34	1532	9	neg
01ab1006b470562e66e3bc960fb375ec82cc1c69b21085fac22fd0040e9d4dd1	1533	1	neg
b48d0cc25b42e96481af6a4c4cb6e60b1e04d6b4789e94080815ecf15f0c021d	1534	1	pos
8a6b3d11a44673adc66948cbdf41b740942209b9f51824250ffafe1040a76752	1535	6	pos
0cc92d22befab46adaf35cf304f3d9cab7afde77a35ac31ac6a1ae899a058de5	1536	3	pos
c31ea4d37660c676015f344af62a142119b8778dd7e262e3131a932a111a884d	1537	6	neg
36446a648b0ad425a4b706b6d61896999ce6ce69b0e39d8714d363574c8a04c8	1538	1	pos
d3ca1d6fda10d29b5e42cd66692836017a64d7e48748f11a720ee67b4238cad0	1539	0	pos
e15926456acd9fc50efd8e1bdc701ff435d4e2203e90ef05f14b820f85764f36	1540	4	neg
5c26f9abf372c68c6f2d6811e1da3d56e26bb070a94564994c7007086cd8443c	1541	1	neg
3a17196da76e2968e6e0a0837f8247f5ae1f900f1fecb590129c8699e5b5aeac	1542	9	neg
69b1e7a2c163a3de781df0e626a5c0f3ba7fc95cb0b353da8e592086d3aa4ea1	1543	1	neg
8a663d82f11e1a59c91d363c711e6fccbcf8850956aebf78f10750bf5e12fafb	1544	0	pos
799168531b8720b5f5a8e89b34082e5c05cbb3e0a8cdfa686bace9e7d459deda	1545	0	neg
78d7e519a83b87e083b39d8fa8b1cb7944ae6460e3bc553a490b783498ba5875	1546	9	neg
ea376aba72f59d98bafb28ec0baac6b1ee5ff384ec068a60ed5e4f01cbc90073	1547	0	neg
6139a99df641bec4911746308f89721cdd7474fc3110772c30323559baf2c129	1548	2	neg
5060b612c00bca19f555c2fd6427137aa74c248b1ee0120862341c64181eb0e8	1549	4	neg
23eed86c03f8fa5d77f39514366080a2e6272927793ff87f08c575fd5e5b20ac	1550	0	neg
45b9e1cdb3055783c5ccd4edd494eb1c6ff473a9b916c78992156ecd9966bcd9	1551	1	neg
14ac525af53d82b8917313de7b00f1b3646a5c7f69872e8a2e52d9884b4412e4	1552	4	neg
b25511e5b26446248903deec0cfe5ce1f5cc5f77fa16275a4b8eef7e0b3ebc7f	1553	9	neg
9f38b31b094ed22db44fc609a361232d69ea205a7f4b6143a188395a39d4696c	1554	7	pos
8a841cd0a194bc4e96c10d503a827fce0c4790bf820e81e2795f30edb9ad1815	1555	9	neg
771e41c30b7508c4e4be14f4bf8dee23491f7f9ced1a593a9955a2bf9eda8f11	1556	6	neg
48cd65dbdaedea1bdf88bf1ea05c2bc5a716a2105b707c1994b553c243558c0a	1557	8	neg
aadaeb0752d7c3e159736336b0a70b32734c98ecbca669d91771bddecc9da10a	1558	1	neg
ce80b1208f0922e492a27178b1eab014d77badd8b49a10b116ce7c1f3ced6530	1559	7	neg
ec65ca894da036edc79634a43122479454f00042434b24d4f721c4bddf8d8fb5	1560	4	neg
fda4820ee7bda50acebb6f5b87da8c1411e0f4ab964613914557364577334ea2	1561	8	neg
81d0c31e993da556e984d1b6a6bf4081cff157a51132626b50b8c34731b515db	1562	2	neg
a28586d397754bfe0148dd7618a85ae65b5df2f002249d686e437fe7e013b748	1563	7	neg
0f8bc3939e16814ec19ce8402d7f2ece05115eeb6ba6e3363e37a1c7083ad31c	1564	4	pos
614ce60ed8ccdda82503a66c5a6c47ab2e0159c3c4f20ae53796bec358899761	1565	4	neg
78fe7640f447582fd704e8cbe3b5f55df1a1eee42995557a155fa07a0232346b	1566	2	neg
d1ad2df4edc7c7c255668d992d9517eaeb8c1ac4f47a8863bb9dde635edc7c68	1567	5	neg
4e2af5dda104a561252e962f5503b036686f8343c115f4eac0e79fcb176e9712	1568	9	pos
f8e1b29a877a034026540cb16dd06013b545174892ec8df7e56928917f63111e	1570	4	pos
0973921f6419ac1f86c5a226831b1f53a3898d4ddd46c9ed3160af5ff9c0e094	1571	0	neg
d38b961000f25cc1e624cd4d282bb8d22acad724bdfe15de8601a87f98a4cf88	1572	5	neg
bb1f982ef7dfbef9c10f4b09182f0469bef77241a98fc438666a83f5171a3d79	1573	3	neg
fa804e10ce429d88881b3a43a30166b31268fd4d3822126221edc7ef3991143f	1574	2	pos
496206f0ea1e0626fce64f3f631449a0935dbad169e7d76ea31a7d965487e9b8	1575	0	pos
90d7b607dc7eec1a1559c4a73bdd629007851db7a02e5d79538dac217adacc17	1576	1	pos
b9f47cf91ee71d3d0809a9c6e69a5afca9f30f37cadeb3e48c8944dcd31d4d28	1577	9	neg
858f361038860b8f3aa08c94a0163922ae571a77e55100645ba10702e487e9de	1578	4	pos
ae327c843b4e16b63646447ec2af2e40837e3e32adb1e3d2cdd00bac8146ddf4	1579	1	pos
823fe5800141da85a33cc9c0d433f4892d8df0a41c6dd0c8e5047f63b75b7abd	1580	4	pos
6b347000e46d69eea6f4486b5dbffc23dc69b518507744c26b00d10da8e4b35f	1581	6	neg
03af802b17873e93c0ca016f28eceba182a940c82ece316c51d910d779e1a11c	1582	0	pos
565eda3a98be7336c77fc2c27f018cdcbed23d1ee78af90d4091507e512c80a5	1583	3	pos
812e5bdae46910b7bc2acd9942a03ab65da25a83dd3c9149b590f4bda115f87d	1584	2	pos
be4645f834b5e951ad44a152844eb0e112c04177f053db74cb9da8f2dcb11055	1585	3	pos
49c1f118cd41f2cd7c458e0f95c69e8083e1226bef77fecb01263f1618a35538	1586	4	pos
82c9d6fb8b9ebab5e6f99ac47b180e864b001df259f99d35c3463b9558d533d6	1587	5	pos
ad56630a2582a8d4cce0400019b073f7ab51d89ee462682f43952f8c3340b42d	1588	1	pos
d80eca0d15cdf8e1f4414ea68174a89f52de22788dce007631244f92a37661ab	1589	5	neg
c1658696a34f5ce8eecc7e3824e054e94cc4bff1cf8c1e5bac65aa766bcbb6bb	1590	4	pos
a268a7d4a08d5bbb8e6f6cd324aa166ead680b24d93ee0dce89244c21985bb1e	1591	2	pos
eae098985c495c6fbd6c812c4cffb4f97b5f814ecd9d76271c93f7c4fb695af4	1592	2	neg
e5baae658b7b42ee5c8ae8419b603f1be3188f87642220fa3f5123e182a6081c	1593	3	pos
011792d94409e038f2b229b6edfc71073fbf098ecb35a70e6d66ab4c62b97414	1594	4	neg
2d846dfe294f0bdb685a6de64505cd17a858e5af2f1408cd1df3b15af9568a97	1595	3	pos
fd089aa3905ef7c889a87b6a1d9017895798b91a07354b8c9c677adcea18a9cc	1596	7	pos
f1ac305e03fd569bdf9341e47fff550ecfd9605048851a22741c594993603db9	1597	6	pos
9ee2d3e8a779d81b3338039654cd3073cb38e6bf4a9328aa09e998ba1b36a799	1598	3	pos
d967d1dee5929b8d4d296664a291e058aff42fb796cc1c1dd6cd55421ec70612	1599	9	pos
91a5bc98f29b125814f8b3bc4024281ad2986eb9ea7103f9eae98b2d256bc6f8	1600	5	pos
2995f67f25ad2fc7e66509c18261150d333d1a66dc882a18ec8acde108adf041	1601	0	pos
357a8fb4913e4ca468f75e45dcd73eeeb7747aed930684f947da3960cbab8c0a	1602	4	pos
48e3f955108a8b8406c8989ea546deb76ec72a104b6db6f98adedd8a35569e83	1603	9	pos
17f0847d7e08af94c2ab73bbf132fe4e220dae2c1aa2207217de5cb663a8ee27	1604	5	pos
2b9ffb2d1c9f3ac982530bb9b9c2b6ed93719f805e7fd3e3556adca52bb19a72	1605	1	neg
a26a0e9274d68b1e42a6e00d1b3692f5157ae58ff046830b444a64d10008a742	1606	4	neg
f8838bd38b6bf2fcaaa033e88c82c1c5d82d27a03d292cd7c30ca57fa35bb754	1607	9	neg
632285745376283f8de61fc59ab07d69853e1636564222d4c3d967477b9290ee	1608	7	pos
ecc11f66012a7004fb9d26d59a886c144351bf2452ef4a554f285faa03f1c5ad	1609	5	neg
fff2e5cf969a441e920ec57886de7dbc9974bb150de66d15ac23886ccbd4cc83	1610	6	neg
0d553c99b09189582dbf74b4285528f6c947bf7d757e1d010c3e0a1f8565a913	1611	6	pos
8309a7bcd3f2eb6db4ab1b6a1f61f930174927698dbd0a1d119ccf4c74ddbcf4	1612	2	neg
015e9c5135394f862ee8df03de4b058878d477b414c8186a0a2dc8d767a80ed3	1613	2	neg
8e1233e9337a53c3b28e6303c37b5ce3754de929bb537f70e64a832dfc966534	1614	7	neg
e279e145dd6cdf9cbd46fbfe44d391bcb790c4659e6230c47c5b95fd89dc66a8	1615	7	neg
60006787afedeb9b378edc229067492d428134f57762df3cad54d395d8fe60f4	1616	9	neg
adc75ecb72343c36a752315ebed194244e6e5bc923a071cfcb7d04ba55d7559b	1617	1	neg
44c2a143fa9f96e1b6c6c5e78fdd2ae7366d2e63b05afea9f5d760cb79c676df	1618	0	neg
002a00546276905bac9b99a2b3eacad15c905df8a71b0ab1b45441703bd04e05	1619	6	pos
ec009aed04f8b8eca8de6184f66561622246a6a884bd943d3cfb4fbc027f517b	1620	6	neg
0afe70fa0e1c1c25e167236679eefd4ba40dee25621689348b1b77a471cd631e	1621	8	pos
82e33dc266cbc0b8d84c44ae0c003b57af5c990c9c92cb48da4beeb32c6c8fbf	1622	0	pos
d347e57fd72d4a5fe49eac37d3ff4bb5fa8ee3f5dac7c8a5d0100943ca729bca	1623	9	neg
c48a3c0ed4b2419f100a7ffe91a87ca725b3739903bb5c9b37760256aebf731a	1624	4	neg
614078b4cf1e8acee9b61bfb3218f21759ef9425a89546a4ca34edc06608c844	1625	8	neg
ee2beae0a4182e49aeb0aeb1c8c88fc786b2c08441942f4909dd786d5665ef7b	1626	6	pos
d240c0d9572fd31dbc726c1433407722335c104aa12d097c8900f1e130cc0c2d	1627	1	pos
779b74149d477b42c589b9c59ceb8ba1765ac004aa2b64aecbdf8578efb5578c	1628	0	pos
76d6ff15cf7f6e1531f2e2769b8f0262510de14fb831058b055bfaac6dc72262	1629	4	neg
a2286f65e80dab0171cdc69aa296d16beb33a0c4b29759417fe4c770f0061f06	1630	9	neg
d61eb61c4d08b031fa84448d5430a40d4fb73fedf1fab42481d06acb53ddd0e9	1631	9	pos
7664cdedde21a5478e5340dddd34f2d00d6b12c71b2618ac1211c3b148cfd08c	1632	5	pos
81eb467ccf964224ea65f9347c2320e2abb56bcd8b33353a91173af99f98e0ba	1633	5	neg
65e7993d62d344e8698c78fccd1d5cdd1fadefdfc2d3f11bdda225b9b380a4f3	1634	2	neg
f70a82d814343f1cd2d2198f78bc98ce36259b83c9e8656e0412141fb277e9cb	1635	2	pos
f2188040dd99a50830e4cfc0579b08db760a09b90df2fe00df0b38bb739833f9	1636	5	neg
8f0e5395f7e8b3fe22c9194899e2e29fb7c7a8b2b867d461534be98bc0a83189	1637	8	pos
93c0fc61a4433803f396a907d1523e3b39f60821dcfaa936565717231cdfacc7	1638	7	neg
5bf7e456180e9a169c625c949a4a149beeb54d4fb9c24be7de4a5eaa596941dc	1639	3	neg
de20165aa0084480607588cd4da0ffdf19584b13e461ddd158dc98df120af4a1	1640	0	neg
aefb5f4d55d33d664b6e0d4593de6aee9a1049683d3133464edfe6a4053d8f2c	1641	3	neg
76b94de648b0ebc46eff958cb197993d5d2f6c9ee0c0ac8bd42ae55ae55dc8e7	1642	8	neg
366d79ae0e80c2bc1c5d27a138ecad03af5f54d064d5084714e59ff31d9749dd	1643	2	pos
e9a833484642b66daa94a9d45edf8056ed73266f674c39eced3a69517d939085	1644	1	neg
0a55bc1124517cc9418a1de0f76af500f1fd8385095b6dc946fd3b302d347fea	1645	8	neg
24b2642560c04e04a8074a8bbc54dc8438ea061ed6ff4bb0258fdfaec6ad1dd2	1646	8	neg
eb6a4fd5478c01535ab6dae53c4d82d3092a5e5f97a294a536011061a95e167f	1647	7	pos
7d6b67d067773d3546e112b8a0d9ac07dad09fec60636690262ec22a287a2352	1648	2	pos
de8ae1b985e21b381e389c31cc48e5d47f97d0d6bccee1eae7d1bb8c7b0427d2	1649	0	neg
270425f186f7b5c85c1b7873a7a42f80a6da96a88a361b88985fd3dd7fb52353	1650	7	neg
a2724f3e9e61af6b67f80d8a9c0d6dcc059b2c2093e6f1c17224b3796a4e04af	1651	9	neg
e354bd93a4062a1512f75a05bcf819b59fc6dd3017545acbb031a97d097e9059	1652	6	neg
b3a8301f2d225a05fb0f6a685b9e390e6b8ebd32592a284b4df1f43635284a60	1653	6	neg
a122294fdec489e512d260d110dee331708d67133ef2b9326955ce6183fd994e	1654	9	neg
9bf5569f540899898c454aeb02280e1789f8b0b75ff12a4f3f6bd7656d9777db	1655	2	neg
a58ef362bd8566897e60f67bc9c7927e9f9d252f61e3b423c18c7421757c3a59	1656	2	neg
143d4a63f7b4cb243625297532778e804259f4c4a9430549c47414fe6ff0ca92	1657	7	neg
d7c1106a9b183b48aff8368e85de2ee6f8c8aca1207eefa11df0551ebe5b73e7	1658	3	pos
673b797514b4f97dd0587d7e59591424b08b2f63a22e393937d85273e1de1da0	1659	0	neg
29f9a6c2719fbb6764ce27aec50c0dc2719e4404b4d513bbbb56ff21e69c0abf	1660	2	neg
b3d899a714da3e8f3b5b332629c22a44047296b2f957c6390a54c68f7ba9eb41	1661	7	neg
16e2aa295eeccde8dd6d83e09c97af0fe68c706399dc1aadc2ed0c6b906e2086	1662	0	neg
d9d92d6278ce1c23c15eb46eaa0261edb6eb6d9bebd9e48590cb3ad1b69970d4	1663	0	neg
31a8fde6a4e0d120cefd18dad6743ce4957e70bdb22c10437d768e61be0c8c10	1664	8	neg
d107b0c57eab6696819996b3d5ec984f3fe7c05bee6045c094c80f4331f77654	1665	7	neg
d1235924c20ccfeaada6e75783ef05caa1abf0aefe9bfd540f9b8d9462cdc464	1666	7	neg
fac7d5239ff0484bdef012cbb76ac4a221560e77c146f893ff3314111a519812	1667	9	pos
af75a7bd9ecda8cfb5956bdf77f04ad3deb43745073f45223449d71c808d9e12	1668	2	neg
83fcd718612c7d94202c76b1878e559b79eb9085e802b9046e1fb5a3935fc130	1669	1	neg
b1a12cdeeec0a778b89b72c0e3a6c3556bd730d4c2af318f6d160b655e770623	1670	4	neg
23d428efb1cd5e2159d1323747aeb6af72651f8dc23a5c7773a798cf4009e05c	1671	6	neg
9d53b270720deb7419b9278529b0cb2069f6616d39596bf9384ff339d5fc06a5	1672	3	neg
c2daca676a65c4a54c3aa62ccaa77e06eb96dcceb4f9c3593524e45a5f1ea71c	1673	9	neg
8bdbd93872f6f88985a739c0c156a4f7ebda5d37afb733f61e536bd0c14eb0f0	1674	3	pos
c21ed92890ca0c5babe77017d4acf5f5c430e2bcbd4f18b4993f77b21b432875	1675	5	pos
4a769ceab64f2534cc0e65c4f651a8aebe0ef550e6c7807d7bf88c5cd2aa47ae	1676	0	pos
1210e37f2db706d5f5ca5d5f1cf42e8df6310fa9c2905d5baeec4779c5238e1f	1677	7	pos
bf167adafbd964ecb0e2a733d8412ac0b8e685e6ea27f7eb1e21ccbad71767aa	1678	2	neg
99f4b0a41597af372005246a0f7a85ac87969e29e10dba58243c4c887485539a	1679	6	neg
b3ce92802ac6eab98eea1ba7fd0a67f3e32e259f1e2838e0a90f0a648ed72888	1680	0	neg
e8109c2f4e8123a56a3b1c399a38b40d3ec2de5cf71c00ac8b1ff8065098a033	1681	4	neg
f745324226bf8f2c3907f341181d7d100c6e1f515366b52c70133adf83386e51	1682	9	neg
83caa3a6b1f02d216b78d5ed1962a4413fed715ef03a119caa7af9233949d15f	1683	9	neg
8e35a29a2d6b4161e27f8b30cc615132a828d5e518915faee553d743fd3e66b3	1684	7	neg
175e4dd1e7458b84d3f2d94caf2f2b4b3fceb0af6245c2152dc9b33d718ebad3	1685	6	neg
5b75eb3e23227c7756f0c2b7149d2dfc81430a0eec2e82ff6447e594c5e60ae7	1686	0	neg
50d20701c1e9a52a232b74f7d49811e4f926437518b06a01ffd38e00f9a23153	1687	9	neg
3ab986137127699208e912d03a1bcb758e21fda1c4aca057dbd432b03f6005e5	1688	7	pos
5364afa85874ec8d2b099826f9fd715fdb56fcb82ee973f9ec57328f865aa8a8	1689	3	pos
5eb2236a85b5276852dbcc4a8a60ceb6cd7bc5b790f1a3551d74c703f3c97e92	1690	5	pos
06491daae2c8b40929458b3055f7bfaf336a84e8b21c1e35fc137dcb3929271b	1691	5	neg
6fbffce248bc6579cdf9145a32cce2772bdf604651697b6e3ec66d45ae1fc960	1692	2	neg
2d74e51a15e43681ccc04684ea433b2ee9cfc929a76ae343eb114fbda80ce219	1693	2	neg
4ba7c098898b99c169f62519480ffb277d185d1a7c09bfccb2e29582a411415e	1694	6	neg
5ce3ef314af30a3fe84ce7f532d9d98f601da9ee82061ed045c50f1e3b2595eb	1695	6	neg
07eb68f61c97ae8e5290a7d2a17fee30768363ae88140e10df1af3f9b89b17a9	1696	2	neg
4c570507100dd8d7b1df06725cc978e94574e1e77b2db64a6bf75f674481b361	1697	3	pos
8813a96cc70f9b1fe6b9125d39df4fe016e4c9504059539251f373494e2271c5	1698	5	pos
f47832bf2d55d5ec725a730d017909fed57afdc1d1591b9722639b2a1cf28b6c	1699	3	pos
ec865e8ef9d9fb8a0eeea4d70b5bc971e56473f5cee95d3fcda5e182af6be686	1700	3	neg
cb29e8c777c5e9af1329deb990f1c5a9132772696db7f6ef24443b4ca194c215	1701	2	pos
5f16cb2d000f11d01080273b876e38cc8e85a86637350230c99b4b0af465a108	1702	5	neg
a660c18538757d205312d7f33779c01f32a65889b6c9fdebe9e1ef7b4357e34e	1703	0	pos
998954207c8647a47b646ead30f560f4106de25e9f5c52a1c434db2d8b53e22b	1704	3	pos
69b9530aca1b03a96d1c09d0341b8fca3e6a6d16f37ef7488fecb6e825f41894	1705	5	pos
0be659098544643521e8cad9b5850a6fd8a81e3a03a01c7956df2cc28443cadb	1706	7	pos
b7e219f2011d3b4051a937099a625fb06b5dc9cef4bcaed68fce8815819140c9	1707	1	pos
f37324a505e215204fc89c2ec84a094117d273e35cfe80afffa8299ee7cdee8e	1708	5	neg
3a65acd82913325550406ad0d85ab3ddfbcb50555d9972a877e0fac6841fa166	1709	9	pos
66cc7bca0f71b7c10c3b1541780a6566c58504eea6087efd8a49746e6c51367b	1710	7	pos
bcb3841dafb50247f81754a93bb3f85cad633b51b03c3417bfcce91c72c1a754	1711	1	pos
ce0640c697ad6bfa14b03b2b0a293fb938d000c8dd6ab6bdbbc501b2f6124a7d	1712	4	pos
d41853d97386704740e241cc107b16dda84bb8bb3daf229c42bbcb25e34798b7	1713	7	pos
2619fb44907cac2cc2890a566aff3ffc7d6451bd1186cd09745ddf7617fb5786	1714	1	pos
7a501d464642e45cf2087578205f7308b8b133cd7632fb16b87d59eaaaab7da5	1715	8	neg
6c0547e5583202c35f8d058690929e964e49ccfea54eb7ed19f349e4175fff6e	1716	6	neg
6da9eb4f3ff043594bbf17d2fa52b86d489e4b26631e4422ef2a25fba09e51f5	1717	1	pos
9d56a09dd23efe7ee72264a5f0994180327a5f22052aaccd0d109a777c4c9e73	1718	4	pos
1374d52224dbfe7d5e86615f3123c788c1ccd642d3d89ee4872ad973eefb4f57	1719	3	pos
0a727b4987ab5adbb7dd6ca74009b2b24a889cdc1cf863aa37652c0d11061292	1720	6	pos
5c40d49037d95e07e8e23f2c18928ca7141c066c57178fdc35d334b2d6fdb400	1721	0	pos
a07ed80e86d3a6ff29a274072cb868cafb8270ea052157a6ba809d83cf20ef2b	1722	3	pos
f52b9922e6b223f4b7de0ca2a3d2f60acbb5103ca7e5534935813bc740c9a95f	1723	0	pos
be21460dd654a8a6ba614a2345714e9012d60bc4bdad390399ed7a712dbefabc	1724	6	pos
cf35582296355b3e6207d6f87ac56c7e66d4640eebd4aec3f673677107cb6e22	1725	5	pos
8ec47d274eba237f09dcc9e9c62e9828d99d0e7328160d2bf2eb73a5e3d50844	1726	2	pos
396e0f0bbade314657b748abfd7c9b71992032735aa3d63683fbf7080a98f50e	1727	4	pos
68bd0f7367cb67f14f1b94d662bffbfd6542cc49c818d22f2fcb33fe78a1d8fd	1728	8	pos
deecf27b2ecf789bb5b32fbb3e794eb1487eb6fb69e5c43653e3b3c1249cc009	1729	8	pos
db4616bc9673a794099c2c52704e043c8ec7a2d798af7bac56a454ab75f8c916	1730	4	pos
8146ff5ef3518a081c015413efc7d0055841b4132f753f9b53ed392f6f29fe00	1731	4	pos
03861d9ec731bad93f9f6ad79dcb0df98ade2230cfebaea46496510eb3179e29	1732	6	pos
7f1e4815a537711dc4f0e63f2016e7bfaa3f2c0a2fb61f80196ea9c9c1962b1c	1733	0	pos
930effbea1b5c48194be2e2c4deb469b3b65a0b64f36e6baf85e289d6392c9b6	1734	4	pos
a717b9ef6ba8459a6bc5f8899c2421b7d8d497ea40923659128d2de7fac4929f	1735	3	neg
a95ce7088aae6b12836c7c59bbe34bdcfcb4f582712f8108e558f7c9511f7472	1736	4	pos
db88bc8101b90d76960511d986cf28356e5eeb05865116470e5a2028f23546fe	1737	3	neg
79334e66f7e159ea3a0384fb2ad82805e15321335aa2e93ed1148b93a0d0bf76	1738	3	neg
0a8c8acf7992eda5bec55f5281ade7602a338fc4169f52b46e43955c5298a162	1739	2	pos
007894bc0907813b50f0fb4c51cc8529c92a151507d7b34ec46a449faeb89231	1740	3	pos
ee71d010b86a413edba0cf5892d3963063ce7c909d77f1180ad548cf1b82cdbe	1741	3	neg
5358f9a7484b2bc18efc951a5f81ecae472749160cb2af9f5d8b12a456fa4ca5	1742	4	pos
8426833987aee7be9495f8cbd6eeb7a086c68e72f5431a19b5a22b8df3984b21	1743	6	neg
3ecb1d8c97c796e0bade3a0309e3258d91436d33468760a08e5bec7391c21dbc	1744	1	pos
d2534c8a7dc44b8f90631289dbaeb5ee00190f2d19bb0ffa875278f09af7864e	1745	4	pos
5d119bd39ee1f6d66151277c51f20b7a37f1338efcf36f2eded949cfa25d7b54	1746	6	pos
761dd34afc686a7e3cb19247b1335e8d8e904c48f4a67c8f140ccfebc653517b	1747	1	pos
fb0717700c34145024913b80bdea21a32ad80f2c3603345ea6548af718fd6d5c	1748	9	pos
cea8e2db3c74c1b8fdf4134dc94e31ce3329d222a6baeabb4695999dc5fbccbb	1749	4	pos
1ad34793170fe36ca00aaa53f9ca387b83e03f726c32ec90f4da466bea5f323c	1750	6	pos
56b486c76773fc2a667cbccd0133e05a18c9be45296a6afc58ebdd7472bd9075	1751	0	pos
a7a91535d02d1eec60c19291b92f956e22753d73bc9c3f66f4b415cd1f74ee7b	1752	1	pos
8de41532a16f843aeb112d97d1e95f5ee107bf930ad4801b31d020fcabd16c1f	1753	8	neg
39ae9d9327054395d004d9ad73b154d3174ede12dcc00842acc4139be67c8cb6	1754	5	neg
729ba569378be1fbd238920324240aae1cf5ee8e28efdd224bbab93679175d09	1755	5	pos
aea6c3d0240e19f801e05cb21f65b787ac552ac793e245178f08136e0b1debe4	1756	9	pos
895e0ba2b26a6f81d9db687f3110eeba6bf1e932c42f8085d474913dcc796d8d	1757	7	neg
e90fbb09371cf7e704c22c3a235694ef9d51c7edf9bc9e2e4a1e4a78d49f27a8	1758	5	neg
8789951114d86a6b31b86fba3b19a28bb1ff9ed9d7dace56f9e86fa2afef31e2	1759	5	neg
a07517ecd9f53544bbaa90518edf97c1ba19b6a6c255a64683ff6b96deb1efcd	1760	4	neg
d4d3e360be3865f2ce8a33ea4f2250c583a7d6f3f95b5f3e708c725ff943519c	1761	7	neg
c8d45f65443c645a894f498f01de15b9d1dec1daf03d767e28b1e9c24e55ec0e	1762	4	pos
d89eb85a2b3d4bd12fa6378a152e812cbda2e04ad3ec57b0fa708931ee7b6892	1763	5	pos
24b1c61ffc1a2cc835dcce9bc6156940800f4e25d7beed80021fd6b6a40d2cd4	1764	5	pos
c1831e422f9354e1a7ce7273d9fc0c9c00ee872945da2c348f1ad8332b3e00c4	1765	2	pos
7123f51a6a16194f70bd72341d1e81925e16040f13919fe658bfa3ac42b92349	1766	3	pos
c2c2c46e517a40e50cbe751f96035bbca273ecea5ee6af915600f4febe7f3b37	1767	7	pos
37753b2c380916593310579cc9022dd910f263d801db5d1a4ef9cfc585453ec6	1768	5	pos
6738935161b17b5926ab23bf6d2771263c991f910e593d8a231176efe867f2ce	1769	5	neg
68cc3db4fa9b4cae939735e0924c59c50b0da526f1aebb94ce4df30758dfe03b	1770	3	neg
d84c2d1e47ac898b4edbf34d0cfe11120381826da3769855a418b41ed29cd493	1771	0	pos
d9fde0c92653b3bd40804375440f9bb88cc74a131b7ade746b1a60e32527cdd5	1772	5	neg
91271549d3db9e6f930831cd2c1b1aa02b9c2d81d252d672b2ddbca8b9e1c3b3	1773	6	pos
38b38c2ee93626d7776148d14398a34deffd71d2c9cab3d66ae81d491944e2f0	1774	3	pos
e5044159ac3895ad3f58b79a672c221edd7a5c17bb8693b51b8ddefd75eb4504	1775	6	pos
912eac4ead15a4d99c4b8656be4938c279b6cc4043c9a093df349815787d78dc	1776	2	pos
a62be2109fcc959afe562c9203853e82ff93409c75ebcf29eeffcf7fccadd7b1	1777	1	pos
1a43952b6c88a06d02cbce04bd4f979854ef38136185e70955894726d5cf4ded	1778	0	pos
59b41c400938a6c8755b9bc375adf85115cf24fd0c174247b272533ea559f9d8	1779	2	pos
a18646ebd3a56b2dd5e787422ab89aa11f3595c21cf380955b42ce99da86638f	1780	8	pos
889e76814521fc71b0314e9116981e2b1d616cbc7d0e19be1e99ae9fa8eff7b2	1781	6	pos
e9741a5bf6d0e5be1b8764a75f4fcb2721ad48a52ead0daf4bc6197bef4110e0	1782	9	neg
6359e86ed3bfdc049cd105b8c3482a949902a96f2344fde656234e6818077707	1783	6	pos
37dff9f98cb8d85364587d37ad79fa211922c4cede9ef055de3eccc2daf6ef51	1784	4	pos
1c165f055e6d088df6705a88b16e2de99681bfcb384fd6091e598904d2303dc0	1785	9	neg
299e51728202859cad67c2ddcae9ce4f6140c198258cf71be4033fe62447a2be	1786	7	pos
56282e9ce9bf90bb8c39e167bf2bdaf14f228e8a641aacb8c83776eb8aa5d347	1787	0	neg
c27b466f7bb24443e6bd5f2fb566c9bd628a8425df14c783bd5c332eeedd309c	1788	9	pos
8872a7e594912d2c6ec4752f43fa63a3de837b73255452eac794b4f822d90480	1789	7	neg
ea60a50ee0b3ffed7639fde496618919ac5336d616420d060cb6f2672c23bace	1790	3	neg
9efc19a71ec33bad79a9f54470128229a86cbd4b42ccfdd34ad9e7781db2f568	1791	5	neg
448c3077f922b81b2933af285d3ab3b5ca8c4aa747f6498cb25c27a1cf5a4659	1792	1	neg
3f1f47898a2e95171083d803518d36090422b841a25dc063c95a06da450ce6ce	1793	5	neg
53309663aede4ea8c7ae2c9bb486ba68365aafc7bd341fb5845bb7cfefe1ed0d	1794	3	neg
046c245d8dc28798403bcc3f58939bc2009cbd7ff1bd90559a40c24ef6e85c79	1795	9	neg
667eabdee2079858de32d13adee2b478ffa8101c4a7275d3633c0810efd56088	1796	7	pos
f064f13723512ad3ef2a5f0b1a3b413a6008058d2052dccadf0f5c7f7863f361	1797	4	pos
902ce84cb32616064cb233074c7ed708294541ce538dd11199577430ae6e3c7a	1798	1	pos
e8d188e9fb00ead063933d58c43062d97671248e5b79846276246d35c925e1e3	1799	5	pos
698abdb5a646db15a3fe9e45907e1a9f0625e6fe0e3a998324cb42b3a3b94b59	1800	6	neg
8e48440c320687c7fa932fb8126af7988f32a0723e4354a720a879a575b55067	1801	2	pos
24492eca0d349b55f422820464b574a2cd2c9aaf4306e17f68126ca62c446e34	1802	0	neg
8d0c95dc24b05027eb14e2b7115dec1e047b6531f00ba0ea80861761cb71e801	1803	8	neg
4daa6f7b3304681ac10d1c5aff64090c90cdc1f6601c1100272e35018c596bee	1804	3	neg
c8c22940963d9b766a361d85810287c0ca463812f15bafaeccb9391c1f186d44	1805	0	pos
10fc34e02c152ccb3903ce01e86385c554eba57721cb2930933b9b2e2adf9919	1806	0	pos
fa309a83e5906ce67e96cf2ee96f6036103f653936711d8cf36b47807d58aea1	1807	0	pos
ee892b3a106c9ee243886bbc1e026a2f75ed25fcea775a074a560c44049bec12	1808	7	pos
28c39696a1c55123faf550844e80d34b0cdbd26fa1ddba046349f4a3a357ef8e	1809	7	pos
b7d4892b2b77a3189db375b531d3b7fc9285852fe96fda724895bc4119f04f17	1810	6	pos
044dcf4f4fdbebd9e03bde73afab7190cea8db7db7c855a304f0cfe6f52ac592	1811	4	pos
78e8f46567fd1782b0d319cc7caf6b57ecdda8dc034cc59e5607b2b11c8a82b7	1812	5	neg
5d05f9fdeda9d103de71a659bef08dcdf85a544282f4942e820cd195997d3048	1813	0	pos
52e4d41aa0ce22ae04d649435c29ac0befc17da4f281014a3787c759b93f3137	1814	0	pos
fef4ab650f25b6290cca172ece7677df5fca74184b73b697422282e14f8e0ba9	1815	7	pos
01e7089ce4a50d44697d55f2d5d0d7d20f2cf6f31a3b9cf66c996746a183488e	1816	2	neg
2e6d3043874ab8239bba6c96f06e02c24dfb816a4537304eb22f28dc9183a787	1817	6	pos
27b03e19fa193efdde09d4103b829a34dcac2bf5390883fc8f972d017789c859	1818	7	neg
01a9844e38a34a42c53661f6679bfc206403d3a2e0ba6474bc3390529e61d9aa	1819	9	neg
295ae89bf6f0c8f1ef7ad7d12c5f03a19d8b1a2996c869c28d0d032f17cc7fc3	1820	7	pos
a5876e0a883cb0c46d6dc98c9775998b0dd684ac3cb70c91627ecfd647fd2e0c	1821	6	neg
bb29a3ca8e21dc7632651df4636fbcee8d94c88ec23cac6a603a339e64222b0f	1822	5	pos
41adae11af31fb16fcded6f4f1bb29eced8225818c5cd49d5e9a121d52f1ba6c	1823	5	neg
a46b6899db9dcbcbac5b8ec3d58990dee9be388c67b2d0f883f63ed441136319	1824	3	pos
8e56054c1b75a6620369ea338be0b8a88b521d3af39edcfb31854517d119f119	1825	5	neg
8807c5f327dcaa67908e4b767084f3a0a732f2fec0cff637211bf8f09e1128bb	1826	7	neg
0f594088baad11eb76f32533f951e974f1b18e01490a61f01f67c61024aadcbc	1827	7	pos
c957a51e46522fb5796f97e1aa594e2f8aa38bdd058f7b54aa5e16efb2bfc873	1828	3	neg
3d8e62bbd71e25de615e487928c91dc5878997bef018ef8c1a26e0517b1347cb	1829	1	pos
ae1c3b2b17a855aa2b9cd362d56d0e39c9e395e166f8ea77d7559e60d74729b7	1830	5	pos
21ef5891a0d6a2d134ccb5fbadf9db6d2e34890ffaba64612f1b8d35fa9564aa	1831	4	neg
645c9477dd046001c56dd2c80808a5fb1397790c5706c742e161a76cf36ba8cf	1832	7	pos
5e5a8875bae0c2f6391a80870bd0a5bebfa4dc18c086fd8ffad27b6bf92d06fa	1833	6	pos
18d3631f26aad51448178dfb793aaedff561702eed44a658331abca1ce79c1c4	1834	2	pos
60c9c1fb4f37e513b62fc695104d98562d5c923f8439e1ce86e64aea8c69c8aa	1835	4	pos
d2f6579c0335a2d6670a2669bce474ba1b9fa85b32069a83705a87e65ca08562	1836	4	neg
0d88d58081b3bdaa80df24ed0e53dd0a797827b6d98722b76ce72bfbc8db2c3d	1837	1	neg
6eb4416bdf08c13adf497b3f769ad307f82dfaecaf58578dc4e299f941e315e7	1838	0	neg
21cb6950371d66746d71b739363f9ffcc72592d67d8578153d757e4884b43f40	1839	3	pos
3567148cfe904d4ae6490363e4d90a10f3d34bd2901999595520b28a6ce2bfd2	1840	2	pos
8c9aa3799176bef7461291b276ec667d78eda46740c4b5225c62415e16e69c9a	1841	4	pos
6fe9b3502d6d897b5828cb2438104fc59ca8374afe28f43661cf12f7a51fe89e	1842	4	pos
c7da29f6d5970475b6ce6693ca0377236e80583c5820eebdd4ec078bee967b92	1843	7	pos
7d04eebad470c52383da29ffab03a9098db6ffb1341fa3030c050d01905fa661	1844	9	pos
cc48bd842713677df3d859ec4ca2337cb1742be810d52094b316124f33c04166	1845	5	pos
0965bb3dac67100898ebccbb5bbe1d3dcdee3cb35bb9c7cc1917661d33440e98	1846	5	pos
d865cf046df2f192694a4cbdaecc0a8e32323c71b83c2bb7e2d20654c7c025de	1847	6	neg
36cce8c75eb62850d59a2b1486e2044c98efa38eaa178625b0a86ee2e1032c06	1848	3	neg
a3c0772b174bc977641581aac0bfc99d19ce6d42b9cbeb6274d43f1a7bf34a2c	1849	3	neg
5f8bc4622917c1ad5732358ddeecad06f496518f3b3e74fefe59d1a52aa0c032	1850	2	pos
2758e643864483baa84902b5209cbd8b07a9d39d413bdc2c61d03357597ff7f8	1851	0	pos
8b205a63755cd8b48bc74851c30fb8fd6ade288541bfe2ce18799e1ffffac992	1852	5	pos
22f1d0957b15587d79f56939ce14118d27e7a6d182b9d3923b965cac1309318a	1853	7	pos
c22260b03be06439e40febdf3c62372bed631ab4245421b3d8deb8d21853a7a2	1854	4	neg
8095f2dff43fe09902cb5026342ae04f7ae8af7a52ea95c6cc6b0fe7c5970cc6	1855	7	pos
f6e2edfe464bb85488a6c22373a318eac2374d11d3b1b04963a5a3a08f566a57	1856	2	neg
2dffff894ae38aafd4f37641cff78c6c8c161fa5baab3f28f60d97a0754e686f	1857	7	pos
e161ba864527d0b2f5304161ad8ba8715d8c3d33188b0e14a626f116fe19fd7a	1858	2	pos
7a13c12fa9f6369d97fb5a0d1809718365effd404f2183f2fc409d2b912f83c8	1859	1	pos
38953e105181dae5aee7e6ab56aa85be7d94c8e49a7c5507efe07b5737647c4c	1860	9	pos
884d76cc94ff648af1f132dfd8cdd9263e5b5af70f55db8dd49d5694fe997806	1861	6	pos
764ff63750f2ec141a17022b8174ce5b8fa86ba281ca761a65416261536bacdf	1862	5	pos
fae70a621207ea501181188afff4e78e8c5afa589b5cb80f86ce749e408108d7	1863	8	neg
758227d11c4c089d3bc79f64eedef5cb0bd3a4682a5bac753757ed401b426ac4	1864	3	neg
ed9bf96d7789868d1129d0565585e99dccddea7c16c9f3298644870ff12b27d9	1865	8	pos
55a5a83b556eb7745ccbea7124e2a8f827f6ec350b1ddb52b24fef0021edc224	1866	7	pos
c61267d9142c5820c8ac12a2069ad43d55c7f6d0917f3c91853ab98f0801ffa0	1867	6	pos
8687e4c7d47f79e8cff64db88f4a7cf664ee8ece1a02a179483d074d216a2641	1868	6	pos
693804cfa73d69d54bb7547bf89bab2e59025264028ddb08b41ab04f48b5e224	1869	6	pos
f56132fdceaf3696ec8ee4c9d76c8cae186bacebb9bcb9d89d25ce1a5430ddb4	1870	9	pos
c41c5c3f864f6aa1f9c6844dca38e2a2356e15428c4e88eeabbf54190f31c1a9	1871	2	neg
c309c3a7799f677048daae97a73651da3c6e49b12a70e6d1ff12f209e03187ba	1872	6	pos
9c3ddcacec5bfe5895f69f0b90be55218feb59f82ec06e63acac998657488222	1873	7	pos
12803a8009a3dc7ba12803d5ff0366ab07d8772463db7a311b7b7317c68152b9	1874	7	pos
3ac867645cb0a2e597dc5b0b00bd8b41283921cf9c919d631728ad81890bf403	1875	1	pos
a0f4d2acc8ea7a70e95820f7c15c1115cf5fcf40abffd71c407dc9c6cd507d0c	1876	8	pos
f225d5e6a71601abf1e05ffa129e6bfa44dc996b0b5dc65fb3cfeee45f1d8290	1877	4	pos
d60814224f7887cde6d19d42c11e0dc142a43d5e48391c65986dea6294f8be8f	1878	7	neg
d1151a36ecb4af90171697de2dfc4becdea6d7e64e175f399552fd980ce8f3ca	1879	9	neg
1dcd11ac6367be6f9a198c9519af6076687b5bc6d54046434a745e832220f0dc	1880	6	pos
95156a5e87056411215649834d4ef93a87702f6b15dafdd0514b6ab5e6ef7640	1881	7	neg
749418858388307e594d2546c2605245d9afda255f18d9266fc10540a88d5e45	1882	2	pos
cafbcf0243130875991e748d28b1893c140bf074251bbe493288af58d7efaeec	1883	4	neg
a1125cc36a0cdd0e64a0a70ddf32fb6cb5ae8039a130c41596040f9a678e0ec4	1884	9	pos
6cb40e6c1f26b2bdf675b84e078b80b443c8252bc775580c0c8802b3c15d1800	1885	3	pos
65435636a58251e2051c52f3b05af1fe6ca8ef9592c2641ba1d988ea3dcf544c	1886	6	pos
b5274af843863486c8ab1fcfb3a862d292cc44009b7ec0b17e12da110d75c82f	1887	9	neg
fb6519a7ce546d981ef5ce9754c01266b11c45218626a6cc40f49d87dd2f62d4	1888	1	neg
ab63e5a21e0690de09507252a354380fdfc908a171ad88735b841805ea36f60b	1889	0	pos
d2bcccf6c05af2d25bce386aebbdf09e9013d10d850627f37ae42bdcb50cfb62	1890	3	pos
14895e653f05eba1041141cc88b60d515da3f4ce0f762241a39a9c391494be72	1891	9	pos
f5e6b26f9bfaf13bbe1eaaae5252d79df2c9a0709da3c895c5f2e8ef4d720cef	1892	8	neg
ec492d12a409665aaadee4c8d8075c440914523ff6c2915652d487658e65ea2c	1893	2	pos
8900513eb05b8ef230031423facf037da7bee1ada695bd3db535f48a1e718312	1894	3	pos
70e62d77c1cdd9c067d4b6277330fa00d60b006da3af5c90f2884d4627de5480	1895	5	neg
0db09e950bbf11f67f48485126ef9612316f872cad5341a35dda6f79ef0c2238	1896	7	neg
6b08003aebaa8f4f3b34f4c9cb8123e08363d6af9f8b52644ba72d3cd8b7d451	1897	2	pos
d121f93ad614852749612bfe8af5754f9b8b7b6810f38a5481e9e513197654a8	1898	0	pos
e8f4c9eff0f2da03af6d59f1483e19d6bf2cc5725c2b859c962bccaf63eeaf3c	1899	5	pos
75ae01c9cc4558355477ae9b28dc527c528dea24cfc82f816048bcfca8c98def	1900	4	pos
7e64aa8eaad82c269601bce9d6dc357d514f1d09c696702ed1e2364c278866fc	1901	0	pos
4fc1ee1b8b47ec1ccc445c4236333dafad1a1e925bdd92ed25c56f3836401493	1902	6	pos
a4d0df7aff1b28016e120a38f1871b8a755842f63252af206ff70ad717290a65	1903	7	neg
f7072467eaa46f7ca6eaa91b6543e6a78eecf9ed9034d45ee91b607c8e179ec1	1904	9	neg
ce9602514f1d799e4cc61413d68e085b05c17b72e5efa4fe74209aea5f209d7f	1905	5	neg
1967cc2108abd667dd3e255d7211b7070a9e555fda813836f326a5c4fbf7afaa	1906	8	neg
4683a501074109f8341c7e0a3ed2ab668748749ebc7acd95c4dc599ffc564155	1907	1	neg
df7571460ae90d79b2e5b37afcfdf7c493bb1ed32190f33ffc4594110057861c	1908	8	neg
5e776915cdc7fc2814edaeb82cd7dd9fa4c10594d8d8e42a6f93a34428496ab3	1909	7	neg
6b1ecb41b24c2b53db5e74e73d2b94db0d3ed8a4fb111c21b07f0d36a15f295b	1910	9	neg
b943c5f2dff79ef3681a66db222626134b08ff24e1df24d3fd742bc348d9cc0d	1911	9	pos
f07fe19dd86be3651784ebc44ae430a55f574ad1cf134937c84420c8a3aa373b	1912	2	pos
cfd2e6c6e80440836f2a651669da3a66c6bf35049560da9f172aa63eee62392a	1913	2	pos
54575a129d0f11f085ce15f4952af0c12d824fb166ddd5e82935b46504bbb2d7	1914	3	neg
4e2cb3f9c7acd0867793a273abea6837f27c0ba11d792b5f77cd168eb8b0a926	1915	4	neg
4a1b0c3870072b8acf0ea6a10c42fcbc41e5de4d06041107cb5ccd12810ea7f8	1916	5	pos
1779dd3b7f6b75f766a4d216f25d6b27d56e2948c557bf8f07bfd4ef092a320f	1917	1	neg
b6114cc53e44299ba46991ded340e8f5fb504e3a9b190a2119e6d0d623c46640	1918	0	neg
76e046483e4c06311e7134dc72063b74bae4d16688dc66a86b755e3b319bd204	1919	1	pos
d9dfe8c45c2565e05ec44f732dee926711bb44742ff619e8d62cd789c95f7675	1920	5	pos
8a57b52e2b68e2b7dbd8aa1e3e0b381c74385a3cb6e10a0a2d77496f27a36d41	1921	2	pos
9b4d86f26e3e99f72e7cb27eb7c3ced0e01541ddd64cbaad408092e23f67f8a3	1922	7	pos
40aca941bd6ae44cf8c42aba01f178f4c35ad23b611e5b2ba65e52012d996b5d	1923	2	pos
3b84cd69529692c775d3690bf8f569b0e79bd0814d9e4ae0b2a02fa0b9120263	1924	6	pos
71487134461a9a51455e767cbad53a7191a0540329b4bc576d8d72d3e8f0e248	1925	2	neg
b3dac46c38816b2c3fc2a4676f16232bd5f4f18eb8353dd9736f73d7017693fb	1926	4	pos
fe2ec0c2bc42cf755b40f4a65446a209760ad034feba04b3a39c675c30a63770	1927	9	pos
7b9de1866a2116d53fd2319df0b35cf9cbec1f965da21d20c0be57ada136c11d	1928	5	pos
85724a05908628657bfe8f2091eacbb9e84043f4d87a39f325dbacbc64a3718a	1929	7	pos
e92b370210578b1802081dc2978841c1839b8ca237749647a8ef07eba9eafd87	1930	0	neg
93d36b6ecf950c61fce1dbc1869bd359fc15c4e78217e0e02d9aa4ebcba8d9c3	1931	9	pos
cd6459a93edb2067d9cbae57d766f378035fe34fe7b7dd7a6f88094a8b074289	1932	3	neg
ec1d7abf1d5fe772c25aa821065c8837b48cda5a6854d4f19676eb8b38d10ff6	1933	7	pos
6b1b19659ee65b06308b2b9dde25f77f7508a09a5cc3b38996022da90e0b2ce9	1934	5	pos
9564a66cccee041e20222d0a64f4b4dc6dd17bdc5287f202a2ee73e9b4802639	1935	4	pos
598adb045505563f1ddd5f7cfa539a2022d27336810bfd68d4e5562d3672b63e	1936	2	neg
d34ab607b68a4aaad8a66a5cbe1b6849347441c91198a1cda9976b3fca880d51	1937	7	neg
4bc91ac216e823061410ead3d4b8c46115a5e2c06144e77128eccd4812a15f11	1938	8	neg
c7a4bc5841f0c131d3a1f749d2c2dd344aa477bee9bb9372dc01d90f50f27edd	1939	7	neg
9e4a7aff0921bc4ff9a723d07fffeecd1ab8e6dbc01f9d08dada485bebcf6628	1940	2	pos
d2095aa4766d509e94682df3809b541fae0ea36d31916d5a56e1ac2892294c43	1941	5	pos
fb09925bbe8aea180d30cf4856b360781d06b14c459885301f83b9f6423bade8	1942	5	pos
773163725c373f95bbd4603f9f3b7efc8e8f92dd4e646aec77e516b19bbba99e	1943	1	pos
6f4f92c01d8a8ba8b1faa414c7ec47ef67e770b0cf20334cb85757ffb0141077	1944	6	pos
fc07308c8b468f69471fc17ab22a556ef8317d46dfda65cdc0243844859b74a3	1945	7	pos
4c745f46dda41a5f3c7aac520c41d082f848a66086aada53a1726c3cf3d1ab83	1946	6	neg
0bd57beb0aa526a7e4190f9d56933b51c438d841d131168d11f6f8dd4073a38b	1947	1	neg
e98483a775836db72e5bc845c0c1b609450d7751623c964201d587a491477f32	1948	0	neg
01901c4b16fdab23e76399db7582e128ed9b6636c41d07a38b80b13f3f4996dd	1949	3	neg
dfd88c5dcf8adb34bef74d39e468e076e05313fa8c973049c3354ec8c2cfd44a	1950	7	neg
17c617fee024a4a75bb3420d20e3bc62200262d1116ba983c254aafb49ca89fc	1951	0	neg
7c622a8432520fd1582c8ca16341a00532c5127aadbbd17ab26ab910caced29b	1952	7	neg
1e71522fe95beea51b6c54d6f4d255b122733012ff87ab6bc8f57bfdad460272	1953	8	neg
e4463cf610b6d3b438955368c63157f06b4512774b1ca919f626d3bc964b4446	1954	2	pos
ed55a810f13a67f891365b0f63518365f6af107736b6f5d3cf779fff77106958	1955	6	pos
98fc608b83bdfc837d57ac362a8e7b0c61bfa03c4dd19bea97df56f083e79862	1956	3	pos
b94c0eb580c819a11e1bca8ad297ae384267595303e32e6c258c0f2b72e2895f	1957	2	pos
a1251544d9c92143c432082d135a9cd31ee901ace7c14fa14bc9d3f87121ddcd	1958	8	pos
b524322dec3c0645b197ad4aa02ecf56b5e5c43cca495ad46dd99d11c034c86d	1959	3	neg
f3ff765ca5984a7bef01e93abff448780212a6ac6dc849c6058350bd255357f1	1960	6	pos
34197e4c1e70aeb7e790797094077186f571ec6ac012bfc917549b7387d6346e	1961	1	pos
0e8645fd4b274699d1cc4ab101c5be45f1ec764c5d2f31269a5ec253d86bf0a3	1962	9	pos
f1ff4b074cd4d4fa93e16d00d61f9437dedb477d337b97f77ad384ccdc0a1b7c	1963	0	neg
75bb9a315844fa702a6472fdbb77e400a7871ab309c2273fe9fce4a25dc6b469	1964	4	neg
fe6868b00bca6b7f3755e0481d03664de23106c646424d3cd3178bf11680d502	1965	7	pos
a055b0d9b9ce309626040913b44a5c4fb4200a857e634fa3463482c659b9e318	1966	6	pos
ec388bb7a895d17c3b5c2791e3a6dbe952599e21b76b0b2b88b12f7a1d74947f	1967	9	pos
3fa3083d589f5057bd3f858de22f0d4f77c05ce30e7726cc83c44c6f4e15ff06	1968	3	neg
d02c67da2281030c201ed60e5ec758f3d5e8a5787900dbb9d2a2da256a306025	1969	9	pos
0a4f67b0604b82a677bdbc63c0119aaa21a91b53d93bba1400eb0b7203fab203	1970	5	pos
37480bc4f297327635fec060d27fbb4f49eff756ed8dd7e043f084a3d52426e9	1971	0	pos
6fd22b84e0111cc82b7ae41bc7af49694bbacb2696c43b1a7c16e6f9eb9338f0	1972	0	pos
e982e17218bd8f7941f27614a2d2e529132fef8509fbfe03a2da7f85aaa4fbed	1973	0	pos
3260864f397c41e211dba39061719d39c5b38acca46e4e736f817583090ced46	1974	1	pos
d2a65b52f936a3132824bf3e6e220a9572be29388fc45a9c735195d6140b0284	1975	0	pos
3659b3634cd2992e0dd386ae648d41406d5a29ee771e55c1d0da8829eb0f2a44	1976	8	neg
8d0b463897065f249b16926313bec4b94dc281c5877e9b97fdd5ce0e5c7a2bc0	1977	0	pos
f094f9285bbd13d6c45f063c48aee1311260abdad8b755bc7458834b9f646b3b	1978	5	pos
18ef61a7aaf59042923ad3932ea176148c898846dcedc7f92cf734d6f295d5d5	1979	8	pos
db32b1d3aeb3dc131dab616561dfc0a660bb68c4fc1b937bb8b657aee56de1b9	1980	2	pos
2b8d43fd7db0e724146b35b88f88c9b8217ff65d9a1596eb1a3adc702dc0af4c	1981	7	pos
5144eaf9bba27b26e8defa9e49eb1dd35ffb4b05291d08bbba8f642c85b3f5aa	1982	4	pos
71b2d9f532fa166b961f0db277df095312c5862060835ca7db1580d48ee916a3	1983	2	pos
0f400e74d8fd941681959b4831d8ac8fb4242d1c5cdf74115119ce9814abadbf	1984	1	pos
c457373487757f17ca5a7aeff30ac12f613afe5486aa2328238b51ef19efc4d1	1985	3	pos
0497aa6e2bcfbd7037a7edc81d1f4f67dd72b51bbc911fd34dd63e70b5284f3d	1986	4	pos
d0a412a4118f050ffb97d2d667ca09c931c542a6aba19795d969e3dfd04800b6	1987	1	neg
ba83c18e9f12f23bc4d376179fd8831456bf151e1b420e3f1cf482009429099a	1988	5	neg
dceaba55cc50dca62998c7eb1f0c8694ce35a66a57353312ef1cdee3326989cd	1989	7	neg
78c4e05b9b633bf0c6ec3957c5689f163a2d03483d48b98c9e918096f34012e5	1990	6	neg
00895ddbfac7156e6dd09bbb5a3c9a1659b2cfac93a83ccbcd8fe89404ca4903	1991	8	pos
13c72f667834676c1dcaf19a4612f2da9768b0281867907d86e8f96cf7e3ed9e	1992	5	neg
a2d6647b350798546d3c826e96b1b35aed0c55e05bb3b51d0e8395e613440db9	1993	1	neg
c955c17fce877b60777c835181657e00afcc4acd3c9d4d6128c1fe236bdc3a55	1994	8	neg
4a8b363893b456e355e88cc9153f5fd98e9c2a8ea4dde4f141974e0a3012d5d7	1995	2	neg
4c65c8d49793d3c41ba8557f32c64ccf1521145fc8a256b3a5a2056d67d30d56	1996	4	neg
1f93d46238f091984682a9187f6b605a3ee7e668ad56c44e9cfacd6260387379	1997	3	neg
84733af51b6b8ba518e06a37802f6695a05197c10376ecc646f5e0346a23edee	1998	5	neg
5b2f1cc2a9afa54b7bbd58dce3514d145acc7a277d9bcc9d2b9e76ed038f569c	1999	4	pos
990d91852f4e3dac22823197d46e59a904cf82dc0fcfc6872c6fb0255d167722	2000	7	pos
1d7b3f3813870fbc514c5cf5c02d6963f57f697c34627c18aeebef8a8df14fd0	2001	3	neg
7f10cd0684b7e12a8858c77de62ed117d75c888d0a5408ab240531c6bd25d812	2003	6	pos
d23201a5679a4459f784d6b16972b1dd0838aa685e970fafc72b0634c283adf9	2004	2	neg
8e311532a045d66e1860780aa6da191899a703a5c524c18043466a0e88b2c204	2005	1	neg
2093703b7c14edf091ddf2e93b551b8887874640613a975084c4c28d1889660c	2006	3	neg
81ee68e87c253887d3061e6d697f3e08f890f55edeca70edf746a27c26c866d9	2007	1	neg
f8abc7d415257db2aa752f481f6c2d84b09243ca7707c14696f4e0a00fe1652a	2008	5	neg
baee14a6e6a329e7b36f38e6ea2d4b3f568e8c78a7671c26cff8622416e74737	2009	1	neg
0ae617f17c63f8a3d890c324b780d25ea55eb2183e1a1037acc6460df77b9ec3	2010	7	pos
1cd50286149288c9d8bda7d70a3f4fbf831453e97035e34ef4430ebd94c3c5dc	2011	6	pos
b01d5757968d5cd59d3fa71cc32e52853480db0a04d58f93cc755ea6afd54e90	2012	9	pos
8b541241b6661b341a6930e79f0a7267c8ddbacafe39df22413a11ce73e454dc	2013	7	pos
0842bd4d8c54ccd98ed41fd7915900d6f33be7fe42eaec641e1a6f853aea5f8e	2014	9	pos
3833ce6119c99f02c5bda61e33af42ee8a74c443ac8b69b76cccd70d73c33af6	2015	3	pos
59917fb30284efa15a0d5542ae9118118a128e950a2eea88f5dff9683b8c350d	2016	3	pos
2505282b041d67e40bafa760e76d5a40b1459dfbe6add26e108f36ab26c78dc9	2017	4	neg
3d8d8cc67d9ac115d0e77b1c2df17283b1b1fae11b154738acd0ad204d0d6528	2018	4	pos
5df764545845c90efdc1a5635456dac5d0d2a1b1fc06eaa0df63ea6cc87dfcf8	2019	9	pos
8f2240a6a05295c517b8c36ed76ab2766cf9ea3bbbfe663f7e6068ce0ca2a404	2020	8	pos
243ad1fa6f5b1f33f4def4df0565b11adabd599814702187f4fd00c997f1ff51	2021	2	pos
ab197f2fc581bfb54567eaeae70e623a5e5f2a3373ab971132c402158e736c63	2022	1	neg
f446ed40cc363734215ff1c62929b059481f679505dd839e11efe75b8b3e797d	2023	7	pos
510cd3c2044ce14591373dd581e0d9e1053e4cb46c8de05b6be560a06ce4bb48	2024	8	pos
8702255ddd75ed104821d2f817b1968940212066c92f7f879e1db919f7c8ed43	2025	0	neg
5d4db687f957f517e910a147462b458bf68eeab93774eb5e75e6107cad3c8ee1	2026	8	neg
62710e77a8c39d5217d47878f80733849e8d528a1ee4c33ac3fa1c0c72154580	2027	3	neg
b5f19839a0513c10545060a888af7cf347c3e357e8030e6c5b02527e626e227a	2028	3	pos
1de20b9604f4d94e84069d6e1c7192760f7428e21479af8b6ef1a1bf85a37543	2029	7	pos
9f882fa5e50554e6f31f0eb234c8de216cf892487f3407cc0547f553efe0d758	2030	6	neg
9b4b6d18c20263a67137de039f06ab13b967606480793b438838b6aaa4f64c6b	2031	4	pos
7cab9dd91b9a5be36401439498ae1fdf628ec9dc19f281edd43b0cc810d20d24	2032	3	pos
66cbe2e287e97fba805b95b0d7db61a2c0638bd39d24c7d7f73922ef367aedfb	2033	1	pos
83bdc0507382019b3cedd488399953855da0c183fcd777337936edaa930db377	2034	7	pos
78fc0a4e29159340eb53f86f418a7277ee0dbf7a9c409cf3ae8c8abeb353d313	2035	8	pos
c6ba07fae835063e468fbbc962194791222861b4b1306d843622ffdda33b1dfd	2036	2	pos
62ee3270f7a6b7325d5af90b12db05f6da2552a2aef93ea9274299adc566d84e	2037	6	pos
2651783fd5f19d065ab3c42180045a503484072693a769a823828f3bf4804f2f	2038	0	neg
64ab7e8c830841259b74d83619e031b5fde33aa7e4330ca4e36476b31ac2b0cf	2039	2	neg
9555491e8d18d7a215c564a3167d1ecb1ed5536a8351e1605d15cc3fd441283d	2040	1	pos
ee18ec8f33814105d9774400468b228534964e6516422019ce03d5e88fbc5cef	2041	4	neg
6403b247f0495242424c0478414513ac5df6c04c7b5173a8c4376325a4123cfb	2042	9	pos
e51342f5439f20b62c248e1bdc0af30d88e5a1b286cf42860f4b83cab1562d8e	2043	5	pos
68f36d2a9889a4871a5757ff74ef7f0c09db95fb535730d3ac690ced6e02b6a3	2044	0	neg
16ca120d6e422833cab24f601d2a6b1cda9eafac02a26d30072cc29842083621	2045	5	pos
1f47d55df6f8a1a34b6ef3fdc450258dbd1c00b3b8834ef8a73b6740b500f39f	2046	3	pos
a055eeb72e8bd02ed21200d03181fe2edfac26d177213f2b5145a1437f44c5f7	2047	9	pos
63bb9f6d0e9cc66fed98c9f3ed41e57afc9df1c6a09d0c7ec6a7bc2dfd137de9	2048	2	pos
4ba889d05eed97c0165d654eb1aaadb2da8ed1aa26acc9d2e41e377cdd378fd5	2049	1	neg
df17bfa1d05e04c7d539b05bc04527836214084ec1ae67ba19c3b2f4839dd64a	2050	7	neg
a7a5ae89b0ff8f1d34194e77de703ee2f20a2cbf9e8bc6677af44a82d74590c1	2051	8	pos
15684001ff2b8685efee4200f638921ed0122cb4e3a368ac65a28ba6ae0cdc97	2052	3	neg
a5125ba0d4efee9951ef628f8002718f9d8a011adfde84d2bed29e8d7c8e5f92	2053	2	neg
82447407b83b06a8c4dfa7d5938a0adf4470ccba765df6ee2be9b59e0b14ce9f	2054	9	neg
76512095728b4c95eee66451c168c436fe4c747f82fa9efeb1d082039c8401f4	2055	2	neg
fb1c21b9398d5a4f1cb9074e0caef173ab34d33c8742f112a684331a6a148ce7	2056	0	neg
f474662236be48978c53174fbcadcd1fb90ad028f474a82dff1cb8dddf07bd13	2057	1	neg
7ef7f12252e9eae3bf600d40ecf87f2bcaf8a2c9857c872904cb0d38dd5dead5	2058	8	neg
23474f02028f779d03066960b636dc18ae015b285ae82490226288e2d5e34126	2059	2	pos
da103162d78f83fb0bb447e039083209c84c19f9d36ff8a35eb4fa47ef89589c	2060	2	neg
b90d4cdd6c46f1a179e777bfdc873906cbfb2600f7977d78ad45eea527c12203	2061	4	neg
224b44d632593636cd0a7e9c88ceaaea29d1622e48cacca684f241ad2e5aa183	2062	0	pos
72c128594fc8adea36358c4cdeb862a723317316eaf252c7e53746776a729516	2063	2	pos
bb32239e241a7fd355e2b0ede14c8c3ae121eec75731580c25bf48f9fa5566c1	2064	0	pos
f7f069d117047edbf2f4b4487fdbe84451a9e84eb77998cd58a08d4cba57672c	2065	1	neg
b560ebc0326cf4e24450bbab9e085b99350f75c745af4eca0458d09f277ff461	2066	3	neg
7697c493d530b6178023b76dbb8ee3f1d33c6723d0ae2568f51da0298df0275f	2067	8	neg
31620f9344f68f91c50412b8ab11b876e6773b38afe98578b3282ca8fcd570d5	2068	4	neg
413425e86f8a861eb18319f5605e175be4db05aca7d0db0cdee809564cbf6130	2069	8	neg
ab603c2a3a1331c446450d97a145840dc951371276a94a69be368b1f92af2004	2070	6	neg
e651f85cb74a0c671aed38313e41a46e664db2ee5c27466dd7cbd9097b4e0009	2071	7	neg
e2bf8d85cd5110c1d118f9d9d26e57d433f91ccad46eb1f70a674859e531a15a	2072	0	pos
95d6453ead5d377767cc914b33a3537f375c1ab21cf524366940b35969409ea9	2073	1	pos
f52f2356af0b8b61209c825d40ffc3e6ef7fcce4270ae6ac9c0a263a76d782d7	2074	9	pos
b43363465a3d0103aebcb6bc11ba44fb0be5f73dfba2f573ef6783c0055b2b5d	2075	4	neg
009d21b1b2aa7a4590d69fe54cde15fb27c2a0999be6542a06f39987348c9e00	2076	9	pos
a1b2ad4abb92e3d749d56eef2cee0827c84dfda16da89b8aae47abf0154ca495	2077	4	pos
ae8c8d70d160d83c6e4b3cc87c53db978e9fb9fc75fec3df5f59d4c8f2c48262	2078	2	neg
4662c8ac5b093960578f25ccd529b5d837d39d7d07cc212d523c57ef96e3f4ea	2079	8	neg
00da6bc04b63d527733f587227e0d98c8477303c6e81a4dbfaeb7a6d7eedc74e	2080	2	neg
13d752c0e28688256a8f964af79db75df844417ae24672bc29a5ce67a8920373	2081	6	neg
c8dff68198d50d0a7ea4f0834318d502d3dbb671e5cca56788342492371c9056	2082	8	pos
53d017f65aa093a570aa0eff8fd368535bf21eb4bac4a871011d259fb0727750	2083	5	pos
55246473220148a1c3dafdd5f1c162306f7abeadc4e1752fdb410878af34a5e6	2084	8	pos
0f4aeb30a875cfc35b3a414bbb887761c5a2c5a490cdf48309e6aa28a12307d0	2085	0	pos
fbf06ad47254f9f6a6b707491681e4b4a5694ff6e3e8953ec5ba2fe98cd42b73	2086	8	pos
decefeff4132bb1976b948beccd4674fd8a3dd434851c0931e1fa2415fca2cb1	2087	0	pos
bae89ffd105b7744d3912295a3600803b8af7f1b9beca1532a7876428e3b8168	2088	6	neg
835325cf35efa05772524280a8fe75c7d102c488fe4ca49074c225db9ddd828c	2089	8	pos
cf5bc228aab981bf99e576758379b79607377bdb77ee8bcd2e4e35d06175af76	2090	6	pos
2249c3b62eb94de7b01a501b1c61be993a68a596eb731e56d9b7260dffe5afe9	2091	9	pos
54fb84c13ad979e9a3ee2737328b2db799c5b5e1ff3418c94ad79cc7535a8916	2092	1	neg
32459c5a34210e9557a0218fc808038dc0dfc96235b0757a7b48c0610f1a5b43	2093	9	pos
4ccd9d6795958087136a0acf75d5067eae3e903ffbbd7e8416880acdf001717d	2094	5	pos
b2e083c37c573e982c6a9cd0c6d8443d395fba406345487b46d3d03eb4bc071e	2095	6	pos
fffcb2b7336b57ed55b6f1f480a949629b32964e145a03b98f5738175a19e573	2096	3	pos
5b6b42cacf391e0f3538e9d9de96b686c21483874a0824f27d5815ed0374c926	2097	8	neg
98fa379b2a648fc4dffdc67d61b617d9047c0f14aa3840aed1b138d59dd92310	2098	3	pos
5c2d04788ea46b596058c2d9aa9872a2e400663e9f84a47b0013524b39b4d930	2099	0	pos
652cbd95ce202eeec67ccab5103904862e0c4b3ef5c140919edb472b63ab094e	2100	6	neg
a645c6c7a533466969cbc65896a736ae2f03b883913caea34f7d312f0597541d	2101	9	neg
432044a0961662ca6e36656605e25685adf1c061e255ba3ccc8ce3a4023e6fa7	2102	1	pos
589cf235c40813d77544bef871a71242e8507fd2079a665e7cc14dc5daa915a4	2103	9	pos
f92c76d61bdd60beb3c944617a62f8af59d5f368b2edb0744b5a2ff3cbc26d10	2104	9	pos
b4cd853f3450bf8b5ff568b5a51fa3636432bcbabd750d1e8c2c1e048c33f122	2105	5	neg
59b680a90de42209ef843251429a85f3b77fad2f5b30055ae18f597befaeca1b	2106	3	neg
9f0fb6f0101e628c583f52824442f2ddacb9f854902d64556f2d3f41368d962f	2107	9	neg
474bd68d56ba65165a35bd896d90179870b81071e42a4eab539e04200cdc3164	2108	2	neg
abc8bd16654bf36af670080b3fbf2e722f0d1591204ffb253ecdceb8e38ce1fc	2109	6	neg
76d9f64d53f30a20687e729c51bbc70854303a13f47defcdd3a45ea88ec2071f	2110	8	pos
e731d28cf4c591e8f2187dbfa6d680574fc03b58e1ad6cb461b1a84d8fab107c	2111	7	neg
ae3319a184b1270924ce8845ba4df861871fc57311f504f42d41630a4b58b5f8	2112	8	neg
923614054ddaa5acaa3f08df3042ce5c10032c16332c450469a956ebb2180a89	2113	8	neg
5b6e546584c3be6eb4d677b6a865969e1058fb2211f57c5a90fd01aa8b5a2c58	2114	9	pos
3a88cedbb82fd220367dabe7a2fff7421bc397ed45231acd232e9a65365bf458	2115	6	pos
3fdbd76e89fbc36bb02c34e7baa27a5dd779d76be67a0ef52dfca290a6865129	2116	0	neg
06ae3e6115baec7a3296a0accaf282d69e3776ccca182abe1e6b73d8122135e5	2117	6	pos
9386c09c15b378c775e28c1b2b2c2dad74b03955940fbfb0e6461c4d4c150b7d	2118	2	pos
79c9b6b47390cbc9db55f0e082757271eae78038516356e95f166cf7d728284f	2119	2	pos
15a02a64216930ea844a97b5884fa81cd30814104e9c104b02d83c510aaa91fe	2120	5	pos
078833d0cbef90db6d7883783600b79de4e87599a51230b5b1d2363749ac3104	2121	1	neg
125a4ef4a03db553071f7c144e2173fe663a022f1212bd7803fcc5540e2b631c	2122	9	pos
a473d03c42d5cf0dec63506b98c1bfffb2b75a5b887d653f17e5d1a516293697	2123	0	neg
a93cce45031d4b797266dc526e9bc45a6a2d4027d3220dd9f6f408f5be313521	2124	3	pos
63070694f838c72257ee4e2c4521cc8b919d3b5762797ef54905597c6da522f3	2125	1	pos
4ed8774eb7de7d392f7c927affd01eb1ae0a1f0705785d14d2555f38e47a2798	2126	6	pos
1676560b81d15c6d6b9de51488ad6504736934ced5c2e4b99f79a996eb32e1a9	2127	0	pos
7cc7bd121fbfd3e453d35b858cf7b472aa8bf7711e953f3ecc6a76598c247c40	2128	3	pos
c6040123f1a14ba15208c1ec8004044c4c76967a319ca143c1e23feb58cd3c48	2129	9	pos
9ef820fbb633122b6e1aec12200e1ae1b1f5f25e934eed643a0bda876a676377	2130	1	pos
58ceeeda0ea9fe82386c092b892afa1a10a1d6d87cd995118a675b0997aa8244	2131	0	pos
5beb40507ec330bd7b110eab93042189b2796c44e6f07175dc3701635ca66197	2132	1	neg
739bcd9b746969719507dc4375adf1f99356c66ebb05b888a4daaee8b8f1de44	2133	0	pos
3f085c678ddb50835c2b1bf5a749e0a278e59668945f4d667bc5f0704f156366	2134	5	pos
eb3a0ab23087c95643e16cb655ff81066aa295dbb27af126336b13b1b1864f22	2135	7	neg
b273ada93711e357e03e876239f296570e902761ce09ae0a0eccad3cc4f17bab	2136	7	pos
ffe3aec706a66034867149392cdd327f35390f1ed865fb31f1ad6a43489974af	2137	4	neg
2dd0d9a1a49f50ddce78e94344455b57229b9f8ed8d1f7a158ae915586dae396	2138	5	neg
cef2fb978f08bc3fb5097b3e6aba1349523ee235da374870e523fe22b3cbb8ef	2139	3	pos
ac6747e0c2838db1df8312ccebfbce7e32eca9b7e8280912517a5f5bfb5760d6	2140	9	neg
02dad9a702aa995c58181b39be93c66da77e21fd8048a5a785f8d9fc536a2d18	2141	7	neg
4caa990806be95b1dd0c7d2f3fd230c9f54b6dfd54239f62fc541037806b3fd2	2142	2	neg
2d786052586cd5e7f5c2db8fcaeb5ed2a42346747535d3172bc34abedf125cdd	2143	5	neg
6744c9c6b0e334d942544e890a1ab10059102dc358b902a6bd2cbbb1c362d903	2144	9	pos
e3b79cab93a9de7b14e083f579a14cf77c29820aa6c23b53bfb3e5f63e143df2	2145	3	pos
ae6f05fd6dff7e0f4dd343becbedc5891945f80c43b983d46f0013da739ab1d4	2146	3	neg
b67d92446bf33ab529bf640db432908cfef6806fe0e9d6bdaef140385ffe0c4d	2147	8	neg
ae78155d90a9da276417225e09a079e97c82b04c35c0b0a11d93bcf03fff51f4	2148	9	neg
89e413c9a8205902f718e7a8be3a080e86850479e02ac67d7fc620756889192d	2149	6	neg
723e855fca05f069bc76f87a519f8b3a5f5dc7b268f8b3f6ee7f18f889fba6fa	2150	2	pos
76363e850cf14d41aa9dc3f74323f34e0cc713a80dd5861ea1b4a0ae5e24c4f5	2151	1	pos
a7e63424f72b8d6909550908acf16fcdef242c1a7d0acb86554dd58dd1577fdc	2152	2	neg
f563be663a864edd14c11ade3b578d3681a4c8f79059ff2692f916465657144c	2153	4	neg
f86c15f1e14ef4fe77e5ddc9042eff7c9726af5a5dcd85a2693e19dfa0acc044	2154	8	pos
c2f2d7afc9bca9ff05ecb0ed461628ba0e1f99fa18cef0867fac4bc87d29057f	2155	2	pos
e4fbaeda7349701885c1b5d7596bb5db4204953b87197a42c1ed49385d355150	2156	6	pos
47b9eeea3f07849dec0231212d7897a646599c189ec610a09a60babb7ff88e64	2157	5	pos
1ff3c96d9b55fb96fc90808b88a86a3ea23856cc68224d32f436f8deaea392c9	2158	4	neg
2596057327ad2d06880b18d1604e5a5770494ecef3cf7b88cb0c9cbadec8fb56	2159	8	neg
107657976a115bebf028335dbc47422533edbe8a0f5a24e6ac4ed0ff2b40a91d	2160	0	pos
704907476d2f81b913a68d12d1e279cf448be50c04335e0af80eeb0cfa93f7a9	2161	4	neg
d20058a2c7a0bcf7f9b3f6f7cda9d6b4d61208dc491bae36831a04e799b8f8a5	2162	1	neg
e200f705f18ebad22a19a9a15c2038414ee94ee7be50cfbc7678e44a6da31cf1	2163	0	neg
d176f557e6eb4d4e1d1eefbcea1a618fd212f1447b81e2adf111d5cedaa3b580	2164	0	pos
81af043fde799aeb12c79f4426d6929a40a2159f3c9ebc6d63e10c1355d31c70	2165	8	pos
7e5edd7b62def75a58fc7c8caf00046dc42c9f81ef70603df76dfd266f1de355	2166	9	neg
ee44b25aa50abfbf7e466e4c059ae8103f8bbbd37f1c2a84adbc552739856989	2167	7	pos
559a684127fc4ece54dc5a70a97f71c21a1ee5ce7e432b26a22cc1c5fb795a8e	2168	2	neg
37534b0dc83e01b3b7d08cdc4fce90c0f3edceb7c018b7ef8c3801b006a15e10	2169	6	neg
be9fe2a83a6e4838cf82f30b745874ea1dee3294e0e137d16cc6eda388f102cc	2170	0	neg
2747f13d4be3e8e1977ffb502d34408fced6be89b73bd723db9a0ce8ea0cd231	2171	2	neg
f8651c90f95a32139ca91d7ac73fbadf9600382cd3f5bb0570100c56bde24783	2172	1	neg
504d6eb2e1792a1d4c6cd18ccfb29b610de06617ffc26c30d9deb4dffcddcccf	2173	2	pos
c5f1e5127ccf63f8bb4ecf6905c3f259a9ff3cec654998e1f10bc59415dc51e3	2174	0	neg
f067f707e6c1d0f549493c5f8c210029d3ca6a82dbed9a0832bd99666367c838	2175	7	neg
a1782887fdf5c684d2d7fc869f1a7de7e9ee24fc7b6d437bf60852d670535a2b	2176	5	pos
fc429d9037d16d8c9a0e4322bc8ada0c1d5b4f673f84d05ca4d3949a7d0ba12f	2177	6	neg
d12ef171ff0999382d6ef4a98908edbca32b8a28af0f1bf5a62547629568e677	2178	7	neg
4da34066bc0303f6f8fbf5697c80dff0e63838a3d72e3fa15829ba06b6a4e559	2179	1	neg
2bc33e902ef17478c8bfa4cb5e3717e32b3b6b26d6f40efdd02867eb075cc49d	2180	3	pos
a626b322ab53fa0159916ddb34976bb544f709e0a5c789cc78e8e480d39fc1a0	2181	2	neg
90f2e3afa0b2553b84e107e5db352573615a290911301b778b644b6df6fde371	2182	5	pos
09c20279593d3c2a963c2c2612e30fd5cb14a61b8514d9fb955d947270e15b4a	2183	6	neg
8ccaa97e28ec8e039508af27ccf6ff94e90c175226a496870d4e86b460eba236	2184	1	pos
21b400c86714e2dc6540ff001210d0a8a3521a204a6aed1eb74362e5c47de7ff	2185	0	neg
f1923ea12092d22a5f9ff590ea5e5c2e2db2a72441a62be166fd545922149a50	2186	9	neg
12c4a1226f0ac3acd103b885bf9750100a3dedf89fddc558be37670dd34707b1	2187	5	neg
58deef2ea24b559b56179f4e590a1ba356a343380ef96506032ce3fb74b70d72	2188	9	neg
368e9c22a878715c167782a08e97bf016856feed19520c3906f0a406bfd13752	2189	1	neg
e3b95ebd5aca1d994995408d43cc1c5a98f758a823d175d2fc02f00b1bb47226	2190	9	pos
53d2046d53eb1172b1e7f7cc86bed4a5563e4e4dc0e777469b7a3cfd8d04607f	2191	9	pos
6740c343ab1f19f58c63243bf5f4553d0e9d98dce44bd0bb3ba5e7fb8e91edd4	2192	6	neg
2901124d977605c6c4ae14c7f55c299728923bec2324c8ca0edaae560de7f156	2193	3	neg
fd51ec7a4daf473145d5ce89c7295731bee120681356f82e6c2c8f56dbb3ae6c	2194	2	neg
f9c92979dd0f733186ae1fbe30faef104da18eedd8f88c68ec451fa1fa6856a8	2195	0	neg
68017540ed0923619705f0b3f1164d6690f4a3dc2b84cc893a8446539b969dc9	2196	0	neg
909bbac7c01bbeaffb52bc2e7937fc452e9698bd8afdb5d3503bac13d7ee0072	2197	2	neg
0058fc10c2f2cb256e270770d1b4caece104130964335e20bc432f514fb67d7b	2198	2	pos
1852754dec664893e2f39cb95e210be937107d28c2d9024779ae5fc7fd9efd8c	2199	2	pos
fb2a4c2b74b0db4b935dbc097709a652e2130062cf13f3fb7ad86b1ab1f42d6c	2200	1	pos
a242f1a6efd611dc14b83029ea7a2b70923693af95f055904cb3461ceb116f14	2201	4	neg
fdbe95f412171321db9a9edf3550aafaf872c758e54ef733481e9ab4633c2daf	2202	8	neg
ac65536da9b1452f14f5dc8648fea59eb60cdb94fb667c650ed33a98f1d26cbe	2203	7	pos
a80ea38afccff94ed93aea4230440bd86891b5c2a47c53b04b76ecb640ff8302	2204	9	pos
6ee9e0a77c4bc67f287828e53e4f7550e4474dd5069d9f13db4c5c97fef80292	2205	8	pos
39e8922b74bcaf25b88fb08c159f52ef1d3875ea5c561a8262f9db51566be530	2206	4	pos
ff3e31049eaa194c95219afa1215dc977de3b4b4fefb9fd2becc4b568725e409	2207	6	neg
8e646b1f3ed8ce652d279c25316d7f15a90e36cfad863d79b34746f94d3304f0	2208	1	neg
f1ab38b33ed6dbb94e0fae92929da827acff8b7e1eecacf809c95bab9e88ec1d	2209	3	pos
b619863bd4c6b9fd70f0d3803b289f72f7341d927d2dd2c603f22f4903eb867f	2210	3	neg
2d6ca299efe88c37d12f81fc23b685d907c54389a18ee3a0a4ce97bbedacc50f	2211	8	neg
190f5e49f6d8557278d74dc9b8257b9fa3a5ea379c222249d590f4caa8695ae2	2212	8	neg
2144ac8d82cfe8c489e0412f517417d326f2350566b5863a6a5d6fa31b917695	2213	2	neg
b655d590c2c40e3c809f15229fe9d3c8cb8d8997c91839c52976926ae098dc0b	2214	4	neg
49886039fcd01fb193f9b0662cf3f24793aab6982e1d1e62b09fe512a70a1742	2215	4	neg
46a73418ac1d58d854aaf4f573bc6afa03b7b4fe1f75e2bdcb531a18bf9dd995	2216	8	pos
4dab4b7956e5bad8b38bf0daba57b10fd78e3618df0a14c324e12ba443dff2b9	2217	5	neg
e94469fe3a5a905819198ccdd5ff646751bbb4a760c9398d4a79257fa044791f	2218	3	pos
c039cc8bcd5b555e3655c618c8c78d94851feffdbc7245df1e1e009e840d6642	2219	8	neg
192f7f878ac38a8112e227c3edc1e5fffc6c28e73bf7d3dba1315aa6879d346f	2220	3	pos
3cc4f6cb76f9f7a7244ca8c3964d2d3e8fc7b7dc4c95bf367bd1a9d337d7e6d2	2221	7	pos
cfdb07490c59c9bc7d847b0e282e3bdbd1fa4c84d5fb2f8c2b04a605ae669f54	2222	3	neg
a47b0f0f5709dafc043b61175619ae7f9cab360bf2af290f1766c0b8b7c0eabe	2223	9	neg
de498b9182bf51415e5f8f26f260ec9f0906183f08116195bc60a87688efa857	2224	5	neg
99d98468cded70064d95de8bb42897983b14b963c39ee701751e67259d805b33	2225	3	pos
1946a436fbe74cf306e0d5a9635c06492315ed1a190e8ee9789082a089eb0c2a	2226	1	pos
fbc4ec08d81ce44979b3c0c38d0377c1d29442f8c4f5bbca3f4bbf7092c3fb72	2228	5	pos
ef098005238fdad029a0f22f933c6065685cc7bd17900431a773ab421caf2d73	2229	9	pos
451a5333004ee29047da12054aef4ecb5039129d2108100ea88295ae553c4272	2230	2	pos
4cfac94e68025dbb7bc8b77d68a0b17c6fa382d1f53a66458b2591daaec894bc	2231	4	neg
c3f604895858045dc53407f033c2f329faef25a3fab7795b864d40e262daaaf6	2232	0	pos
550c333b77b6f9f55c09a751192d45a6d507ddec0714bc5508277c7950d7bc79	2233	4	pos
837e175f42352cbfd2804371af6e37842f6c64f2188a1af103e53aa881697ef5	2234	2	neg
ff6e72e2489fd138d3fedb0b2aa6579ff5913cca556bc6b98a636399f9b70e84	2235	7	pos
36a890ce836d3748af684c791e6ca71ce870f2731616b62f2309a1f1dc4adcc1	2236	2	neg
930a917d1c79988e7d0a1dd52c64f72348edec4e003b71c109dafa49941a32d7	2237	0	neg
37658db3cf81a8f76a98ea53fde5e8833ec2e7b66d44f93b827ee603d14cd531	2238	9	pos
7527dff1fd16015831061d282a40a09d6454e0f64e157d67f88baecd9670fa02	2239	7	neg
6a82f004fb21ea82cbdcf506ea3386d0dcc6689c2c984fe3e0565df115f92a73	2240	9	pos
ae3795b38782de75b9506f1c1c27cf1da765db15c738e73e08d0871d81a409d9	2241	4	neg
0634801ecfbd21989a91269e3b55131c8a6edc903907b0ea0ff7edba5d5edbc4	2242	8	neg
892b7308d156c8479594fe49cdd2dbbed08e91b05c4fa90ed2c6b1568129e4e6	2243	9	neg
481c71418d1e5f9659c6ea20f0f1dd75beb65e60d7301bc7c1e9751fb4e3095f	2244	0	pos
4b335485530b7935acfe8fc6e0d700583b705cfbf6c2a7fe0da652d75da44a8d	2245	8	neg
cac78c9a030fcbcd980cd04da9825fc2bbb42646ca9ac29013387f5f74947122	2246	0	pos
b4030b4dfb8f0d2beb7d34edcbb6bfd183a84e023898de28b1aeb20280bb9239	2247	0	pos
a0102eb4e40ceb78641af385da9d9f49a8568a42a4f3480a3316ec106d27152c	2248	9	pos
9ff0d98acbf984c3527a7c563a1d4e6fd992d2ca20fe512c2822a7e0f83a3e79	2249	2	pos
8ce85c5ed19d85945d4bf655010794a737d4f77b381325a61b885f06caaca43b	2250	3	neg
a5bc1397bf37b34b11f10ffb64c8381f5b07d72987b23e124117b05dfcb9fcce	2251	9	pos
e715744eb98c9f0cea21f2883af7f68927001b2db8de8cd2f9a7dd0df65820cc	2252	7	neg
022b8ed2374a7e0ed9c28b027af1b4975ae662a031ba485edaaf0957e4ca1ff0	2253	4	neg
712d250aec77a620e9f96dfe58e4208015c205867d59550df136f5789cb09dc8	2254	5	neg
b44125ffbadfc718f92bdf5971be9394ef379f949a16b643b51a2d6d19c0ee1b	2255	1	neg
9b40adb83ecd5374649d3f3f8b9f826ecf3c4effbc2ed2892fc89126d0aacf60	2256	3	neg
17a73df861df9a9df587f00a5a8f0dd27ebaa496519da9ac2370fe3944b64ddd	2257	2	neg
f2806f0101fbdfe01913508292d4848e5c3d491c8eb72a6782d7f4cc834b2e2c	2258	8	pos
fbb3a36202b05a46b7dcf702741bd5decf303b234af40b24a03b4095e3d28bb6	2259	7	neg
a66f18aedc2f95bbf27305b34b17caa3071834d5074be24692e16bd7f799d15a	2260	3	neg
3b749163bbfeba59ede1978b4fc9139c7dbe4a8efc9c62daff03bfa5d72ca922	2261	2	neg
d6743af3caf8f8664f8726194eaec12fc55023b585a5777dd7d14f5d99ca7090	2262	2	pos
60e796a9a1fce566779c36df8a6be59542d40cdea933e16f1e0f7983e298aee5	2263	9	neg
5e4de4c1f9118a6c51b6171f45e766a95b4a1e767546d7b86d35188899d81e15	2264	1	neg
65660765682c606262025da0fa466a3f504054c8606f7bc0791e4cd3ae855fea	2265	6	neg
999bb749b979bb72b74abd335268776bac83f79f3d96d55c0d68916594ee0899	2266	6	neg
e75f1af236e40214f481778151da07f5622240d3515a9dee0e97d016dee68036	2267	7	pos
e68de8aa987cbc90a0f6a715854ab9747eb09ce0e45f04db352b794c533a63e8	2268	3	neg
46837f2f8877c35f7ca4cf68bba28cd3e842c6bf865e2a634892fbda39c1da0f	2269	8	neg
b1457996b78e613ce4064e99fb189c46292fb93dae9dd0a24561c35dd812141e	2270	8	pos
6d297e9ca055bc7b293fd4c6aa32e104173e9cd08f932e8fe3c719ff60702dad	2271	3	neg
5e790861644fef2bd1420364c6cbb211b418b63c604702757f5d4ba8661b7c18	2272	4	neg
86c64313652ced2a3a76c5e2be99427a51892d39d061db103ba1f96e20207b9c	2273	7	pos
47b0be07919bb26e0d8be2eb201ce68eb6286c23b0730b16355e15a073f81ac6	2274	1	neg
b5aa3d109df7eb29351a4b990d3f6e814a129ad4b5e124a339f85056d11266ac	2275	1	pos
68e3e87e284cb2f2fe50cf0e90e4cc999db606bd257db1ddaf496d2c4661ac22	2276	0	neg
9df050968004e4ceaa1ed0037760f6c8a902fef695363a2b23d2ec5358f04fcd	2277	7	pos
39fd79c882d7217cebe24b15c18727042d3ce64d58f3723ce3abb4e9762e419b	2278	2	pos
1c41ce031d3020329188b0328d96867543273fe5708efda5c432ef85e9d51dfd	2279	3	neg
9ace3af6d6f6834a97f8e999469afcf18215334290fb8f9bc9f4448721d63f8f	2280	0	pos
fd703d86d30eedfb41756c05641f7947316d2a6cdd2058747044264a3e86d7e9	2281	9	neg
552d9eae344552b67762a816e24dbb2701e08dc2c894151bbe5ea46d2a770586	2282	8	neg
c7ab9cb4a0426f293239bda6b77ca4259d358b63c21aca5f0cc17505a8237198	2283	2	neg
5ec94631edc9eb2edd76fe188c61ae2ac7d2c8c59f7797619ec4437a6391db95	2284	7	neg
e6307e1ee620cfeb93eb965d7e4cbe5408e62fb19940afe9f9f9aaf25b867dad	2285	4	pos
32b739780d176873480d6d042eede3d901c06a9c6a645bbc0464da66e9920aa1	2286	2	pos
241c3da54605c24dc771fae82046a278cc2bc0bd18c2cdefc4844f68393ee1bc	2287	7	neg
fc7306707f374b66a3395d2050b371894d452961723a6da96c3fb47a2eedf860	2288	1	neg
bd95ab43fe52f95f78a1c498466640baa802872e5490212cd5cab9f13ca22e67	2289	6	pos
116cbf3e9dc931d46084b33fc0086fe72835fc7c187c8a1d8d7597745ffb2711	2290	1	pos
a9e570c71cf685c547fad893644b9f1a6a4dafbe7fec56644ea1505b71107849	2291	6	pos
7b4c02bd8c2f8c4c363ce324cf52dd539d186a0347c89d03c7f55eb25639aadd	2292	8	pos
caa1678548fd420f796c7131019a3e466def4ddc7e133573bdfd10d73e02e395	2293	9	neg
581eb780a4e42aae48438d11c850320bf6a4d823e9955907a6c146634cf72c83	2294	5	neg
c99da6a5ab8b8011aa3a5ab9626b5a376e8d5ff7e926a99fb1af56b929ac3b59	2295	5	neg
01fc399c0e5f19e958bfd2e360d2c24d7d0cb72be81d10fd5d1b9725781884bb	2296	2	neg
6489100e45f4b07e263edc90e4b86868054383372fda0a155e2e57337aa38e12	2297	6	neg
22ab0318317060974fc52cbbab8c0c9b9cb2f25d7e0397732a587d573e4a071b	2298	1	neg
d46d9bdb4b4dd9c0c0be9053584bd4c03461c4f0c3965e3205279fa6676990be	2299	6	neg
4cb6621082bada1a1a1e7fb8cde5f20a3683ae58d9e79795d729784e4033c346	2300	3	pos
486f7efec3f3097bfa4975a442f467d545fa8972a913bdd09b63c9d5cb6f1385	2301	6	neg
ff35b3de238dfcac3fbab9daa84c2d04c76ea693217a767a8152c51ec51d2bd2	2302	3	neg
73aecb19f050edf50259ac40b00ff8f134f7b92b64f625356f8819f95c4fe0db	2303	3	neg
e9ef9d1f0d865aca2a49ac2fd5d85dd8b250461d9d75fcd1d666dfb2b928749d	2304	0	neg
5b3da818b392402f6276d550e40848ef69704a535fd5fc0ea78a10801aac844f	2305	2	pos
b2fe5068baa3c34938fbca7b18933cea15389ef48a0624f6bb0e4d8a560dbec1	2306	2	neg
1d029a8fe03475dcf0d6e6c86645f1c527acd717fecc23611f2230ada5404b57	2307	3	neg
f2a6805a9331a73e269745e3fc433160681da04e3c14bcec1c4f9831d338cb4e	2308	6	neg
1df50e1c680affadee702df2c3e80c26e2bd396c7cee2a95a903b4134f0d2941	2309	1	neg
1cbe22deee613febdb1c8dbcb8d444f5e677f37b2163450e18a2436b0416c45e	2310	7	neg
914c6545bea3c0ab53b02994d69f3984f5723c70817c1c7d7e4bffeb06fa3db6	2311	7	neg
343aeebcf73267a10de77abc2b803349204848164c339d5a1e9fa6ec68f790bb	2312	9	neg
4d2cdb34d425074588fe2be3a4e2df1554f55d470a6a2397e3265831b3455554	2313	8	neg
f747a16ee959323114398a4532786ed3956c0ceb85f4384577be800db8311b77	2314	6	pos
a3b55ccb110bc79397cf838c63b7c2cc49146fe7f8a55606670f53fdf9ad70c1	2315	4	pos
c28fd83e21c40e92a6b45a5e6fa5f949f04f8e0e5449deadf2197a60dc44e84e	2316	0	neg
f94ab5a46227709a1f7a20b0fae5393e676cf5061583b1867ed9047a34dd77e8	2317	8	pos
7c90734d90244e262b16c3b4b6f85a7cee02f8afbc91edd5bc5308ae57e9cb2a	2318	0	pos
b27f86d9e3d7ddd9153a54dbedf7fffc69fdd34f40ca39cb71826bc938feaae8	2319	5	pos
98d57900e29f842c552fc6beb5851fccb8536b7d842b60497c99dc9b1ed1a834	2320	6	neg
dc1c3f187a55b0d12d163931410f9d254e89d6041d59cb3afc855a53679c30b7	2321	3	pos
8b97ba24c0bc196183592be8a076f313dae3f0b9f0f12060d3721a36079ae6f3	2322	6	pos
235c18e94e4d17062712cd44289ac7d0c4bf1c02173ee50e352d8a71a40ce784	2323	0	neg
a7a64a8cdb9130dd6a4dab48359a3ad7e91237807c7a830c26f3b450a12dd34d	2324	9	neg
22ac91f64c56ea4a4b21fd6b9fd07667b5a883ac33fe0dcfa463fa21f9ece14d	2325	2	pos
16e51d44c3afdcdcc767874cbff87fdb6e9d464a9935d2e93e33d5a31bd38aa2	2326	3	pos
1fae859f2e7d8070ecf3befed3f426c464aa02bac2be1dd80092dc4614230fca	2327	3	pos
ad91a55039ad20859c6842205904fd488ed5ac2f24b1a81d5aa0337efc2892d8	2328	7	pos
8098dd0003baaaea940a13b70c83d9fa1db0a04db09d8d7563c2e59858d7e39c	2329	5	neg
39b20b32867e81c8f39a1a8f3cc1a8d1aa9bacbcc5b40548eb0bc7db72ccad59	2330	2	pos
1e819fed393fa7ea80315d30efc958d9e4feceab4d02468665ed66bd080de90f	2331	9	pos
ee61dafb7f626bdac127e8f1fc1abd589db540bc53fe502eaaca32a0c80a7543	2332	7	pos
d1ac25b79275f6777a3ee3fb5428d6904464a8acc16996ddb310148b68129b77	2333	2	pos
a4d51d783090465bf87365c3f5f46d2f93b6e60b0e2b93b3e82ddef84f0d0826	2334	7	neg
def4fa147ac68f8a96227558221608bc5804c608f116375365b9f70b9191e4a7	2335	7	neg
beac122a7344506014f06f2ad639ed3783a4d12a01c2d1157ee2e98ad3cd30b7	2336	2	neg
5908a02686587525207e35ab0ddb46b6e14dd8737cacce281b06b5827d573f21	2337	0	neg
2ccdea4f5d7a2220dbf590408026b6feccb829a83b7822bee8eed479bcd858a2	2338	1	neg
d4876b03e39fbd570f3c2fb36891418e4a3844f9fce99e6c9543fbfd7206b405	2339	4	pos
be4f3cbc550078e24abee2ac1dc8d6b3809402033639e0259b593b88f1c1ff30	2340	0	neg
687b4cf46b43e5642a14ff3aff8e05a07aff0d22a95adf2c58f1b8fe6f7f32c8	2341	5	neg
1469f7ee9bd5a0fba167e63f3162781cb5acf1e20629d5b5d016882f3b2ffe8a	2342	8	pos
0524cddd0d0bd986b50c482a9b16c977d2f2fc4352b84d4b5a1fb36528cc58c7	2343	2	neg
5e252017f957971776c6e1212492b1cda48462cc25573b1c34997dadd97b72a6	2344	5	neg
4a1dbb5bbf245b3fc342f9792e4bf9e44133ab5c3a3a01206f80fb73f777dda1	2345	3	neg
b8a1c73cd29eed8d86b9343a7989f0eb14c30d13d7c8f589617fa0b4f385fdbf	2346	4	neg
c99cb9510df77cc251c52956f68453c16b9f2127edce0a1ba4da13e6ce118bee	2347	9	neg
2f7a2a4b4a1d8456d22cd3728056600f3d3486ab60bd73303c837921c90bf608	2348	8	neg
912f4d21e4cbd62573f679adceb3d2052fc108391b704e7c3f35f3c92aee5ad5	2349	2	neg
43af7820dbc45eb3fbecdf0bbf07310f0d98f148e27ba74011c9ee00e42d5189	2350	6	neg
fe061e2abda5e84ed812bf041cc6bff79f24b622a3f1329748b414fda0fee4f9	2351	7	neg
cf066044e6cf5158ea331b7653b516b04ff02ec0630547293c46407053ccd7ca	2352	4	neg
ef653a5689039f8e4f1cbd3cbd048152af6e84d95a97e8404a55c5235ed25cfa	2353	4	pos
17df714cecaaa30fdf5555a741903067d6bf311e72c7aee831084e43744ee5be	2354	8	pos
05e7b229dde83bd61c9102b7d76c8444e963f42706df2e9a1a6d0d605240f33e	2355	7	neg
941a69e6374bde0626b25dbd73421847291705f12acd60210c29e22888e152ab	2356	8	neg
de0a3042079b3e679ff1544ff3c2009f7d8da38f429da4304c486a9677144c4e	2357	5	neg
5fbc04e0f35456103f0b927484a8dcef44151109e3d4ac91bc88055c8f93be63	2358	2	pos
8c65ef3a0b437380b9d190f4266eae00f7eb28f3dd59832fcdd76b65315517e6	2359	1	neg
5c1e950b5a78dce53e47b6a9b23e952e66e1daee9bc753e340c115504d2bed6f	2360	7	pos
e2975c3937a31492e4b2ca9c119204fe6819d18b3a7f97f04b9cbabd9333e8bb	2361	0	neg
e295e8319e3448b25752370b2d9f6ec48aeb61d3f0a2b38f93d3a8d45ab80a5a	2362	0	pos
118a59517baee4a05445c60872a6ea02f29a67536bfaa6d451e476f7c7b1ba17	2363	5	pos
8a1580205864763eb98070d7246b81a2c4ce71278100a00d07ae994fe0055315	2364	8	pos
53c368e041c18da5f364ccb16bd61a96470ee4f1caa6e120c9316d248319176f	2365	9	pos
3407204bff566415f45498d9a0d018cea59a3fb0ffc7793a58af5a67d16a1c01	2366	6	pos
c9ee80f86183644b4676c1d2dcdbb63a90c637b0ee27fb8fbb0af72ba0f8a2e7	2367	5	neg
0e8254ac68d30a481acb2491e30be0fd0dd434e84b9684fecb4fdc8a7e26950b	2368	4	neg
2795b71b923dd2e5a01840c47d7c862ed1c70ebd47335c4e7ad1ee5b42a0bdb1	2369	5	neg
d4e1e109a3c589a8eb4baec6b0ce20410d47f931e3e2542ec75ec16121d7a9cd	2370	3	neg
8090098d14c71d4c2ffb32d8fd2a545bba659a7c51c1b86614ad09a036388dde	2371	1	neg
4fc9d44c5f3f6ce4ab60d1349c56434dbfd519095b133736977a37dfa70182d2	2372	1	neg
0be74a82d89d5ae360830d413ef1d347a25f5414116e28243240b6e2fb3477ed	2373	4	neg
3e3d08f3643b9f8366cdd87382f782e5fc94f8dd07008a3a2c4bd850c962ef5a	2374	5	pos
f2033e60f49ac218377a42ae720f2e37d4febf9c52d1e42fd19b62ef59d435bb	2375	4	pos
3ee3c8976ec120b978762eaf4961518bc09e1e78d7616fc2979f5cb78b090bb4	2376	2	neg
937d445809c7746dccb471fc6da918c19693b973e377d3f50d3a3535d610ced0	2377	5	pos
a768d5eb16e3e8d620400b9c34840fb9bfbc055e282e4ae4e534ff60651cf028	2378	0	neg
539b14beea5d7d7111da493fcdb9aaa136cb9199d20fd0c0e29129afd17ad24e	2379	4	neg
df5b5b21361fdfb80d75dfbb507bdb2c05fc71da75476f244576615ffa5e34af	2380	6	neg
56c58a5ce9460091141ad3ffc3ba985ffe28a5b45943b26fbad279ce36b07e82	2381	1	neg
a1e95f7e3fe50c7c2d5203e2db0b0741905e8fce6f29df736d6d621e97c936a0	2382	0	neg
ddbb763722f89db070fb498237415df4f08bc276677afec3798ccd1f85a5a83b	2383	6	neg
d701d55c522fa4687c7112118726e82b8d185f02915dbdac40fcaba24ea6d7b1	2384	5	neg
faefcccf2a602210275400aba69acd3170b9be563f348ca54c6ff4d2b07e2201	2385	9	pos
448663bb17bfdec99603e4c60826a6102499e4d218330406ff5d18e1a8432c29	2386	5	neg
de1da4763352ad1f73c472ff1af458494179c75e7a4fd79ddd47dbad83c3248e	2387	9	neg
263d089b4cdc0efc9133d3f8d6d196905fbd20661f241326e377439e47e8058d	2388	0	pos
d41a898f0fd4f11f58afb84b05c0dbda032c6292d583b2e7c12c48bf6eefa0ca	2389	0	pos
2bb3ead70df2133c5c3dd6456616d0a528fe6de4b707a79aff4bce0226acc511	2390	3	neg
6a032ba569ec3c10b5854524b14236b40a1dac4a939582d907abce751c1b9153	2391	8	neg
9438ab1a65c98d9ced5887fbdef6f74ad36b9477a1526538a7732049b71bd009	2392	0	neg
68a21afb9a59492cf185f42bdabb51f3c07ffec937e536b3cebb428da26e46c1	2393	5	neg
e62974ad29f5b4362912798e176b774946e9b21b5d224a08811777e9fada4346	2394	9	neg
198894535d3c0c7043badb4c3df40f1c533a0d18f53474677b9fd9968b19bcd5	2395	9	pos
cba6f878a38e72c532fed242580694376d0fa33612dcf8c70070fd1e4d3f01e2	2396	4	neg
6ed0d64497c122dca4f02fa1a81d6110a23de00e988ce5457e99e5769a9e891a	2397	1	pos
2d025aa06c184bfc77a689d61a78be33f3c4f9602e61397ce2d99aac8be67c74	2398	4	neg
c720557d2c1793a204a5e424c8b4b6db2f2efeaa0133d6d8ddca299b46f1c4dc	2399	0	pos
64c281f0c6d636f48c14310e567a905ec9d21cf1111d77058f082d045386452c	2400	1	pos
212aac92407477d13509b1cc2fe4001b15c9b3657a6e4ce8c7bd131b80f7f4ea	2401	1	neg
488f90ae3ebbe24c55150c83eb10d12ab129607dd3e635db152cbf055faff6e2	2402	0	pos
07eb09c427239931c739c3017f0814a25d0d02e0cb3c0f951aa10f315c38fea3	2403	1	pos
c95f9755c3fdfebeeba4dbd70d529e6468ee640febafb71be42c8ca006ea5697	2404	5	neg
23c72d622c42907e5fd9418c781d158216d16c954cea6324ec108a5fabe4fde3	2405	0	pos
905f18cbc55dd277fd94a80eae581d913d1d083e5067dc2affd9516c5fa613b6	2406	1	pos
a189b62b4dfcf59dae39b24d569f15ace2561bb1e48374981cfd35c17aff5020	2407	4	pos
2e8c4d7b3ad3edb80270abe54c58cd22ee89e36cd3089caead0a80d554bdb048	2408	6	neg
38152ff074df978c3df91b3c9b7b8985353c8ae0df36c8a9160bfce6871adbca	2409	1	neg
7e0cca03c10dce9f22b9406e99fd72ae9a42ce5b40f2c7c16a7b29c1f7acd830	2410	1	pos
df58810f55ac0cb349e6b067a6daabe54d6201c80ccd8a1df4029526429a432a	2411	6	neg
78c1cae504e569f09e29048f3009abdb4b19134046690147cb5aa7214317296e	2412	6	neg
771ad65449847e12c79cf2afee4506b854aef77f8af8efada437e02c47ff9639	2413	8	pos
4809305bd15cab28fec1f66d5ae98b91612a0df0638ff5d0a80e5310789cf17d	2414	3	neg
a6b16c84ff3429f5d0f34ade42bf35dd78cd73a8b751c78c5812fb50e9756b9c	2415	4	neg
306a8236aae9d2d19f2b27e15fcc2d3418e1a09afd4b6c5c4e59b5190ce1deef	2416	6	pos
3f59185007e8b42bc032eae4f9013c76f095b2b0ad80160a1146a4a27dd4ce9d	2417	3	neg
69a7cb5956795766b38056407141bc46d4a904f210c6370709e15bc239f27cdc	2418	1	neg
9f532d6a606942133d9f256d4bf9d1106149ce226d362e0614fb2e93f5f22327	2419	9	neg
19a432beb66780a9f4d277e6f67e47e378cef12187089d8cce0d2dacdf0d166f	2420	9	neg
7369970329bda064cd2c67d8f30a22e63ab8ad577608e4ac7745753c190c1086	2421	5	neg
2934a13c104f4d2d632fe0230b20b7cff111c13864143314f121cad61fbb5c10	2422	2	neg
a17e4831c1668f156b72195e1af0b765b6293baf3de6f2d90e413e144ad75bd8	2423	8	neg
b4fbd8930b1ee009f5473c954907a21176e37dbe3cc124fa252d2d641362417a	2424	2	neg
bbb7325dcd9bd8f9fc8e9896960208897e98077b4714ae2910f90c695f1a06ca	2425	7	neg
34dc5f542d3ac39286cf9eedb2fabc5e9ac4ab55107823219e9b792e1320f4f0	2426	5	pos
c03e393cb91f0beaa879cc08ac000535f9a582e3260e7594ac09d825c19d87c4	2427	8	pos
60eb70c988b7259b088b9bdf52354b6ddfc5ce83ce05ee862d4f0d872d7b515c	2428	6	neg
35af926ad7a6b842947f758b8a712d9eedd118494dfab421fa0266a01c6d9cd2	2429	5	neg
512a4debca418083624f3d285d44808a07a21144a7a9940456be4d377c76562a	2430	8	pos
7fdb07c5135b61b66221d3721eeb4685702ea1c58ebee8455d9291cd7c6f1307	2431	3	neg
544dce6308a1091aef3be60b32aeceabbc1f103b5b07a4e1b5c5924aea78ca0e	2432	9	pos
9c9631f6f1dd27be13f8145ff9546cfe947825487a7e57c9ca76602258f8ed0f	2433	9	pos
1f101076aa29690c3ebd2b3e2f74a08b8192d0a15d73abe69ca49fdd05d2b99d	2434	7	pos
8e9826da3b50d32ea71923742890e07ddf28f53c827d91112efcd8ec3084fd7b	2435	3	neg
cf9e79c5bea45330dad83ab8bd06fde2b943176b6b03c318a0a570339c7faca8	2436	3	pos
9ba5c0e5b18030a2028657ca4ca9fd70ce28f5e01a08316e45d378bea1977ab5	2437	8	pos
0de3466647ad15e69ea41f12d60c6fde9c945f230b7fa4f17dcbecf11d50195a	2438	4	neg
cc0603baa4c10176baebf3b03e4493562692f2a21e0903fc088745a2edef7bf9	2439	3	pos
d7ae5d846d7c39eead5bcb6ebe103550091ecaddeee8d3ba194cffb6eb012adc	2440	7	pos
b5ad04b346ac738bfa8e39bad43813d522ce6ff71246764078bb2b2ba4b6b76e	2441	7	pos
c91135fe2a1cd351822a7912afea4d89e5fb6ac6338d5c45cf5132508677fc7e	2442	2	pos
14fae66fa83109509a398afeec7180cc411c9c0c9ed85ffa1dc9a119037c4e35	2443	8	neg
eb8c07d997c71a5e306cb7b45571f86d93b148822eb13bf0e013778c42688f91	2444	9	neg
61d12eac4f95bda5a991a0a80efc4a5b081814e6355d84be9d307f1923d2be9b	2445	4	neg
eba18c758943b2614cdd486b1d0e619a6848193957157e279212a9742950040d	2446	1	pos
7ea3fed2cf193151d3be7510949183bd5e5d1d40b9746c22e20bb743ddf08adb	2447	6	pos
19b0e52142a2165bf9a6cc8548b9adcd2997b8534e124479136de47eee51e191	2448	0	pos
20102a7c020c42b7044f9137f19fb17e7f0bad5a310790c467f1b3966daa6fe6	2449	2	neg
67602e4efda97f022ee9f4df15eeda9c5b60bd235e29aeb6f6ad0bd8640379df	2450	3	neg
c145f5b597ac1999a56268b80c4539e743abf727cc1fef8f88c321cc1a3e9d79	2451	1	neg
e8ec576f7d5000774968bd410820cfa7b54805368e75762d30c9a02b54a3afd6	2452	3	neg
41c1e90adbbef402763bcd707fb14578fc48536f94abc55e646008316cf01b5d	2453	8	pos
80800b0ba0dae7f495272d7515f7dcd813ccb12056f72c37cc7d33f33ce4d656	2454	8	neg
2ba17902e5f7b818defb3d2a3cb570c5869312d68b0f78fb4bb2dcb47b022436	2455	2	neg
6a79ac222d33164c5843cf518cd14fc002995142f2b8786adce0ae3ca4a50b07	2456	8	neg
15564a44f16106996ea9631c0f478653199f2e822ff354ad05a7e396c539bd87	2457	5	neg
cd68bccd66f03f94f29abb3cf30e6e472719c8f6c4ddae7d7a6118c81908d96d	2458	3	pos
b0f45c8957a226d14eb781d69f42b62e16e6e735cbcdfac13e38dbd37cdc3066	2459	1	pos
fd88f5350f5d40314df683588a3999184a86a81d4551578556f09ab8b346bede	2460	5	neg
e073343abc651b2105526ffc4a021ee68f6387b5264c50a4e51f8e0684c4931f	2461	1	neg
bf87ae75125940d3af3d9f1f45bf32e6f240a64e790e1399921f39ff3e7949de	2462	6	pos
55850b51d54aa1f8376354344200fde42eb0fa56c5d8f6185eb5fcfc1afda48a	2463	8	pos
c947fef1c3f5579140d3bec738fb14660f743aa4029d58f458234ee0cc61c113	2464	1	neg
cf64546131900607574cc183a91231dac34d36b9ef24d9e754a85c0e63cd6632	2465	9	neg
062b343dc751783defb2cc50c462046810ac9a556021b90385bf423f39793419	2466	6	neg
89704d8f5dc33aeda1a69cb37a1084f7602f12e4753dd43078c8e120309c3f6d	2467	1	neg
8149fd48fec1a99af5b8b3a1aa9b849475d74ddfa673f29ced5fda482c0761d0	2468	2	neg
7b01edcdc912ee36f27ae3e958a15cb7d3c1a50749c627831d25e7699819f57e	2469	2	neg
fd1299e862a5b9253872afdd14036c406f4691ff15dd8d4f2da77c9c3fc3a6ff	2470	1	pos
21019bca4c05b9b8c269de186fbc327e81770263034e44e77e280a6e994f19ca	2471	3	pos
c2b18c86ddc3eeb833f44d9d6c846c354514f18d4d2d793833c019f411e08d98	2472	4	neg
913c6636170a37d6f991b55a70e14a596eb066cbc2d1dc9d9d5706ffbb473b3b	2473	6	pos
60b57b7649c287cc73c2408fcb169adfe9b3c193c1ae27dfffd14af897855275	2474	8	pos
782caed67d590f88d1d10473f5837f5faaa79a67ff9ea425f556e412b359e1d9	2475	2	pos
fc1209c5296b7ae832cc57b3e5ad72bac620257f77b82f65d2b01499fcee75d6	2476	7	pos
5fe6d59ca220d7ec0143e362cdaeade8cb921bd163192c19f6ef44a2b30c6cfb	2477	5	neg
eb26a5f27fb3fbb6590925ff29e85338f84486b7947970256ec5a6a42005b084	2478	6	pos
0a614e5a6193c77db6355f6277bb1483e94563c3eea0c7493c7f7b66d85823d7	2479	9	neg
6a18e8344aebd9093ac60e0c63da5181bfdb1ff47c0b3029380c9a5f7bc500ee	2480	2	pos
70955dd730520ff4a7ffcf4a86ee6be1b77e3a851ca2ab2e3c268f0c980f044d	2481	9	pos
3a544af2be2661afcd8028ab3e127704c3edee53680e5f6a0fbe916b103c639d	2482	8	neg
42682850255ff9bb7bcc2c4db4288f53b387147fff3e8831001909e4e258dd07	2483	0	pos
08120533e59c8c2228654cb36e72935e34f77b3b12feb1d2d5b75dc6e5a8746a	2484	9	pos
a87a82d9b74c5a94059dc60e5ddebccd247368739f86812eb9f6f1f620b31e8f	2485	2	neg
2b1867ad9a414b3dc61c8d63a54470b4e5048bbf1455ee7386437324225b78be	2486	7	neg
de4e2daca136d48259ca80d2dc8a75bea2d66f0b285304e3841bb6da0c0ff84f	2487	7	neg
695d6744e8bc6024ae7370d56ea97998beb48758c960fc3b60b9ebc06d1435f0	2488	9	neg
08987e372995b01d1b7c1b429a6895840b93215652ae97e4fcde879bb46b17fb	2489	9	neg
e6590108134e14cc8a5fb635d0cbc98c5e08cca2630381af3d30fd9c37de3249	2490	6	pos
ae02a4d32ac4b815f70e1a08e730c5a95ba2dae26f65056c54b2af3ec086d713	2491	1	pos
c7e8841cc6bf8e12b79bcfa630ef8790a63d76a0dae8de7d0318b064cab782c3	2492	9	neg
7cf2d35ea0b201b35def909159e30d8a6f13e4025f9a7acb364bf446287b8d66	2493	8	pos
622a242606c55facdaa147773922c3741f756bbce50653b7edf6e79482763f82	2494	4	neg
fc3dcf1b0ab4f7f21d64762c8f5020261f9e3f40f8b937e4ee5d877cefa80731	2495	8	neg
caf7af5ae66a73df9d68c893fcd85d0633b5b9b4a97a1d64ec3f5d180ddb5eef	2496	5	pos
2a01c2cbbefa9cfa3115920cec9ebb438987e304bf41c32d885da7d9f0cb6a79	2497	6	pos
453ae5ce383d00d315dd666856cdfa354a25adb11605e69c647da6615ffa9b8e	2498	7	neg
fb72d1cec58d2f6e4a82a1f595acd073511ec3f4493acf24b0c78b0bdfdb11ed	2499	7	neg
219139d11fc9791db4d5c3fb31f6c624098f3bb479612ade467418b414dbeaa8	2500	0	neg
7e132456fcf85b1bbf589a470d60f02431b9f79931f76fa53fb89148f89eb49e	2501	4	neg
f15638c33be5b1a327ac84660e1e3f152e3c18a3f1a701f66a7c2af3f2ea9d7c	2502	6	neg
c7e84cb381a3bb6fbb076dfdd14e4f1e24fe6ec2e658a087f0130f9f4f152949	2503	7	neg
2313153db7f1ad15aa80c11b22a30feb1ce074cf34e66752bf6e5b93ba574a0e	2504	5	neg
9e024c7274561dbfe36fd2da9444b7d4ad741e5fad4718bdd64d27b733cfa2f6	2505	2	neg
a56f86b4c67817926f980743c83eaa57ad1e22576ce9347cfaa1afb6da4d9d3b	2506	9	neg
88d38dc99ffb45e24175e9f0becbebb7c1aedc2663286bde04ce4667484e2e0b	2507	2	pos
f2d7ec06f4d97e662ead9acbef7e10bd50ab04c39759a70bc052c9ecf8aaa047	2508	2	pos
323e63d695acda4457c52f5a6de5d17467bb6318a74088d2affa89d554d9c8fb	2509	6	pos
71a5812888142dda9a78c37c86b83bec128dd3bf5de889b7cfb722fa1c006204	2510	9	pos
b269a6349a87b6110422d479175443518ae7f01c8d6c003be3c24c0f86d754a5	2511	7	pos
86e77a4188c43804f88b4db66678aa184a6986bc8171f32b3d27fdd8a7e3e7ca	2513	9	neg
cee0e835b9f76078c404261be05bbb711c92221705c209518c026923554c5004	2514	3	neg
6619bcbc4773126452cfec2257e07258ad7884613c8a91096719b8af45841f53	2515	2	pos
7501cb6a04ad6470413e4cefdbe1e1fac6a2cb2fcd5a0cb6610f884eaea434e3	2516	7	pos
42b9ce492459aba6d1023cfd383c918dc24c77d5b4b38dc6290144bbb7c29a65	2517	3	pos
71b8b0159ff54e4367bd1160ab4a5cf76595115de832ba83b6e4dc28fe007d2c	2518	3	neg
32bfe19735d8ac37dd8ec80875b16f4cb64ed80f6be5e93e37236d8dac1ee582	2519	6	pos
6a9f2692130937c18f27c1d1bef5b65d574d0976199191ab7207dcc5143c3e45	2520	3	pos
e9d1f4f87ae867cb1be239b122ccafcb781bf9cd4d4e975aa115a34eb92a7d1d	2521	8	pos
029fd6ca673217ec96fce959de7345d3dc3f3eda1145a3b2962bdbc96059e24e	2522	4	pos
c6d7b9d81f93e3e96b57b4bf937ea1fc5cdf180946fa3c5984f01a3a01a32933	2523	5	pos
d2ab9364a8df832c774ca958ef6ed96aef98dc8c2830f9ccad99515b5806facd	2524	0	pos
74a05220fd479ce57057520dcb6d06672f50c59f53fbc4ee74574f5191129e49	2525	6	pos
be3d49df0c36777cf05f25ad83d03e3addd63b7a20b66b2524e96bf97c33606e	2526	5	pos
8fb0b1cb92fb293b439d07741133e2189f8cd089f8ed24bdbfd00f68f862d2ad	2527	8	pos
13d334b4484178db5057d67cb6f853111c5a99cd9866c70ff3ac5bb6ab05817f	2528	6	pos
66672dd6b1c455c1586bdda47f8115a6ae5f1015d0f86c6ec03faaffbd37ecbb	2529	3	pos
8cdeea223919a92a8ace0fcf116dcfa362dc25152a51616f8a9e4fe995bade4d	2530	7	neg
76dad81614a01d7ec517d988eb315dcbb45ccbce94d40ef6d6e85c9bb84c6844	2531	4	neg
276cdfea5a7bdf74ecdf22cfccf193db777896ba08058921faa239d8cb89aad9	2532	0	pos
7f9426f8e24b2bae0f486d711171df8487bd8731d92321f41190395f365acf37	2533	8	neg
59bc6f6b4bc95733ce847daa4b154b760ffd57d9fcf73e89d9c5220a78abfe48	2534	6	neg
4ef4c6e01e10594f972a0b11c24ec5d2a9c0faaf425e9789d121e1342dd97102	2535	8	neg
a7a0c8dc47103c40c3069f9e71277bc00288ba2c05ffc2ae321c939c8f4c39a6	2536	9	pos
2ec4cec555c75f04bc55d76a53f1608fbdf98969338db4dc7e16b95d4009f1ce	2537	9	pos
3bcd5bc51bdac9628bdaf58edd837c27ac772c3891e46560455d936fe433f262	2538	5	neg
7a9c593c5794bc7e14b0b49ace332876c5005e76320a200234f5e457c3547faf	2539	8	neg
2a661c1ec9d13efb802208b4ea53d32c26fd65f9efb91a40087c7e808e107d6d	2540	5	neg
d84f96a6ce4bb00ed04c9ba3ee3ff13d4c1abc56caa78726650915663ab9355f	2541	6	pos
ed46fc7256a9f458319b9602ee4c5e9bff023032af7f3f46fb770d4eeee3b0b1	2542	6	pos
b631226da921f557112a951f5fea1e6e1bb06d605578e9c32d4598cac97c77f7	2543	9	pos
1dd449020db3f24637796f908c8a761293046ee410e7506e98d834a69d127cd9	2544	8	pos
716f7abaf1d90096066ad8464cbde38beb65f231c0c90aaba02f4506c6e9bd5e	2545	3	pos
9cb17e8a4ba21f4e4f0a9f6dba4af1d00cb68118636f6fc2c190f097630400bd	2546	8	pos
4b74a741f0d4276a0f84688f82bfdc0ba0b719b9976f0367ab44cea21add69c7	2547	5	neg
f74a92f3dbac2495c33fe30ff787c780297baf9501a9ff639ef266c636ead0b4	2548	3	neg
991ab6371b5c91e06bbd598b129246d636296d3d83716edebfb176ef13b9bc9b	2549	1	neg
98f5c84fb385c2925a658f6b2c450fa78f5539b2af6201d9aef863c8e06bc244	2550	9	neg
db361d73e12160fc171d79227cef1e476575a7793fec594195c37f71ab4421bd	2551	5	pos
050a4e43a751834b8176e255ff6e3efb9bd1bab7cc214cffdb2b4917bf639ccb	2552	1	neg
32128b1625ecc995d5860656f1263e5920407acceed4a16700c8d968bdc32ca1	2553	0	neg
65c45a43401a43cab80d2c8229eca4659f47dd9783b3913dd2e6ba337d7d9691	2554	0	neg
87d55fedae54610b7f94df2c307584c7c528a7b74cf45a3e7fcfdc7318442a01	2555	7	pos
a34fc061e724a2a5bcc7e9c22bf8a8e0bc2a4fc660bc4cfb5c8ce793fb08208f	2556	6	neg
01b8f6d7c77bdd9af10784d342bd9877ebbc2243df3e76357f5f6be92ef3bd3f	2557	4	pos
d3ba8e248505d45e432d3c6c0eff05371121fd3b814a6dc030aea433d3ad74f3	2558	1	neg
fd02e61eff1aa17a906d2145b87e4ed21e8b44083dbd9d85101cc4bc2036ac46	2559	1	pos
cf36a349e8766848ce3e0c1e811f829e7311e9a8e3c0ae738d4d8cc9aeda7237	2560	0	pos
e9672d061aa8410c4131155f18ab98144ffb94ee39db75221e9525c7c2a569ff	2561	5	pos
25aca1e33b9d0b181a1707209e9df154fbe2b353e6d78bfdd46174bccdcef865	2562	5	neg
21238b54992c41be647fbe5402604671795822c3258a6f3251f06dcbb15ae63f	2563	0	pos
a7e615bce9a4252bf1d260da70dfc166d4486462d64b886eb6fb949a78b417ec	2564	0	pos
b2a29cf390e5317e7c676b3d9a589253526b1aca3520d56137490ca07a48c5ff	2565	5	pos
08368b88b7a8e8b8b1b0b36e53546688c145f43cd55943d1ee439d8e64398d1c	2566	4	pos
0e75142fc2ea04f2d2c4097939df1772372610a5d13eb6886f03f1d957f47cac	2567	6	pos
66155155820d8a86138f9c6f4298a4bd9f9642649b7cfec36f7c0465b25ca0b8	2568	0	pos
dc5b9f411a01859f6d9c9d8ecc985744b6ba9482011a43b429b4a4085f5b5a17	2569	6	pos
d618dc9ab9e68ab55f8deb74fd87425e94edff398e8da353bc634a27165e9eaa	2570	1	pos
a2a6dfccb3acda7e3cf52eeb6d504cfaa065fb3441f926f4039147f959565084	2571	1	pos
14fbfb4f0c68bbdc3f451d983340c03e43e65746541df0c330e81216e9e12329	2572	9	pos
3d6f2153d1178e70b63c96d545bfc6629f1b593dc5f567ab13b57c67f8cbbd13	2573	0	pos
f9cd7808dbd705d733cd3d5ff54c8c7b795f145f0c2c846a885102d8922899e5	2574	8	pos
6aabede3ac9b6fd3395941272e31f2168f88a6b0d7770111f0291e62dcd6c31d	2575	0	pos
a5fe2cdfa834b3ca97c414a6f5db368e1950f956f7bc2eb5dc8f56377ab1390e	2576	9	neg
4e2e7f93426845bf48cd272bc0f156137b291078b0b598aef28a003574fccf73	2577	7	neg
07862ba1fae8e9155b3c1514d00728a672fd7b103cb1a9e82043677f4d0a0a66	2578	0	neg
5744237dd55d00fba7bbdd2b7e63152221fb24085ab3c31fb040393a2fa2dff0	2579	1	neg
36a1e6227375e2c69ca7268fb2d2c4a340c425a7e000447775d56fa8aea61e76	2580	0	neg
31979262ce68cc3bba6a7798f35e46517bd62025a630983678152a742498fc48	2581	4	neg
e38a6bbf155f65cd0c9e0ac42978fa0db8189e0464923d93d8f52d0603d99d96	2582	9	neg
e8d4ce4d3fd38ee74e72f7fd9331b7ce383a2c59893ba60cc6ee457452b082e3	2583	2	neg
f37d861982334693e74e59ce733680015bf0cfe3274ce374e5051419fbfe64bd	2584	5	neg
f57616b8ac8218d3e8e458300833347eee477d9b569a55d29328df37dd79240b	2585	1	pos
0ddcc8dd2cd8cd985ba4ed855017a78480f913d039f33d0bddc1efe430f30a77	2586	2	pos
7b6cc9fa9c966e45a9b6ee9e0ecbd4aae76da4f05b18d68827d0025684015153	2587	0	neg
09e4eb246cd69ba913f5e33e3fa0fd155f18009aa676590c161845d600b60aeb	2588	7	neg
4338ad61d243d32774b6a17147fc23207965f5edee80eb7c34ffae0ab115f20a	2589	6	neg
4bfb5dc124a33aa4b4f3cc5493c680aecbb70b86e9939f85aa927e8170c457f4	2590	4	neg
530971272a02e72e1a567003c139b2441791e6c7684af32872952a6e896e8a63	2591	9	pos
22f9bfa221424690491b9cd16912a9984b376b7edaaf6d27a9bafbb084ac1199	2592	3	pos
d4b61dd4e97c838839ed6cd04c26966191aaad9f65f242cf2d19938791b2d1a5	2593	2	neg
61c9c4b377227e75727ef0ceeed8bae0be87fe53e6cee35476cb1d06e963e5cb	2594	4	pos
b7d1ac973bcdb09ac58e733c382ec291e8bec4d363de8b0d1ce4c72565e5a1d8	2595	4	pos
6942337ff9ee9b3505ae92902047955b762c211932194956980cde0553da09f0	2596	6	neg
e6b958ad32d56cfe564185481d30081ce4eecf3412d799c589207e578583c4e7	2597	6	neg
18e88e831d52c6547cf6f5cce8d139bc3a90575f8e93c6c852e2a6a54b0209c3	2598	3	neg
a944840dc1ad83b45eb4c326b519687bae264e2a6e4c8fba222eb9bd9a82203a	2599	8	neg
702e92bf977c7d1108ebc944a4be36964867df2387a83e01a538479870d5c08a	2600	8	neg
c4321c1329b01c8ea390c2c02182b63b401143dfc1bb5f9a8d22bfb588820297	2601	1	neg
27a1127e829cdf27b0ae96fdcaf1a1f37e2d8f7983b524748b3193c1464249b6	2602	2	neg
cce6848e6d41df47d1a697881d6e5ed187abb7cd5aec7b9a422d9e76befec48d	2603	1	neg
342210b43791e7ca709bb02d9058fe87522089016fcba3ca04dcc2297dc3695b	2604	7	neg
36ba236a427c9059d7546872de4595356b6fefd5f4336ddcde13715b1ff902cb	2605	4	neg
9c3cd850cc2cad84f80660a10a3a7cc0cd572b7eb5ec3518e4a23a1a5ec32b4c	2606	3	neg
7d5af029c63415d42a1fda699abfffe010da01004198493fda237217516b94ef	2607	8	neg
fb2516ce0557ee35b563d4d3dc04fae326292dc4e0cd5057688ba0f8208868a3	2608	6	neg
bba7e0bd8e423f3f285b96f04971f50eccdecb889117c66317bc415bad8dfa2d	2609	5	pos
ea9553b5ec41cc2800802f329bcdc982ea8447a34bcc4eed3d35ff7c196372d5	2610	2	neg
977462adbd45f96acf5cef183074201a42346bbb73358e8bd059d4d3cc5b84ee	2611	2	pos
2f2893ae0fb7a8832db434487da0b1c43de1aee1cb0ebe796f8a16aa753b1dfc	2612	0	pos
12f972e3c8d8db2c865b75b8bf154cec8aa399bff893ca42965e68e83424491a	2613	7	neg
5b94736b110dbef3f8044143b1d13f583ced8ebb310a4ec9e3bce2787a0b382a	2614	7	neg
84201c4a6c29da4b8b65c6700f1fbf53760bd235892e94bc292aaf415acb1534	2615	6	neg
7fb5e63f652705e6e1a95a7aa73fdcc8915deccbc3bb0aa066b65eab5489d9ce	2616	9	neg
e0d12c97c562e99ee8df40e809b4e80ebe3771bb5d4ddf30c4221f4cd6b15cdd	2617	2	neg
82530db23885c90e168c83bc43afbe5de0d1d279f278c8fd9fe08b2dfcfd382d	2618	8	neg
0e54bfd13bfe349bee1fea1a638fc47187106677af1345e6b74a7ae13049eb2d	2619	3	neg
b1abbb25d7dd2a467389015801e32a2caf00d0b66b3f7bc98faa32e3c9556934	2620	4	neg
20eb36099470d517fa3b8117e64c1f6ac9d5b65c133615bfdf3c5c8100853571	2621	5	neg
1ca90e244c1319b6f9be2bdb86f2cfebc94cba1b8a11037c35ecf1acc005bd2b	2622	9	neg
5599b10c8dd8d70f2e448d4724a72d55b24c4aee127583af5b2b5ff6985f3d81	2623	0	pos
ed5fffd4c0cacb74f6af40b49439ed823f7f723397d31efd0a3e78f0f2146271	2624	9	pos
3ccbdcbd29f74b37456d7c9df8fe821c126db6835a474b9493ae9fd6b79cff66	2625	7	neg
f19b5567713d7922f12aee9e0a3b7048f4ca64802348d52ea5634644b6072e0d	2626	7	pos
130a997dac384e6b8fb561c7bc2b00d3b80d5f610449d7894940a5315dddff20	2627	1	neg
1ecf0d1d0a1a703c73b57a58c24a128afa2383e3dd578eab26a7307513d57fc3	2628	8	pos
f1b658ad7c6797151e50ed2b1a8cb96b5afd4fe98d8920303f0ad42c78c95775	2629	3	pos
84a2389b464dc31b15ee9ec7bf55ce8f0d46861bbc66b9d99d0356a899a11cca	2630	4	pos
7fcb7c5306652cb3ee901493d2bd223848843ef54cbe0b80f6d19fdc2e3ddb3b	2631	4	pos
68251e8447cdb7a8029872bc0aa48d543237584248d28a8226cc5e35d11eb660	2632	0	pos
67de1f6d572793fdf8c072775653bd944ed8d6a1b8b0b079057c45b4445f3c62	2633	9	pos
1dac35cb1644472c8a1d5fda2a95ee7942a157e25e4afbdfcf658a1729e759bd	2634	1	pos
180d8298dd4b83dcba09cf97b3063ee070518f08ad44bec5bf53d6f6dffb9a58	2635	8	pos
9c9f2433595135b27144f74766f63ee76afb1cce8d4e4c5624c6995311aeac5d	2636	3	pos
bb8a048411992ff842658bc9ec68f14c4d1447ffbb7129a13bd65aae1e15ce8d	2637	1	pos
0a64d6aa63ed9026507953ee2387c110c3e7201cc44067ecc09ef99dbaf9b63f	2638	4	pos
d8dbf3197929e61a399f24a597cf4299c9eea251f2a03174b9cc4b0e64e8480e	2639	7	neg
1bb804df5b3128a237df3f191226cf953a4a613945547580608e93eceffb4a5f	2640	2	neg
6c0f413abc036f9351c5450b01bafd1e4c362dd9497054cb682c6d5ac451516c	2641	7	neg
701d008f58b41e51623b3fea10072782953b6d1d5c0286eb7b0b8245610ce6aa	2642	3	neg
9a99888ff391576d0770a9b45bed8145177b7d6d5f80b921ef8705f09cd038aa	2643	3	neg
791576dd3740982f019902cdab36ae14f6d6aa1161816c300385d4b77c1c8b63	2644	8	neg
1e8ff82bcf5a53784e8c46ad60bc8975e383442ca990fc93005df91750a08e32	2645	3	neg
7362df59940be78c5b59aaf669620c552b7875273bf255d066126afd5f6a347e	2646	8	pos
58311ebde9b9268f8f816cdabd175dd39ca3f6d75884c368baa729292ae4216d	2647	4	neg
17fd346d55faa2fce3105c3272637b8623ec00ac9cc47aa9158294fd392c854b	2648	4	neg
69edaa3d18adf3ac737cfca140cb67752186082e37365ce8d534cb5b102c8ce9	2649	0	neg
641618fe0f401ee8e07e3ccbedffc8feee5981d213d95fe0a8e592350615363c	2650	9	neg
b6b222e3774a69b2dfe9900525c05a989f3bdf884a8d7c39ddefdf3b44d739fb	2651	7	pos
bce6c6e60be038ed4362535bde1b64762f5215598391555f4ebf870f1cd5c3cd	2652	8	pos
264ace2f4b9babf2e50b2792d53698d776548e62bef852dafd2b9a18ebbffe4c	2653	0	pos
7d26060c369929980d79289c75dca95c8e031e3c1052c1f587eef049d5e77dcb	2654	8	neg
d4a1b00b2f8d3606a852f27340033b45c5aaa2b1bcf74bfcab1cad86069f2b1f	2655	0	neg
617ca63409410ed7f473298a301903cf2594c4170e1cf96f6803415ad49268e6	2656	5	neg
90cc19a1b6ae1cd6db6db61e8693465f6fb1ee3486b5a7bafae69e16a9b36bb7	2657	5	pos
3d698dd2153e54bc9c411c8212e62ad5ba6f92d537937d729a85bf48eaabe6d9	2658	7	pos
aea7d6f547e4b86accddeebb08b655b230043dbc324069d88838adc06e6c2eec	2659	4	pos
e00e78773d89bac08c7d92a9e30868be5211720de7b1fe42a29e770f2a93a324	2660	0	neg
98d11a5a09e50b00be1d04dd2b996c33f81466335b4e0739152b8a2716786ef4	2661	3	neg
e9f14c5c56e1182cd007efc4ffd48b68ffaee573099abb2e15841229fa67a8c6	2662	9	neg
da2082673beab9dcbe0770267c4a7aeb33eaad8647ac01a4b751af1a4ef1fd92	2663	2	neg
13af8306b5eef184c881645a80043fb2e5b3311e46b4a3fbef356296f2aa6e1a	2664	5	neg
1c4aa6db691ec7a97fb767b3446ff7e9f6a90e80417f55ecb94c646a15e1f305	2665	9	neg
6bc0ae655e24d0bf0275e8919079d9b3ecc1aa92b1f1e39b880c99761ee0c5c1	2666	4	neg
4e95fd0995cd2b097d3970c8b8cf9b1ed226bf66e1ab42b82b4a122079ca30f3	2667	3	neg
a9ab5af4a5577c054c27b16a43a8164b3010afae3a4e06b983c662fec15193b1	2668	0	neg
51315b4fb5b1ba5d57fe31932cf060bdf40f915bcfdc93591eb57f9e55fe665a	2669	7	neg
53584623887983ea87c07f1cb3bfb239bb4a37365b7997debb9b583e42334e4c	2670	6	neg
36f1148e73328d89c8bef1d9173bf4e31fbe15bd3d348eed342645e33a46c859	2671	9	neg
8b5c744989f08f5d0b16ea8a416a050ffeb315e7933a413cf9f950ad6fa46bf7	2672	1	neg
f65cbcfacbfabd9970151eb05b5c2c012a8b787b8803005916417dc0d270befa	2673	4	pos
7fd236eee75d770d73844270c64888cdbcb719e5a3a13dd0866d60dbfccc27c0	2674	1	neg
28469e30c648215dc42470cbdf21fb57c6824a1e4d04b85ff08d6943fe9a4a61	2675	4	neg
74feee99899bae4dfc0ffb416a88ea44194328e1745055ecd213411fbcf40db8	2676	5	pos
79feb9d355087a53bdc5f163556a18332b7ea3a125f85ff0080b5bcc51368c95	2677	5	neg
6df44eba24e390e506a73a01c279df16d18e279783a53e895259a7bf820ddf86	2678	9	pos
f431ff6e6ac0ef236596de90b7a2b3ddef04427c802ce342f6a96d8079df46c7	2679	5	pos
689eb56bf44d5257ae2aedc25e231096553e83c229fb642659f286788f9e7ff4	2680	8	pos
4fc3e3397c03245016dedfa7b5e49784d0349bdadc1f8866d171b25c4c6cf063	2681	0	pos
da54230d27106c608d16066d0c8c9543f5f24a01c8d662f7dbed94ac924fe7a7	2682	3	pos
3b9d29a01f733dafb11e3f9b42dc6333d3a7a9ccdcad0501fe0983cbd89c20ed	2683	6	pos
3bb9c4510f5bc68ec62e0b02e3ca1074a7c7ef15f8548d9d575da35cf78cd6aa	2684	8	pos
af7d629cc45c5d48b475c57da3bd5fccf6778ca4f0c53c84ff028a05ae97c28d	2685	7	pos
911b7423febbfb9acfe2ea083bffc87eeea8b07e33f0a1f36abb61d674cf15f7	2686	2	neg
dd9169076c7bb53010c04654c2b4388dad58b6513e5f45168a4a753d8ea482b9	2687	7	neg
40aed966af2bdb86414e5fb26168c6c62516fd255e434836c00af0c6b69f631d	2688	5	pos
cac73b114f27e85d0cbd5fdb1ab05c6e3d2562f26cb14c69d3729ea9449cd524	2689	0	neg
b854bbf622c92e0c6a62df3c321d9b4ba0b0c00d4e5d326bfee838785323af9d	2690	4	neg
211848cd0ed7f63808368049f4709c8fa6a44c7ba52307f5159070c1b000d8a8	2691	7	neg
ded294aa7b7e72155e361d16bd02cb7319c576958363c064902fc03387465df7	2692	7	neg
380a81f733016022a6fcb11840596a7f346ce7fabd3def7c3bfa9b7bfde70eb7	2693	3	neg
167b72e5b42b8c7fe9f52492a1ee44341b0e9fbfd4c5e4760533d8e19215943e	2694	1	neg
156733c51703d7493c6d82449c799ba94215abbe2043550735bd1fd0aba28912	2695	8	neg
60cad388fc42d1dd7c93c968eba32b4b3c61f834820b4a55f89ebec9faed8bbf	2696	5	neg
d4f5091aa570813ed512dc1874b5e3196089bb8844a446f14361a4321e50fd38	2697	9	neg
c3af4a29debbe26f79fdd037a5c65f2a6852d3095e4ef4cb1ef7ef2a9183b7e7	2698	5	neg
08544c5ca8a06c2e2d628beaee457f34dafffd6e4c778c4218fa385cb2cc48da	2699	8	neg
de2286a6a1bf9917ef8636e3e5141f1ca74b00aa64b47296e36b9a2f4f69b0ed	2700	3	pos
513a4a36fa1a519d9b64936834f83550b026caaaf32b8e18db584ffc125fd029	2701	3	neg
9fe91219a18789aec315f19e86a1ff2b016ed400432039aa8d49cc4f71129bec	2702	1	neg
588a281fa3a0a8fa9014da8733e9e5b3cb0a880bfe28217401fe0b974f12ab84	2703	7	neg
53211d0f8b7313369de80a2252841c7ac4d37fa012efcc552e5f1322249efe4d	2704	3	neg
7f0286055394a24b5132f516fd0685b7aebd7c234767fdcadc74c797300de7a9	2705	5	neg
b2f06b8adf178448640283f6c77ca62602adcd0cacc18b4d5dbe6c2665b47b72	2706	8	neg
584e253e0cb4b55e6709d6fb65901be6309bd6f338b0a316c99b7082362f42ca	2707	4	neg
e09570bb49deed6e7e2a804b515cf9ee6e2e7b58603c2d5f403228eac4a5cd10	2708	4	neg
d822b429ca830e2f556e56c1afd0c78c2d5c3403351a3de278e8c6fc92a2e071	2709	2	neg
3e7a4ef17e809ed2c47bb1c0c90d001b8c9e788faed0cee909e59d2e9675e285	2710	3	neg
5e229e1b3556379f14da84c11e6698245bea50e32305ecf99cc29fba3fdb64be	2711	9	neg
dec14b0b55055a392b680aa1ca645843ae6dedfc7a413a945a537a793fe0a3fd	2712	9	neg
374d1f45df60a743bf944ce522cdafdaa63f38526b74517d813e20d5c8806235	2713	2	neg
acd61f2dd935b468d9527216b94ea81ce5447400b9d86cbc1096e920fcf1503b	2714	2	neg
7c476ef48e05acc5f0d9b0fd919dc7c63737038681f5bdcc89c47ac0ce5a8690	2715	2	pos
629cdbb31475874aa5e7ffce28014474b9ad6d9b4d6f09b586c149534fcbbbc4	2716	2	pos
be05ab4878ccf8388c0733f0670ce0a92aa0a3309e7b1479180e656175315c6c	2717	8	neg
18c4ec8dd12ae561dec36f6797e351e28b210e7b20a2dcfff51903304b91cc44	2718	8	neg
b4b468f11b42c965119ddb22dac1292549f222a5e79a0ff19572bb6b7aa63123	2719	4	pos
43597e9c5268b6082a31a7784aae8aff30a23ccfbb43b00ae52ae4087d3b9a18	2720	7	neg
f0efac2543eef5b4060d3c9298724ff7ef21f9e84d4d0d15ed275c3fb339d282	2721	6	neg
5473aea7e53d479ecf3250739d1126d03da73ab270020b0530a1d4c6a75a9099	2722	2	pos
db04f06bbc8c1a1a860ae9b1e0615a2af7489003bd6789d3be33407e27502cd3	2723	2	pos
9c59cf60108e75c7a117437929b53a6282c09ca6c2caa40ba4f8755885e7337c	2724	5	neg
e85cdb30b4ac7139703d36aa07e689396299ace240aeabf9473bc78e394a1c35	2725	1	neg
c8fcdfa0ae06701e4cb918dbdc6dcccf061ebed97a359e3324fc13d1ae563105	2726	8	neg
802c26c11a099f3ba6b6de45f58f5ef4fb55bf4bfa7c638bcc2c8383e814919e	2727	2	neg
e7af9d238fd1483a4f5adfe47354398cda17f7bf1dbb1b8555126459080fdf3a	2728	4	neg
cf3da9a90fa6f717b2837425f0e95474a6946e5d8155625e85a94adc8904a71f	2729	8	neg
6b3d6878e099dd9fe07b449914093893a4bcbdf285975d763662b710624f86e6	2730	7	neg
084d75d846c83e9808b1d5ea22ee13435d36a55f34dca5694eda399bfc456a62	2731	7	neg
a7458c6c80a4720ffcbee8fb54e848a1420cffde48138ad2d814687d12490574	2732	5	neg
8e388de66530037fc9827dbc2040baa55df618c8830e4e8eea190834ee4e316b	2733	8	pos
5e3f0bc93bd67de45002f0564d59c1d3cfe136443ad099eadda9b5cb9d499ace	2734	9	pos
0e17c763b50bd2c651362b7a14720d361d95d3026ece4ec7336e7ccd76239564	2735	0	neg
dc3d5591e2bc17c2c692d742fe4e1b15516aa47fa76cf15ec0ae1fc634853ff8	2736	3	pos
45a172eb123e3b6b619e853dd53632a8384b4c0e5f3925156e6ddd00c77dc216	2737	1	pos
34efda8104179287ceb54050a6f8fa40cd702c4cb03cdc1fcdf076d2571eae17	2738	9	pos
770a1cbc82cb060663dcef30d4bbdbceb8ae98b948409a270b53882f7b03beeb	2739	0	pos
1db52ec10572452f646643872e7410f21a59c3724f28f1062c658036c4071a4d	2740	1	pos
68602c31b238129c8f04701e74b59937947a73f0f3189aaee150ce13067aa27d	2741	8	pos
523dde2fc0d2e61837859f154ecf8919936663cfdc2a6674087f84905c89ad76	2742	9	pos
e12292937a76b8f6395cd2263f8dac1a59f805deb79cef581c156828447fd009	2743	8	pos
599e044a81d56cb612b6c91824035cc62ccce673ab2f55c58f04e2cec48b5128	2744	9	pos
99345e1421faaed7a16132bde27ef2dc672c4e3e84c01192ff5bacd6b4e0646b	2745	8	pos
5903cda3bbf71c733914325377abe6448cca82ca1429f4d68fa7736f8639e882	2746	1	neg
b30112dd67b9b41f284c22acdbe764c364b6484f1b71458ce54eee13d9310d15	2747	2	neg
07f9ddc58a8ed8b0ed93360f64de0f095932d123478b21787008ea7ab4a90d05	2748	3	neg
e492d79274687c028833ffa8a185a6311153f8947caa6311cea3465f9b575109	2749	4	pos
f715abe11baf07d5a605d96b29104531555b823b6665a9891cfed367def602e5	2750	1	pos
1e016d73ce4d6497105d678f23218d73d08f7c6c1b4c65eba3a69b8a9e67b3b0	2751	7	pos
5cc101e4c0ae7e4fed87f87f91368831329cb7128c2189dde3dde04f420a81e7	2752	9	pos
2b2a5987f219628e22e441d40ed6025e3e73d43b878edecd29601f2ff23d96c6	2753	8	pos
2576e7ea0fddb18f0536605ed05cc4d4010ddd744cc654993e90bdb19520bcea	2754	4	pos
0a84fc1e71c16978502ea38ec583fc25803403a682aafea8304efff3648054ab	2755	0	neg
0b3589089b9cdedd2afddbaddb94c38f4ec0b5b7e1c87f52aa762b266dccd846	2756	5	pos
ceb5249135375b6c831d654a41bc6ac09c68907612cb7493c655088d4ec766ea	2757	3	pos
e1e7b0c7d421a5a78588833fb44c079ec5664d1c8cebd3bd80c7c3b13d4e1f0a	2758	8	pos
9c834ef675df49c16b8cb85d3a2941028673a8ce5f7c6e7161f2bde10e63241a	2759	6	neg
10f4fd280addf5049f80adbd632096450cdd607713a9e3e071c28f3f9bce85a0	2760	7	pos
f5344611ded1b09c79fb6b3c7b0265a976439ba9ab1d2d207a0d2a4d609cb079	2761	3	pos
98f12c020015af0e4cf59c4bc99a631eb253a959fd77b2f158ad6507f4b74457	2762	2	neg
9029ed3b2bff0fa7308dd4adec6acd441f83b8c4b1670a2545092e4954768f92	2763	9	neg
6704113f90e182dcb74e2a90b1ccb12fc452e92e90ad680e76b6eeaf7a911556	2764	6	pos
892c38b0d4ca8d78297646f5973853e6544141cc6913cda1a2e513ac3edbab36	2765	2	neg
a1f20af61df105c617f30053778ff02c650a92280984cf5f2dfee96266b3d982	2766	7	neg
c07b3c8c5f44a6b21f830f96168efa21555446a363e241e2de95f0be58506899	2767	2	neg
a6de9385fb68f3fa98b634e3ff7bc91701634cb087ddba109eeb37a76054e371	2768	4	neg
2017686365275d1e0b04230290713b1a15166d2573f443bde114db86824907a5	2769	9	neg
26b210bd62c1d72de968be55954d03be0ad60beeacf212fec1b3f57b832f0d9d	2770	5	neg
0a40802fb0d8257eeda6900beca49443496d5278ffcb5a80a77065d31a4b791e	2771	8	neg
739d7d56cf74f942e922ec522addaf06faa494e665ffd3706a17568afc0e94da	2772	9	neg
da3d0a4af82bfca8fdca2538147373dcbd97424010da3ed7bad1036a05394a4b	2773	4	pos
81c46b2ad7b806a3fdbc3003de288c8699ed136cb5bc45bce982613a890be9cd	2774	4	neg
0ede521bca18808e36613c39130b112c6f61d6d134c9b6950a8efd692d5346a6	2775	5	pos
55d1639c8ebdfa40cb4be59135c475a39bea06b70571e9033988d5fdfa667c20	2776	2	pos
a62fcb7aebe942574404186ffbfe2818ee154b5cfef79f9f4c82497ce0c853d1	2777	9	pos
27cecdc19adfd4396b994023fd4eb009073d707de9644135ba40c60080f7a9f6	2778	6	pos
2842098e055bd7a1bf1ca2e7341afed3f8fc9f603a4d55d4c1c50022493e62ac	2779	0	pos
fdbe1337346cc867f9a2a011a0310494749e271a98a5eab69da10db48a5dc58d	2780	9	neg
5724fc80428074e85dcd0a687039de82eb533c46f50509f1f3a8e132c3691406	2781	9	pos
c001a827a09e2e153c3ab2349d3c507a9eb77d5cd7a7707a23305abf8c1cb96b	2782	1	pos
890963565dc1288fa4eccf0ef4819af34be835052aaacffdb9ae40d6b9015643	2783	4	pos
fbb11c7c9b9e8a32dd5cfb71b4f1df10d263aa296596dd54297b337d756ce7ff	2784	6	pos
d48332a86f366c4108bcc268f220df29e14b058615ee35b723a3b338936ab566	2785	9	pos
c384cbea5580e430ccbaf4148a535977f5dc4781f3d92d483b24de26d16b7aa6	2786	6	pos
de612e29dbdb70f62c59905f5305dbdb1626d86dfe2a69c443a550e6c9d80ec3	2787	8	neg
fd84526d24cad8fb479a83f76991f2880b94b61f96f1c6ab597b76b35beace0f	2788	4	pos
bdbffff5aead4d2f1fbcab540094782e61732ad2cab741a049eb9a32f6bcab01	2789	2	neg
5877eff0e318aa88b95268d5e5ebb456e7eaedb938181f46d3deb6bbeec1ab24	2790	6	pos
fd12795a99051e7700ad5a5fc0a633d25a12f245bfedd8a3c7b2f15fc24892aa	2791	6	pos
2f96ad2d1c630339855d6dcb27775d354cd7506fd0925c8696cdc9c7d76ccd46	2792	3	pos
1792503be403f0802336416af610397632af05e32fe7bea2603456f93582744d	2793	5	neg
6dc58c71a8935aeeca64cd3db8b9c4dfc2fffd4396d74698f1f9f1e0abd66347	2794	1	neg
66a15c20f9a6b26569b31e7b178b45a227d4d8638b33042937f03af21beaeefa	2795	1	pos
6adc9d952570e3a274af625d87f200c95ed5ad2063a1a6f4ad86797e811f6903	2796	3	pos
a60382f8792fc8b4bb83d944e0542eb545b3270cb88f750e5c1145ace2f6cdc7	2797	3	pos
05041409ffb69a3fe40a46b12506ec977769c9c13e6fe3b7613a6e7d948f3562	2798	4	neg
eb129a6e2b051950c4fb33e2df613dcfab4dc8cba4ba84e61e99242a8f81f3eb	2799	2	pos
9165b757e316ddb42f8facda5a6ff2e5df1bcf5f294ed4a2c3eb24a520b8a253	2800	4	pos
09fddd6eff19ce03282a5cf42c1af09edcec09a14b58865e97f104a709100107	2801	8	pos
b7bfa08f00ce67e4915ef3a4d5eddfeea35ef8a691f956a4a7a6d9671744ca88	2802	3	pos
040323e58ab909b730a43dd1183b201ca1bdc58f148a3514febf78d77b8ca2dc	2803	6	neg
d17bb3a547b099bfaea1d7369a04278564e9635dde161372ba62a3218693a029	2804	8	pos
b83e107030be6f30d92c5a59145ba03fafa5238eec2ca9e885da8596b3349712	2805	8	pos
1a7d72b186f4fb3b9236ab198a4b12ba3659cf6cd83c01c62669fc3be37338d3	2806	7	pos
ee3808e92b6ba30034d4a93e3e9738bcb081830eef97e07a9509ee8e36baf6c4	2807	9	neg
7320d0293c550cec86ea370f1421a6ed726a1ff4622d204600070b88e6cdeaa0	2808	5	pos
2f8519a0c86183de5b1329b718fc3cd884402f557fbadd510185a412703cac65	2809	8	neg
b25819258c08703f03c2f466013201d3e2aa7ce98c03c059b07452c3886c575b	2810	6	neg
88e82e1b9fc3fe46bc5d316eb74ecda3aa4f221aad4d626f8e1133cadda00a63	2811	2	pos
a81c1bab43249b6a969f1fbfb543f4427219aa0197d01b6199e47b5aeac4c38d	2812	8	neg
7ef5583ed00f5b783d653102d19fe987d35554bd7260f37a411817c47d0cae1c	2813	2	pos
dad5db5e35739d2c453b69a6ec34501c79df97ea006d757e3a0996068bb2c04e	2814	6	pos
2346b6c7e42934a1310632377bfec0d0c085dababb959cff9684024e2e8402b8	2815	8	pos
832cca627e2f78851a4ead7a5e326801daedb19e0364a80d0918481f9524c54d	2816	4	neg
c73f9b327ad858a2c07b17d187a24abcfc793d52e8628d7a9fe1de8793b2f1b3	2817	8	neg
2cfc948c778d1e9ff9bf2170ec097197de69308170ddb526147cb7ac5d22eb63	2818	6	pos
bdc86c4eba531eca6505fed1565e4a3e4a3f5ac7955ae44e742ed9bf1b695968	2819	6	neg
2ceaaf0ad7a340f6f7911bab85a75134cbe113d5c4b5dd724b157fcd0ab073dc	2820	6	neg
62e631206e43fcfe409a3727b9703db803bcf04f7ac22527fa04a14530d9b075	2821	9	pos
8f7a59bbe15c69cad328c9d4c0a8e56dea0f6fef3262f1fd4e95da0654586136	2822	1	pos
a43da34c0b10625db5d2e7e1a9a652dfb921118de62c3de871423eca5d35719b	2823	7	neg
26f51d7b255875ae6937b0f631f9b3c71be392e46d7074e94a32d4292766b968	2824	1	pos
c359a32ea9a168c4078d787bff3bf8397c45fa49fff22aab2dd14e7f6cfabb4a	2825	5	pos
719dfc5e1da6aef9b4f8dc90c7ca1eb9a5f1e821fdb709de86cfcb67d574f896	2826	7	neg
b2dcc481ddd2f8df8ca53da097a2afc169b6867355cceea11932b1f3f8cc255b	2827	2	neg
3853b1fafe0ea3d474fdcb2a377dd18061e6c74ad64461b9ce982fb1e0e3d061	2828	6	neg
58185b1de50d86d4c8cb2517612fd93571efc4481eae018506b24f5bef93c562	2829	6	neg
25f9fa5bd74e42cf7abf18feac4d16fed680097ba508beabbc9e1a42d80f80cd	2830	4	pos
105ec118e2838b9adbea9a73d83dfa5a2a45572f37bb3f1022c84ce145867ede	2831	5	pos
5901411e6d2b5990448cd2b50ddd923bdc66a6764774076f98d705967d1d10da	2832	4	neg
6b05dec86b118651c9d3e570205d42096944575f617fb0ff727c7659465553aa	2833	5	neg
55a4e2df29532b87a975409db9c12bd4299e7484dcd63f0818cfaea67f40e3f2	2834	5	neg
9d8c8db8a7a36dd99ade13e2b082fbbcf8f1f87fa164f89199ad1ab3cc524de7	2835	8	neg
6af9d5323f7cfeb7b577d98fa40da9456955b86cb06e34ef0541fe82921709d7	2836	9	pos
f500782e74d221f1ae9d5d4411dec83e24bd762aaf50330e2564e647e1f2e156	2837	8	pos
493acc105374954a50f5146c8599f5fa85429e05e37d5634aa1a163d2b6c0736	2838	1	pos
a2cf3713184efdb1385683a1670605a8c7999bb81efca569cfb38e4729ac0de6	2839	9	pos
fd58acef44882872ad60ceeff41ae09431fde7df412dc97519e2dfec12ee7a91	2840	6	pos
dc942b5bcc29d4bd8b7032f7e45b854dc77fc7758846372adac4dee827dd7fa1	2841	8	pos
009c4966953141cdb00274f28f040b2b4a34ad22186da68627b8b72f4d9b44a6	2842	6	pos
0ea90808e36dc35a36111a0e880fb56fbae310cbf0cf1c32981dd33e7c3a44ae	2843	1	pos
44a109a90eab3951a45062edf9ff4c4cc5d8c7f6fc6338063a86b44f127d1630	2844	6	pos
da6af0c5bf57598d2193a0fea0cd6cf6f59599830c6f4771df3bf4966584deab	2845	3	neg
2460085cb062bbb866faab335b416054df12b68626e264600e07e31f894392d1	2846	1	pos
4c7cf5ac20f882b8eeedba3ff2cd0341795e9bc5b2e8d0fb5298d0a160d58f2f	2847	5	pos
baaf0e1139840a8f76029e49bc2497c852dade58d3f9fba368903e4f90d6e8d6	2848	3	pos
78f7d9574b1943127b9fc6bdc68299eff98a9d49def38f56e72a1b0b828b2dc1	2849	1	neg
36c9698abd862cbfec567139e44eaa0525cc4e48b6d1e964b3bd1a30f5a46f9b	2850	3	neg
23590bc93bec6cf267253c3351e0e6c3323eb0ced2c9a9191d657e703f4b9631	2851	3	pos
628ec9a20798f3209945f0fc627bd0e01f97f7d512e0eba5a7ade90c149709c9	2852	3	pos
132a520065138de2a5e0d3d79546a4070f3c09593585ee418eb0cac58c1b964f	2853	9	pos
a536cc2ec61bee1adfad442cdf77c531effc6ccb293191b458e59fcd68031936	2854	5	pos
017df0473da6a0bc27550cc34d698aed24b055f0a047e2ee2828e34a6d27cec9	2855	5	pos
615658af365f42586108aa813acfd69380bfae1094b3d38f82d192ba629cb1e4	2856	6	pos
a4fe9ced75737fbd8b780a60292d8bd27bc32c37f6e3a0a424a9399a410531e3	2857	7	pos
055c48845bda93cda28712fce44919f98238e9b3fccf2135556c4965574eea4d	2858	3	pos
d7b9cffc27c8493028bce3260aed2d7445e6125c24a1447c457f1bb2b94b77e6	2859	2	pos
15432c966c6a97aad5d4269ca13f09237fbda43f6b0e99cb6b2e119e80a90140	2860	1	neg
3a748c7dcee7dd142eb93f8661b1dc1009450cc4a5dc248402e24f1fb21c4642	2861	9	neg
b40ecaf2d63932e4068d2e87b87b89565825b82ef3599cc125ce6463f2a7ec26	2862	0	neg
4cdbd767f28cd7d49e067ad942b7913054bb61224edb919ff7d62838ca0218a4	2863	5	neg
6b456999f1d85b489305ac31be2f0900d72ac582640c46e7f6e8d300cd3a8c29	2864	3	neg
81191ea6d18f52da98e7cad299bd77db075696c46d5d28c7ac632763e2fc9109	2865	9	pos
50073825af9bcd2da76fa77604f0437db9335df5ccc719963e4c05d095361f7d	2866	3	neg
4cf056c2c78bbc41106c0604fc744bafd9e660c78df90be4ba35da86dbd8d2a9	2867	6	pos
49c24a88295887e1ef577cd23c59c1f0d7668e980bb47f740a0202c133335849	2868	4	neg
2602699510d8913a3257d52046a30ff04677c08825aebee7f191b9e515d83eb0	2869	4	neg
01d46535bc65adc7652a84411d97431fb2ba090c382cca49f2dd3f6220a63a03	2870	8	pos
7c5891e9af035c4865e5897dcd62dec38d7c650ce973e9bb433434ce44a99411	2871	6	neg
9ad49a15f3b5a4f2184b3fcf48a307e458301b4b7ff4a5d611081608523daa47	2872	8	neg
7c0e150c2b59865ff4c708f2a9ae6d3c214fb4508a54f8738a79bdb03ba1dc2e	2873	3	neg
cac4c2b07929bb4745884af59c6896880b7b816b576406e1858bad64eb6d3046	2874	5	neg
7b952b1ae556af46ec96a90579c63dbb2f4d5eb08c148265f93ef3b223ea8412	2875	9	neg
2f10e42d839767adecc712142901ff9b56ee561b7d9b9756fae8d84911f0f4ef	2876	5	neg
2e1846eaedef5025e28dee8428818d6dda3358f25b4b76dc1f446259bbffea53	2877	0	pos
f5bea2d00321af098112f9f0a7b0c6c89d4a4a2dbae149216b2cbfb57029570c	2878	5	neg
2463fecb235e82088a38b0fd407d5ef7c244a2722818680c1077a4ea7d1c8a17	2879	2	neg
8f670a5783227c55ef1d9f5ca43737e961153bbf046a1249a188975afa93993b	2880	8	neg
d9d770505e5c450ca07d9271ef1429cbce73c2af5c2016edc893012b32f72a8b	2881	1	neg
f22cab00a629afd164bd198881b551d5a1fb6e422ffffc2165ba4913099a4143	2882	3	neg
cad4a65e3743e4857e84f363cbc9852dab6c631a64697c0bc1391a1cf5c27f0b	2883	7	neg
604e61f0a41baddb543a9e72afbc3910496c887b118b95fc66d274e5fbeb80b5	2884	1	pos
03d8234d152da54a7c5a2bfb98586d220c2f7e9721d02a424702dbf8eafd27d6	2885	1	neg
9eca1a8d80568e3931aa890089b9a74864b797034a3b2cecaa8181fe0ff388c6	2886	3	neg
0253b1a092cf557d28d22a77bd63f1179cffc8bca89875fac46e850c12788732	2887	6	neg
9c2be24b78a61a8b589fc5154b070853e44050a1aa7eb4c095ad80dda497f925	2888	1	neg
123e7046d7a3247aa224e7b62c0f828a787eafa57454c5357153f75cf7b38790	2889	7	neg
ebba10081281b2f4408fb26df99ff1eb4eb84f8a2f1504ff8b8f323529dc548c	2890	5	pos
5337a4b8beeb896afa3a152a354ad562dd9f8f585b0fd541057e4e22aa07a33e	2891	2	neg
c9b25c706ca74333cded25143fcba0fa64f65bb1610f6222a2736cbd53a66df8	2892	1	neg
0300efd2e0b46aae0c99f83679e53d70cfa2cc820b6bccc423a9b89b87435cc7	2893	0	neg
04c16b19c77ed062e505eda3e695fcc08d8b38f460e0240b2a239039086682a4	2894	6	neg
e41f8e3d311d7121e5b0e56258fa61b7c85cf6b8db675a67068dfc022565a32d	2895	8	neg
af71f42b735ef5f5fa38a07140347b7e301d56d413913c69fe9cda3dbe3c9c84	2896	6	neg
85ffc3860a845d88f9f6e33e103036a4085ffea807ef093f0fe40e6154eb18ee	2897	6	neg
00b48ac209e746a7f8477e73799bae84df1a017dde7bd9398952ed284b8a4251	2898	6	neg
d7a77e1796f2e799a1c570cf0fd49ed11f7af359c92f9a394d77626aa9d93cf5	2899	4	neg
4f21c3081d78374709d726db60a2d0104947af5984337c1357e3bf3ff2d3bf7f	2900	2	neg
84f2f372688844d5853f0124aacbd035efd2d7ceccf28da189e21d301bd5cfe2	2901	2	neg
213ec2330029854a59f30309d56136f9b3127a2e8e41607e0473c0eca68fd4b6	2902	8	pos
cf6937f363f38ba995301d38934593ec547a956c37e73fc6bf5e5411c1b7b3e3	2903	5	pos
53181749fb64fa3804edfbf1f3651cf2d40efda6220da9494ad51813d27aac15	2904	3	pos
834f66e6e8952c4dcbf610fdcd3aed47ab5f3f86a3cd73d2440947a8c71ae171	2905	1	pos
530a0533be6141d15cecddc30e9a37cd694dbf80dc6e3f56954fc9342984920e	2906	1	pos
184aa1512ed6755a786809d7d777fa2371ff6ad6e412ce00333dd38ba00c52db	2907	2	pos
c7b1eea91e543a39159dc2eaacf8c3c32870cc61360b526a4371aec947529b47	2908	3	pos
ca51ad19ef5fd881a79e49afcc55dc4b6c2652c95736b95a408dcd17fe560aee	2909	5	pos
42efb813c4de4a139a925b07f1b20ab264c01e3a88566e707c87dda9ec657481	2910	7	pos
75d6dbc94b62e3ae9f475279d10cc1f1ca98e48941da75fbde2c964e0c32576f	2911	5	neg
f4bcfa032ca18c0d142eb7f73c794bff9c3345e553806f0dd967e17873fb88ae	2912	3	pos
8e21c4d0a351cf1373177d492b0a4f793f8a0dee9209100da8cede6ef59c3d91	2913	5	neg
dbca34202265f7cc5b3f376800e56198213065fbb915714976be5888fb6e3e97	2914	0	pos
106df0f94b00bab39f22b6647454e98ddfabfff022324fe0e54b71800ca9fad9	2915	9	neg
ecb0be05fb9f4b667f0bee8fcd24144f69719985479c9b84a5822e4913b88d0a	2916	8	neg
850b742f57aff10c03285ae2a2eae9615b47ea1fb95a2aa265bdc661af4c45dc	2917	3	neg
177aa6f7672dcdd4b0d7b1095c1dabb4adda7f8c3497040df0f7f816f648ec15	2918	3	neg
955abb879923f1225f21f8996f082eb517be4d71dc7c0a82796ad5413ee08d26	2919	1	neg
815a3488033e11041192c2c714136899c1b841d262eceadc3c11960da5a31ef8	2920	2	neg
f3887d86b38b933a11c0865ce9906b4ae15c3c271a3de53c63edeb9fddd3f602	2921	0	neg
5b4ca423dc5d39d0d5376b67cf3060d185978d4f02947f14717ec11c6f4e67db	2922	4	neg
54a91eefaf9e8a95c340db999054a35f17ce360e9598909d946b6ebf1a8bb458	2923	9	neg
3cbc4acdad25c7f4a5b415917dee35152d3f189875ba14a266a634155b56fa7a	2924	1	neg
a11bafb1ebde22c0cee6250f795d28aea2dd3c5ac3a11b7b61d1e975ebdbaad0	2925	6	neg
10ba710843d0151039bbd9cd09b38a0c073b3df3da84ab19fc07e24e1956fa1b	2926	1	neg
64e6f8ca525c0f4856207348cdca6d3471cf65947d1e901bc9fbea3cb6b45a8c	2927	7	pos
4984baa76550726c9812dcc12933b3298cc2d882419611156069ee9b24905e13	2928	8	neg
b65e87899e49c19339e79bda4eea5e50328716c856bcb652637a55d2dbe5a5df	2929	3	neg
480cb44451a35c09b2f4f22fd73b288cd89b65febf45c9dd24031e28c1d35fdd	2930	1	pos
49af0a42e8f1915400350518c8b4fa815ebcb76afe3dd41b94db846109f1161f	2931	4	pos
6e7b879c481601c6c7d1b0e2a05b61c1cfe95777ff14fc7b21042a3681b67a94	2932	0	neg
7973b3f28058e6b552b439face5e8f645be5a9976ca0cf8f758cd5f2e92e39b7	2933	1	neg
be0b927ec9ce7e068e674b3140c11c601364c64e883c00c6268bb0f794a2be37	2934	9	neg
8ef111564bf42708bed7b2165ea668c5ba7dd0281d6600929334cc58a5a8e3a8	2935	2	neg
45851632dd5ddb874e105aab66d345a75bcfd080ee8b5bd2c802f4d779524f81	2936	0	pos
7750d501bd8a7c823a00ecb326ce5c8ff2d6faf9f23375074b837762cd8014ab	2937	8	pos
2493a4ab92db6904c9bc2dd17b0b7f0903ddbd4e27fe1ab2484c6cbe052957fb	2938	0	pos
95e4e902797f912ca2b4d2de2aef2ef0506504d8f95152c0514009a0a4efc144	2939	1	pos
cf82713ecd07e5c6f1d62db25125d82796dde534e07972dfe3dd6c71fac3f8cc	2940	2	pos
1e5a83e43791ed64443229b65aff5a1c49d0b766336a9e04e7e59bd701f8807e	2941	4	pos
86909a0bc5124a3d8d2f65a0a06085673aa69f6a4292287e2f4c8f3f6e9eda6c	2942	3	pos
1e72d67ec25a28738987c23b4a678ed7b284ea5b0321bc8aa9324054d7d3b449	2943	9	pos
65eff0bcafdc94783845afe0de1550cc8106acf12ec0e88cd6fcb85dc98b0d78	2944	2	neg
077f601f33c38814c773f0a05f510ae2e064a5d577b4075ab8460fed41a7af4b	2945	7	neg
0ded6f5772b1e0e02f2ccc8ffbfc14ac15ed810e7a1ab7736557c440df55bac9	2946	0	pos
775a479adf8afdb5061796102a07d7113b603a404a22555edf46763a26c1c10d	2947	0	pos
9295b155f92e091ece6e1a4a53e38d3e2f1767fc890d26c6415e6385b6c1f50c	2948	2	pos
b70979bb4d41da158926b77c7137761aa974f61f24e0779f76e1d546408bb37a	2949	0	pos
2b2f598b1c6c0d416932911ff3ab35a7c752247f8a48e29fb83fffb70592e053	2950	3	pos
b59a654b9468eb5c5884a57af441c49d1aff04847fe23244f815d101b9e67801	2951	5	pos
28a016984ae01b13722bf60a0ad1758f878944ae6708a0ae68d39244edc14146	2952	8	pos
b267061333632612f4a44325cf43b9d55bcacdb1f3e3f0cd3f2da3b984b82400	2953	0	pos
6083053753cd102cd389825eafb335d97e8612a1888eb3d8850b3d942474fefe	2954	7	pos
45efc435a2b3cdc065eab4c1d4618a3ba41b6b6a36afc1da7325cbe5bc08a1d7	2955	6	pos
6133bf7f0303705e3341a7803d27cac730ab52a76195c739abbbe2e401f566e2	2956	2	pos
3f237f30e34eacd9670629ca8474c1800f0b4fc985f5ea5ac768cf188039fa35	2957	4	pos
eefdca96f7a0fe2536efa846c7cf84afc95e0c63072ec8d6b01e08af8912213c	2958	8	pos
2177c52ee716ba1f53c055fef8f5e993db08b763af0db0b1659b293e8c8c8080	2959	8	pos
a92460cd6db2a2c11f2acd56b1c77a3cbcee7141cd92ea5488f7011af385780f	2960	3	pos
a9773d278f2d13d63f3754a6899c654cf86846ceb1b7259dc7dcfb231f7a43c6	2961	8	pos
69df2bc5668fe5082dcc71d3b83f5f1749fb763f8012f5441bf269da184f3816	2962	2	pos
0bf3a3a84a164884f765f762e45fd65db6c16e5e7131fdc553a20ac38f138e47	2963	2	neg
8b68a6487b23b5e76842e376ababf8ec78fe6fccf34c37222e046e565823d28f	2964	0	pos
c66031c8c77ff112e2cf8cb0cff0d986b6a68bb141beb7e40610b0b5ee265e56	2965	0	neg
97d5f4fc7d4c4e25ee5df84d231bb3720f361d9c16a268b27ca61d761378ba8e	2966	4	neg
ec3789bbb6d170c1d5ae833630a57bf4f1f2ac218a454ef46e27550679f14cf7	2967	6	pos
5ce0d5807e2990e0818f2cbd4aa38b1cc2d836c95eb6c0e682d82e180b79edf9	2968	9	pos
01d0e7e97e2c16ac86dcbc60355884747217e99289bd8d6b9c97fc2035028b70	2969	6	pos
7e91f5464ff2cf8ee153af3ac7453deb2b5219c0c256a911ce33a535f0f42d02	2970	5	pos
3d1358f82e47a6b6ca476282d1748b203e5a6394a24a2ac912fac4a8ceaa4265	2971	5	neg
5a05f1d905fb46d37c9d1ecc8a2afceab1be8245776359e2660fa35ce523cceb	2972	2	pos
dd2546e052ed72020b0696d51adadfbc349ed8ffac3a897c138771d8c9c98297	2973	4	pos
e842e35005437e5d04c09204bfdcf942582dc79743345476c01434fa142eaf47	2974	5	pos
3730cd85239d74b2a28b0b7035f2cb456dc3d96b54af0c0a05b1a8f71787c0e4	2975	0	pos
91fddc99a9dcdaaea3e08fe65e223fa608ef4cae96f9b5ab730f02df3345ffb8	2976	4	pos
4a3e6a9f862cb41fe05bf4b0f36d2ce95be8322c785ff14649fe78aae3225f76	2977	1	pos
8d63fdf1ccf8ef5eb00d36f670ba5ca35fdc3999d6374e2a5fb817442d5b710a	2978	2	pos
51770cbcf15aa8247afd87bcd307640402456eeb322862a1ce56b4889ca90b0e	2979	5	neg
d4304717f75ff808c7bbc1745c2b836404de063347cc09410a04d33187f627c1	2980	9	neg
501d47d97a55a07279a2da577200c5229055b5d9d7a46526acefecc3ef7b6428	2981	4	pos
77691514296db55fdf8ffab71f45ef5b7bb835080e22e458f7f8ca4b152a93ea	2982	5	pos
47c49e618385835dc87b524286597cd10185f18cd7cad118e8becc0698e3bef4	2983	2	neg
a1545b5320ae3d33b2e92f908951666b22058894c4102d7fcf72cc5e218c0f84	2984	6	pos
fb89e3341c2dbbcc7aa8dc2e92980f77ce29eb1f654fbbfd38b0471e430d28b9	2985	2	pos
f14bcd5b09f6da289ff5acea33f3daa73b60083352864612ed6aba85559ca9ce	2986	2	pos
dabe680c2133cad5d8d860e773b422288de0985ece2fd677f5cbafe23a88839f	2987	1	pos
1a8ce98459119e7e06667c5cb423b56fd3363cf9fc3d3bd9678e8cf3972dceef	2988	7	pos
11939d0c94e8fd7698408d75db88fbda7461825274db542ad6361520e8c198fe	2989	1	pos
5b7b18c38b529d496d7b8226de3288df604067906583a12f7aaba0c17520c2f9	2990	4	pos
0f94c7a0e03bdc4a77f01d3f3f3160f6bd4b14082c21c3e98f90e4298b2a4508	2991	8	pos
8828a3d3a46c2563ec94603965c0968593605cfda0e7e77d37764f559d7d1b26	2992	2	pos
7818a0045e332285da136213f0f11270cf447c7bd118c5d92b2ffca8e82c7af5	2993	4	neg
65e194808f67791d26012ee92a50d14177f4127b1496fa3f7d2da8138fa9fc6f	2994	1	pos
de62a8965a868b90dfad23face58f4d9abc04328df2498867418503e86a73771	2995	3	pos
b9585220d00b40c82c027cb480fd8213b2fff12a83ad53222d2f2347f89ead17	2996	4	neg
d11447b0eea790619157e2ca339ab277d8ecaae59c41b40a25501dbc3a5d206e	2997	4	neg
7b6aaccdd967dcaa6a44e7bf48163207a3fc295a4f3f8bcc6e0e6a5b5367d2c5	2998	3	neg
78565a23d8427e33f55424f1d5ed230f2e08aec8da65af5067667a8fe8219d14	2999	6	neg
44c60b1d74bc42122657fdfd40d2bd1e5292cdb57a44a76b05a5a336947c3377	3000	2	pos
1f914f3e919e31ce01b48a59444b0f6d0a947d1414f6623e4702e7cd248e2d89	3001	6	neg
c32077c2cd6eb2738c6f81dc8a406bc9b19446487dfeb430b5fd4e5ccb5e5be9	3002	2	neg
f95155aa0c64050acb3eadf9d7e223f971d373d878dd02499be90ab71feb3ad6	3003	9	neg
93ed254ad0b14b9ab3eb0d5682b326efb6d4d6fd943c69dd9e33baa1eabcf185	3004	7	pos
631dbc1b3c021b50d9585b1fb48b1c385844ac342d9600569d543ff74c5203a4	3005	6	pos
e8aa35a0c6d2b817b8b26eb4080258038d7434f97cbc18221a287fd91833e8d0	3006	5	pos
d9550594b252b51accff698877bdda0793471e7b2441bdc29ef4b067a879782f	3007	6	neg
45361f84cfba57417257472e2e6ee8486627ff85460f5651ef4eec70b61089b7	3008	0	pos
7fbc029d266274dcc80178d7fa2175443c0414c09e462db934143f31f2b33e24	3009	2	pos
80c1b85f9cd136d77fc68b91d7c956ff797b2381bba4b52a9156e87fc181ea72	3010	0	pos
543a9ca54a5ec9c2266c8978e557158beb7737d3b976dabb39a90c10667ec80f	3011	4	pos
b45320a4e17a9a2626ae5f832111a7c2dad1de57e1d55eb41ba5f6574eed7eb7	3012	7	neg
c016ff8214b225a3b4658e8d12e4444de9dd784140011464d67b6348a26ced2b	3013	4	pos
f3f47bd66d5c2d5b95f0b9e3fa9f33f6c644e853b225769e1aa5926898a8c1e4	3014	7	neg
10e35a2e03cd3d0f6aee294f9cab64dcb8f332b811c93209a7b61eb843815da7	3015	1	pos
f876198d616f5e97c9060c1d2b2bf6f7e75e7736ed424d9050d7926d7d08cd4d	3016	6	neg
f505af4950eaf2756231f9a9c0428a347be3fd85156e87bf9528ad977c343bb5	3017	8	neg
c0026c38f0a67f69237a97df25d03145df24d530a28c10336c250dcd699f6f92	3018	0	pos
3d5f53ede763737545e52819c0b68e7586adb3d201065b0f8106bd8d8c8cc44f	3019	5	pos
fc7991dcb69683111408af59eca05c434c03ffb5ef46f9f185a010e11d0525f4	3020	6	pos
7438c0dd53f73cca4a8a52ceee7bfb0e84b73600827d688035f2af065afef079	3021	7	pos
09e794aa47381208c102551b395819e8518b16d585f5f597f72f176999a17e89	3022	7	pos
b2133f0cfa46af658c79a3632a040a566a11694b24c55f5709db447e2b079be8	3023	2	pos
4dc2936bc62e999af3c4116dca2bf0091b320c12b83ad359732c039ebb4fa0ac	3024	3	pos
4e360a7190302433516e739e5c591fbdffcc13ce31645b3eecb0085154b3bacd	3025	4	neg
2bb596d259841b757189340f18f8a5f54e867c461d5ae609481a6a68606921ee	3026	2	pos
93dd4df403df174c828c912729e23553bdc81013c7215de763e71a538040be6e	3027	4	pos
5b819faa4f138d6b3463d49e4de9a6077264a0fb07b47e431c69a546d011624a	3028	4	pos
5af893ed18bdd8d46de52e9862b46b07db778eab8bf6193fcd65303f0fec02d6	3029	5	neg
e08eb2b1b39a5ecab752e9f7ddc196ededae48136d44183512d66b9834eea915	3030	3	neg
b01a282b21e2d1fe614e4287c785fea5a66ffd54e2f807e6cd6aad4fde313e84	3031	0	neg
d93dcef5cae1599c82f95a627892d4d53e755a18a3d9a5c53aa9ced823dd1a91	3032	0	pos
a41055b91644bffd3ac870a6c376a599d3debf89d10d21ba321aad64573d15a2	3033	7	pos
f89de84e13a5eda920446b4fa6a129cfceacb818493828639be769eb05fd10af	3034	6	pos
3278f1ccd80a2dbaf8691c2758d1706bb80d46d96bf95afb8b35b8756fa77bb7	3035	0	pos
2e80b079fe29d7bc8609d9face9d8d1b95264385c9d33e87afe4d6ab97d53868	3036	0	neg
5a65a610ef1f89f944ebe6ed34ef554967d242a284e214e5bb7934cea82ca56b	3037	4	pos
2d0579b765e8fbdec23ab5d2339ac4b620b60f2e6724462b841141ffbeb02b79	3038	5	pos
ce93738a1e040a2c954fb4e49b383595eb5ff75b9a98d39e4393e272f0cb233c	3039	0	pos
5832377b6962d933ccd55ae69de68bd2400bedb6e27bc23929d2e6eb5c0dd69a	3040	0	pos
99a35a7566289722e3eec7fd68e551abfc4febae794761c3ff2c0165fbe593b5	3041	0	pos
3397d9403eb3c188ecf817e142306a3b3dc9d0ec2bd6fc144c3c6991cb8be309	3042	5	pos
436c3e13a8469c6044216ef951c2554ee396110878eaed43dacc68027c37a201	3043	0	pos
f5ee6deeb2aee2ceddf971fec25700eef1f729d3227fe8117597d2c5139b86fb	3044	2	pos
26784b18fce5aa534a92cb2fe125689795bce6325750f4d7704e7d41d089ccab	3045	4	pos
8fbb9df0daf53a63c6a46565936287e57c748f86461aaca17ffbf025442f3e7e	3046	6	pos
8df265b2e291d0788ca8a05c34ce86d637888319acc9e076c93500d8e07ee20a	3047	3	pos
cadf6624ba8d2524d0c118282f43522b26cc89e7d5cee8134c29f4088a4aea6a	3048	8	pos
abbb8b7fe2da4fac27cb44a8608c0b93f0992028420169a962b5b00d9f3f4aac	3049	2	neg
e152bfd902a1d3f43a39940c1a9cb474cc48c0b24f47fc2e63d5f532a43d228e	3050	2	neg
e5fa5842a3977a453d0dc1585d308ad194f5758e536859fdd8319dc1f0bb840e	3051	5	pos
0705ad0d56ada8c02445e1fead2b5c2c8dd2470fe3a2e7e84d9e858f83839e64	3052	2	neg
7511ec367e0851006478db10faf6a94ee8095cb19afe1c9811438415a33491e5	3053	7	pos
063975d1781a1c20682acef69e19ea6926c2ec0f81f9adc68e9171428404e104	3054	3	pos
c3fbc0a9ea4eb14a348400de41200a63ffb352275baed75ba7b68d7267cec28e	3055	4	pos
6adc9aa11c2536390e1d5fcb234e2d1577eb9ae38f844bad5b3ecf5f615e6931	3056	9	pos
189ca3f60a0766a7e1e5edfdeca97948263ab923dcdfd68701332c1a0be782d5	3057	2	pos
b1078ba03e372c36b0952b69c141dfc461010e01442138c34d8b857137aae5fa	3059	9	pos
27608cb414d8ba8e934f36383096f4ad78953fd8e71b4720337c21757c8c4efc	3060	1	neg
f96f73a04969d1ddf2ea448e324c3ea81948392b70d4ebf6e6c686e6426e7547	3061	6	pos
b384eb17e46eb2f7380b13ffaaba44782b56458afb2f8b23e85199a278e2df84	3062	7	pos
50ffa8b68de15fb054a7c049648793680275f18f4bebc8784806cc1497db01c1	3063	7	pos
ddad33c49cc02fa37d6b51c520f577008a4b64260f191b73b8fab2f8737c1b3b	3064	4	neg
45f6effb0379e3619ee723bb11b02c15422afbd705f1fd8f9daacabe4e6406ae	3065	9	pos
71081de9119d05bae5bc5c5998d4282e745dcc04bb2aa059f16cba5088b35876	3066	7	neg
91360c7a47959b91445259a1c7ad8148d238b96590254b733f83b76c6c20470d	3067	1	neg
00923db507c3de472a801a3d54b4868fd5f8f96ddd0f2effd7736ec639a0c29c	3068	3	neg
3a5291d903b6a77967ea16179846c4de38fb6f769d94d3a6a088e5fad9a5fa72	3069	9	pos
4d4c12d22c3a5d91ad3d7d94eec7cd4976e553fe8aa94ed0a1b6f0ab650a5c3c	3070	0	neg
5fb04602cf5d575a5b5b4f482fbe49b4eda28ab4dbd925cdd8399178182cd503	3071	5	neg
bec93f2403224133824c0531c9d4441582c1af2f7d1e277bc09c94e4571daf00	3072	7	neg
81fa5d9c01d42a426f29e5cc6b67893a9b4993142adc8d8883e54e469faefc46	3073	3	neg
6c307deb6dc9a43e1dda930ac53458c85cb2f71b65203a7693647844f6de3d68	3074	4	neg
e3ccf9ccec4e3bc01e40527c279c42fe732cbb3ff2a99e26fed6c9d1b2874ff4	3075	3	pos
c4ca6eb21841312dea95d541c9ca8b8f25ec760a8d677d62019b2ea44519aa29	3076	8	pos
d1172fe568f6b7a1349024bbe02a9a9e9c40f051c8e7b4938fba908d435afd07	3077	7	pos
29c46c8556bf4933f067f7ec8e39b6a0b74cafd8072a106a362b713e7576e60b	3078	5	pos
b7cda2be0db53c138e5b6e246685ecab8ec100a3287ab61b14b485fcc6b0eed0	3079	7	pos
affd0c183676f79361b46b09f63c71f8d498159fd4f6264cd1fc202febf5dce5	3080	2	pos
fa1a5005ffda42c7e6d4b72ceb9cfeb0c238ec145529513d1446f8d6796c5428	3081	2	pos
4a640d729c4875728f98928014ebe10dec58f889d84f8e08b75fcab4fb95500c	3082	9	pos
38d7d94f7ebca101a61f0e1d7ec2b5dbddbaa5eaf66aa1c8c00d136af2ad20fa	3083	2	pos
92d0487d4eafccf7d229797ac7640526ea1ef0372931ba36bc6efab4ef62153f	3084	4	pos
f45926f79c9cf77050bf0aad664766fe04e8e256407c513d8f18e77647ab90b4	3085	0	pos
bc237220509582498ebdc92121cd42cd33297c796b1d61f2e742e760f42abaa6	3086	9	pos
57ea3577de8c45949d75ba0826a2734e45e9e413f3eb0cfcd402f5e7e9969755	3087	6	pos
d0bf6d105cc4fa351d11126a65e54cd2dbef5ebc1b485e3c497ba461fef6ff85	3088	8	pos
b36fbf92d8ed3ea5fa338462bf2be6bcfe657d41b375a63d20fc494ea13a8d98	3089	5	pos
d4e82d9a7a457535a1ec98dc94dbe24ea301a3006bad3d73481544aeb654b86c	3090	2	pos
3758203904b18aa54ba63990eccb709f0198859a24944e683b63783101083495	3091	4	pos
3fe6c65a0a0fd7492f53dfee9f3510f801e2151343323bf7c7e7741a1cf6101f	3092	3	pos
5c4976e9c54fd7fa4b8044020887678ec6002aa51e6617338c31b35e52c1660b	3093	4	pos
c19bccd3dbd8b5f07bade1529d76117e830b77bcce78bc36f499a6e05ceae553	3094	2	neg
6440aa93eec4d46393601835e3e42164934ed4d7cbd371f3b714ed67f808c89e	3095	8	neg
2dfa703554d32e681565ca5344c37e439ff748b87221cd7bcae78b2a2bc78714	3096	5	neg
78b91f26da15dec694e78f60cf8d7e64122ab3bf52bc01c34f2eff0268d10651	3097	3	neg
8568db1a87b844e9a5d3492eb265cc352fa8fea65f5c6e1aa48e120b81791cb5	3098	4	pos
bd9faae95159d21c85df76c7916020c1ba5214a7047e4fe3770d156e3d6d5339	3099	5	neg
7c309c13bb9b01676ca43b34239e6ef74cdd4ca1571c5f89cb83365115ba82cd	3100	2	neg
473c75c757bb1b8219c1a860b54938f9adca1c3760fafd46b9636dcb81fe44d0	3101	8	neg
6d537e4996028667d40e43965083a5b2ecc390c168dd736bed02edbe9ec11478	3102	8	neg
330bf30d326bdd48fddc11e116b3f80cc57f92aa8687d2d053bec852cabb6bf6	3103	0	neg
ed1459ec69527540d98a0b6c35a72fe93a9a3a64a746ee84ed6e07e7bac76a27	3104	9	neg
9bb57d336c7ff58b396c56d50083eb4abc3ca54a3ca6b9aa027300a7151ee93d	3105	2	neg
c6fe19d956cd4eea0c6df557ba776508b7d45839f685a17bc9feadbe64ae72d0	3106	9	neg
33e1d22ef0690ef171e0bee3689fd49851a37358dd757a08ebea34c4301a0309	3107	6	neg
f7130cba5e65658ecc9ee1f217ac860952ef7b1390407d89095308db443f50fc	3108	1	neg
7d193cc3197cb88e5d31b8b6cd5034ce4c9b8c01f0bb00ddbcd71a8971f9a6f7	3109	9	neg
0a1629c55b2b7302911822fddd03f878eea416c2a3cd1f2626a194a0eb9ddeca	3110	1	pos
98705d8c20700d2c5abc1cf81e85862bb930c09045268145476d01af40ebebbd	3111	0	neg
2bffae0070edc0ae717de2f5f45a2d82588bf14f0f89bb005fa588fbe6cbcc6f	3112	9	pos
d09b7c99daee7a94ff54b0903208895ec4e17ee79d5acf0b85735a69edd4f083	3113	4	pos
c13820db826db9ed9b30438b0d588759d4614d968b164ff7b6c49d4ff0e99f1f	3114	8	pos
910956c8d0a08cb40b02b8b84331ce61ac8d7013ef2686ca5e970e856570827c	3115	7	neg
2d884d1a817ebb2e44793a8e53283c984c2ba75790aae88a45e394c180ef3773	3116	1	neg
e2768e40ecd6c273adf395fbfd694747dfda065add6ee7da65e0b86f014f112e	3117	7	neg
345d3965437daa028f4d5fc74e25fdcf02b251e1e141656d588230fd43a4051d	3118	0	neg
a803b6584d2ea40a2ae914600939229f0eaa879ee5373ff09fa45a68d7cf3557	3119	7	neg
fb4b1ab02858dff889a4de1bd6c8239938163bf5b927a63eb86161819945ed0b	3120	5	neg
19edc6114f423e298c087af8eda04f9f03d4826033bf3d26efc5c8835ab0d07f	3121	3	neg
d31b77ed848a69ee21d5ab090945473b64bca474fcab2eb0b7a0da914e57e5e4	3122	9	pos
25e1e8b5b3ab7a6effe3d5f1156900475f5fa35f5e74acc494af3a5d8545f485	3123	6	pos
a45d587c87e8ac2cf157f88ef496b71d9e21edc8c9878dd33e95c4fabf0ba02b	3124	3	pos
59874d2e91c5a145bef34a1d2f8586b11d882738a720269755eb747469f3e631	3125	6	neg
e485e1560508f8b5507c7ef677061ae4e5c18f06ba2675b1774847a1e5ce38e3	3126	0	pos
d59c464ae2be6ba4a263d2ce6ba259ca4a1750de4c2b39af982af1fc8659d51c	3127	2	pos
b84d1dd048f238ab7fea9acd4791a492660b397466ec40c3d9697cda191fba65	3128	9	pos
87d799a230fc153bfe888830a9a7cbf42989877533cd98d817e438cbdf15c06e	3129	8	neg
c4098efda472cc83455d16b4d51a956ba8e60e1a7f741278b38c1708784378c6	3130	7	neg
05242ff307e03ae203ea42732f61c42866d8c2aade8a3a75af8af5efc71ee574	3131	5	neg
2c9d0fdd20417bedf48d0bda9b9f438a4a0bce48fc71463f90970109165e5a33	3132	6	pos
cfb8be60552b4b4e2fbd612195a2a1474b5c57bef8f2b8264f33fd1dd9f5ad26	3133	7	neg
348c84d3c2e60bc95f88c41a4e601343799ca44950a42ab7d9e6e55888a5109c	3134	7	pos
c88e8b5d5694f23cf715c513785f76d5fe0c1cabdf3457f27a40e41338ad2776	3135	5	pos
87e29f34a0cbe0ca41bc9c074f6566e069cd1ca5771235a76782b1c1a132e550	3136	2	pos
6a61b49c815b3f2607fe2275bdf01b40b72e9c5c5459cc8826d86838a0e8f06d	3137	8	pos
1a88d4da17346d3e9ceb6c686990b05cbead9adca52d38ccb1e6dad593d052af	3138	2	neg
9df75ad595d0abb174d9e76abcba5908ee2bd650121101b4ac9609ab4bf8e2c9	3139	8	pos
4b341012055b8e4901a65b42f89a2ac29e0823fdc047c1200d8966b7713d6123	3140	4	pos
7d1d6d226347712923312844581147ea7922817e5bc61e22b642129361427b3a	3141	0	neg
16843b4450901ebfa9e4b916e49b07c23c3b1da71efcfacfbda3606f3063c861	3142	2	pos
32dcb48615936c3023a706bbb831a263537457336cd8d58ce95711f6e4137ec2	3143	4	pos
bf55196d4c3f5c48b0733e0a4876a71106d9738b12d6c70eba5bf18835b8af98	3144	1	neg
41b1b663100d09717bca6cc1beae95c762f8f8c1912957beae4de5556869d053	3145	4	neg
f65febed7f36c671d1594a58f9c99cca13c67822b301a3a93bbb5e9059883eb1	3146	7	neg
d073030204e426489e303016e26236e792cb1416a6a5b2de0f64420f7ec642b6	3147	3	neg
bb59e226f5fd62d6effcf493e8305296b7a672cd425e51ad9ad16525270952c8	3148	5	pos
0512d554e97b9b3472cc07bcdd2678e9d27d1280072a9356f75f1c194df6c666	3149	2	neg
e9d9ee842b6cd11468dc1a6b955907c34fd2b171bea0708c425f66c99aa5c023	3150	1	pos
52dc855dab67e75dd98d06ec80f30f3be2cef72b2ccd6a17fc4365833ea3cad8	3151	2	pos
809008efa40f6c71f16afe3c7300cfed7717a6d7563877e739249cca3ae53a2e	3152	0	neg
e4652b81c0bffe709b5a6e928bc3933b7354665dff3d56d88418c6bbf6597f2c	3153	1	pos
49fd8fac2d034c4aa6ba71b58ef65e6837cb53ffe6500d436b3bd7939abac4ec	3154	3	neg
43265c51131083fd8a6fa6c291cf878d6dd2ac58e8eb60856ee957ab58679de7	3155	9	neg
64d96b58b039e3332df1fbdd5c5e68b959fa8d80ec7c501bb5e9409686a01ff9	3156	9	pos
83d2bd49d6a7417292c875baec39e179228eff1060e5b4d45bcb42f59103fcbc	3157	9	pos
a2a3e1d3519c283c88f4ba0b500801ea73a632c57d8ff6ac12cb9aa7640625db	3158	3	pos
04ea4e7abd6fc0e0365b3ac97014bb58faa3808145fffd8c3556a81941b97026	3159	4	pos
553d33cedeb9eb0352dd6f4cf423d2f0cb0d855cc74a8e76048dca3a340d37f5	3160	5	pos
f174ec094702059fbe28914abe8f5e40cf1338b5b7ead1787866e6e68e6e7844	3161	4	pos
39f8d844c124adca76d99284b3d9b16c81bfe2805db99a982d0f53b5ef91e5a8	3162	4	pos
a460f607bba90a44dc3ab63f74028cbc98eaf93eda32638089075ca8247653ff	3163	9	pos
4f39d643369f58768dd2dbaf49118f1ebef3cbba0ad487f0ea099c39d77af929	3164	2	pos
a0ac16a0a854cae031cd223058b86f775402b9523502feb84ae1cdb4813d8bb0	3165	0	pos
901a5b0af009708a7318eadbbcd576251c8a7987461b4dda892f0b2f7c26e79d	3166	3	pos
35cf78c1c1b321c7951db45743024e0bd763380cb8661d545e3168614158ac41	3167	0	pos
aa2cfaa0c9c554f987c9cf53aa0c94e43e071ece44bb8bf6f22e685277322ee0	3168	9	pos
bf6eb9a348edfbba6aa3435222501206138df29b31ca46fe5e66f1bd688ca9b9	3169	6	pos
aaf860cb3e98b8f0b90e41cf03087b8352074fe1cfad6a7bf56bc03a62a251b9	3170	2	pos
9fd1c98d97191fc62480235dc2e69d1777a0f8578418aa630957904cc1668e72	3171	1	neg
845aa803cc5b1371d1ce4ae3353b0307ef446a73f4940b58bd64401996c744cc	3172	7	pos
51f8751e2ee3b5b5763b0ad712a871e79d7ba0951aed57b1cad95e186b8c585a	3173	5	pos
f5cb51e15cf17df16b36ed620e854b5e710664f94c6cde7397822f66761e60d5	3174	9	neg
bbeeb31fdeffed10f92bac9faa63e261d6ac446f1de1e2a20071393315bde08a	3175	0	pos
c30ceca745f067a981eef67d4f3063f539e1da9b878c2868ae87ecef560be25b	3176	4	pos
4fd6d0f59cbd73b4eddd98b940241b15fb45891cdad6b41c72cf03d274b070cb	3177	5	pos
4a6a31c0168d93cb919351bf8d4580c04470f2cd333cb8f68bbea5e3c6b41a30	3178	5	pos
9339dcaebe48ba3fdb253f5de8926ef66551bb7ce7a91e77418f73f4112154ee	3179	0	pos
66e692c8bc86d9291f3f076dd92ca6d619f926cab9d1af2b1dab6eb9ac96345d	3180	6	pos
f3b7dbf0236a624fe1071be90bed8403fce89fc3b0aef8fdb0420384988a4463	3181	1	neg
9d75c15b4d4def55a87e42c8fbab6445d7fb6420cd5c4164368bea65e43936a4	3182	7	pos
068165b9c28bf55b5ddee6f30d77daaaf797d34e81192903dc93f9d2b18b840a	3183	8	pos
3be76826e1cc735287d88e7cb6fc124fc77516d0d40dd0e8f5782a46efc314fc	3184	4	pos
ffc26951f1e3d78860c404d97ad3e519a16aedbb2fa190335a5618ab7ab7e178	3185	5	pos
4ad035be3e41ee5ee96ca71806438a61ef4eacb82f21b0385449f64410d6b65f	3186	1	neg
3dcc5912d64852841ed831ecfe75f80b975a31ebc38f70d0c70b681d14f55b0c	3187	3	pos
516520bd2ebb14331c968e608291416f72abbfef396bf8e1bb8a892622b33649	3188	7	pos
b462e07498a08e5aa7f5ff322ea49eb99577e212c8028aa08dedc581434e5269	3189	6	pos
b863c353341565b67f9fb02b1d9f5acbada09576362f49306465aa1d21a614af	3190	4	pos
492ad897950a86f3dad0135d888e6d42f5ef46a235a55f21e0289299a486d1cd	3191	5	pos
7337f1acebd68def9a03e407eb1c2a335dd498583ac00826c3361d1211934ad6	3192	1	pos
ea4f0a2dd83498dc23a864b27f3f3bc6a0120b9e92c71bc35ba3e50b90ef7f3b	3193	1	pos
e87806d86aa9980aafa5943fa1e2a804c68b8cdedabee22f59f31c1d6759aecd	3194	0	neg
607818fc8efe04c27626b4c93f453b32fbb2f2acf0faa0a108dff9200097d685	3195	8	neg
dd746c5b862e21e50f047c73d02579e77bee8f81adf48c253c87794af55e773f	3196	2	neg
31c95cfdd81c2a1e73d062056d48259a4ce69ff67d3f9d449ebbc46a78efd908	3197	2	pos
0791f2a69999d882977639e5ae1e22a2e54aeb897384cdfbee0fdeb652c54d60	3198	6	neg
daec3b783a6b1a93b5a5f9fadb1c452e8ae137c5bc39709a5061722cadeb3bd2	3199	8	neg
702186dc33a680fe47ed0eb248fd59a59f1e1b7f5095211657b82a2a8bd25e3b	3200	7	neg
c5852e97dfc62eda35f0cea0e86ce5afd7082008b4b8cea51cf3794ae1354eaa	3201	3	neg
21d4588c358b33d37374fa4c8001294efb9ed1cf58b5906a0321c5ce94e6ff76	3202	6	pos
31bde1b71e2842318d12b6affc6f8cbd3385102f9505d591241848803f7a4bdc	3203	4	neg
385d56dd7e28f6a0c0f1128f8cde09d37be8400e3d45f9f6025d037da081366a	3204	1	pos
e7a52f9e06d0ce2de449dbfdd819f12897f563add2e3315c19f14765c2eade5f	3205	3	pos
461288288cc61a86bdd62fddd6158ba74dc3c2f3882fb16aebf2c369022b9ded	3206	1	pos
a1bbb8b15ca9db4cd3becf8014571d53da540d629d723ba8587832819782c497	3207	5	pos
4f412a0e8338fcb9d5a44fa82351f8520469e0ccf275e0de68ec84cb6d0836e2	3208	3	pos
9cbd89cfacb865b720e60aca1f4aabc8e616a7ac1c780ddf95feed043a3a0385	3209	4	pos
cd553a3bec91167c609ad24085c3a9a05853993d4540b4b94c00b17498e3553d	3210	9	pos
5a2a829419cf8dd90203301ea84457854d4382d2810aa22fb5ec43e258ba5e7d	3211	3	neg
add58d0a4baf452588034672b64fcc2ce92b6b5c56cb894842a7d4399fb93f0b	3212	3	pos
fac3f84cb09836e6d6254c0d0b16d41c3ba9c4345ab58a9f0e025aa4288dec8d	3213	7	neg
0ae78e32916d40bbb141930b9be1b5ce327da006d70efd39cceb2c29635ebd76	3214	4	neg
9637cff176bfeb07930a02159e3b2715fe89ce8f97e04424ef9521afeac6914e	3215	1	neg
ad09ebaccbae9b7edd678d6300b8904d866ee798791dc6d116225dba4b468145	3216	8	neg
13ee2b1a19dc9124756bc3b0730f700d0806e025b6791bdacdfc9d0e8b38c16c	3217	5	neg
e84394a3c27623ed34713f0733ee6339710e672e8532a1e99800536b848f9443	3218	4	neg
3bf1f5c1a782a55c9fb13d1c888dbb24f8ff6cf9f024913b0d2db9609e6a81c3	3219	1	pos
933cbe069117ccbc767ed9432549d972f07623668c0334a0fe2729f8ef90b72b	3220	6	neg
ad558944fd4948307c8f7170d13cfbc05606f1377e0b688dc585403cbcd5c766	3221	1	pos
e426143b8b6bd4ca44fe39af62d7acea0ee9ee4d70b64d7db9229d6c7c21b6f5	3222	7	neg
71cdb9baef52fa77252a42a6139cc1bc89b3ec96e330d0b441377acd3377af2b	3223	7	neg
a626b2f3faa3a083d153af0981d92a1b4d756c927d5de01de663bd3f6ea3adab	3224	0	pos
9186e8aadd70b2f7e2d93781dc3a92e9c0cfd5c2a4abf2dd044e3631938c0544	3225	0	pos
241bbaa454975de08cd76b8d03d3e3344963fc03ea593897ef5d419f397a5989	3226	7	neg
7dcf308186baeb9ad2400be25cc21dd224016d46908501be964e63a37ae38b75	3227	5	pos
6fc7185c3a43ea02f6d225155685d9ac74a9a31d63f79837891423b3562749ee	3228	3	neg
e0482b356e583389ca6f48cfecf2ab27140c7f94022a4322f6dc95bb11816fb2	3229	3	pos
dac99523b09cccc82cbd4265a8d6ed3b79de9f1c3ec663ca3227f731d277043a	3230	7	neg
32633c73004f6a85c0d9898b17421f6af4ba2440a1d175194b808dacbcbc9e46	3231	8	pos
bae876d66afa91d78bc2c060a46c44c830b653879a40906aff191f57d58e95e8	3232	6	pos
1bdf79094b12652702ca6f078c75982f3c39017500bc42fe9e006600c5e29557	3233	5	pos
52949bb59653ed48eace0cdc293d3ad976c463f535b380e489a2b0c78ac00f49	3234	5	pos
395cab0c5b6dbb1bb20c2ce8ef90e26ca2e4d10e9c220c568b7a47cdf3dacacd	3235	0	neg
4ddd6344869fc56a11f76f2a942d3c026653a5385b2a2cb18a694321e8c9228d	3236	0	neg
9a9a85f399683d0d7d35bb4d3d5c5122106b561cc5d43fcd35cab2af0f57457c	3237	3	neg
f8a5da199e2c814bf0c07ac1e6f9cb4eb3de2cae0a30c6f3766f47dbb04e7ac9	3238	5	neg
a5ee168ad5ad37a98bb26252526411d6bf88deead7a7a00c871466e89acc29ee	3239	7	pos
7838706e1f42280ab4f5cb97f81c73e648fe45efc316e6cbb33fa8fa1ee2098d	3240	8	pos
48dc6a5e07ff55bf5afc771a99b2e0c16f5d74282f649f320b994e9ebe08ca74	3241	1	pos
18ee03d8bc7ac239d3d734954b7db7ed589abbda8bbb66545e4e54799e018e7e	3242	2	pos
7aa28da954172a81cc738ee2ef431ad86d089423ecdc9a6ccb8046dee728d882	3244	8	pos
96d0d133ced4c2cd9ffd8859921a9176b3ec4da3bd639fb090e0bcb4fcae7f64	3245	7	neg
210dc9f5fb435603defe9896d332adda57a1640ccc6a6253fe78ef1bbdd6751f	3246	6	neg
125cf54a4fba5e888ba6106e0c3592176732874256b4b6e8745a120960d4d142	3247	2	neg
71a6292fc1c7bb61446def9c6fd7c1504380c9b97083fdde9451226b63d71a94	3248	2	pos
2f5438efabbdd8af65c7d2a4b742bf1687ef1915126fdc0d54005094d9d1f965	3249	4	neg
ec4db56bd548a5aaca8069a81cc74a29cba5e488edd816203b6b340d7e18aef7	3250	2	neg
750fbc3a6e483b389e8ca2a45d7ac68c02e9a1de9b24b0836ef30cc79b5e2a0b	3251	3	pos
52fb2ea745e3b5e8e3a6c7c75c43c4a00966b762bfbdd6770a70a3c32c3042a5	3252	0	pos
4148232c50f8194936bfc9dadc6cd2f1d268376cb92ab6b3828a88561cf4cbe8	3253	7	pos
6bde34da66eb55f0f4f1f10b5608260205dae31e931912b45884abf165fdf5ae	3254	6	pos
ad7a907e621c0bc3f1c9860d0682978fe327cbc97ac49dedd2ccf4172ef0e997	3255	9	neg
813b0cac18cf7b44e6ff613aa3ef975e5f94aa22f4c4f5b10fcaa9f2d194e833	3256	7	neg
c4bbb3ad8bf768c7cb3bf81cebbd83aa6e8eab4a8d3141f6cb0da3dfd7f8c97d	3257	2	neg
35929619653e4e7e95e35bda3878440ef2d0fa774310679bac05a06a11e9d047	3258	8	neg
b38932ed7e1e5274a0e12d71ca9ba181ba67ac922fe88903469c626c4e52885b	3259	0	neg
7fa05920ebb6edabb33c196c47fee69200debc50918d96d056f08f83120b1a5b	3260	5	neg
58adf219dde7056addec0391c21acec14ddd41fa4da74ad527b6021b1e735abe	3261	2	pos
c16fa010684710149d5d5c4130aaf1151bed5a9799f4f41aa90d76c669e94856	3262	1	neg
80d2fe5795b89b53fa97888a568a74c322bba7d2f5f73c40dd59aa7a33dfd4eb	3263	4	pos
736c3b5dab957bf04cda37f87ce325185cef4c790c570b8de43022bac87b9bad	3264	8	pos
e12ca3768fe2f5f32f27789b4cf55a81d2e79c0779144f380d63cc364de2c2f2	3265	6	pos
b9beda4772ef15ccbe870283238fcf490ef70b38446bfde1d3a6cab695ed8f97	3266	7	pos
d7dd99b243da3465892d0469512304e2d8c2ce2dd962e6d552d0ce77ca42a760	3267	3	pos
f06325d0933d563eed1a95c5b78cfd64c8c84dfde7da7c5ffc75751376826019	3268	7	neg
02022a8ab026dfe32754c3c60d1812908a28d7adaf198093b1a2206a8ab7c4a8	3269	6	neg
0ed67bd3e3ad511e3144fda02758fe8d22a1c8f49193e5a744da2a73d90f0e5b	3270	3	pos
fca0926d082578755672d0eb68ed4c5a5af090bc5d1cf09a02caa23efdec0126	3271	7	pos
f47cf4c3b46ee85f3924631c3fdda5ef1403a57541189f7719c524ecec900991	3272	4	neg
855be0a24f111b54e4a799a38780ea4c19a1da32650de444eeb2c2e60a31e3e2	3273	7	neg
312514171bf4fef5a283aa18ae78092f1d3717a1ac3ecca279a0db44100ba934	3274	0	neg
0f8f74829cee18da7f883b67f1e7413be8f136c348d136baec48b732028388d8	3275	8	neg
da5a3ee335a2d2af05d5aa8d2b16eadbb91a42b72f4e97b5637b043aed6f51cc	3276	8	pos
7cdf2270f19cd796704cea875092762d1b336a43f4c1d7e9e086a662dff892fb	3277	0	pos
997b5afc48feceb2745fe29819c2489e947ba41599543c5eac19017e0b623db6	3278	3	pos
41e52a472b354adb77e3454bfc2e53bb6f207377477c59671e28ddc04ee47924	3279	3	pos
5c6cf030906296b03c32d81c2a66463fec08909427f18a45bdedc9ac0b2538ec	3280	5	pos
f809bb7908c3ef8dcf8e21dbcbba599c485658ba4cdde39801970b8dfd705cf0	3281	4	pos
dd8defd3c633dc31c2638ae668131ca62bafc93caa9a461becdcd1c4d8fbf557	3282	8	pos
1e0bd5822e8e43ceacd3fa7676e2005afba8bbd098e0fc48c7096cb9a73d8f33	3283	9	pos
8a627d2fe3ca8295a91f0ca49cceef24b7423bc9c7a2c227b87caad9dd7560af	3284	6	pos
8bf4c06af1fa80bf2b5a0e2629bf33bb0136a2bd08feef5e6d6383494d5d2ce9	3285	3	pos
aa8835b2281bc765016be77fd7483ee6b0f8ab83e7fb78950a7635c58f8eb1cc	3286	1	pos
bf52daf31b7713b257e9dc07135b5efb49a66315fde737c9c8047f005a7bd3fa	3287	6	pos
e310ddf55c509b03fcdc4fb7c697e9295e0190dca76f1d3273024c04d838fdff	3288	7	pos
439bc5f794502bac7265d7a69704629e540eb2b63d5aa016bee4130f5468bc34	3289	9	neg
0aacd9acf375f26d50a2ee3e7cc76fe79dac62ec45fabde25219530fec9f667f	3290	3	pos
0f74060c310bb25b31918260513e5371c026ce131eb173ac7ab8056ea3a9b808	3291	6	pos
8c1e52f3ada1d856a40c0f50b923a4976c3826e0d5278e9f62767c40eb439a3b	3292	1	neg
32d4fa1cfbee4ad6d37389003457d90b89d2c71eb39c5e40a7811c9704f8dfac	3293	7	pos
7c57c8a97d7dbc2cf2dda97b43ab70975cf1eed258e814dfa88a5af3af1940c5	3294	0	pos
fb58d7d6252c2dbc6410a9d162059e2b2feb01790a492b83758dc20a80925d31	3295	4	pos
a12cec60f9515ac9df9a93c553a21d6fa8120f0a95963d307adbb7bf04bec5a4	3296	4	neg
657ce35e93fd725b058991088d67261e210f939f9ca9cc16b6e10c0714839d1e	3297	9	neg
3f8d95c2defe5680d4100df0cbee355ba7d008bbafa8e5b7f9d77d332726e135	3298	9	neg
cbc4e821c4202417c952958451797ca598e96aa9f128e754e8e833ccb838a52c	3299	4	pos
8ca08a03120dc71fab82bf39af10972fea9ea3b210f942da56133817b597dca6	3300	5	pos
72315b68e8e30e1241cae0d8b73c325cf42d4722895e59d7272d4fb2bd3cabef	3301	4	pos
9440bd3e77a3d6534c8844616797d138ebea139651264b949cfb0fb6b42a347c	3302	3	pos
aa8549a775ebd7aaa1a967b970413b093786d24719d2dcee18637798598b40cf	3303	3	pos
0ba3ae0663d7058f03676c7dea6cb46ad6abca3b04803658bd41a7fe2f56b9c8	3304	4	pos
ba72503e847bd94b99039bb8630a4c58c9596c468959dc6e7c61f1efcc1e00f8	3305	5	neg
6311af1a0f71a1bae49f128d73cc67f11de14a2f05ca675cef9fd462022fd571	3306	8	neg
115d4adf5a344c1bb0513097adf034d490f1e29fee2678e32e842986bcd0f784	3307	1	neg
ea70d6ac7a97abd3300b987c8af0b6052130775aedf7185c20ec7c163d3d6ef8	3308	7	neg
0d9399ef3bc636f6833f0f626191ef22eb8c3cf6f0976ae85c7d7ef300828b73	3309	6	neg
ce75b4d8b5178f7888c0f295ff561f0927bad863fc2a2d19c190643233ee3ea3	3310	6	neg
7990cc34e97cd17cb58e39340026ac0cf80eb7c09b3aaeb358468ba54b5f1ead	3311	9	pos
4813e8bf8a3f3f8f65be31ca46108c0d8dbee21ef1297bc6333eb8bbf3ebbcfb	3312	3	neg
8f11dfbaf11f9eb50f7bee38ec2dbf2b9a70dd73dcbab7e8d9a808e9d04c3965	3313	3	neg
115a76c492881eecd8f8b6f26e39470e049a66d0fccb70b86ea932050eee5ab7	3314	9	pos
82df934e485a9447d87d43939a27f77b2fd7c826e66a726d316ec968deba4e62	3315	0	pos
a29a822ca0b6eed91d04676119da5f352618b7cf4a8047b6c692a814ea5595d5	3316	9	neg
813890bfc5c64ad45d80af82458c8035e4fd679e15ccfb10583efd12502fd04b	3317	3	pos
e92f09055dcb9ac26804c18e976e0c1961e380679d01ca0b30d7431e38d119e8	3318	5	pos
23030b22aa003b6d3ce1347c00b0c8eda54f94ef1ae87a7608567d45f2a667ef	3319	4	pos
6552dae2a840f3530f8f998dcabbb8c3b8fea26d7710527eec38d74de7b1fe17	3320	1	neg
5237694a9f5bfad2c63d3be6f75f48895f082af4282e423decf2d63fba461710	3321	6	pos
d0d04084e3e553b2fb828fcff6ec4fdd0c24de2384ab843e8b4faef4291f86ac	3322	5	pos
4f0671094ef85a77c61ca4649842512bb7806c5ba5bd9265b9fe79aa1accc00a	3323	2	neg
3b777f977ef21dba6693f4c208c1adb6b081faaf9383e8e4198fb97bde9bb859	3324	3	neg
101c71d3af6dab9531a87c06233327ff6d86db9a4b775641994bc3cf3138cc84	3325	8	neg
4d185a3c42c3d6ad8fccb48fb46aa5bebd36df1a3ff06b6b45c6eeffdf016442	3326	0	neg
fdb58951e3a04169e7d7496096af0dff336fc364da5f710b9ac76c673fe3f61a	3327	1	neg
abb3522fdfa2b852cd342eb49bc69f74bfbcafd0476f58ee2b8990e6404ffc1c	3328	3	neg
c3856ba9fec163973011c6aa829f039d04fdd516759d766f1122aef187757a8d	3329	1	neg
24f293ba942e697a3e83c2fff9efb1cddd4ac5b719432c48f7dfd15f9659787e	3330	5	neg
506d321d7048a3d212591103d18c5b3d13013d934a5a32045969d280ca507d1d	3331	3	neg
f385b0d2a74296aa3f11c240e7c617cabf2449e09e5808e078c1214e9b2a45be	3332	4	neg
748222853c3653ff9d22e3e7c46459bc1551a61af233bef538a451676bef13b5	3333	2	pos
f48e1ec5b411e32310e5906f289d2f0a806ddffca2fd31dc5a98bf1a9b32a379	3334	2	neg
c02656a895a472ac2f47e306880c4bcc25f7434c3ada46064dd9aee9a413892c	3335	2	neg
1f8250e0084f7e42b7fabcdaca04cd51a131f17325dc9df07d8cf6f5229de6f5	3336	5	pos
3ad73552bc124c38a831f0ed12750faaf144dd69fe9a9dd1be1b18932b0d7aa7	3337	9	neg
0797c9b29e154d9683508717b13ee95f1c6e16b52c6be679d8f382523acedd77	3338	0	neg
b2eae97f607741eafda72952db0a8e72f54cf3f342fececad7d1a189c2bcb830	3339	9	neg
a9f886a71b662cce9c29989ef86e1c74936e923a08974b6650f4503615fa53f0	3340	4	neg
74971b3329dae84cc154a58b2bf46459e48e2dca0369d611e8b2258623cba2fe	3341	1	pos
9b38965f8f67d5d6969819285147322acda578bb56bbc1c03caef1caae4f7802	3342	7	neg
e20751ee00ae2eb06a7470201f151ab3bed095c899b7aebf0ec4fa8d8273f325	3343	0	neg
86453b2dcd60b14de5eb529ec1503163da7eb03428ff4ebfad7a7f2f3e3e21a5	3344	1	neg
69b84c22ce52351842b2dbc4bb9af4de0f96d7b14d92d3458e8d1f09f1596214	3345	0	pos
25dd052a66cf82f9b36a0206f93820324d4ffce53f3ee54f3e2786d5e8968cd7	3346	0	neg
b2fbb8eb0dd7cfa59d457ca307fec2d4eb966502d351c352a696724a031398cc	3347	6	pos
5ed01d5453d25044076745dd829726bbc08a967c1ecc7811d2096df89089b7f8	3348	8	pos
8a9ca8b58a97528943d21448b395bde8d34859f280a2725f49aab152327172e9	3349	4	neg
dfa0705a696772c12998925764c6347ad5492da045f2b92d41e4562afb086e77	3350	2	neg
b25a507b440a08a4fda78b9e3af57e9928cc56249117c5a1172a91b3cfd40ae1	3351	9	pos
57648c42d65f0978d2cff7004b6ee488e8b2f383673b6d0ec60a3472e98e88ed	3352	6	pos
93815f33d6bc7d4f9b3fb68895b30193a3ee7657b7063b8ca52fc01fd13bf9a9	3353	9	pos
6b43980a4ac10ff4aa0be07bd0b58f8dbf533c1db69112954bcdebe19c1d6391	3354	2	pos
682c49dcd46702d1d9bff3b514567aa048a7683bd30cb72c1e3a9f02968967c6	3355	4	pos
0c9c63e27c9553767b30deef1fe317d67c1095d9f49228a4a4412c26f6bb75a7	3356	3	pos
d2ddc116c29ae67b1c080cfb23c49388b06fd8e32aebe65244299ef38269b3e3	3357	0	pos
043a6a13d00ef539ab658f9f2cea09e179b125b8f6129884e2a05f987f32ffd2	3358	2	neg
8c34b9ad0d4b91633dfc44471892b8a19fc9b76d056249544b92965a11af265a	3359	5	neg
432495e4bf32c37f856dc74979c0cbe76a1eced8f5839629987f09dfab903491	3360	9	neg
cd88cc0de37f8af18cad6802375521af71570be8fdea5d47736e65327140b03d	3361	4	neg
b05d13dec1f3050f6ff74040997394e1a43a2c2ae50d10c0a5dc9924e53efab0	3362	8	pos
acb355df996633eb7305bff499a23eb721fd8534ff20d37afe42ffbe599a1be7	3363	4	neg
4878b9f91939b7c48912169629963d92232a900510191b335ae24f4ea278bf42	3364	9	pos
28ec43020bbd9bf1309e437420945479a7dc44f4b5f8e00d796230e5305a9e52	3365	6	pos
5ea4cc7c27fc8b89002cb0d90a11505fcb85d241263e78186b626cb880174628	3366	1	pos
ab115792770ed5fc86c9175be6ab1902d9f1b0b1c4c96e1aee07f3b34e6f8b9d	3367	8	pos
1aab0cef54b7d4059af1fafac8e6d0725af83272d77b39e66a22b63296d283d6	3368	3	pos
9262d4f59aa0d7cff9cfab09c6f9e09aa57181bfcb0dfeda50db6b8608c3ba43	3369	2	pos
17f3a31146b9ec8a68c9898820a1644461e63e5fe11108d4ff7b3771e17b56ee	3370	1	pos
7d31980feefb41e02ca5da4b9b6a662e02c6a84622838227be92ce074ff4fba0	3371	3	pos
9de2d76f1c7e4c445631423b2e40d4121cf312e229dc82b3f9df78bb38e95bb8	3372	3	pos
09446b6918caddddb223099c8db6333f9967f78d9e233b79c0041b699c787904	3373	4	pos
1f19a0f12655f5a2aed7b1e2735287a1c4bbf2645ead2f65c4743a2ad8c4f62b	3374	1	pos
fd216a47b1a5ab8aa518d2c10c86e820277bd10d000df20948caff83f1c6fd8a	3375	7	pos
4d67f00e1cc73ace4ae8d35b01ec5c5a5c90819f4ee28218c27c64ba59cdeba6	3376	7	pos
1fa670379e27395daf667a62c8a845423f262af8ac9d42ac93be4b950ec8baa7	3377	4	pos
66704f69a16e7a81a332ac73041f675e149ea2ac408e7df7687575e8db4d587f	3378	2	neg
ca86c38dcf8e2a27ae4f25e5c7fbfe636d7d834f22b69c6ff3829da15419b2f7	3379	0	neg
eade1de055a50ab942a2bbe5f6275edf6dbfb1b9cb3ed2bf26853ef0c1499891	3380	9	neg
5ef6e2fdb82b046e4327bc52b73c4fc6a5cb2d8b90bafbc97872ef092d59d052	3381	4	pos
a15670013b0e8eab88994bea5641f1b53b7fee43a8adb42b76b031d55b32d5f5	3382	4	neg
0aa27763487a83497ab14e47a226f20618cf7d37e2a047050e8f88896262df4c	3383	7	neg
b38d879de2baf1f22d5af3f15dcf3e320e56874fb63907d75d17303c0cae32dc	3384	9	pos
1466be35d7265db367b2624a892bcf04dc855c7e0d99774b847a91f3d42a2c53	3385	9	neg
bf5cdbdb1d7fc79f4910abdee1d06e8adad9952bb2b416204e1f6ac4dcc722ce	3386	1	pos
40a1f04f8791ba2a4e2288bb5e7ce2a6ddef7b3d5bc1ff72b7975aeb9d51d271	3387	6	pos
e1b209f16400e521d344dced5d9f98ae46d07b1e61b98fb0c69c7836ca1a0ccd	3388	1	pos
91911569ffbda83df499a5863958ed19d6c4596572a66846161aa005c7be783d	3389	1	pos
ee216ac679d55868e911511a7901eecd1087905e9938ab20a242f81a1af50ff1	3390	1	pos
aede73b3f57431137ff9a86da620bc1d786f050db8f9b1f0e9c15b233c8b5893	3391	5	pos
2786ec8ba593022188b5243febf6620c1bec3f448d61f351fa5c7403940192e3	3392	8	pos
55f24ce5cc379cae3d0ae492fe4de0d9e47ce5cda09d2993601272bd4f7e6262	3393	3	neg
dc25d9e089f461ede51035f99e0158a6276dd068cf2d82afd247a6da3bb6a9a0	3394	9	pos
18d1c3fd0790c511ddaa4cda613dcec333dadfe10c311060dd05803aa5b861c0	3395	2	neg
1ef71591dc43bae08a74ba092253c3f8d131954be28094a9906fc5c13093f000	3396	4	neg
79eade06b73e3b872e2ed1b5a9355db20ad7442a83f5e431572781cbae4277af	3397	7	neg
7e9e5aee63c995ef1a288d28e3f8650791354a6c42ae69d5f9de5c74fbc83e55	3398	4	neg
fc818fe9e51b861035e14fb2299e6c749f5f6a859b3758d5990014b7c5584390	3399	0	neg
8518ab59a0166fa2abef0d7808dbad7f49a75596b736bd280c683c65af491801	3400	2	neg
47100df5dd8875ba43dc7da6c72ea14e603da5a6bcacdf0cda86bf7b30a19890	3401	0	neg
9852de089220af9b54098b339d1baeb41cf309351d4193f6e77ea3e4727c2c14	3402	6	pos
bc2aba6b31c6785a40dd6e22722ed7be6d7b557a15204a2996e4759eaa35105b	3403	2	pos
5d88a90a4df4b33c1acd558a0f95b7779633bf03eea0784ec5a338f0acdb9d4d	3404	3	pos
e0a8461584b33dc227b9c99f10a6edc54ba6b2930c43173fd9622a39d38cff58	3405	4	pos
305f2e964d66adcf2bb7135cfb620bfaf99c6fd2eb99b43925392b8441ffe8f5	3406	3	neg
ca4e58e9544b5855c81e3004dc3d53e5f8082f93046a90088acc46245637df8b	3407	9	pos
3a53e3de3bbd20853928aac6bcdf15ae76df2cd0ffbc9a8509a6d214f4767b2a	3408	0	pos
c1feb99c70bcdfe7f8c73c60f65c19706cc457cb65a8fc74f7c44fe2e0d713b5	3409	6	pos
6481c3b956525d2ff4e67ceb2862694673ff078a1cc28c4c85ed9d1ce9d9fca3	3410	2	pos
2a5c6f9ce6cb2329bb6a6c221ae29d831e92f15d6e35fa3e14c976b5838f9867	3411	0	pos
64de85e83a0761534aee7cdeec39812c3664664bbc35797df02081feb25188c1	3412	6	pos
ec889650d6c7145e7721df9107b4ca29672b47493a952632334d126bd45236c8	3413	8	neg
f283a7c51b726e36c401db1ae2e035f0f96145c3a8496b99d1f6b4ef33ac73d2	3414	5	pos
66adc4a2116faaec80f9588950c8e902faf427b1102775a58aefc2afcfa2076e	3415	9	neg
087f3ac418e690e84df82552af20c15e25878be664e3a4531afe47a12fbcd0b6	3416	4	neg
950bf6ea417570cd50dbadb31549fcf7ac40b1d66cf079916387d52a1781b8df	3417	2	neg
46fde1e39e1c01a2093d5bc8101f8b8036c6e6ae9209ab4c905bba82a8126680	3418	8	neg
10dfa1ab2c4c7b22cf149d322e5c927bac1b125c3dc6cf01479eae7f2bef94ed	3419	8	neg
5458848d039689976d2b673032dd5ea6339d6b5d1d3ccf5b260f61ebef6047cd	3420	4	neg
ff43e2f7b5aae9b68a4f2160399437e8c3a60e42787f1d954dd9068a9e7f25c1	3421	8	pos
e6e5fed2e1f5ecf75a7db4c9bfeb0ec481b01c2fae6750d2c3e57f649a655cd0	3422	9	pos
7a14d30557711a05dabe64c4e7d1d5a6dc3764c3c4d7d831b6d96e64ce38d9bf	3423	2	neg
f8dc7e9374fb882a0c0f29343d287f012ce4a4944937bdc96fbd600406e7077b	3424	8	pos
09753a8da0c50fd310dcc6fe8de24f04395f88833103debb92e1bbf631a0e88d	3425	2	neg
073ab78e7823864a9fc4f53e504dee5658f2ca8238158a508a6e2e8e4171e075	3426	8	pos
10a477f83e53b4a882543bfd68ca926102ef21ace70e3d46a9656dc822870389	3427	5	pos
acfacfaa4b9901f77dcfba9c6953b065427b0891789813ef41b84fceb8676c17	3428	3	neg
e0b57de58a9552ec6693e09173512d075fd37c00e7ff2734424c8a5362a85947	3429	0	neg
7a9666b9915160bc2744a5376cbc2a65906e0e4aa71fbfd4f9e1a88b48f1a92a	3430	3	pos
2734bbb19c6778b3b0ebd989fe9c501be77b88a06910fb2c61b8c2789d5eda73	3431	7	pos
6ecccfed27fc6e743ce47733b705604673144a32268dbd51055b66ed7fb98770	3459	2	pos
04d213882f4fb407d3b9ab6b27d8f3a369efdbb5834b9905b61452ee0106c82a	3460	1	pos
86c9d5b3f8c73f90ae574d7a785aa63d16190b1a8df105c0ec4aeb3bb1e98639	3461	1	pos
4b06e8c964eac6812e17adbb278d3bd38d53cf557c9a9537326aec347fbe978b	3462	4	pos
c583587436ed8b335bc94511febb9d4cf4d2ce9a57af031160bdfc955341aaae	3463	8	pos
f3aa5d21f9adba591770f8ed5a7fa7b3c96285ce66fc9bf824b2b07631fd269d	3490	6	pos
002cf9c7543dae4826c369f7039956138a406cbd79de85f9432d90d2cc47203e	3491	0	pos
fe1abc63f4d2b9c350d068730b9613ebba5c2081906db4120c094fa300b0fd14	3492	1	pos
1e02d28fb7fcfe562bb1bf0e4a6e0adb6507d50738f82a58ab9318c188a537db	3493	9	pos
3ef541b90a31dc259e6bd428eb021851035bca6eb84510cd6d191d72906f4dc6	3494	3	pos
7467547865cd0a118893d8534d6bac0071d113be575bffad8a21ce2579d00319	3495	0	pos
80edc5cb510de0eb6404e87fd39649fc2cd8d8c8fbb5cb17fb774c81dbb955b8	3496	9	pos
666d174675e1d39f0a7536cdcd33cc57132200f08b6e774322d030daa7468956	3497	5	pos
455872c4fe243da933f8404dd83a2deb02c2bd0a3b90bee755ef7a99d64d787f	3498	3	pos
8bd79b50d195348b23a4c4ff6c60ce8f824b77a965606f0bddad74475f2dc217	3499	8	pos
d13d138896c9dd9677092803868614bf50b72df8a526dc28f18ad9ea4e04584f	3500	1	pos
eeccfd721603ea0ff6f359083a96c10f0411e3b96dfbccc20ab072ed5cddc729	3501	8	pos
b4866a1419d76c17f37fa308ca2b089ef731ca24a12d1d49c796b2fb93d5c44a	3502	6	pos
c1e41b9f75889fb55bf09613ada0435c55230e30efd92cebab91e275792b4ec6	3503	9	pos
5279f990c53c366fe5346d5f4e67f1993a2c5beb180b0ebe6645008df46e298d	3504	2	pos
48d228749621dbb87a9d89d57c2d27665c78624f42502d03045b04a67a42ec37	3506	7	pos
26914b8e7d8c0d6b76c6f7e5f712c57febf0d05307773671bc6e4b1616c9a5e0	3519	9	pos
aa8ac8f69b22ca74cd612e07c0585daf2bcd19ffc9bdd110b15e14e01af9ec82	3520	7	pos
3e31825bcb52bbb7f246c2ce3cc24a1522772a017442877b36927d5794371657	3521	7	neg
8c0c8fa9af1b79b82d2162bd537717522306e3065ae86ce1698a352edbe6aada	3522	6	neg
d482b303d91c3d20cc5de5d3e62af1fd62521abd8e0282839d9544b42961457a	3523	2	neg
91e02c4e1e67d2454b226d3fa6b4c6cf514edf49897e9c90f0046c6dcd56ec97	3524	1	neg
fd91a4a35ffafd422161e52d0e5264b701a31eb92d8087f467c959deb9970096	3525	2	neg
f3f635d24abcdf7c11f2445ed94c64513db69b6856011d7a8907524ed3657678	3526	9	neg
3b288a14dbb9765e635110e1260437cf1682170b0fcb148f8b49d25e7bce32e3	3527	2	neg
a85b053b764065491d6fcea6632c6d4cf0133117b3218e0608205e6f3277c293	3532	4	pos
23fc1b73c8f61722c2a8c7e111a9d0ad60eed1c691d6a61c0efcc0c40b5ddb93	3533	5	pos
e7a6d5411ac260a544f175e29e3df0fc933339ba4207fd5c25118ab9b18f2d61	3534	1	pos
03df314ccaffbbfae85a709fd476a7e42f67d6cdeb37337baa34225e66d6d414	3535	6	pos
0317553950e7a7549f20808368dda3a203f7aad93726e9973e488efb46a4a9e4	3536	3	neg
4a80e8f9c989279a5583f687d40a42ff494c036396210eeffe7f479f170b2d75	3537	2	pos
a4ca3a9beba777d0aaf77810740f2a0b2da3344b04a6fb9c38387816fffa1d81	3538	9	pos
3ade35e70cd1097f8c10985b47d87529996faebc245c03aa53e35a29f640a7c3	3539	1	pos
7136a229d5e81b5d7b748e0403e629ea1d05b937865085a3a6e6b1fa557e007e	3540	8	neg
4230ce863d9b5b172a6f089d8cd85017f234f35ae53c7b6c1f73b7b8a504a730	3541	5	pos
1edc11bce78a818e4d9929867a717c39f94464c9d01baf288db68f0598023011	3543	4	neg
2c7b97fad6c53bfc3d8789357ba35755a1a18c72bc76db6b15ccdd1c9f252dc2	3544	6	pos
bf4d691357c0ba8749d30b437fd423726099998dcb38e5615f0c5dfd926658f0	3546	3	pos
4562677edd7361e639edc62438c747b2cb58e3a5a0676e04e3d81d266cf73e1c	3547	7	pos
2c4d2015604558f8c52806cda0e73598254583db5767941400e5eb7a98e1dc32	3548	4	pos
663b75f11ad9090e4f16240e1786b90806c2875b8fcfeb3acde185bdad7d36cf	3550	9	pos
8e3a39b70c1bd3d7c608831e7c42bc8a2070a18cb44d17e7a464cb05fb8b5103	3551	6	pos
6122058533bf2cc03824f2d32bba079a175e40d00d438118562e6cf1fcb8665e	3553	2	pos
442027afd14fb3e786429670f2f9a594be42b487c07f4e7e6e6407c2fd93c37f	3555	2	pos
6da93a3409d39b530aad5bf9da1e299015e8a85c666e756614fc84b279d21dbb	3556	4	pos
fee48a999941c6220ca57e64a5f4bf186f747de065b22daae3539e39083d434e	3557	8	pos
a86bf06a5cf61f52be151a5f1df9c65ba014198f0c3a0e6eb0f5a53965a759d7	3558	0	pos
6c5e6238c4698241f5b68667eeac05dae005308d8b40cee2eca7e224b5ade67b	3561	6	pos
8f5c2b3dbab5df78e4bd092ea900eb0920b9181860cebb58809adc4936d30150	3562	3	pos
65c2ce20a3c7492aa27d24b596a15259d3a3e2ee666cde1728f4336cd9aabb8a	3565	4	pos
d371a7b5a591bf8f752e165f81bb1e6dd03c77677dcc4a29a2e827b4ef9174f8	3567	6	pos
263a6545e84802b8fc03ff5a21e807b4582e069d0e2942d8ba0666b0b3bfc6a2	3571	1	pos
9ca79565c3454c825ce2b27847044f7b9a769e0e81143558742d24058536c200	3576	2	pos
6a53400d566966aedd971f76325fcef6615e964987bb64f0ec01fdc646eb1e43	3578	6	pos
97ea0bb2367ce26843f47701a00e7508fdeecde96acef8699121767c7062fb90	3579	5	pos
2396cce965d1ee31d385548b2f8337e1d8e5002b4079ba3cf9308a97217ea5f6	3581	4	pos
4e68f12c8c785d5af6f6a8deb21e1e0ec57240dec06694b27abb9b68a39971f8	3582	4	pos
c06db23ffa31d2d72182188ebcc1daae98273e85e3fe40f6f521da4519c549db	3583	7	neg
ede5a44b3a5b7d5b3608493dfef833d944dd96cbd2056af11d8c97275c7c2ae6	3584	0	pos
5e576bf28536e4016476d1ce1de2a5bd6e03a3b09be94c39495737abc02d3dad	3585	6	pos
72d927de60f61d2b9c944416072f1f7e24c112378c2816f601576936db512c6a	3586	6	pos
f43b42b4a4bf0ed718fd79ca7775a802e8c584352b0d041c5fe5c23edf181ce1	3587	7	neg
a505d9b8a9b0eb97731e94ab71f3fd293b8c101341c42183512c06ee34f6b014	3588	6	pos
e52bf987d311f5eb3e19c9eb51ea7221ad6180978e97a2c36a0fdb7bbbda8445	3589	9	pos
f158ea0bce620422fd07cca38c4923e1f7804ee208106687fd8470faa2c79853	3590	7	pos
c0af73f3eddfe6e57919b12ff90aed16cfa8be6f7b15d14af17d11e9086519f0	3591	4	neg
892fdbce605fd6fa743b458befff25f58ff32099bd80a5e4aaded9401a9ec779	3592	7	pos
ba2cdd4ca3788196d7ffebec76c0569895b397e5c6f5b002991504c141da2bf0	3593	6	pos
d527f89115bf7ba9a424a66597d57ad211d4731c225acdfb89bb3bebaf3b2702	3594	0	pos
a5817da48ca0a9582ec3cb3fa830010af4e8efa3e913479e0fbfde3891cafa26	3595	8	pos
42b686b8c1320204ac1f6dac2dfda47509132ba7138159cf376fa89a82c56ba7	3596	4	pos
ceed5a5e64522c43a50c63656805a9c796b292b400844f361c7fbf3e4d649fb5	3597	0	neg
8e8fb3a0aeb349e1fb39d531c24b7c7520ef23507b3cfdf5155f71cf77615ecc	3605	6	neg
259788152b0d938ca6ba7bf855816881793edc6bab70fe5d92662df1ff635fb3	3606	5	pos
83f0e0779a6ea284e2dd2c047eaed86147fdb1bfb970ae763c3b92e7870f5617	3607	9	neg
7e67de92a1aeb7333ae09ffcede6b1a81cad11533141e9ab29012dfd693e68db	3608	1	neg
b867242396ebdba1f8b5ef9d99e6683c5a6d6351c62981f78209823022f25cd6	3609	1	neg
794a8e64ce83c624a0ceb710f9a431910172ee8c95aa95c1899ac14ab9d16207	3610	2	pos
cfa09ca1976e8f43dcb88056b6ee1091e9b44af51f98b1097ac5a8d59f1ff7fb	3611	8	neg
da88ae53803126d615c1b0acfab25dd8ebffe474010ac0306afa092890a6f921	3612	7	neg
87e3bc52f3ebad55298acc7e1ac6487d5e4a3be8d743326d01ce4b6fcc515a83	3613	8	neg
d0503145e054362152a78e6f9d96609a1d91ec0d675cf74e85cf9f8bd6cd862c	3614	3	neg
cf66fd12e5c3036ddad846e5f822445e788ff522830ff249e83f70f9ff7b84d4	3615	3	neg
6d6309e043b7b4a0134e2e19678e598bd16353918f5bf2e0fe0b7e546f76bb7c	3616	1	neg
c08ae6a54fbf23d1b4960f4f04a6e9934dc0658be0e0dc2bd17d76bfb5b67294	3617	1	neg
2f59f6c04974f3637ff91fdf27856f9bf6b9aca9121a57e94a5320114d044aff	3618	1	neg
2c951c3c38ad80adfd33c22078c23204e749e4d80c177113e5c2e5413a84570e	3619	9	neg
15859479a21dfec5d5cb863ba604c8b6571e21b8a5f15acc3945801790b2862d	3621	8	neg
7d30fcaf72111da03aabe500d8025da076c9bc2af9419321647e27c59b5529dd	3622	9	neg
0f0748237c7b1b1eab9376459dfae828e7ef8fd9604f4f265e9f30f0210ce6eb	3623	5	neg
9abe425d008acd6599961ee3162b4368fd192061743d7e89ec1314282f332831	3624	6	neg
7d0fa2dddf8508cd421bd9d6cd9670818f45e2e1cde5516760c2e488dae5c041	3625	0	neg
65a037f8736b721e6322ff9891225adc84c0839ff0fe5d7be521799fc208e7a0	3626	2	neg
1c8c7d80ff7158e30c822f4c6f39e46135660da099a689a736d62034ac8b8daa	3628	8	neg
229883d641fe763b30502b872c56fb92519faacc18fa8611f0bda7461c1d3eba	3646	4	pos
3979710ad5e5f81825bfff95340b4b0af79c838ba04148f88724b7b0417dda38	3647	5	neg
d40ddd5d87c175ac52b50714c207fd2f03fdadb531aab70bbd35d3e7264125e9	3648	8	pos
e7d6600fbbbc9729bda150accd7aff4eb2726bb5864bb6952a6fc3e7bda9d6f0	3649	4	pos
20804616382395019bb70d84fbc9bd3988044c4369e036af242cb4034d502383	3650	1	pos
f6ad37ee352a6b8a3510fc017f70c0797a82ecf6a34f81f975b971627a3df3c9	3651	7	pos
9300022d71a62401abc3b6c94748fef1214c8053546b184a1ac6213ad5e10e06	3652	8	pos
a817c5c6b1a7c3c8191f7907cbd3629e8dff3f25dd634064233ea6761c193b55	3653	3	pos
8a1c35aef5f3572e093d4a293a5bf5ba3a48fc50e34c81d92e928d5ebaea318f	3654	2	pos
542459992845be96dd64dc387209cefc427eba19efaf9f2f6bb68374e514c7c3	3655	1	pos
620b3caa6eb8f6c911f533e9ca4d6a9ff388b9934d156e2eec975a4e8cf41598	3656	8	pos
591c0c7b6497a60bf516b1a08f2bf028b350cb0567c39e2774682d556868aef3	3657	8	pos
4e0413a2383dc14e828b5c713d01d35cdb0a7fdb53accdabd47aeb2e88c48586	3658	6	pos
45b1fc73e6a13cbe8b8feccd9ec0c721d49c9b88732c03ea2f1d5f45b5931e72	3659	4	pos
03756094636acf9e642b0830d2aac2d0d64b12f66df49d8f2720dd5b03c9646c	3660	9	pos
8f9b84be0e4768e12bee849d11ffe49ca2503008499c42cf4a6d045a021c95be	3661	7	pos
28086d0d8f470af188182218370415fbb9cfc6243be6e0ce4f3680d1fd4bae21	3662	8	pos
9aa9c4b10be49941694f9594b768623293e1ae8f9444770ff480ae257e19923e	3663	8	pos
c1578979b0b0c111e8cdc0441fcd51ef7284a2f9610645bce310512f5dc7aebe	3664	1	pos
56d3a85cae32ea447012fe0cdd156c8662f532fd7c9e5e6c29548fcaf93401d9	3665	7	pos
bfbabef07b185474236be1381049a571617ec8390814e672c6a1d030209cd368	3666	0	pos
6e7c97839122efb7541631155ccfc564720054298ae5471e4be0ff632ba254b2	3667	5	pos
8a2be268c739d2d15bf7f2f49449bb51495d3021dfd92aec412739ea11e059f5	3668	3	pos
4ef08da1f238053240461e31da7b5cf03cc3a7381f5efcf7e3981c168cc34103	3669	1	pos
b1f89001968b12ffc2cf57c8480735472de93b069eacff677300d5df2f5899c4	3670	4	pos
703a23ae709319c5e365cddf604a1a074744995381c9a29d8502c7b4bc9f256c	3671	3	pos
768349e5526083634e6f9ad7ec45eb201630ff6dcf4f1b912b563d171ab634d8	3672	2	pos
2e65dcc505c25fc099d648353b9240e8d723353f6694c5f3b704fceb14a6493d	3673	2	pos
fab90d0cf0f020fb3517c08ecd03822714fbec84b7a6b5f91cac85887ead0894	3674	5	pos
d627a74dc223f6556885e0da7f736c90c8fbac97385a504ca199aa084ae06cce	3675	1	pos
5aea69ee78a0a8e2a775e74947daa3650d3e970fb10615d4a603272e9610bdf3	3676	9	pos
cb97583f45cf3f7d8987833264b3bb538fb16e40faf43112b4449fa2e52c8575	3677	1	pos
de901fc163b6997369185eb88a84e76b3fc6a4732ca4b5ac8b94cd7fcd11df2e	3678	5	pos
fbf0d32308a8322b05dacd917d23dd2579f55eca8f1c2632f4e16f4aef6aae22	3679	5	pos
15238ea9baa685b451ac4a5fd9c3248fcc0ba6d584d558291abb9cd94c39f523	3680	6	pos
0568b2a1606e561ce16a78300776949f79a7416e8d29682d68771c1e8b189bdc	3681	0	pos
ffc4bd2c2acfdc955fc9da4d0053fb560592068c8cf484c402561c35cfecc337	3682	2	pos
5e7a0e2c8811e86d1d975b665a8250cce8c1b6459ffa684c846acb87e3a0bca5	3683	2	pos
2efc6a33ea75a6c0d09d9626864da54d03b5a9abde118f970c6858d24dc28218	3684	5	pos
d6e9007e54e4d7838bee42dd86e75b2bbfcd8ecf88fb53d686341f74abfcaa17	3685	8	pos
1628c6014ca5e55deeaa8d84f1551dac84fff060c5879992f4e9ec3f04685841	3686	7	pos
e7c25969c7077343b59a30fddcef2a653d2ec1aed674d55f2b60306c89fb91b7	3687	1	pos
4072fd61dc8ccb9744883fba7dee48ccd167e0ee5e6b43e963c7cb2fc9ab49f7	3688	8	pos
76eac7a8cc99cc5afcca74ddc59b59629405377ab7c9f82060af8ba7a78fcf54	3689	5	pos
705740f411cbd930d0a00ecec33f137cad0515115e283fee770f972da3a97dd0	3690	8	pos
29e5d707d2a33f47105bcfc2e57aefdfee3bf3622e6f8119c0703104c420b9db	3691	2	neg
296645f19a1d2e171c092c2f740a23552f1870ee4dbc2b33607c77314ef511b1	3692	3	pos
9c8e07f9e862900f626d7109d67e9d416f6a8e3e308f31e337433a2f124b1b21	3693	5	pos
d981421bd11df77f1995957054dc534e42cdf9df29e1736c58d7cf6a64595bc5	3694	0	pos
6160ee444606dcd52ffcd774e43ecb2dcee5d976d59e23017b710f64d88c6fdf	3695	7	pos
803ddb763d279f5be915fdd4aef2c16a358b24a3abb581c8d0966a73e5739789	3696	1	pos
ff4050a426bf72188e1f0103780bfac57bb155b07f0a03519fc65839b6ed4bd0	3697	9	pos
92375184596239e16255b99d578111470d47e6de2ba1b1b79aafcab0a4afd195	3744	7	pos
c200e789bb152000f30c6a0c38e79d24393ccef04fb12166d9dd51663aba086c	3795	3	pos
e72773ed0ce68e0114f506a5554025e3d1ce3c2359df786908408aafb2c79b95	3796	7	pos
ebec36e575113e9edefcbc1940e241ef1b9bc7e0bbd7903a2f3f816ffb8a1b69	3797	3	pos
7a90872701d8e8e0e4b575b4b39c4096fa83aef70c7761b8b6d913f396e2a5b6	3798	5	pos
12c7a00eb9cd6f778228c2509b096a032eecaa8c1c3c17ab023251707d870176	3799	3	neg
f90f713334fd2c48ac124e63d211042dbde8a89fc1ff21f20c2f9fff4b7f1353	3800	2	neg
7d8611625da192b679527c4398a55d7c19f20c89a56d66479bcd1dfb9a3c2448	3801	0	pos
4da995e6321ed2880c5fb2dffec50a938857d1c39876d3a8643786a82defbf07	3802	3	pos
5aece5d454fea3e6e3e2cac78d42d39809a1f2cbf8f983facb1ffb7296686ecc	3803	4	pos
ee56d7302b8928c2de9f05d25bc244c73f54be98140bbbf52b578736778898e8	3804	9	pos
624340275eb28efd25b0f414e5c37463c8db0cace2c04253d94618fea849672d	3805	7	neg
86a5afcf486fe049f1cd79fc38ad2989174578bff4cffad34b35199f2e3e5ff9	3806	5	neg
e5338ba65d55307e5f84b93daec79078a5445923ae829bd97c8dac52488c6817	3807	7	neg
934951a3c0801977398e4a6f12f2f2e7f310f53e1488e1e747e2adf02fc8b8af	3808	5	neg
a7aa884f885b15b28e568024757aabf80a54c4e0473e69244311245fdf2e6497	3809	8	neg
f9f0c3aa0bc0a1ded7abbf7735ba41edbc752d4694c76fba1661c5dafa75be70	3810	8	neg
8a58e90e0118eaf4d43a719b48b818a9e7f0a199e45d2f5fab2cac36d290aca6	3811	6	neg
fa6402339db06657dc8d5331452d7cdf49720cc273ea8e2280b7a3f3057b2033	3812	2	neg
0e91757da456538b13eec08ed17b9b1fcbc3dba18308344960c54721efdb48fe	3813	5	pos
20186c2609964bdb90faf6e75817241a623949624f021f6d85891c5a078631a8	3814	3	pos
5be5e73d9e8960f09824c24d852924d4a28dff3ae088e6a88fd3dc4561e32560	3815	2	pos
f31b8a601aa142cf60ac1876cd6d3fac7e1b14ed32ac5f307ce2dc5608444886	3816	0	pos
0f9a323b3db40977e2b9a6b3975cc6e81e1ed86af74bed80bffd2ba371a3a099	3817	4	pos
6d4526558f8bf56184d29cb18248a22a9fb81c7d052a7bb7d8107bc73433ab3d	3818	4	neg
aa4c31bd58eabe01f913a21754b5e0eb5f6ea98f742d508a22c6f1fd97184615	3819	9	pos
11c49a46496440fff451df0e0f5f2e4ee04eb531811c4691b8b0a42e469c00bb	3820	4	pos
d5f4eaf8b770252bc7027e79d3e8c81eca9fac71e041fb6071cf70e010f07c8f	3821	7	neg
d7f2f4686a0807cf2213f28a31ae57305806e1f175d2219a5fff8e809d32787c	3822	2	pos
9a51f36076041b96969eda3a87627fcc774dfdf451206532cf6ccbd4b3422a18	3823	8	pos
40c73621d38fe7a49fe9b2d3b9fd8cf2ed2240a29def82ad22cb80b2bfb9b97b	3824	0	pos
d77dfdb74704ff118345491b3d8d6add84fae81c19b4cc8ad4dccb8c2dbd2dad	3825	4	pos
1e1a72f2408774439de61626440b6dce57cefdaf8c802559b7c7c4fead84c152	3826	1	pos
6dbf78e2d2dc7ec2443d6b5ae09411f3da25dc83601b30888b716cc4deadbb84	3827	3	pos
2826e4377e70ff9fbcd60590a53470dc6bc2507da9767067132d996ad1752a6b	3828	9	neg
4ab449722610f74d7abbf10e932b2ed25f09b1953047fb7cb1a98b980cba6ad8	3829	8	neg
34661ad6230785dadf128f89b888464b2bb76907f25e48492cb1876f6fbce761	3830	6	neg
3ce240e8a3af6a745f354caa48052f2e560becaf17fe3b6cfd83d5cd92d7748f	3831	3	pos
0087fb97eb4c9357050771b4a6f2f994814464aaf34f83b3eedc33ed581c0720	3832	0	neg
42d9a195d127ab87465c63816cd3ad4a391b132a671bead852ff89624fbf8856	3833	0	neg
24eb1344f721430edb0b6491084bf7427b101c64ffe34a3f2dcf31fcb236c471	3834	5	neg
6d0065d21a63251ddad4b54a536ee757b37ccc5f90328652b1a12abd84ba182d	3835	0	neg
56d3197d14804ef1e5d97a60b707f98cb91b815965c1b1486a0767a3c89c8e74	3836	7	pos
069d462b9c6bfe640e88ba08bb30dceb46bd47685d00288f39e8bb1602755dbf	3837	8	pos
88560e03378cd0d8c85dc0ad86dbed760916e0f5fa1dbeedc32f4849bdf446b6	3838	9	pos
b4d2432e6de1f6c491f12adda4912acfcbcae61f17ded9e38e78a7380d0d11dd	3839	1	pos
5429f30d9dc3a6e47681e163fc943dacaba35a38cb1dbcda093139a7b2eca39f	3840	9	pos
21458f46c1f295d284edc4574d5362b3000deec2677aaf4b3a4edf3c857712bd	3841	1	pos
fd702a7789b6c784be403367b26920ff193cd5aed8c9f1d7d70d76845c67f1d3	3842	7	pos
de79457f67a6591d50df5908ffed99d2c1399a4fe9483b82f2da813776f37265	3843	7	pos
713d5e187865c2889e10f8a6436b16e0c764e13e76a1e752cc0a3f94ba5561ba	3844	7	neg
c53149a54b0ab0cdf117a663e8bbe12e149bc46d4fc9c291a11c84f346677f67	3845	7	neg
ec0307034378c9366d7a7dbd8da5a0f5a57ff597b162b087c93ef2064c50a716	3846	0	pos
0390256c5dd06176aebadffba9bf6f7bab06a82ae38ddfcb7c5870bd1188f6f5	3847	7	pos
48d0f249f26f0b85098689331133b76776645d14857ec0d9bdcb88e32be4926d	3848	0	neg
d0df45d25a79b05365e5222468143c4517f14c4eff3b89423889df876643b9dd	3849	6	neg
a88d2de74b6a0a576fad7f946ab983bc4927fbf324174f32baa37746d7974481	3850	3	neg
668a71fb4e6dc556fa3c92834540e5d4f108055d6797f54e97987add5d56093f	3851	2	neg
b4d4745888ae5817873262aba75282be7b33d1ff82090ee3f4915afdfcaa49a2	3852	9	neg
7867567acc06f1f1007637063cf03b225c259fae5ec5e74cdc5f24555821938b	3853	0	neg
becbb616654acc59c4269c925eebed3ccf6ed2376e6e4a3a031804bcdaafd097	3854	3	neg
5b9514390e41e758f23abeee62019b8ee00acf5243ab93ade680763692ecc51e	3855	4	neg
1d201a066dbfe0ba5937c4d9ea4d5331074cb7118e24edd80b1386acfa84b132	3856	6	neg
ef19d88b6e118818f28d96bde6e2f057fcff4ab3da7f6ec71ac134ae701845c6	3857	6	neg
ed321d2bfae26d9f3bacf3298397b8b8b806cc8ec68641308dd0d5b9e2175caa	3858	1	neg
88f86da9afd8176f045d694455af68a0c3215c597ae60a9e02b647fe9af9a254	3859	1	neg
ec77501a1a7d699a8a3599b14645bf7bdd5ea7e0b4d38b464777abbe7cbdf9e2	3860	4	neg
7240b18eb6198311709291ba6f649cabd1fd8838779638a641d08657dbb52960	3861	9	neg
78dfd928ac4800cced0f7740a69d720e0b246184d6938c4e2ef4804486c8b505	3862	1	neg
3aba483c5647596ffc1867814d206697e128e3d9e8b114b659f273ab8486a5cb	3864	6	neg
0b861427a6e5ec159eaf9e1c80e30e85f64171628b72cd5c7ecfe7c6d199915c	3865	0	neg
036f5421b8f762517ec0dc3b15a85236f534d0e4fd5e045cb9a783269d94b363	3866	1	neg
ae199f63be8b6789e39d0297f5848ccb7e4c344dcf80ab1881071ec21c6402e1	3867	6	neg
f24ed28bb7c12f57d35b073ef68f4c6bcb5b1ad0bbbb44f6cfa4582cab9bee8f	3868	3	neg
ec673248cc51ff237428dba971f0c030e13185b2ca04234d9387cd81c3d96934	3869	2	neg
984fc774a6171d0ee5516ad8f94e1bdb061c796ffb9ea546e90261812054a0b3	3870	8	neg
d82d64a601a5335d4a333128aa6af4a48b573bfbdd85ed5bc234592e00f547ae	3871	3	neg
634ba95a2ba55e5129cf75ce353f02b32dddf94a93db8acab396f5469ce04252	3872	5	neg
a975c465e8c4cae4e1d6904ad78dce81cfe3028db62cd2629939a6d0b845c0c2	3873	4	neg
1abaf204741b80169d76e440ab26c663d696480c845cd0c52ff39a2a2836e0e6	3874	9	neg
ec72e7150b420475b78cd5f114fa365da523ed03eb651833f70120e91400c67c	3875	7	neg
19cd8d42f9b0589f489294432c45cd7531f41f01958aa1af1b19529bc6f12760	3876	5	neg
ea449d8965a3e2cd33c750180a3442e44e6edcd56c7bef9a7fc3015ce576874d	3877	4	neg
3dc85311ca72fc1cac003cd75e15386dd34ddf40effc1c7f1ddb88a01d2a2c36	3878	3	neg
ac2fedd448541d3e20bb1e123baf2ba8c2018bd9d95c97b558e982c97328dabf	3879	1	neg
df9ad5fab4c8cd00543a907aea4d359674bb9a681cacda41db6a1754b182dbfa	3880	4	neg
9c3d403d03ce93317805c6ef9693c7e4d97f2efef16ceef12a92363b08444f1e	3881	6	neg
64e0274d654b5271f1877c39dd084153e2d0575425f948baec90f9b8700d1bab	3882	7	neg
79505735a2cace8caac7fabf0f5927bea81292996e565a6713a9894b36236607	3883	7	neg
6bd8b5d2394b978cec56ad59baa6f49dde57869a632d4527b33f87299dea820e	3884	6	neg
b63b65995c7d1a45cd5a906daa42d6eeaf398b32d6886d0cb2bf2ed84d2ea056	3885	0	neg
e7a69ee1b0435ab79204737f77a5d299bfc9cfb606eaa324d678ff3fa17719cd	3886	8	neg
1e92307e699d9cb97af969ba75a88ccc672ebb5cf32155af638e38fb0a2c3c26	3887	8	neg
4a9fbbd57b8ce65951df95267732022ca30badadb95f136a3646e83fc267e504	3888	4	neg
65566fb6e2fd307ffe8d07b33093b377c79a0cff0c7a61fa4c2141a3d44193e5	3889	5	neg
bd11a32a1c3e68e32ae9e037757d773a90c4fc2b15bafc5977dfe189353f3559	3890	9	neg
b92963b0318aaa16bfec816e46cd2b61fb5ec1e3632b10e933145a2a524ab733	3891	6	neg
78b25f0dea18fa2be27c04326825d45ac306a0cfb8e9cbd85c71e1c83ac5eb87	3892	1	neg
1104ef79b7314ca010ec8d81301b6e0c23db5b0b6f151b70b0a0aa1e595066b0	3894	5	neg
c25c83e200c55d01c7621684b5d64af2e305a4d1332c67d8b13224da00e6818f	3895	6	neg
e5246bb9fc5f157d9096b664531543dc53fedfc103c597ce358fb26cb7cb27fd	3897	4	neg
40519e47059e6ead6c9ba50ff79ca22c12effc9ef9392f46bef3c3c02a2fe5dc	3898	0	neg
baf9f601c3f247ba88e3b222a7e4d6ba8d1d036cc63be8ee680569dd8351f989	3899	2	neg
0a001f300ec248787a196ed6532f0426428516db0b341e79711e375d0079ff82	3900	4	neg
f1eecec20a6b755893347f1ac4563fe5fcd9ec268007170494fa496718a5ec8f	3901	0	neg
b1ac1a72581229f4810c8f3ad9da67409dbe1552d469dad8767ec6a4dc1493c3	3902	7	neg
f29f22c8b7e0ec2dcd80b9ab042c4cdea59ccf6b4fc09dea22c83b1b368f9041	3903	7	pos
c7a31ee6f9a55dbe1a7a633cf67f80cfda237138e62577a94810e3ddeaefa564	3904	1	neg
8d11fd0b8439a0cc9b63d02d93b24147e1e046809547e9f996d618773d3fe33c	3905	6	pos
e965b9af500acc3748fd08ebb36a9bc43a2f529d7a8e2bf7811237fb5f0bd3d3	3906	1	pos
2cf5e7dd165cfd8b0b59ae7b7714d3150eaedbd0cb683d4cca2ede7a160bb4ed	3907	7	pos
7f8cf257ac3f5b20b131e7a7fa1857a914796a6272e1bde755ee72a917b8f752	3908	6	pos
a81599ae59957f69dd71e5f4a15a4756d9cd6181d036a4a3e90cb9929a00c566	3909	8	pos
f04767c800ac6336dce6039ed5c716d8caba367e4ae089d4a2b8f887e149901c	3910	1	pos
bb04f143c6e5391f5f6651ec9900c36b66832273b0d11a32b18391598182b31b	3911	3	neg
c939d3bdf9aeb4493fdd041964a012588a88fd03993bfa60f1f2d9c55a570d3a	3912	3	neg
3b29f310b56dbc95076c80f70b203064ff9e76a306ae41f2c3c3019fe8ac72ff	3913	3	pos
c6f2db1f030ba222d3bac951345c9aa13b9070a6978c9c2d51724285b4f8d5e5	3914	8	neg
3380f3aec5fabde1cecf2651f2de0cf65ce82d1f13f646ae400c5b48fc19b9ab	3915	1	neg
b60c871ee2b9872fe7f541abd8bab76847eddd088b77c71782ffd0de87da8698	3916	1	neg
ba9e9171d9eb714fd5a90a36df92241762984d47f0faffc4c87d6f16f7312c44	3917	3	neg
09d85727340b2e8d4997d8b9b3b2f7be828bc1fbc82277359a461f3b24a67244	3918	2	pos
89e5f9f9bc592e0912f8a1bf4b6bf5aff6f5921f66234707896d10859a3d8612	3919	6	pos
f9cd350014a5d77301a2f5c368d31c9b3d55e672ee88cebaf72d4454f7c05d99	3920	6	neg
139baa71ec3be75f19f4a88302c06b145e58292a191ed5d0a03e305ee51967b9	3921	0	neg
50752403d14a942f7a7bf8f41e2bb084bd5f54814f97d5d7100b13e82d0c0903	3922	2	neg
5eb1cc6a8dfb677a751719aade8bf21070acd5c19fc830110f695f8dfdbe2f1a	3923	4	pos
6b57da99c19369c07223052d6ababc2782943d66b24ec08d159eb49605d7284f	3924	0	neg
502da386a70811ac0aff7f3a71f7d6fcd5bec76856e52d68f01f1bd3c023a127	3925	8	pos
cb00f706d4d8ee7937fd3208b31c2bb98f2cd546c1ef6c249d74569278cd9e11	3926	1	pos
0dc3b0c07f1b0a9225b28f07f2841a947631c2c7ddb677e4087d2453836bfdb3	3927	8	neg
44f07c964afba8cd749f588d707d2a020daf28e8db8aad882073d5d0329cc0c9	3928	0	pos
b32fa655f427d8a22630be13a91a73ce0f80de77f42d8715c05c09febc2d8ed4	3929	5	pos
a39516dd5e468bcca5ae9011d917e75cf757bf83e029022ce9975d8ebdf80d97	3930	0	pos
34ed5a5f39b089acac664578ca591577e3155b2711a834af6d1a7fccdd541a8d	3931	1	pos
65859d881e28684965dcb6a245f1f52e2f6d50666f867c99d0beae75e1200e0c	3932	3	pos
d86d80ea25c97c9b9dce55e77be6dde0727b47d500a900794b86bbaa63542285	3933	2	neg
1d5b803a3b7c2fdd18302926dcbd628fa0a00d97b57839cb26af1225496c6552	3934	2	pos
8f9ffee4ed7b09289e226cc742e6ca3df1e8f084c2346f668f49d0da9b680da8	3935	0	pos
15e332eb97496f2aeb86ad3b98a1bf4b43ff57f02fb14b79561f97256f8d4117	3936	8	pos
daab8480c26a4ac6624aa0c0640e9114107cd7b73c3fb061b32bd9b16ac9d6a8	3937	8	pos
ff3bc74110f6858003584cae5ab2f24076a0da98cb8d6a6b9d0430291b64e9db	3938	9	pos
c6ca3ad3a283d59896ab1ac20f58050be92d12adb61b4ef088c3019b9c895ad0	3939	2	pos
bf11b430d8e2bbc71f74f4952e4163244c82d31e20151cd367bcea2433ee8da8	3940	8	pos
ae005a8a0fc7ff7d0d5a50ce5b85ffa3b7e464de4ad46cacd6daa4609c733657	3941	5	pos
bed8b473a1a02b4fa3ebb887e3fea4b83a97fa213e187b4bf231c9a21031fc14	3942	8	pos
a32bbf792453fb5c6a592de519dbc8cc97331e5ea27e033bf13dfaca20f81c0b	3943	7	neg
8daac3767807bebfa0f7b43814d3c36453309338df5bd77473ba12731f554eea	3944	3	neg
3ad0a6e4d2ad2a8c85e60d9c56ab9ad2ed9970ca62080df99f46b99db559039a	3945	9	pos
f5ef4b12cee9b8979e5926d1554a0d9199017d70e32c9675f335a5ac9d9be60b	3946	8	neg
44e675eadf0eaf1e4023f2505f0fa047fa596ff6b19a61e710e29342ff6bc4df	3947	8	neg
747c2740d89d49cabbcbe2d5297cec66a2ca3f5257d8e893d9f667789cf00bc2	3948	6	neg
5f5d973d433e3bd7e6895dcb26a519626ec9de79201559851aa52279b04d2565	3949	9	pos
d9ac7886e3bdaa0a3bb2c18f25996cc787fdfa9a0d60b689e4b78076cbcb7aee	3950	8	neg
6294324338a395783c203337e5c2a870f3794a1fb5c176cee73a67bc29c60c58	3951	0	pos
c3734e59615cc0f0d1883aa494d1f6e39462651aaa59e95c67053fa6162d64c8	3952	0	pos
aa7ed256ccc3aef360ffeaa299d15b2eadac65df90b5bd658fa1fca8425102dd	3953	4	pos
509cd535669244341b4f711aa45430002e3494a5019e2dee10e825babe3a5f3c	3954	0	pos
5e097b914ea71eda8a961bf1a6733dbbad4dd3d077dc2c834611bcb15fcab5fe	3955	6	pos
7440862c8543c07f037f1d5151ac99671c8185885c53d2b86be3608b758cf266	3956	2	pos
6fbace050326356e0c0c0af4d11be7627bf25526a514574037cd42f51c20a8dc	3957	9	pos
f9be22bbcddbebc42df614acf738d75c85bc127c69a2ae09b6eb38de38e483ad	3958	3	pos
b696c9c069f1122a96ffe7462f870faec685639bdaa1e64efff19cc04503c4c7	3959	1	pos
fa65b12ee260baf5d9ff65cf154b78dfb394f4a046f709d8895fe0d14a8948ff	3960	3	neg
4e4646ef1173d85d1b5a013f4cd54c1028a72e0c0c1aaa75f3972493f5260714	3961	9	neg
299461c55d9cdecdfc2e40c1c1c396168201fc86299aad3e52409ea8943fcd67	3962	9	pos
2e6559da5662dd152f9b00aeb71ed27c6b7158f74381928812032a5cfd3db956	3963	4	neg
56e9229b37bbf58b8e2c6d70dacc6d741922fce87acafd60764b3eaa1d4b9620	3964	8	neg
0cfba643d36acbe47d7135c7f5f6ebcba874c34ab2dd0f8a449f845ad3c5e4a5	3965	4	neg
c55999c61a1c05159a217368542c6a6104eccec0df14f1cc709c44c6cea5a73c	3966	6	neg
7e9f893384073917668d7909248d165cc37a4d73238a486df1f1d12a3b352068	3967	5	neg
277d437a2a204c94e34793ebcc08f11c3fa8f932be3901e010f46c8cc9b5b253	3968	9	neg
625a8db36886d60fc498aab9542cce4da5adb6c20c1a172151e005d2bc624c0a	3969	5	neg
0868cdef0fc5cbc872e04d7b8d146a72ff2fc5644b54996df73596b25ae8dd22	3970	4	pos
c5f408dad6209fe6206808a7b513141c026239804162df966cbb96a9f79745bf	3971	8	pos
ae2d295ab31aa6b6a58d3cbeb2b7b8ea99a292f543b7dca7d9a691aff0003af9	3972	9	pos
4644860106d9f9133b4cc5870c6ffbcc33426c29d5e147ce25b62c3b437713a8	3973	3	neg
fd292a3a2b0021c08e27865a5ed2c56ee08bff3da1382944721f1c97e9c72362	3974	2	pos
5627bce56d51b59657ab09a32516773a23d44a3a3094bb29ba68f52deb280b7c	3975	1	pos
d4fcedad434c1a8893b0d3f8271778eb3195c302923eba60390fb1306df2081f	3976	0	neg
4c9604e7e0ba6d54ed08e86a508784a4102d869f29ebb081599eecc9eef2ae2e	3977	6	neg
36eab292dd0ba3219ac278844c8bb6324f1430a4331f13c0e52746d652ddab7f	3978	6	pos
a6d651b7f2ce98f8695e2210e9ff7d451960308d50593be38e2afc0aaa7efe15	3979	0	pos
80900e4e68ff6ab01bdd96d507806c8f9f30b2c72572eaa7a65d98d85340cb3c	3980	5	pos
fb04c3a7a046620784675a493fe585dc2ea0ac258a3d52b9a951830e54d5d76a	3981	4	neg
62847f987f339880b4e4594815299ad79e4ce157b4de7cb38f2f2c7fc31ba0f0	3982	6	pos
9d1f4066d58601e563eff773ac99c970004020030426db8c9ffd2622e15a7b7f	3983	5	pos
583d86b7a7414abb08e909ca0bc9ff81768fff707be46face1b1c3d6582e859f	3984	6	pos
96a6e90cc77ec2825f908c32e6ef4adf248db0fb4efc05cafe345270bf8f729d	3985	9	pos
e34a68229d5e8e46178dfb08d8d2dcded78e1edc928332d9ae6c55f0ee33bd50	3986	6	pos
db5fbc5e383f388e20a63999fd88ca97a0272700afdba66ffeb3a4e832aeab1c	3987	8	pos
3f3ef863b91ee307c851dcd6a233c128cf6aca82e674fad89ae97cf814c501b5	3988	0	pos
634237c16e2992c0a9e1dbf1e309494dc5d60eef65631df048dba541c125efb2	3989	4	pos
9dc94027ac6180540e96c58ee56bf8469ea157087304b1e6bf045b217bfa8d8f	3990	3	neg
ad4c1ff2643793d75b8700e3129d006d8210954a004bf3f4302b461639f1a1c3	3991	6	neg
cda1adc335e307cbcd504e52dd542db813147babbaa01837fe9d07922f27cfaa	3992	1	neg
0ed4bbda2c7b8b0b638ba165d0b71dbe29487fc77961bb5a6252b79858481b73	3993	5	neg
cb20835b61229de5aa6a9387975a2209d64bc8c09728c23fc995c5ca976baecf	3994	7	neg
f83576c7084f13ec5ba77d8073eeed7cd9b6436d51c0ab43a04671ad48ac9bcf	3995	4	neg
5a8c86571b2481f33bd0bb21c106089427ec4708665dad2f459e4bbf16bead56	3996	8	pos
4948b3c26f09e87ea3cde714ac87bffc735952f488b9bd4cfa76987b09e7d5e8	3998	1	neg
a9bb75fc28d86c9263b1fc948595c8b6ad89b3f65208b788c2c862500495b91e	3999	5	pos
edbf04209a3a82e51f66d7fe3ee252131c6065b832ce34f90ed86f91c82eaeb7	4000	4	pos
3e046cb2f4ecb2ed10d5990e61cefbc2a2a51392dad7e84df780bd322b255437	4001	6	pos
