uid	pool_id	split	label
474b7acd69164993deda6a6bab63ab1e4c9d1343530f0f6e4f040ec860200a38	1	val	pos
7a8877d9512ae8e974da1afbdfbebe6a8f723b097170d9541b6f4929532f2df2	2	val	pos
b6cc5260c208a0a776565957070f871d89b64daf6b7fbc30e050f9f4789a8013	3	train	neg
5c87f5faa393cc666998bcea29bd860b5c9560e4224496bb72c9813aecf86427	4	test	neg
eb156e96d1bf57cf5acc971cec602cf5636c85ec051491dcdd5b29b1aec5b22f	5	train	neg
b6d697be41d7f29f8637f18d7e3ac73f0f63585c64f024db73141fe145603017	6	test	pos
7726f731e78f8a5bbc2fe1772da30943ff5879732f316d983ede71a2edf3c885	7	test	obj
36cf9b44deb3082d55eb0bf255c174b2c853b9ce9c422dd8a21d0286578dda5d	8	train	neg
7a7f9d89b881fd4ff221ee2ae545aa854e3374c6d12b8e3cd5966270a5761680	9	test	neg
f2ba13426d48ad9f296aeb98dd0b583af02b9b6986b1441a785193a2e12888cc	10	train	neg
2fa10ef1c4e3281aa0b4fb4171f2980568d32e6f68df3d6335714611e56b458e	11	train	neg
c03d6fb09bf0943f3b8aebdd6c4d4e8be847110f5620d4ba940390e4609e00de	12	train	neg
4f7aa405082ab5d7fdedbbe4d0625203dc9d224d1608a7f152347027ec2e5d22	13	val	pos
d86f3fa6f170798b37f1259f34bf38410a9abd0391b38489cd3d382e5cd6a9f5	14	test	pos
2615f442d97bf637923315978609778a0b9a6b9b0cf717d6353eb960451791e4	15	train	pos
e18f1a04ebbbc399cf55ab64cff7ae2cb956826819e05890575455ee508fd821	16	train	neg
8adc5371e19152903b188c0503448a6e2e529b0fc70bf8330e61cc16b5368713	17	train	neg
481387517fa29cab148de62cbfe5bb4040e6efede6fa8ddaf8c230698fdbae55	18	train	neg
56ab986f96b51f6d7fa1223945d22170392a68ac38f6744ee7d81d355059807d	19	test	obj
f1037401067f4235e3d2f19bd881a64b399961d3903010fca259168c4fc6dc28	20	train	pos
87ab7fcbde404afdf4d1d6d8a819df7c07a943c82b04d61eeb96d298567ecbd3	21	test	neg
1776fe9ea32bfd6deac3fac8a9422b72422b84782d5830ea2780df6fc03403a4	22	train	neg
27cdde6f3ed2895715c0f5f6b674994b9e135d3cabe2eb169094e326d65b26b3	23	val	neg
700440ad16ddffac66295be5c451e9dab3a934ce3e0320588998e1afe8033bc4	24	test	pos
efb8aee553c24529530501a611c0b1137db77fde0b38bdd35425a50096a21358	25	train	neg
0b2b089f9f43a4da82327123c425237a8adc2586b79ed98df325a3c4a84e686f	26	train	pos
306708fd748afb31ea6c056fb9f0db910041f7318089d3487050bc2d98ddefa7	27	train	neg
ee609ccb70dc763013d207ec94784c83149dcdf1d1c6ddeda2b1b8ed6f75217d	28	test	neg
4b1e7ebbb6c0ca28d503d3e38889c2b0f98bf2a88bff3fc892acd701977fe3a5	29	train	neg
8960533b362c6e60449cade6ff6e425bf48b35a7bfe51ef6b19f9ecfe8c3ab02	30	train	neg
e0c6b18e8b59327ad8db16a9b73c015cb2d14c12e309f3de07297f8ecf067b98	31	test	neg
e40d3ba7a056a7f8821a7683f75128a19b80f85c75ba94329ce952f4855d364f	32	val	pos
72cff26b7cf6a3460ca6506356a0eeb676a5db8cfd9f3cc543ce5d078727cb7f	33	train	pos
1e3bdead541af6185cbd557fa32d42f929d617a17fbfd52d19f0c9478d735438	34	train	neg
85d85182c190d6d82ea20a0967ae5434fc354d8f054e4511be2f9e543bcbe197	35	test	neg
f6f813c6120b1c5eac20138f0a0937b3fd5677913e3525617758e4495df0c0a5	36	train	neg
cccda13b7b50d74632dae629d0e781492ebf371dfc56850f809059ce720d2fc3	37	test	pos
c7ea1383871ac5574806630af407dc2fae04e58d5da6c6534fc9c091e62ef40f	38	train	neg
004abdce78936f0d43225b33dcc41c2b82a0836adc3c93a38091f6bc51064b83	39	train	pos
e5680429fe0462060f7446ae9bf0393879cd0f1fe4fd7e4a6d6d88578fa68dcc	40	train	obj
3164ad151ae7b394a503210e963987e9125f0b0aeea46d2ca68e6fe0c627bcbf	41	train	neg
be007d40af95614ba5b8ee616f6a447d0b6ad8b848565c490e2c39fe12b67595	42	train	neg
c075805913bab6ef08fb0bc9f2c90d1ed338ef2ded64a3184de6c5afb5826a4f	43	train	neg
b272b0a46ac66182874bbeafb324f2397a89e71a8c8219898897022404c20065	44	train	neg
916d2046d1d8d8e8ad2a668b27b2fc9c572ffa02f23d60a0fe1eca6d7006733e	45	train	pos
db3a06addc4d43c6f33a5d5676613f4532866e16cfbc64e97c1061d0ec883a3f	46	train	neg
e33d72e7bbdc689d94908f1b181b59f3afa9cb0702505e1168aaf717baf4b32b	47	train	neg
e1522123c6017a3b725ab8193a2e2f04d0b64b7769ce5e946d7dda1525c93b04	48	train	neg
44921957122df9d9b2bf0de56c760c6372495dd460d0c61def063e65c43cbda0	49	train	neg
88e14321807a3ae0e48fc5be0f321353f2843bbc7bdc99f8dc9c243d987d1f40	50	train	neg
9ab62c14348cca07ef90aaacb732f7061e3d3a7cbda72f33faedfd0b7619adaa	51	val	neg
34c6b6b6972693ca0abdfc39e9aeda4572a1c99ea35f81c435cb2dddad331cbe	52	test	neg
6f7815e343eb5f72ca8339be11b639a6b26eb48b72aba458fe477797124a7d15	53	test	neg
14fb1dcbcbca56064a8dc43863ef10482c69bb9a85b1ab8c24b7b759f72eebf6	54	test	neg
85832f7a72bb1311507f433343bcd7e46d5b7bffb13d5531b0015442dc6ac5c5	55	train	neg
9fa8d014dd21573cbb25e6f6656e32fb3a6e27f49d6974e006046afc812fca25	56	test	neg
6bfee66e26474e336698ee2735f4e34516ab3a9d705e52bf4ba34141c819e23b	57	train	obj
ab6616b3aa5a050d9a0db19582a558c42499ad71472188fad56bf7d2e529651e	58	test	pos
a0a74a992079b5edbfd207530e4eed604435fa6fd4dba09b5529e51c38d708be	59	train	neg
73762eac38d242f08c47cb0330ab66e6e5df0c6ac69300cc36ef8b45d7017575	60	train	neg
add80e5ce8235387d57f30b5e13b7c37f83900592af03f5f860bfae5bfb9f73b	62	val	pos
646d1439d19790f5115f344e2e08ffbdec2a4841ae0dfe95e7206bfabf99a2a2	63	train	neg
cb5433e35036e4011ed6d2547150789e655aff1f664ff78c5e3ccdab746c09f1	64	train	neg
8abfddbe36cfc9285741e0e088c3c3c3a5996becdeab1e12a719ca12f79cb565	65	train	neg
eac53e97232bb2f48753b9e588978d780bfe73cfef3723f33211c930968ccc27	66	train	neg
e4d9cdc8ab7b0242535f8b01b7492a32e44478b1a691fea06ff218f7c5c0830f	67	train	neg
df7e4a42847a81e456ab625a832137bb6c6223d501f0f6da8833eb45161cadd7	68	test	neg
754d86444a5df8bfd49ed34e1713c704fc6fa2b2eee215bd6657676ff494390a	69	train	obj
73d3fe345fdf4f8a930cae854a6d5de891a056c831c1bc435a3b364bed9c5b2c	70	train	pos
43980d8e63cd083c6e2010357f1ba507c413a9feb2e04691790a041a5aeadc74	71	train	neg
463c4d74a86b6d732a6e8ad93640c57d986673474ab49c348e5f44c90ab4624b	72	train	obj
8602fc43a7ca5df134d3600b8189c4e69b96e515e2442c9e86ae3a4288cc4fd7	73	train	neg
7561e169722620a4a5f58f07ac2efbf389d0158789d573f29c096a5dff1c18c4	74	train	neg
a9a46f0197402830233f872acc157c2c0d162d5ad6bc0778f9fbf07f7f0c2aa6	75	test	neg
071c9d5ee7e7959b516727b79c9de9cbf0aa6182431819d584e70c0b65ad93cb	76	train	neg
d2ab571076e1d5f75c88ba6a006e409096f5daf6842a5bc07434212d89cb487e	77	train	pos
fb297c189e7ea5ffc524c73843768902e83d51109760dcc1c523597df07dc39f	78	train	neg
2cff247b97c1d69eb90ba2196593e866ac8d6e4118cda4d2ad13d09cb9f3d1dc	79	train	neg
82f2773492fe73c0a62f4af15c0c5b9b3dc09e36e5d540b7c25cb6e8c5018787	80	test	pos
3f444cc91f42606316475c6b3a259244581c0f69d108e737c4aac4b314e523ea	81	train	obj
20cc6c5f81061f64479cf324d8a6183ed9f2e8f943201a4e1afec5a1018d1a9b	82	test	obj
57ad41f5b8af27819a2d584b51c8e8b280cc141e843aefeae3b5ea43f63705c9	83	train	neg
8d02e4e1c272629a50ac8127a595ff4a4ba35b77513be34a2354191d056de360	84	train	neg
d1c037b78fdfff61dab0b630a1dfeba92141bcf9d90c2e1d4a74ae11d6a595c2	85	train	neg
763b7a44ce473cf215341d093fe00637b0caafae89e6e7585428b2c47a2280b4	86	train	obj
4f5159f35ffd25560b8325f7c163c20e6c9ad59ea3b73e3a7c15cb8021410924	87	train	neg
cabbe7d5485a9b008db05299cb01e9239bb3a6a52f8fd34dcc65b8b47581b84f	88	train	neg
6e76f5701cd092cc5f059234e817fb1d9e8b9a3b92a2371d188253a281e9e4e7	89	train	neg
e6082a711cbbabad0a768be9b04a842211dd101c8a83457af0bd92039dd16d33	90	train	obj
d82a9eef29f3fd2c22156b5bdba13b2404e6f55ac11dd5050afd26c83cb3f64c	91	train	neg
0804eddaf7e41cc47daa8c06d14c4f72838dc1fdfa6c09a05d51aeb986a9d145	92	train	pos
a9fb5172e86adbbf26520c17e21e432feb2e887ec3635ef961ad277e392689dd	93	train	obj
89514d208cdc7aa0cc935eaf7caba39d6f7bfc612995dcc15b8be0df747b2c7a	94	train	neg
9d890c1d4c4089726525faaa08be60446c472b5c65fbe8fae9a685d89ffc97d3	95	train	neg
c69756af6c03509b857957eb04b2acdfcb1284ee8de567cea3a4cdd5fbb36621	96	train	obj
b7b72ee2754f94c324aa5b1ac78045f73b56dd9fad4f2cff0c9862d33cb91fec	97	train	neg
53e6b3ff6c154ecfde3e4c65deb57c39399941dea6397565e8c32602b7e81cdd	98	test	neg
379a7b12eb7a9d1f6fe0e6c788c1afb77f275f67edfd39439cf45ab1020bd969	99	train	neg
6162f54fa771237d2ed8a5f07a3de72addffa383ef7e2a61942787b5e3e0a0c5	100	train	neg
11faa3bc04ef5253dfe17e450bcf4a7a5dcf775fe331c59aa9a86b34005b8f26	101	train	neg
0ff20cfb9abb0a2c61726b8080ee4491eb0753cc3ee8d5e5996aa7a21a4aa469	103	train	neg
00d94a5958a75841460a756f8b786bf1372e9179a79280d3df4081cb1a5af014	104	train	pos
51b20e7074d45297b969e95715763ac31f8723bdd137e9bea7526704c7c026be	105	val	neg
6064ba2bfb92ac80af3f18e59e2aeb38304495c6eed1f02326b55c2a8c1d5746	106	train	neg
e1992989d6757fe7dbdfa5956aa9f4dfda3ecf241e8d8d54a2fb3597ea04a7f8	107	train	neg
905136c7a8c931e5309c993e0b4d34622d2efa5bd43153541aa05d0198c4e179	108	train	pos
295fdf645174df6f0c42d2351c92360f615b627ed06861d196e44b7c46619aa2	109	train	neg
ad42ecbe5b1c23c4232e456f567c416c5cd8e5e759f80483318413e040e58bc5	110	train	obj
1d0b036876f2379b7042737f86585bd8721fa7de213501f4fb7d41047a145f09	111	train	neg
71c1fd0506e96c2509ee1ae592d2759b756976ada8c020074f92aae54ef79950	112	train	pos
b7613b059caef5425aa700cf2d59a90674b34c86274480a3adb59b5119c7ad72	113	train	neg
2f1dc6a43c9794f82fb9aff07a1895c113f478e6ca45065bf0614d34fc14c080	114	train	obj
125f767cfb520b8da7d9bc62474ba30f7b753b10c78c44b4baf7dc260914b207	115	test	neg
c796fff95519bfe3a3759acff2415760f1342eecb79b455609d97279fea7788a	116	train	neg
c9afa9ac5fc10d492b36d8a8dce0b2737d7c6a1e8d68388e57ac2083b237c129	117	train	obj
38c01fa6063fe30b1e22f232769ab898a5654922b0afda3245dccc9604ec3cb4	118	train	obj
4f20f4c685646d59c779022238ef09434adf8940d6c53e1b61c11ae2c9b1e878	119	train	neg
111400b538af57bda2482cd2509a11986706597f7028037d9583c7aad91b8d62	120	train	neg
8fa9dd394290b134795386a0d3b09ecc7322a87a0995da7f41601bcf3588ad7d	121	train	obj
bc2ffc091cf3709a7e0f0093d11b288d50549bcfbe0984a9cce9e6410ae9095d	122	train	neg
9789c8f423133c5a6474643803c245e5f9897fcd75bbc38e68d1d9d52a35de64	123	train	neg
187c78360b887f06b12b145bb45182b94909da1f80369ed98901b6508a87694b	124	train	neg
48e03347d95f1718e71fb06f1f7c81e0829df2c30a5a31f3f06832bd447b26a1	125	train	neg
70e91c72731205ef1624ac347d89f1fc2d55b293999c6b288f2a32647d76d994	126	train	neg
7ed65c016f57f8aca179c428209785d6cc8d400655dc3f359cda55a49f3b55b7	127	train	neg
7ff341fae68f250679168e49b3abaf183313f8225fb36112d020e2741028aa6c	128	train	neg
1ef14d1a52e2b75d62ec705c0010bd911cb34d2306bac8cde043a950f06eb74b	129	train	obj
60e7c243549ec8fec566d27d1d83488651b7c5f87645b880a2b384133ba9c66d	130	train	pos
8aa17652f2aa5bba6518795e058e2d642d43f1d811354ead0b96bf764ceba934	131	test	pos
bd0c7009cdb644174a4a0fb2d510f164868e8418d63db6f31ed4cca3dde8eb65	132	test	obj
fde5bcd7259fb1a6d09a151c9900e61929116735c20df4247463b66e293c7cd9	133	train	neg
ad5bf67fbbfc4c4de6c607ea5f3fdb4405ea429465afc9e7fd30ccc7615bc56d	134	train	neg
6412c5ac40db5437c32b2ae6cd1aca7d755b2e87e83e970a7c3a1abb486c48cf	135	train	neg
7391c1ffa7e0ec093944d9aa8edcc478c920a0178c23ebd152c66e8d5716b5e3	136	test	neg
589b6fe734e1546049ba20ea4aaa8f19548685131638ef585dea7114aa1b2857	137	test	neg
2ef5222d2851be533e13f0dc975f06dd28b0d64b46b65135a51d95b964defb4d	138	val	neg
0c78c129ce7e61a7ba259fa522c9be1e01e5fd9809efdde78d72808df594593f	139	train	neg
55d4612b136ad8fc619c73050668d393b69d9ceea95876c5ec8cd938634fbc99	141	val	neg
36c2f15eb781fdc1e5d7708775e43764c023c8eaa87f30179bd180b93ae58690	142	train	neg
2e57fbf3247fe12411f3c83d6894bf87327d26705ecf94e2f16390c97319d804	143	test	neg
8ffb734f02612fdc25dffafa138014e60070d8e7684946a00c4e9aa71e76d052	144	train	neg
778fbd8fa50aa58b52f6b319d4a815dd2207ebf71507cc7852e7fd944bf00638	145	train	neg
946f72e5f954d0b0cc37e273077024697b56ca474248c5cb90c91528db453f45	146	test	neg
0b23c070e0efdca55ca21b4a638fc03f33631c760ca7c43a7fc20e0bdb5d1db1	147	train	neg
60f1a1880d34549f28c0634b39e44df58531c4e83af892f000ed023b1ae74f13	148	train	neg
c716acbf9e54b09973933b79051c023cfa8e107937ed655d10b24b80432b34f3	149	test	pos
2be8e11e75a974833710812d8550a932e10738d00beb7f35f7d94596c4b94c4a	150	train	obj
4ba08a87969b59a9e0f7d14dba94adc95cd0a79a60f399329fb2cc28e2325aee	152	train	neg
1eaf5ec9e892aeeb1e6827605047616eee6f3b5744aa50dfc3ef9cdeb4ba015f	154	train	neg
8bf0be700679bc1add840cc25c584b16376c7be07245af6b932742bf28937420	155	test	neg
f0b8899ab69519e06154b63d88d738bb10f37b022e5ac168fc05f6f88cf89416	157	train	neg
cbcf94e6f2cb371fb8929e6d4e2ebbb8d6004a147b0069de37f31f4743806ff3	158	train	obj
2d13ec25dd91648778da2d0a5fafe9d1ff0629c3ff7449f7bab49182db49ad3d	159	train	neg
f7c51198c64e56407e6326cc49f60192edba2f0176b08d400d9e8c04d81e04d0	160	train	neg
7e4395d09b72ea431980d409fc1ff67fb161c2ca4f40188dbe9bc1d7975475a8	161	val	neg
bb2b9b4e27f0f2f1d8a29b258daa39f9ba3033bb1c3838be780ce1ec842a8016	162	train	neg
3eb52e3046b523a7f9f9d1b1a648c5b6bcafbf9e4eac291d552aa35474741c49	163	train	obj
f2f7d1e52c8c3a5b73839afaa502df104ee92b26db17ad6c483bed0b609d88b4	164	train	obj
b0532d6c14f1231983f6116d0153af54fc2ab007bf0836aee0a794e65fbdb9e2	165	train	neg
8d01e8d5213d37a04d8c78e7b8bbbc36f444d32d0e8466df7a26f892f7f90043	166	train	neg
9eded9eadb63c07dd20305f6157d2253c9a1ce3f41c9ecb3b16174d015bc000f	167	train	neg
501e4f838b3b24b11bbc7645b58f56ece1755fc38e0ecfbbf9b5d821d411bbaa	168	train	obj
6d6ed5084144c4e615820c712482864e6de94fc4d62d52649720fa8671d90176	169	val	neg
1059d935a27122265089a66dbcd026f3acd34573892a72287160c04e21af3df3	170	val	neg
1cce641334bde0e4183f9d6179093b89bef7c150c73f2eeb82bd207a33bea623	171	train	pos
359225eb79bf4f5ef073747dfb2f66ea779d64a582f5626aeb46459f89db90f5	172	test	neg
8c6ea38220452adc8ef4e482d67c7aceb8435f5422362e51d37dc13f84edf0c6	173	train	pos
3e4b97e366f4311e94ad5501e134c0800936f420d6339750107574541ce18c70	174	val	neg
f980324a0fba7a48c4d9d806fb42435be0cc3d401e566f99d636d06565819c7a	175	test	neg
aa949dc136d6dbd0dd4bd75e1c56db3a4e8b2f34c0668d70c4c8c3cef787ba59	176	train	obj
7457fe01bca6a4ea106ba95926aead37ea98ce54d3049fa1fb57b89e0bf967d5	177	train	neg
65130c63b3a2338047e76cd9379d9f2b565caaf30d04e2497fc7ababc8ed2d8b	178	train	neg
14c9a5972887861a393973fd6cf5dcc05218726abc8c0c280fb353936b026a7e	179	train	pos
706c01b8ff844b01751ce94ab975f24c15b4926136c8a4b351733de73d18a626	180	test	neg
b9e6e15f6d1879e5dea305cf32793c71a7c1804238a45205968c0320ff060335	181	train	pos
d5d41d4c8c23e1da2a41e10ba6b3f70bc8569cf5d185db5c27c520984d9c1a26	182	train	neg
638f0d49fb06f2996ac78272aa4fa92d724f8bb022d3f113a94c608391b042ad	183	train	neg
148236b5449af47e0bd93f82961328d24f628c6820778d755f216902c81187fb	184	test	obj
21672dee9bd26e2aedfd921253316002790365a67b916bc66e7fadddd4f8ac90	185	test	neg
0eb0fa3d7ea6fad36da98d481d592b6a93a476149e465df82d28fd11d678732f	186	train	neg
b43308b4d15e2fbb6a0f67d757987d841b98609fa9edbc426930a9d85fa43e97	187	train	neg
829e0846f434665157c58c7c1695dd25f3eb2f9f80622e6899836a7c42a378f1	188	train	neg
e433c1a84875dbd1ac8a5510db18f70858ad00927ed915470aa40416784be110	189	train	neg
df23f8157228223b2c35b8459b76048e6489271f3f9f63488ad000b27c71ca2e	190	test	neg
c8f5973c1294f94028f14842e07a913a81bdf02bc98cde3c53f2da8c16583d39	191	train	neg
1cdf3429b14c90d8396a61b299a58ef905824b57a60ccf010434ee71c95084d4	192	train	obj
ade92ab5560148d850f69cf64f27d0491a25a5efc9c4abb5a3e24d2eac8d6b3b	193	train	neg
0866cebb716c1bc22fa007117ee9bb254ae5cb87e668936c4e7d7b2db48ba381	195	test	neg
f9df20ebb5dbfeaf8728937c1c81a7d2588fd06f2291852e85da8a000d780f7f	196	train	neg
68e7a6e7ccba366bf2e94ae98caec79bf130a5d254a8d8fb9a978a505d673cd5	197	train	neg
023d97f03eab48e1bcb85746a7651882750e1b3948375ea037ca8b949e424db6	198	train	pos
ab9ec0f6cc7f1687240de4b910d0f784d0f2b014c1cb45a77a7a975b061b4dd3	199	train	neg
fa9f078c43b7647090dce8f2d2f24d1451628235b98fda4dcea575518ebbae72	200	train	neg
d7a157cd55b30a8cdad5fcf5684dea8759fc40465f8abbbb5eaa10d6205b1d82	201	train	neg
1441639580a62303e9d35a020ce08fd4f11538f07f42c2723f81e7fd6d3f211c	202	train	neg
b22e5a2a74e9b1c82b7b3ff781b6dfa2c00091bb2e4fea3c5040209e923d7136	203	test	obj
d297d61c90070ff95a6e6fc4fcf586893322c857d6c3564c6e6126c0d3c84218	204	train	neg
7aa0506ef7bb72e85f444e25d42c9ee0a1aff4b686996c447d6664209e48f36a	205	train	neg
e282d37394004efb0b1d5d5b178347a8f0e356bec8f014ae617350c9a1fd0fbd	206	train	neg
1d619c917813a890d84e6be52fddb479f830c1d6d3d60222bee363f9ecef8827	207	val	neg
827bf12d06a96ed0bd348b9579927ed896fed7f1f6733486e2eafb03ce8815a2	208	train	neg
eef4eebefe81a4956199ff0113153cdf80f7a58ea05426386cff17c293cdca10	209	val	neg
f06874e440455b0262ee0341085cda96a5f43c3b4b5cbfc07318f32762fd27be	210	test	neg
59dd0098d1128e7bab2919f80126bcc0e7d6215cb122055bac5468370cc55ef8	211	train	pos
81c7e1c1c0e7249124aa6fadaf0003e7ce143bb7faa0d0fcacc2b645224f8cec	212	train	neg
f3a4c1159c530eff5e551db038a239a7a71eb65524bed8074465fff5b238d2b8	213	test	pos
a181b63550ebf48f90048d70f2783cbd86ecc670b911f7cd6a7ea34f82aa1861	215	train	neg
9c321cdab684c233b4f22d0fa4b69a323a26d205596d2c37675825a33e49a3e5	216	test	neg
0c404e19632415fcd97848288e1913ecae93945026d7fb1189a8fe1390fb0dd7	217	train	neg
853ef79a3eaf8d28e7f574580beabc7684d4f68c44f747923c54bb1d6543a51b	220	train	obj
60965e43f9ce5bcaa2860534e93ef059296f7223027e423325132c36e8c7525a	221	train	neg
cd1b3ea99f1c11f9ab39756f492d0f161d837541d2a0a29de7bf07cfe156c0c8	223	train	pos
00be40728098784162d89998b762c2ef3ce9d9869a33c55b576c1a03d82dadc1	224	train	neg
609de853665ab4fc489a7917b63bb064ade19a1eeb9add453e476328e33d737b	225	train	obj
3891622553519d32e7b170c9777b7f13a5fd721bdd605012f1d4d8a6e415b60f	226	train	pos
d9566c0261fe56da21b37daa072290fdd0f3551eda466ecb8374e4fc57e10b45	227	train	pos
367a95237a3c8477c6dc275a76280c81d6af79770e5462ef0e65d27e17bc2721	228	train	neg
8fe93ae6541c7239ff72090a881931a5aca437e87b772d98edcbe119c8e6d994	229	val	neg
2ef12cf4945f7d9586c80dceb617e3d89508f44ec9a8025d1ea2995080fcfa64	230	train	obj
b8907cc417b793b3f54a745aa4fd5b3f8a0d6cc30a504d1f37857ce81ece24fb	231	train	obj
20a2f1db1e1e244e330816039bdb74a7f58745dfa72a381f6b42ad93204c2d6d	232	train	pos
7578941c34b6f81b49c6d3ceb13485bf73bb83b210601a5285e9f46db056c6b6	233	train	neg
8dc46ee230dde7e8a94be5829534701b95827a18489aed74e388ff929f3d2594	235	train	pos
3f0c97fd7bcf60703edcfd9a03f57ad59ad34d1ee01fc441f3391fd6b70e3a0b	237	test	neg
eaee6d0827547d531d242d5764fd358504d29c7d39d72d6ab9a98f0972220950	238	train	pos
ffdecb32739cd5a8d0fa33a6db87b25393948c48b848eddacb1788b0b01dc5b6	239	test	neg
3307ac0b3e91be39a9f483db93e70edb239996651697affbd9fd2d6b1a013039	240	train	obj
69253fc945754a60becefe160152be124b04008bdb28d125e0e6567cec77cbc0	241	train	obj
66a9c31dcc8df9c596d308e6a8cb9c9393c4ebc0f7690d99f93f7b1c417cebf5	242	train	neg
498b03e824e36bff2b09f31f89767a2ed6f3e4a7c5f8208ed7a81d793a25d59d	243	train	neg
c1ed50267861eb462246aead59e898766689d123ae194ea34f7d4fb32a79c872	244	train	neg
7e842268221a771b0fd360938a72a492b9c96bc496087ff24066fe5b3c18690a	245	train	neg
ba3b81ed611701fe4ad73cbf4db06565446f4eeff8eac93b70f9a74551e62a91	246	train	neg
4de99c199e30f60d3a0e5798730b66a39202ca9565662340dd191a6ed18ec369	247	test	neg
7eceaf72b6161b17107692eebb3b09bd5d222fbdf8c4ce436d0da898b30c612e	248	test	neg
3ac748f0235ce2cce38efb7c52a5ae7850500ecf0ceddaf3bd9a7c011f70fa1b	249	train	neg
c972317927cb95ea689ed02f4864cb78d2bf6e2c22c5e2aab7ace8449c8a8bab	250	test	obj
d14535159107158e13a5a000ee18cb9a56afde05096d07502e0c3ae38b933d37	251	train	neg
b2c155b63d12100fcd4ae5d077ef086ed06d04e847f41715055b4db348b357d1	252	train	pos
964211e83480e22633e28e3a9fca2888f7983f7e281ae13c7d4573e2980f4955	253	train	neg
38aeed4726e7aecf8b448988529c453c42e5c74f3971e58aa3761dc500de93ba	257	train	neg
b9cd1352b837d9d723a90420bd1ee370f870f4906be16b60a66a38f1aa11507b	258	val	obj
38b945750b0133ceafd31bfd1788951af294a01444bbf4c1b1ed9030c70d8e50	259	train	neg
24d1d8eaade35e4aebf2755d59062d1ab85190f837bf77a34c42734a4faee0db	260	train	neg
a11afde5681aa467cb2327a7401a23369ecfb182f9efb763a837d33edb5d0971	261	train	neg
a0d9e3deba1c535f07cb4a9f6b625b073838823c81a691ac5f54ac91bc2f99e4	262	train	pos
3d5dcb45159444bc30ea26ec817d8f6121b85a9f1d70e125aee874bde90af0f2	263	train	neg
8508fc4cb3718662bce2213da82f9e603623eef287f8e1756d07b0dbdb02bbce	264	train	neg
21fb1314408b3d145fc69b01a553fbb559ecb1a64b95d2fc9786d9bbda4a2fdb	265	train	neg
77f06c036cc2ab7c93d490c674e0ded59f10e0aa9690288eaee7289f06682955	266	test	neg
5a089a89fff70377e793865ce307127d4aed986cc204680f244e88d94d019478	267	train	neg
29c4cc7ce06331d5c0f67afd234f9aa69d9d49dc05b6009c2f2bd5341557dc25	268	train	neg
e05407ae45154cfe145e210aa0417ea1fe5c9199352e5ca58884dd818d1ffb37	269	train	neg
73edfba100d0ee8a0296894e148149cc729abb8eb33c6e08dcba27def4c07ee6	270	train	neg
93c763444357a7982429589b08a26d21e197bf8412216410e9f0e35839d58b30	271	val	neg
298a01536c15acf6714dac4798fff3873fb37935eee3955926e87a5dd053dd4f	272	train	neg
3c2d110c4a3dc6c8670498e5f198d8d0b5abc90c39ee04ce213a2da040c30d4c	273	train	neg
76e27c1f2dfe5dd4d0289acc6fce22f7086dbce682bd390bef66b8b6e499c7da	274	test	neg
202407f99d7e5551789cc4720b12ac3550875c7306330d5871ab6a128f0a2ce6	275	val	obj
2363ee782d80dd8fe5173c9fe711c5b6f9ba58097d76b54a816aaf42a790e997	277	train	neg
22701ac4c6323fe573cf041984740405f9df8483cb4f054ed6b69c958e16d269	279	val	neg
e10c288962d74817fa9d8eeb33f14ff6fc0b1173c5bbeea5514568458b1d53a8	280	train	pos
b0cbbae8e22c5ba775e713b16642e8d933d0d5cde3c57eecd5dae7c4ee7d6427	281	train	neg
e711d1b943d08cdca8a9dcdbe6871b253fa43d99b6416255ff26b4e532dc22b5	282	train	neg
f0c4cbc3f02219f1a52d5832d2fcf564e452af7a2857364ea62f0e84ef598430	283	val	neg
4c559779a6cd2312a2426399d8f2935f9b3b8302ccb56ff132f559c687863086	284	test	neg
3354f6c89a0cb17f2a639660bbb3c2aa56bd3ef1c89204234f0ee37a5b395d9f	285	train	neg
deb5ff66e535ef643ef1b56959dcdd25783907382158262797a446ac06c8c919	286	train	neg
f944bcb502437f974380743732030841a83883d8196b89eb9ee8ca513c672484	287	test	neg
a41d09d9e29b87537ae19411bddeddabd424491c6708e9d9a05d20cbd3bf2da0	289	test	neg
0b801302add741b4e3803afa846a6b5ac0ed7951757f669b380debecd1f96fef	290	train	neg
1c4ec1adab04ed0c7bbb130db87aad3ce0e4b380764c758897a8bece670f0bd5	291	train	neg
a21c54f23f35fa7e099dd73b2b19dee911ddd3c6a4e8823241ab9d03d5130097	292	train	neg
131bb1911d896656f02d89632d2fddcc13193edc5fc882211131b67f6267ecc1	293	train	neg
e5d5be39fe0fc0b4939ad64a279d3202020c256c2b39908ba028df4712cd5610	294	train	pos
99fe8a1c45ce5d8d46481379acebd3c6a7dad79bd044fe38867d03407850456e	295	train	neg
79a7b09e8cfdd7c8fba62625d648425800795c6b11ff9abecc1f3619094fcfd3	296	train	pos
dbd545d6a153496adfd48f86854e160e4dc21c747dc8a71d0c6d7423a3586205	297	train	neg
8017f772dc65458e6a06b228b2d7e824ce5f23c6290bdcd4a028af15cc81304c	298	test	neg
82529c3062b494ffb48d9c78f7d48a632592f9d616132fdfb0c89eaf3409362e	299	train	obj
d23255620510440b563fcd429b0f8cacb307844ac0c066c235441a694c42dda6	300	train	neg
2080bcd12e375c07ffb22603061d2bdfb728bd800c25fbb2881f5a4dfdac423b	301	test	obj
71d82bf8dd0c8c9c1bcc0bf820aa85af716d631ec39e9d83e6924b40e1feb6e6	302	train	neg
c49aaadabb0991a42e4331353f95f0729b62772c87174b3186aada88d8088c84	303	test	neg
8906e7a48bf6256a647b90a72dda0919a0c6703fe17ca8c177e126733d8d0de3	304	test	neg
9df55f4bda0d551c5434b04251f1b4101f1fa61bbfe3c4cf8a9ddbbefe1b8d14	306	test	pos
f976409fbfb228bc10be37681710524e275bb3072efa07e88ff64129a20a6d22	307	test	neg
f66e50e4e6b215cfd513dea21c12331f3d0a59a0034563bb1298c5df87f596a3	308	train	neg
d3e0d168ff0cde0a544da61757c4c0b1bb119ef42ddd56d67f47d01c218a06e0	309	train	neg
de9cc93b6be60851cd2bcb5967f8d107bfe012410610d426925e6b873c48a82e	310	train	neg
adc5aee3cdbfc190986e453793d0b9a3ce37a0fd633c55eb9b9391767767c09a	311	test	neg
ccc4194954b0e35cd44f3d9896ab91daed6ac319e7e75030ec8a183298745e69	313	train	neg
6a6f365c2dfa494aa11c58fed545f5cf035c40ecdace5ad419a2f28efca2ee6e	314	train	pos
4bafae60d20f267d34c3527e791ac4461c7c77d91f9b4f6404aea71221e53e43	315	train	neg
a73c88720fb9a0c32cd13ef219ef4ae20e13d4d10f1744a8860759cc5fda5243	316	val	neg
bd5596ae4d2abf05906ec7fe9236a4ee3589cbd0a2e141d21215abd743db8fd0	318	train	neg
e7b178506b186b60979e674ff6df2953ffce8af9effdc3597ed84d0b0f57350e	319	train	pos
5c346235f9db6dbbb35932108730e1738fa14607ef5c603c0cac6400143eb566	320	train	neg
dbcbc9b2af56cb030fc99fb23312bd797fc0d968097ab54fcd8469be7ce07ad2	321	train	pos
93de260e327c4716fe27b5f798849cd3d9ea68c31e1884e4edf413cd9f80c52a	322	train	neg
6a7e7c0a813e1442dd8287cf1e4c56806464b89c864b471c500fb6c70bc1b217	323	test	pos
c819e32be76b3ddfd814631779e0487e51e9e58f631eea1593fe845305d6a31d	324	train	neg
c3c6d1063c02f1e952185a97507bc3e55f144f29377dffe69ea77fb2616b762c	325	train	obj
f9ef7c44549285e75db5db323624382d8775a92b04f3b8c78a104224b738bc05	326	train	neg
821a03344eefe0f3c7ef243e6e9ec5963fc881a45f14d3c5ea90de88fc3aab87	327	train	neg
d8a7aff613453c7f2ea59c48d23bf444f177d3f73764d6f1353123b0021c1197	328	test	neg
cd30cce9e5fef7253d3414eb0f20eb48f8632268cabf1f42be2355624675459b	329	test	obj
455cbfda4458eb63db587722fd03d16ef6db664337e39207e179cb546fe5afcd	330	test	pos
5aaf2e840252e131ddea432b07d6fb438cb4a7ce346235a115ebea0734335b7c	331	train	neg
95b4194c10785ed345b1bc031554d31b821d2d088b3094bac621bb8f526289b8	332	train	neg
19588bcf4cbb9a57b9f3d960e7dde6d5a7bfd6ca3923cf6d9dff058f610bc545	334	train	neg
b597c3bad0ae6631430c3617be44cfb27bdbb5f03fd4a6eb2bc7ca31e0efeef6	335	train	neg
43e2ab4d51499710772753c8139458b8f06e49c227eae9341d1ba15c7900758d	336	train	obj
b3a588f538f7a69933870f3cd06d8ef21ad42518ff1e7b854330ec6b1c8a47e8	337	train	neg
a1413477427a18140988cc10b367834cf9f6eb82b8798331b6eb41b384cdabf2	338	train	neg
8c208a02eef162053f38000083f01da06203e71f9dababfcc4610962e463147f	339	train	neg
97cee0079cc5dc7b350f7ea556d718fd9896893dbbd1e2bdfa5f026469ecab26	340	train	pos
aa408a47fccdef1269993ff7d8052db3e3a139c029ee543d5b5186c2b6950b78	341	train	neg
38b24ef282dbf7cde39642f13ab0dab79e3ef56a94a8ddbb44073a77e3646f4a	342	test	neg
32660d5478ebf9514e33235485cf47f45e172b7771f3f79df08af3ddfb6d14ca	343	val	neg
716d8d10d901e07c791d4a5fbaafb5ecfa0350c6b387e26624e36e15529f4005	345	train	neg
59c89979ec1b1800de55fadeb3b139ab5c1512edaaabe8b35fa29e93845c216f	346	val	neg
98873f0f6fa51643e1871daf36a82840144280ed2ad41a89bd0d3ded03a2057f	347	train	neg
f6a9492eaeedd1c7f7d53e838594e5e718aaa21b9817b25d59778cdf85e7b006	348	train	neg
1c7a9aa1d49ccf33c7b6aadc496f6d48ed6ca6cf69d543fc1be02e3a0ef65057	349	train	neg
ad28c3ebc5be22a89dc56d1974b23e72826507e6ef23f0a0906c6c1daf6e145b	350	train	neg
200a0c5dad49e45d607ac33dfdb21a0831fad0194ff0b8d9d626e0d57d4e37ca	351	train	neg
110aea6d75fea79b4d409efae66e55edc82911cf71687199b43ef1dad2e0819d	352	test	neg
f89abf3bf1a8887d876918d467d4da48029bbc526173037dab4a3512dde79341	354	val	neg
0a803f8c5b5dd590a50c96229cd022d85f692e922bf7fd9a8a7b38bb1262e03e	356	train	neg
101472fe87025704b36ff3b84e033c32e30f68d83e1fbfe67d834e480d788a57	357	train	neg
240afbe24ac27d912205ac52cb9d6ad49e6990061aa439f4f8dcb7c5353567f3	358	train	obj
c8bf44f45035101b9f2a46f0c1ced55970c99c9a23b7e9ad9381df044be9670e	359	train	neg
74ad18e268f18cb997e350019a9b6c459f8b924d43dbd136ea12a9e7273f447b	360	train	neg
9c89532c8b63ef22530b1bd89c6d97f3c2cdc9e23638ded4145d5db24a2292ec	361	train	neg
52184bacb55c6b43d6f754cac86a6827521815f2d3b0f385664b1c519fe01166	362	train	pos
f281d1c62f9138e092bd599fc22260a44c1412604924320fac3f8665de18c499	363	test	neg
d7741d4f6f6261768ebe02212c19869045a2e3d3489aacac03c05c093d8f5811	364	val	pos
3e011abe8c68432bfbcee7a907cdffbdd888771be20ff6fb7cc6da54fe3f729a	365	train	obj
9a6d5107fa827669c6bd606e27257bb8c70e94882824365e33d08a8a6309f87c	366	val	neg
a5643ff5ee28c39696accb38808dd382120065c67740d2282e20ebbece8334ec	367	train	neg
2b8da57ae17bce708cd578ffb95a9bd5e0aa3c618ddb5f97dd6caf605f933196	368	train	pos
3c1a288bc60510c1fd0a2acd411c51895c635cdcebc92815b100ce180040f158	369	train	neg
e2df7cc871773478b3921983dd80f881943b95c667e51d8c4c08343fb3b9b721	370	test	neg
b9928ee956eda4409b6aafa22c06a303a7680c459cad6fa64335f83fdd154327	371	train	neg
7d633b98f0ec4671979aa80267f43169a7b9db1af88fe04358a054fc8b4769c9	372	train	obj
756cf5811875fd029e0f5ffb3a8d20e80c752fe8d240ef2542a95706ca099927	373	train	neg
5f2ee63c94ffdb76f427f59658729f170b17e841802c2f969299594132428657	374	val	neg
93a433af3cb219293a3aed70dbec51b3b8cee52962497cf3406152adc43e9dc9	375	train	neg
553a3e7c2195560e7912efda4e5ce05762c4e6075f42073162679d6eb1f123d1	377	train	obj
1b3c9189e3bce8f994bcff6fc1dbf7a54919b90d91e9fa39810705908c8126e1	378	train	neg
937122a510c9b9f51d352177cb5a11ff94aafb9651ae84ce08f7c5f92d6d137b	379	train	neg
afea4fcb4b3b75aced3724536cd02d2cf36bfd5cd28f75fa45411fb430af91b2	380	train	neg
f83f5931475623bbd1f5443da589ed1de1d4961ad73c247a223b0ca48814007b	381	test	neg
d227b409758dc9406ee41c64de18a8d95ed22a21fb6bc47721092accc3960c17	382	train	neg
e335e71ad52a6a827f20b0e72b29c4cbe983b86514ce4d41bc6d87451c6e17aa	383	train	neg
6d6ecabf7fa912ca9a39d408a65a88c97398034e47e96f54b51688e03d8b7b48	384	train	neg
12e8e4e1798f1b74ac891d995b5e0f465126cb8ac100ad97ef5406dec4a02c07	385	train	neg
24993d984d52d52aab735327c9ec75ad8c9d976f8327629b73c426c8d297b9ed	386	train	neg
387783c1469372a78425c52def39eb2add58a26bf6b959e1b39650a1d651c52e	387	train	neg
f139ffeb20a68718e8aa589eeeb79ebd9d3bda691ac8b06398cfcafe67670111	388	train	obj
9d4edb062076de5eaebf56b6450f8d737c606fc1b901ff487725b50bd9da6d0e	389	train	neg
133ceebe985c42688dfda240c40860f93f919e62d23a733e31e65e720602d5ba	390	train	neg
b1e4683780e0834261d7cece49621f89fffba8a149ae141bc62aaf04a81d023a	391	test	neg
5511508c94d5a8711c1b48558c8d8e91524a925d59cb63582273ba2be43dd472	392	train	obj
2777a1797331d015e628b670ae8bc3df4c47745b04b510e4d4ba02a3aa946cff	393	val	neg
de8338663f5f617eefecf9b69e04fcbe3eca970c5ac2651bf9256aa28b52798f	395	test	neg
a84626030fb271d9424ccbb1f71dabadf53154124f8c3285076b9d5b8877816e	396	train	neg
fade94d03ba46dd4fcf66cfe0ece95d2960f06ad51f3d83f156b98d4fc2d421b	397	train	neg
298c6456622948dc552db11a8f82f98b72147efa6f0ae88fedb830fe2b2db8eb	398	train	neg
f9bdecdf23eae4e7b7be42dde6c5dc6493358d4e04cf58f15bc1a9842e7f8cef	399	test	pos
fa62929fc4516926b16c5339f2a5a511cb7534fd18332ab3158158aba2c50fb8	400	test	neg
86c9836721f88afaa5975001617d5f27a106483b7792ea5aca8b66454489d9f5	401	train	neg
b3db3a4f5b99fd26b155c6a95ba2053274253d387b32f6929b3fc486cb52288c	402	train	neg
1198a48ac9931aaf5bfefb18d601795b75f1d1cec7be4a9e11bab1a18cc87aab	403	train	neg
5fc605511a3b2e5f4f384152a17a51bc83f8ca1650c274a32f9819f594e8c214	404	train	neg
f6764060369ef0159f08afde48967d09c746e3b2860999436a36884a3c3e4550	405	test	obj
66e1a106c899477caaeb4e1b993ca9c4846e151498274bb452cf0bf78160eff3	406	train	neg
9361062c3e26cb60d1baeb420197b4b451a0765910c964c173d4ddcf5972a5b1	407	train	obj
e57a25a1e1f8a51727f738e111d76a400bd020f63948f61c126570be9d5c700d	408	train	neg
3f4cd5d6f60211b2d6af29ce7e6c2c54610b50c558fca2dbb5098cf2821e3154	409	train	neg
b29e4333b871e9a6656c9a551de1b65526589517acf36e595f1301ba050e4ecb	410	train	neg
6a5d78818cf4dd9a99801d69d98928cb356b7ec366d662475051e1eb32df5049	411	train	neg
58f3a80b153ab03b5d9beab50d5a7e6c961a1f247ba70551dc988c4f48e3b96a	412	train	neg
0d2057355677fb39217dd505e9955d586d12a2b5b8046b732500e73639ab74ec	413	train	neg
43835865509f759e2e568c9c4ea33d9b945a41b36a267eabb3ae9ca0fe058f18	414	train	neg
ae9849afd014107ddf8b4f8dafc2d03beafdac9fec4a039a136a32a46dd7a3ae	415	train	neg
b4c3f31c4c773d3ddae787ec4841512a7e98ddf1a87c40c31b827795fe2581c3	417	train	neg
b1b1358fa17974ee0c379c3c06ea4121b64713db0bb921cd2494f5dd7e9186f2	418	train	neg
c1e5c9350af6d20d5e52fe77a1000c3f0244a4d5ca0f8fb70740a5501b1bf76c	419	test	neg
c5b415fadfbd7549f245d3479d9d922ec18c52ad14bc83f05348c6d649938a7b	422	train	neg
5e8fddc1f41dbc977c3943ff02aa08b12120bc875a8c78a275d3336a94eb8d40	423	train	neg
30ecfdf9180e652abbe0a40236e3453ea21a03baec70b0ab66279e8e063b3fb3	424	train	neg
bc7ba484f6085dc94c8cb8316170fc4b2def07c5ce2cfe0e9e2cd59cc682669e	425	train	neg
8cd0e912601ae26d07913db1619f21644baa5b8be34953bd3e7f8d7946bfe520	426	test	obj
82c0c0a4acb8880c419fc706e9d502120fd2f76de88db00e6c9ae44a8a3a4492	427	val	neg
2180825b89ce43d11ff395c4b2631606247758499bbc7dc59a9b2a2ddb2a57b4	428	train	neg
55e962ecf95e5be8f81788435acdb1ab1295125d0b57bf4f32798ef77a851a16	430	train	neg
f12301d148182dc8ce9870020765ca828208f03b3b42876094edaf25b0d34a12	431	train	obj
9040cc3aedca99c4c99593b78eda7ea010b6cbc78cead9c5f103e15e73a30036	432	train	pos
3e7431c45a54a6ee37c752ede2f6d069fb45b60c691b4ddd778f83ee027415d2	433	train	neg
906b7e302c97031f7275e5fd1b0699c7e51b7b051274cf0cbce87c92affa0883	434	test	neg
e3150f12254fc8edaa7276521af7014510e45b9f733e1392d3ace12ae01775d5	435	train	neg
1dec9a97f4dfa3722c574a3d3df53c87fec6b7765b7c4499716b57445600d549	436	train	neg
9fd6f9ce48dd5379fe32571f47a8c6f2370130cff70fd495916cebc4e2b99676	437	val	neg
7b5cf62b0c0c545bf2353e6289a84e335b729f479f3e6a07a5c0400892fdc58f	438	train	pos
dafe03ada0b8227594620031ddc79ea5bcc41b5342a935811849aad4cd63ed88	439	train	neg
acf2b16dd55b293aa90df034d1cc4950e45871b2acd97217af5851ced447d94d	440	train	neg
b005ffa49721a4f8e86842b50db70ff82029575558efd8f46b0a526cb3f5b55f	441	train	neg
b02ff19722e1687208843041a0cbd8c3c5d0616f33fdbf3df74a046be298c020	442	train	neg
078f2ec20207b9712125943077bf7b678b450a9eea9dd6bac297577e4fe780d9	443	train	obj
0b2349aafb506a452befe86d7cdb42a1153ba860a9790e88cfa165440423dcd3	444	test	neg
16f3cacf7c6d5429359e26425e7080341752b624c563dd8395fe36c1764372ac	445	train	neg
dd1f589815dd30ff88ac939b58f6075ce3b82a32da460bffb6c894fb5db12bd6	446	train	pos
07580f3e1158a4cfaa8475284c47b90e584e6eae5551ccbe942d8e7e800c1e20	447	train	obj
424b8a44bb2a80e56a92f206b7a24d60c16692de54f85d2c0bd5b979cb321fed	448	train	neg
02ca1c5b52a90bd39e4d4eb20c714bc576daf0439036bdb295b6e7282f2e78f4	449	train	neg
dcd222b7b6e11baff2ddbc7a3f1b789f84fce05f81fb03fe64eb3f04767526c8	450	test	pos
6870aa4f6de62f2d93e5d51a7e621c3900057ec2a7ef79c6f255178225e8f8ec	451	train	neg
75f777159111391c7e09e48cae092a6e614ba41a880c5a0685a11c10f06f3cc3	452	train	neg
db860421886f9715d3ee6df65967d07fdbc0a289a8daade9bd4d6a7293b4b341	454	train	neg
569bc2a531d1d96fed0dd906ac843334f2ba32768dc125d5dd33218a4eebbed6	455	train	neg
7b08365c4820da21e2456b93fd0727e79a65fa9c3e7974c6bb6bb20851e95564	456	train	neg
c5c586af1afd5df6d8d14a3e7cffc3ceaff04d7176ee69d08d2100ec8eabec4a	457	train	neg
e0b583433a987b1b7d115447614478f47b024a3ecb5d580ea3279b0dc56ae6df	458	train	neg
bf7fb728aa8c15b02109be511dea654fb6f896610a032b8668e15ff184d5fcfd	459	train	neg
1918a2b7b8efda6d3bdb5d53d1581162d6355d91a69ec51c104e2fdf670da2ef	460	train	neg
325da9b85e42978c9ca8618c3f917c26c010aaf3bfc31ee8335736159620701d	461	train	neg
27413a722a6452ed0b4974f3e20a636f059541797ee9b2c047287b5d2117b830	462	train	neg
01c5c2740217ccdca0649f685e0a9bf420dc5c64926df04eaaf7885b6a8589bc	463	train	neg
aa15baae923c5ff5f57f3aa8906acaa959f477e932b105c3530fad6b259eaa8d	464	train	obj
092dd945bec4b03ebe6011b87bf0c35b3dd24555f6fae3d2feb5e8bb9ca55408	465	test	neg
019514d9ee2f9f2653bfc0032f966958ce473e85373dd2696f625b4964a43ebd	466	train	obj
e7e71018c042118bd1e13d7f9e1e554ca20cddce8c17ecae91a9ef302ce81837	467	train	neg
db65ce3840e3dec6c5b38aae1ea006d9f63e9947c38524cede70d923d8b7efee	468	val	neg
73fccd351675ab526eb267196b3d09e8685ecef0545281bb383407603aca96a5	469	train	pos
da97f1322a686fee854e0776e87a045509a0c8c98e64823f6e82d34e674cc59e	470	train	neg
2ec45095224c33272d388569b0fab9daa2271e0eb7462fce28632d29ab9e1676	471	train	obj
6fd1235b66174793f2772ed344a09e4b1a8509bd627ff97d66ac6cf99625ab4a	472	train	obj
2609a9bda4b4f64c6117b967b39dfad6a7b0bbc4678a2578d5a9a76fcfc2430c	473	train	neg
8afe664987aa0eb1548d85feaff49da4947fd72bf16811c954006186b0a8a394	474	train	neg
2da86e6b94ed28c74f73d0f02114ea3042c292409048da7f27ee18fe2d095cb5	475	train	neg
a054253ba4b2f8d7a718986d94f122686fe456364d646a9b5b1cc57109dc77dd	476	train	neg
a5ff4d562a69576c4aa99c2be7f2581dc591296d113422464a6b01d9bef2317b	477	train	neg
aaf7dd0230ce78da861ac6298403611a0e9fa7c76a16cd1734501d36c897c2da	478	val	neg
95f42e0b59dd749227c529f6250cb6e6fb86fd8e4ee88b662d870ed94d5c85db	479	train	neg
4532758f3af111b8c8a09263cc3a690b194c82c619ca079a9733d46c8a6dfb2d	480	train	neg
5735ad10334421eff9738c864acf3eb3d90454788d52eca57fe8a094e6d3f539	481	train	neg
827f4196404baeda5c2bc37c180b5e00eac9198ffbda48e2bc594cff5bacfd4f	482	test	neg
48e33ffce00f4877b4ced748044794bf02a29d3d44dc52ab945b3f685c3e6135	483	val	pos
9987bb1351958fd36ae0c0e629d4844b975136cb580d63723dc946c0624039b9	484	train	neg
8d28b05ae24e6d2fe00ae0ab9e2f5e0b3eb52b78f103fe17def37f5d05c44593	485	train	neg
ff401adda70a133ebc7e607abea823da72f4b40a2525980b4edbe40e05cfc0ef	486	train	neg
a7f88bc45db9acb254bc464317186f320a6f76a798409c774b381815c9c8ca61	487	val	neg
655d4bf502622a10434d8a6ef4d0597ce1e1230bf6cdf4f7922477905fa7c0fc	488	test	neg
44bb6faba97da3100a04e120b92551e15b7b5419743affcad40dd75f48573d35	489	train	neg
106e13b9e3a05b38d7100c72afa91172c49edb1a75de580631bb52d84868e103	490	train	pos
8e305bbbf0f85261570e6c1f78e3dc5d80244774aeb70532bfec3a10afa26116	491	test	neg
0ceb6e45f117162bf132d0c0e3708107a599427fa21e70dcf799753d4f5f5fc2	492	train	neg
c7e054e2d522af2597ca41b53b4d3a4701c4d7129c99d623dadb14e228940d3a	493	train	neg
114af03797e3252bcfe3714a82f1b137db92413c2e838819f4c090a58127642f	494	train	pos
a343c002458f36917b2b3b093d54a2f3a53fa6a147d5b493a147ca14642e9f0b	495	train	neg
8d64be23ce8e40dc0b5855432f8ca7343a8c64eb15a6eeecdca955e2f508f807	496	train	neg
d66c232cd30be23fe04fd340745ac54f664dbf5a2f88235eee29d58e31ca1da5	497	train	pos
ec956b3e691fe5a6daea1412aeba343992e5e33081ea608986f4dde2817aa4dd	498	train	neg
d29c7663f648f6a2d21ebee51dd435be17486400bfa313bfdb2712afffac2847	499	train	pos
b60c5cdf3e5212a4bda3280ff606f8f7f265c9f384e7589c88f3af8b4d6f10f5	500	train	neg
f50f94d4cdef760006660a9a83b66824f3ea28d0dfd5d84405bf50a19ce711e9	501	train	neg
5a42096347af82d61702bf7e7bb0ffa6b20d0ce85b7a3cd4a9f747812bb2ed05	502	val	neg
1e80f93c864b7060be2885a5eb8552442a845991370433a5540905f9a80954a3	503	train	neg
6dbb77cf03f003008b1d1b36c4106283f254703ddb574356a18405c291715ee6	504	train	neg
62995c622ec81ab0f29d4bc1e55f9b9cacc8bb4ed729f1fbf3a96474289d2408	505	train	neg
10c32eb3a5684c5811e70d5194171f197963d3eb1f32e67c015bf9c0b7c3579b	506	train	neg
2d16beacaf9e12b090964850353c68ebd699d5b8bccbc5a77d6933e8a71d9ba0	507	train	neg
ac405cfb57b6441652b5f8eb605eb032ad13cabf9dd9e15156e6a962fb487e02	508	train	pos
705aaef3a4c1e90ee21fc53413c734efac7d2f9067ce5c7cf651ba09f4009fd2	509	val	neg
5525dafff9dade58de2ec45f8b27a2fee8ab094a70047c3ec404a24e09193649	510	train	neg
a81422301a85c559bd5536a1c56228dcd9b1962c7d3f07ed825465ab93b07994	511	train	neg
66ccd703bee6b7a3b6aa7e77d023163036c138bce25876ef246381cc6c403e1a	512	train	obj
a6aab1b53b69427008c652a1168c29eee5323d5826b51013f12b48debdceedd7	513	train	neg
23c5dc78767fcc3680ea46f335f47809119af7733a5795fb13375cfd56e4b3d0	514	train	neg
060504496e42af78f8e908df0bc731577c9cdfb38531ba4fbe455e4fb27495d9	515	test	neg
d52e666d3004c226493f14e0ef11a5a1ad597cdb5cef1c75e185908274dd53d8	516	train	neg
dc933049f198a14b48792b9def8a4dc5c106ec6b5714da7455d5aca1dc1f8d3e	517	train	neg
5fb9e6fa8e6e1fd3baa15036ec400b16a6186990a31f4fbda0fc15f9cc2a9a7c	518	val	obj
19393e03f19eb5b6d2da6e8b2abbc4dd7141f9ac4146d169849a9bec20ffac95	519	train	neg
b8fde48d5d696e76f39161212801d2e16509ff98339ff91b6fa9f1013e3fcf9f	520	train	neg
f351d6f93824826712a11a99302beb1cab3898c5c2050aada791075119816b2f	521	train	obj
c07966b97ade721147e306ca2963092820a5af4a0443f2a4c1ffa6edd7552cb8	522	train	neg
009924611c2adaaa2213bab5ab2911a25a4ee005b31d7eb8cc0a5f585d3a4501	523	train	pos
b0c8cefed7650d6e3498d686d2fb8a8860acfecc5cb25191f960f067572ec76d	524	train	neg
66d04a839b86e2ffb21258716d98768dcec8231e4d6f3535b4be12ac0021f1c2	525	train	neg
36dd7344b11157b2ac5d41480e1b9fadb5a9e477a113304515da053abac85b5e	526	test	pos
0155f188f02009e1a9fafa244d23a3f76455dacc5e56af899cbd585c0768c6ba	527	train	neg
de438eb0bfb2bbc8f3e6c79a96fe28153689ae2a94e635d9b66150a5c0a8682b	528	train	pos
9e2c577de72cfa5e385ab4200eeef573f64038e62c1b8bd08732b9658298b6ea	529	train	obj
d03bff296737757176751ef03592c48dc16003097f18532ef4f94d6445a62d0a	530	train	neg
fa7172e46c09335eec0cb3920850de061ef535e8296feb5e2b93a44dd7baf6f6	531	train	neg
185be75c081a0946418377e3e8573d55caf9eeb261a702d625d9f54c6edd4c72	532	train	neg
c031c3b3f46589a7d795ee3dae5d75755557643b16902e68a525251202423751	533	train	obj
2ca7673d81e7bbd634206053ad1e53ca541972b1d0638d73bd6f0d36cfd9f8dd	534	val	obj
281065488509f756a11c6b32297a4f77ccae3e43e3a39052423b7c214b304097	535	train	neg
81393845f3338053fba18402256cf71f1e14fe473435dcf132d7dc0bb953703d	536	test	neg
0006ecfade4faf62e917aaaeab8660cf9f3ae4e0bbf26bb2e56cee90e12b3a91	537	train	pos
313445da689fdd2c6f34dda7ccd59f068878dbd4da9c344aa45b68fe9598d9a0	538	train	neg
704e05837cf864a9276040cab3a5597236f536f1b82e7a908024b1099e4f87da	539	train	neg
4b2ab7c05847f7d1eb546f6999ecfbb235834e5a9f9681054b8450c1739bc3e9	540	train	neg
4ce40f2da3e454a49b70f8780a8474098203f702f530ebe95cb375bb0b46183d	542	train	neg
87455f1cc7663c49297617740bf4780d306cfec71f0e2a16a47e99df296c9318	543	train	neg
b352902f7861f2cbddd597e53ed97e69e1146859d476a7a9eb6be9b308b48687	544	train	neg
584f1009f4d823aa35905448ad58e1e428f356bad142782c91983eb575490882	545	train	neg
bf69719a8d56be7d0f2b5c3b27dcd9c9efd3b7ce3ac4657cf3fbaf19b975b838	546	test	obj
fe76e5a2e64827c34c7d7e68215db7b7dc94494fcdec14202552f643c5ee2189	547	train	obj
0bc3e87fa1a9c8640290308cf2c007aeb4c9c216145a1051eb3bb5e0112270b3	548	train	neg
2695a56445338c694ad2040c3991668060631053745af87a6719d22a357352f8	549	test	neg
ed62eb4194312cd600de63d938bbb17f26efe05fe58cdb1d9b986a4f202b207b	550	test	neg
eacc1433e62bdfa6bddbb3c7aabed6f3545dab5e75d305a24374fee80b083bd4	551	train	neg
35e3514c75eac4faad700245508482a5bf070b12a15d5bda4e52aa1286792b25	552	train	neg
e6a8830c4ecb10c1eae8d8265121ba0560efb1293a16fa8643330898d71ced21	554	train	neg
618bff667674ccc02f53552713480879f0ca4ff7723938e70e49678990d0e5bd	555	train	pos
fcecabf148f4faef97b9d822659a49eac6056a2eba9015f4997fe93e5382ef00	556	train	neg
d566ca7d2fa956fdaf958531cef88295269235193d51a86aceb05fb72546ba93	557	train	neg
dc2bba3e1ae77d60aac22dfc725e622cad0676df91eece7c1fc9a97052665ce8	558	train	neg
b2afbad8a36789b47ef50ca2d113b6f893972e6a2cdce192f00c8d32bf1f292e	559	train	neg
976a7911ea28fbe323df5542afcb310a6ec31137b508bec028dc5c57ba723704	560	train	neg
bf1a78ca310ca5b66e1a7d0ca69c2c1825ca51100ea113e78da714668cfcc563	561	train	neg
1c238dd563be158591767bae26e2ea2bc0ba00bff625f7eda5ffffb2720d897f	562	val	neg
7964dce255c7c5c278121bb0ba1f373ffe33e2b156ef82469439aa2cbaeb3d32	563	train	obj
ed775fa2ecc0a418ec32cd4ac556525fe2f76131ec50afd602a798746855aff4	564	train	neg
86796fea7e5f70268e405e55378ad0a11c09e79dbea707ce077bf844d62b2614	565	test	neg
24d149de66635c12a707e81cddcbaacf8d658598d2d3254419e2ea4c01890603	566	test	neg
9f7c7ecef0305687b8ee3fcbd3e7208b079e3aff6178446f2d24e80d02adf9ae	567	train	neg
c5a279d5d505c34923ab1c091cd43150d0e132ddfd90cdfa5156895598bb0d43	568	train	neg
b5a7228f0b686e8cda8834e74cba6ceca66b53fb2a1bd512d1b8abf50b2e1ee5	569	test	neg
84c96268a467cd2be468579a185a1b3f11dcf806420e30feabe50e9cd09d6d28	570	test	neg
4d4f9610c6afb47bb7a1198666113d6fd3fc91781dacbd0dac88b6c80c5990c7	571	test	neg
a7aed7e8a5326d109723143bc98a72a37dec258774da51fd55f384e59483797b	572	train	neg
129891db304e0ab5bf050bff8bb47aebd472f46de5309f3441e331d929aa2fdf	573	test	neg
d0e7bfe4d211ab3f880a3b13c4227353ed12ef1f47a300f17c1184bd3e2d1a05	574	val	pos
5bf944f1dd4893bb7fc684b37ebd357f260b37db80c764662d96cf22f57ac3dc	575	train	obj
af5bafd9e1582e6ddf6bd1b30054d4b24455bf31f891303ae916abc26f31828c	576	test	neg
6dc479e992abe3237ac1da97231dda7af78455226cdf89e958f148a2bc4ed15d	578	train	neg
774a304443e03fb3b57ff140dd42a079f88eacf539417af5333b673fd280722e	579	train	neg
2a06f029bba533c97195e07b07532055de93bf59fea4a894e003e6a944d644ee	580	test	neg
f2888d7f33d07eaebde18a2e830dee238e5d5634915952385b74d0be8f7f6c13	581	train	obj
aea18b619c5cf7934fcda0982eee5f3483c482c2abd2a078ec5c56aa4237dfdc	582	train	neg
2f05317c27e4a15b7ea8428a31422a56a4536616bc8f78d47df9486852afafe1	583	train	neg
1db4c9acf6162b90fbd97dd3b1262704580b8292d0059c3dc752ae57d2cbd787	584	train	neg
81249068ded86e6190cbe68789ebad0329bc3d7cf4a34fc46a0d581f61c768cc	585	train	neg
251864a108d16ba3ab72399f4f2fe7c874a9fc1ff8f2a6cef780384e32b3d128	586	train	neg
e67f8259a44b7032db510c46440693ddcbc851e8e28d764c37eec4aeaed4f745	588	train	neg
5353860c9ed6a36481bd58246de305692308a3cb1c288da3f16079478b4b7bd3	590	train	neg
6a844c3c1784a5e875241c36f1ece5749b0f2c17446121a49648d43654418303	591	train	neg
ba77e0d26cbf9de93aafbee089c3e56b48b125cebe503d4ce5cdd65363901c96	592	test	neg
caece2044cff8f634fd5d268f0535d5defee0dfd4f62eadc83fcfff027243dcf	593	train	neg
a9d48b5d5e449266cb85e9a258502816b82e42a1a4428222c83d970dcaa653aa	594	train	neg
6741b7bb0328b0f9beeb6a55fbd67d7f313495a402e1a31bd7ce1e71b1c2d213	595	train	obj
c8c111ec304cedd41c963fddc6782f1ba00afe37a26f148eb9d7267967365eda	596	val	neg
f702b2129339907c745aeb0f77840359f2ebd4b59f8b9640cc7b4d4fb127f86a	597	train	obj
75f4b6c0196bdc58789cad4d6bf0ff84079dd5345c990c633a3dfc9f79231139	598	val	neg
682058c69a2f674442ff8eccb8760ba16914293319a03747ddf311fcdf74809f	599	test	neg
ea7a8065512c5b96706e2d71665b0ac659eaec61f04dc59efb9998d5a67e31f6	600	val	pos
0cd1c31cd4da2349e07fd696a1730d4d49099fc2972835669423d223554408a4	601	train	obj
29fb778e379e098ca3fbe5c9e395e4881f34332ecfdf56c7fdd2d793b1a50bf7	602	test	neg
41e56e9461d5abf51fa2c76a3db7495f56a558d5832c3ffa70cd2bdfc1dd8035	603	train	obj
ec20f93bf3cfc8912e485f3cc58daed6461f3057d42609f3db47ebda03bb1942	604	train	neg
6411c27438eaca462d659e5987ede12c5568dfc08c8e0b4573f8f473738cf570	605	train	neg
527f734dd6d7a0520f9013e5c2f34eccbb382260cb9c6ed41517528fc58990fa	606	train	neg
fdb6a3611facfe0eb615b4f0baee834a7887157c2baab0d3622489c7c0ffd9f3	607	train	obj
10cd179885b5d1edcb16c3be94be33e3d23a94b5faf6b294a37b1cc39ba40253	608	val	neg
91e0e6c2e19b8d635916a2ec307f80b9cb0b1de016a174185aa377d041633d8b	609	train	neg
aee9d91c18aca615b2052b6734b50941e42ffa561dda66398450fd431a4c9a8e	611	train	neg
489c77f7909bbdae369089e3b0e7c594247334d6bd60de96263913ec11d8d9cf	612	train	neg
cadfc4ae7f3cf42e54f415c1415991cd977425f3b8e465f7632334ab5ce2d535	613	train	neg
e931cf71bce1d76ecfb998dde3268aedf51ea67822f949b0b0138a4e3bbf8a19	615	val	pos
eddec48a9889f0c2c5fac1450c4762ee459a8edc48a7ea377ca8cc5f5e4594e1	616	train	neg
8935f1f8def7347cb1c2de5d6bf0944abc95a31009b3692be488da465327b548	617	train	neg
6564c6e7e0e419ef6a81ba01673de54c773a2d6da075d5333c080eec702de002	618	train	neg
20d7a54b8f56dbcbb9fe82bcb798c1f579e9366dc9d38a1eabf867078df67b1e	619	val	neg
623d1b66071631a2ee76314021d73f6a55643b0d40a40bc6462f0a056b985f1d	620	val	obj
7165e3a265984c139fb6c4c8f86ab647de95cd8c78955f972b7fab95a8f41859	621	train	neg
d7c2859979ada446683560b626660676915f1b0576e30c30f10a9948b3d1b4bd	622	train	pos
736b7098817810ddbed6b1d2d0d18bb14d01f3bbd35b202d247f45331389fe54	623	train	neg
2da489b3b3ca920d226a32b583f7af30c72641bccdc9badd861c09a9584a8836	624	test	obj
646a8bbe3377e33e37323c9c9c13cc5218cb15a8d5baba2b0a5e15561762d341	626	val	neg
e6d62108c40aae67bf0289f6929c0c2abbad1118449836cb14f2ee68b0af8a86	627	train	neg
c4aa599c2cccd2f69db0c09d8e5550120021cbda840950b4d9a5afa09d455504	628	train	pos
63195cd80ff8f9e2983fd795316c43bc3df77c7ed8fbc0725a87017a3f412e26	629	train	neg
3362184b5952a3748e4b450500e24f19e44f3b0d0ae137717e25a5344fc1eb5c	630	train	neg
94e9486bb008896f9ac09693be7169f51db96a5705cd7e6ada85d78664d2784a	631	train	pos
561e42a3c5b7843fbf47aa433b31b6eb95c6f0082e246fb86a3da8805ce448d6	632	train	obj
bff290cfa09573129c71b61c3b2ecaeb6bf00520b6f3232606e2cefa6413588c	633	train	pos
4ee93d9a7054a6a02b0bd3de42216a9dc6723de1961e01b96f74f391ec72429b	635	train	neg
db56a9159083e5a10493a4f648b18988874048357b9a8a4100c77be89bda87c9	636	train	neg
b6a8f351509ff3872332060857bb888c4967b80161c75ba5c0473d601ccab548	637	train	neg
b29fc47abee90cbb51dcb0e821d430c63bfd9591270bed36346d5c0316c5daa8	638	train	neg
2105623da6dac8cd9054c3b6a463b1cf7862b4973cf77b95593a62ebc20b2a0f	639	train	neg
39aac966efc0252355ff22cb4c4e41a023d24c188036edac8d701f89bb99ac8e	640	train	obj
9a3dfec29d307fcb4b1e3fd8671767c77516de9f33f077f30fde4b639765f94d	641	train	neg
467ec93af1c72813612f7e8e325cf0ea9bba9d18ceb141753956f76d7ad92062	642	train	neg
a139d19ab1f0e44242d0877365904632437582d9b83f108989d73ca63fd49b03	643	train	neg
12e7adb57c2dfc8285a128fbd886fd40a89cac81642882d3ff8b8ec66d3014b9	644	train	neg
6c85d2cd70bd236286959594145fd15f03c6776f2e80edc158c8304d6724b2d2	645	test	pos
9984427b986af2a6e5e19797f576620947733af55b0f123b285dcd57c325a5a5	646	train	neg
bfd4f4e01b994ee68768e64fa7741c9a572090c1b11a3a5ea79bbff83aafdf9c	647	train	obj
620ce8ebb3351493586a9af96a46ab68292ac9d99e1dfb4a71127c015356595d	648	train	pos
91e1dbfcddc5d7de2bdac910237a2d7d90f6b47c54f9dd7a3beabcbe2af4f178	649	train	pos
c1f7960513c6aebceaed26fd6237342a664f93d8b09441d40b91c08fe7d352d1	650	train	neg
302cde1cf7591b4014f0368ade9ee2fccb6d848a5efb9f9050105094c5771fe3	651	val	neg
49b9586274b19df5af3ff6f4fae2bb4c7e8d64466ac9f4d627068b200c9a488f	653	train	neg
6016db6b342cd062b3367f1d3efc4342fc26f48ab69f1a4b2a55d2abdb61838b	654	train	pos
6bac0edb92b20a2f07e90ae6dead6ca753ecf7fc6d6f69a7a4483f1238e061d1	655	train	neg
0bd27ecddae145899594fa6b51e651b2535e7c18f5c9a967f4433cb6d54777f6	656	train	neg
506192b5242f3f68fe57990a0cbad6ab7bbb3366489b5a36afad85cf9fddbc6f	658	test	neg
7e136653241f637f7918ca6ab8a43cd0ac912b2b51a5de31b69ef8757abb3e41	659	train	obj
67ce8839c8a140c2b21e0e02beafcf2de47461cc40d62ca8879b312e411ff693	660	train	pos
0d3e49939ba66e12031edaca5037dce9c330c01f18075440f42c792d03a0a236	661	train	neg
0678b70cec0cdf13e20e32c183e234dafa85cbaf54d1d1df7180348e2e160df1	662	train	neg
fbe37e1a7e641e376c26636d6393d310b2a956360f09e11b87bb928e35809602	663	test	neg
88a7e3c68481d65e371d6d8b6a0fb1b50baef63ce14d83e638f1f7d156701290	665	train	neg
ec9070768c00cf5040a6cdba5a95a914aa7e12c01db264db6e311b3887c347f5	666	train	neg
823ea4caa87c1e056e759c4b04d71a1744e80e1bcb66718fcbc36dd306658ab0	667	val	neg
ddfa26c99d3b97a4f0c0bdca9150e06c4d76890ff8afde56bbd78fbc8a8d124c	669	test	neg
a692c7b82462e9c550d682783c3fdc75d257e8257bf0f8f20644f22974118487	670	train	neg
04e2ddee36f8a7149db8162465d87d4363340c6236fe7ff49f736aec43f69f59	671	train	neg
84b2fdc26d52d38a25234a014bcc0ed43b419dcfc3a41a25bb46585adfbd3b3b	672	train	neg
1ed3db4149e89eb52c5141a134caeeb8a77947eeae9fb01e53d1b135aa1cf5dc	673	val	neg
710b09b18122f79a814e897e7ae46aff8028940559ea2f580543b81041e405ee	674	train	pos
3d49cf62f71b5d3092887d3f35476b0459e3592b7d9b90e5a0a3fc2881919b52	675	train	neg
af7a795fe6667f106d1bbfd9349480a62575d2579bc03d26a905e67e7d9c6528	676	train	neg
b999f33a8a6d97f933edb1eb7c3aa433029377bec3fd92a361a69d361aecb793	677	test	neg
391b9a4cc2894a000b82bdd0da92fab652fcce713cd998ecb51087470f61772e	678	train	neg
d0eb3334454c774efcb72a4cb2b23ab6963f7fe3ef6ebdf534245028c9f13517	679	train	neg
414c51ceee53555cf3598c44c45be00b0bd9734713abfbf0147680beb53a5caa	680	test	neg
9ea9d6fe7e3a76f061bfeca8f7cd5e399cf414799ab2bdc997d2cb98b7500795	681	val	neg
2a982ed81afc48570f8b5c1e3d8e99696a65aa84ec32bfea5b2b695c86c4c228	683	train	pos
42646be5ccbf3ab4335b889ebff4892df26be81d5f97a7fb129a8f9451629500	684	train	obj
bab6c08afa0cfb7e931aac809b33f6796665cc5e0db9a7cfb2ea141bf1a95c9f	685	train	neg
58260a0c56b01a900528593cc14ce67969555825a11e985c9e4b4376f09b7fcb	686	val	pos
2b8be3167db4853657af17647f2a534e533a6d9cd3604e533f1f88db7f55c798	687	train	neg
b0d5adb9a1af18a5c385d016c1a06d6bb2f88daa192be3e4f50daf13c3826748	688	train	pos
5f02732ab525bb54bc79ac6e55e7068841b0369c010a396d14b1b8ec7b1f30ec	689	train	neg
457e1be99e568f1f289eaca10a7e7597a02253ac55a9494d000eb2f1bb2ef2ff	690	train	pos
92e3bb7a1fbe3c8220f3099c9e89c7f4941ed38d52569b615c6eefa5135d96d2	691	test	neg
59ed01bd53613f2780a4646a23b867e10fe6587098459bb34c710008a223b5ee	693	train	neg
51d45a2b7b65c78467d483a4b35181dee82c407cd1c7af09fe537aa298ebb175	694	train	neg
7d5876638925e5411ed2fcde952b62f40c4c87e510892bbe3792bf605883f3d6	695	train	obj
025a6cc142cdcc10e1bc950142a7ed721f1fefcb436c13a98744f4d562ea4a52	696	train	neg
8fd76f8f54cc0db98b4ae1b963e01b1547d05bdf663e775449182d21a895cdef	697	train	pos
c8392a0edf2591393606ecbcf580793f0859a7a376942194a3d61fe16be5165b	698	test	pos
99dde0c1004dd1fca720963ec75f6569908c5d4d5b0f297bc02067a3062a1008	699	train	neg
54c85cc601fd83818bcc470d761049f6a8b2d8ec5a06ed698f86e4384b251a46	700	train	pos
69f761026f8eeb2cbc37c2f9066f1c801887786dc7cd275d126d37806833516f	702	val	neg
6173bda3e125baffc622ce40038c639a0ba6d5ff51af24877ae7f0e7d48c3154	703	val	pos
7f3ffaf1397422267618d43f0ecac1e437de3e009aa519510dc0289a1b113529	705	train	obj
ac8d2e7710c14f0d626362d513ba2ee326bb1af56a7265d230efebb291bf9e73	706	train	neg
8d5edb0c090ba8a2b4db787ef62918a2fb27562843ee85954794f8e63b18d67a	708	train	neg
634db4a0affbfe170ac953fb17c4036ab3919b82259c5d30807fcd39af9bab8b	709	test	pos
e34800c4f415eecd05bd91538c3d0be78845f645e9ccc27b235a0236b71a1dc5	710	train	neg
b9691eafd94d9380b616bccf30c4e560e8f77b47a5655ded2848e6cec1269157	711	test	obj
75b7ecf3d78ee125153a90cf5867bf1ab97e2bd42259850c7901cd4cf2178c33	712	train	obj
b6c5e4b015bf852303b86fc3c89c2d487e2057712cc8d3887ab2e890165f12a7	713	val	neg
2d4d75b5fd08e74030124b31a1976c2c247f06effbebe0e071fbb8cc029b8655	714	train	neg
0f5bedb5c8765a14a667c0f70886887057c5c8970294766fd28eb5f8d02e3d34	715	train	obj
44e568614c88d8f99d54f8f26bbacef1f6805ca80f8c8b53f2c54fc5a4965fb4	716	train	neg
c1684b3e67bfdc5da3a8183a2fc07a46d48c8097ae97b20d6ce7e4f1e4ca3b94	717	train	neg
6bca3a3894e4aeed45063db2e07708f4beac9b076b4a04a7af2324d5bea03e0c	718	test	neg
98fd2bb31cd0af938687f9bd528741ccead954d4189a7abddbc0c795eb679eaa	719	test	neg
b14ad58aaca6670b25e43e59805d056881b2ed6578743e4714716d65c3dfc4e6	720	train	neg
33d613c8729df58aab87e32d5fcbcd9866bbef96db22b09ae3011211ae28002d	721	train	neg
e4bf2c7ccfe92fdcf54e476eb1b3e8800d4e267e56f597fa487260c734f3d753	722	train	neg
9bc9ef5b6860a39e4abc555386f750eb761c25294166bbf4e84136c9e6eb124b	723	test	neg
87d98304ef2f00f820223e0c163718ee4a27948b4811bab7b941c40c9373d087	724	val	neg
623db44d27f5a8a8124a0449b061530ed06ceb7c4e006e12e835981d1fad2e41	725	train	neg
967ddef71143183c77dca82a5c23299c24707c2347016ae351e5dd83d8485646	726	train	pos
9187e2ee6a8e719ff8302a1db124984e5dd869ecca652f973026b2777d8e84f2	727	train	neg
e24b5cf6bd594cac2a0213c72efa59f3cecac3d7df84684e2711ebc380baeef0	728	test	neg
7b28c2018b8d0d81650e4165130c4d3f9fb656c988c03097fdc0adc3ae3946fc	729	train	neg
9d74136e2051b8369a34ffd40cc20491f088c78c4685e7ffffbaf8f7a07c4c41	730	test	obj
5518e56c4ec603d8b266463b23a560eddfd0dedbe9749730d117201f5f267dd0	731	train	neg
20c5b3dfa3512eb884a993e01003339643122f301e98b57fb4350665ca237160	732	test	neg
898a90f281beea20122da9d03b157a3df8dcf9f6899c0df89e022a7342bce8e4	733	train	neg
82f6f8a37da7115842e4fd00a04d7b601f830df83fc6066e8870eea575481969	734	train	neg
db2882ac93601b002d4dd25dd517dac3857a1e5ab953e24c24382f1b8fb932c4	735	test	neg
4b0631c1f8c80cfd0c45a509d4d95dfa6a218b74ffb1e9b60a10cfc0ff08506b	736	train	neg
f00fb513cdb70eb1fcb3623cd4d666fcc2220dcfa972c2281fa315f76a639179	737	train	obj
c2e1cd86ed26d1e920eaa5a804fb2964689e9c5a7b275818751061b46dab8840	738	test	neg
fea21809d9b8d32e4deed7ab929f9d265192a5af86e233339cd5a9b1a78f6004	740	train	neg
2f6066bc34a7993614c33d62fe921b8d79e16ff11fe1d5660f5f25e73f225a04	741	train	neg
d9e0792480129b7d0416bc8b6b6c0da3f96ee9d46a26a38e23775965ec2c9717	742	train	neg
cd98f7a0faaab9de8500b6e21314180d0b2c30093bd2e2c6625b62dc9624e8dc	743	train	obj
31e6fefb46fa1260713dbba5b74645ae698a33a6c90a8ff43feb5d5b066ed47f	744	train	pos
dfad69b5d2921b2a9835cab528f9c81a3a47deccf9d64bbb6531a248016a019a	745	val	neg
5f908c0f44457256d39273857c1dbeca9fcac34890cb113c4215588e7dcc873a	747	train	neg
212cb122ca433cc6edf7be2cf195455b683fcaa3f0088d1f4b193d9b95ed248d	749	test	neg
9c71394e69fd2205d3589834be7648048da7d36837ca8c06a6a4afd6536711a9	750	val	pos
c5464acc7566ed870e3ce5f17afaebae3e0207f6eb92ab9f0945eba19e474c2b	751	train	neg
1c121d8a938ad65ec6082a32555b9f1c3ce87686f8ce3c4d9e09999f9a52d482	752	train	pos
e68fce442a35f4ab0da260972494851a569ea400b92977769fa1bc6e2b4967ba	753	test	neg
38c7dcba68fb0c1940a4c5f6da0e4acf1160528d5048a7fc5c1dc266c1366d5a	754	train	neg
7a6c15076baaccb376f953b267962a06a65bb99861ffd83f48973b0de79c2ea1	755	val	pos
a6570c4e6b6b1c64cd4837e4c68f5dfcd85d850b7d41b7bcdfc43b2efa58b1c5	756	train	neg
681af93ced6ad968dfe1db9a058fc82d8f8ef26a85ef4217f083c431a9c72626	757	test	neg
140945f7c4c3a578f5a8bed5a8f8e974f3d9e53b4b2875654b243d38af9e9988	758	train	pos
3b54b2c0b7fabb16fc28d08d4b28dce80b951edd9c4b32ce55b4b794b096a015	759	train	neg
a1d897bdd9f90bdf9ad6384fdce1faab84b3adaaee82d14cb874ca8f2214b2b9	760	val	neg
33e0b88d137bdaa605758c9ff227f1a84189a1696e3d9f8b7b2c8786b60ba2c0	761	train	neg
946051d2b1348dbedb602427f8de1446526d60ffa6d71ae37c0065882b663363	763	train	neg
ef9daf83fc285c8764d535f38f0a0f2c760ab58925da75431ca78c8472e56072	764	train	neg
d6aec9c7a54053f06f3a8d9f9a903ecd27b9f249a9d720c921eb0c3b353d1efd	765	train	neg
134007c7b94fc31da07447694ee75229589c12e55cb76d7b122b032cf8cca033	766	train	neg
1bc55c8adac866fd6d44a44622b817c7d65ca7093d0e13899bbb1661b5ce2d8a	767	train	neg
8497fb3be10dcfbbdf33237e4d48259f8487cc128e7570dec17e9ce7f8244e8b	768	test	neg
3d6afc5250ae7be3a1b86bf6d4577cdd16af0ebd000f57be97761656b2963fba	769	train	neg
09fe49f60eba2144aa589d0806a8882386ce659ce532592f1385191adbcac3c3	770	train	pos
cd41f19821c8d4770621bfaae4ba54c55ee6070ce75ec029234cb50652673d6c	771	train	pos
d5938fc5887890675cce4b4ccbc1ac871eb601682120d027e6eb59d942cf5e40	772	train	neg
42cbea5ed43a853ab2b33b2c796f85c1236dd50f47fb7562fcb50aee8f218142	773	train	obj
1924f4e95086c9fa96237924220645c60fbc2816d535b43f92bc0b20e366658f	774	train	neg
da8d6f26ca83f9956bf09b683dd230cff0639d0315868bc1486aa69f75a71fb3	775	train	neg
b751f4e35d600727e88ad06f70b386748d16e74b9e19f9461b5e70ea28dbff21	776	train	neg
314f51951454159f9a7cc9b72487b72539d6d86c9ba39264649927a433ab94ad	777	train	neg
9cb8a894e904531351ba245fda10af6d37adaf96cb7be47dcb6e0f7abc4bdcea	778	train	neg
e50e2f5ccb2257f90fea73a3a2b41632ede3cb728cf23fb45687810b293b95b5	779	train	neg
955f4d3d3277d30eeb8bd3f7ad273e68baa3c82e734106528f547de55437dd16	780	train	neg
b98fb205034e98eb5dcf5393b3dd8985ee82648b9f26f0f47a94c25181589fb8	781	test	pos
bc75f9b83661b666ed773e60e2e721ab84da73475589410e1878bc50b6b00fd1	782	train	obj
c4f6a905603ed3bfefb1ff758c69ae0a2c9e0020c35959a24db6d9c626ed3350	783	train	neg
f24e7c97529cd005dd52f697b9a4bb957dae8cceb99e4a1d54a18c9b9c234b98	784	train	neg
be8c9d5079cd175166a1c1d686f1b24a5e339a234bca282a24a2d6a8c63762e3	785	train	neg
f9b4a2046da8f07844e920e20ba147fce61beeb1a55ec2015b586c76afdec022	786	test	neg
0fecd19f96203e6e89d914389c5899e6e29d5aa442534a81e088dd16f227c2ba	787	train	neg
0d46912d5fbc15370c6760019bbf0064de53a70321715f7a96519bbc71dfdec2	788	train	obj
bca04e5f4924cd83584b1fc76ba90aba246921ab09305f0237d8ce457d58af36	789	val	neg
9a459a697a604c1ad6bdd20cd9989b5abb06fc34f33871249745eed1a725f377	790	train	pos
5c859df2e26d01d5f91d858ae90dadb513e98dbf009b5e325230a49ee013a7fd	791	test	obj
191a8e04624c63cb66c83b1f94b5ed73fa18abc9e787700aff211662c767f19d	792	train	obj
12f12e19e1d4ad1416d684392130335c385a1b7b52ec0e5afef7ee1895013eb8	793	test	neg
3816c940bf6ce53da4b14fd1bf26a447281d79695ffe74cee6ce8b33cfe8181d	794	train	neg
4b48e9cb99a484e0273bdb6ea83bf85db431480fc3d4e58521d616e69f410de0	795	test	pos
5ad416c483239481777d5fc8ee5ed9f6ab6f9f682ab88e5b866175b223f6aceb	796	train	neg
e63f936406788f1d61554925398f7c9eec883527a675afcbe3b42c04341465a9	797	train	neg
7572688412dd7572c70890ba0ed854dd5f0ed183d2e3da3816814de903a9c0f1	798	train	obj
a6d9caaa85d54603c7a7b732cd3e3fd78404c57b04190449d5bfdf583c6688af	799	train	neg
0d46522f3f0e44b72024a7d5ade5ed62d870fac627d6561502c5f3a6e1a43158	800	train	neg
00be0885bca5d13696334ef61d2be52bfa9f8b0cb970e33f2135927e3e3d2122	801	test	neg
3c5d3fa6ae8107d0a2face9e19f49fcbd756a1f870bb238cd7156ab3fd2e9dd5	802	train	neg
6f06d6f54683ae96910516cd145a05813ea74c5df1da9c3de2005978426902c3	803	train	neg
2bc5ada50219a7fb327307ff12b3b630e751f1fb9d600ca936453893808416d0	804	train	obj
61916d41bd871278f085f302defcae7036eb8ea79c5d4b5781a59b7ff50998de	805	train	pos
01837bcd01ff95aa659f2518116cc05938d6b01424d7bd76794155f193367dc4	806	train	neg
f920fb50200e6cefa5b5439003810018372954d7c8c519984780e66c5f8c9711	807	test	neg
7604e6322de46c5372b1a9883ff6572f429d40d379af8581e39bd2d6e4c98f5c	808	train	pos
2d9d162afb5773ac063f474510f26f1ef40bd76a04ad02a22e9806c2ef588f22	810	train	neg
c0fe38c41b14f9663d01697e05724cd5ca4bd9b599cac0dcaea66aa42fb8448e	811	train	pos
a4fcd9ab9a8dbaf8b30da9c9206c4b7bd49e0754e7161534da2b487e1d8d16c5	812	train	pos
871c40c52ed14b89ea4d07e744f57b2f417fb4fa66ffeba9465b4d786aa4f350	813	train	pos
dafad8cbae8f2a0370a564d04c8b58ec2dd30b1110706a90868b9492c3662e9c	815	train	neg
d78b1d4c1d39e98af9669997b3b11342afe65e71fb14c1b5a52dbbab22853149	816	train	neg
ed3ca3a77f17f9bfe56671ca73741376450e3334f872fadce30ffdcc55f24840	817	train	pos
de6486a36ce368c2f38aa3f1862a7d59b3a6f95284a9229cc966cfcafc4910c7	818	train	neg
75805c91d5d96d6323b8e55edde6bf82303fab497aada3b624448523a8dca91e	819	val	neg
06f272fce328ba9e275bbe3822f3bf5284951e71ec176bc63a80f181925e5ffb	820	train	neg
095f5162dd2094aaa977ae4f8306f86f103d8dc1c66d50808ae509ee54cccf77	821	train	neg
52c39121abcfe7bc3413c047b1aceecbe14d4230806dede790f3d78e70e88ee8	822	val	neg
c45cf0d70ad73be30266db93e269fda48dc2f7882564f53bbfa338392483b51b	823	train	obj
5924722cfe643e42cb2502c4f4564d4fa288a0c806f235c9965cf9b1ce242cb1	824	test	neg
88933838a7fa047d87bf5cb32c114d8302b30484e83a2a0a0708a22cdb08c4c6	825	train	pos
4fd16ff9f3b603daadb5b0d7f4114ccd4d8a2da7ea93763ba0496a4df987a7dc	826	train	neg
819def9a4d1ea49d381881fd0d95b50dc78e26dd5eeca0e8d36e41ff8ad60275	827	train	neg
bd0d208cf551e4c959af11a229272e08aaf5536effde5637057b92f1fc7988f1	828	test	neg
02cb825262d820f90215cbcbef093c20bab84c984856a5809522b26cabf3833a	829	train	pos
5108dc843d6db81dff81f615e323f51825520bbdd7185e38f123c26e558f5a2d	831	train	obj
3f0511e6bb4ac00a96d138c0e66c67de9327ae1d98b46dede3e1472b78b2bec8	832	val	obj
ee485c7a7f2afd249fa4149590a8badea3d8b821239ea62e9ad474956dcde06e	833	val	obj
493993287f18e3696a822cfa32365e7363b74e08078cad00daea729d7bd1e203	834	test	neg
161c2c531c9389f248f4c9c9c86933df7e490898f1d4916881f4d4ef11c315da	835	train	neg
0ae11578579055beed6d07f27c3bdc4a9c48e6c639ec079fed079fe41190677f	836	train	neg
64720ebe29dc9127ba56389aac9df7a6a7ad16c346de64c7b5c4069d09f41b55	837	train	pos
7a6f0f65532bf3ebbc2939d8fff8a7a1fd7cd1027fecf16fe7b39917cdb8748d	838	train	neg
10a32c846f09e76d29c10e13f4aa6941db913bf9cda4ed44e631df81692eec3f	839	train	neg
150bb544fa54510c37ba9fb2072e30f05ee24119543a32f0072cf5b3b3c209c0	840	train	neg
7a40f675ac373ba391493e2edb40a27a22d1d31e3a183b6f1c1bdd11fa287567	841	test	neg
4b79c150bd8959bcbffd5eaad7a316c518e430248fd65f3749af96c2d1515169	842	train	neg
977da429295b9a63d111ad773df379c6ade336b134cf3358822592ef744163e6	843	val	neg
68b23b8b0927edb1f7ed5b852ab6705fcbc18c6ae36e15f838e54744601d26d3	844	train	neg
d0037c3b63e780bebf578a5cd34a83e956245c1ad6be7717a8381d7f87c4e29a	845	train	neg
14d65ca9f2b6fdc290dd6318805ec49a54bbbc76051f2f59116cf646f27df9a0	846	test	neg
1aa3804200d1582628847f66885a2b3caf51a183c9f151f389403262f06ad08a	847	train	neg
f94c7daf337899e681c7f8d025548f0d48ff0b65a7aca59f8e79c206ff2a7010	849	train	pos
e0b58205513221da705d2fb1e1cfb62ea03b732250d1a1a3fa14533ab454ebba	850	train	obj
612f6cf49e8309f678f8b1b1ff36b10f60d632416fb4735a576613429bb24097	851	train	pos
6a7c7657f8af75d667f0ce2ac472c08c777690f9c1465f54736cd5919d5edc2e	853	train	neg
8fd8ef40f85a971a23b7d74dba940d0a4d03badd352211dd4cb4fb094b6a57d7	854	val	neg
0097ac3a3d173687a00905665570164112ebdbc44f2cd28527553caf4df7e041	855	train	neg
49169a4d37289fe76de8368b923bb6d4475f502d276a1f2f5f17f84c4abdefb0	857	train	neg
beb688076b3a44ad3ca94bf4008d7a3b6c6d0b083712f41f9931a08d2192eeaf	858	train	obj
9041e78edfee82d200d6f7a64e27c932fb1a7d94ee27d221ebfe81497cb893e9	859	test	neg
dd211c333efa06867a740a4e754a0963c65ae1f5d29d72afcf6561c5b84b47e4	860	train	pos
28345aeab4e83df662029ba67522c5ea7300be7fd4cab19746a300d6bc0ca4ee	861	train	neg
d74eabe9e217c438805352f9cd38ead59aa867e8cde398f7de299521f8ef74e0	862	train	neg
4bb17ebfafd34adbbec37b2a6807aac9a3195d49755939ea2d61e8afcd0039be	863	train	neg
a51905877d47c8defbc58a241a8983eb72ea2591c3fab95790eb6306b71096b8	864	test	obj
df4956737dc064aec487038ef6480d349c6c352d0f6524172533ad964269dc62	865	train	neg
bc50613cbb7c6efc733ffbe51429f293b6577760d1756a98774b6eb4553486af	866	train	neg
7b85cc0367274c7a37aae1acfd130e2f3dc89364c995dab94c595dcafd7e1a45	867	test	neg
125960c2dcb8eea83b681166bbb7543a3367907fb4d1d79857544d86f48bb004	868	train	neg
44bb3ad430df32b1b737bf193d9d729a7ee0e672aef442b759f49579a190d46e	869	train	neg
3fbaa6388a14eeabb6cc4bae46e94b0711c03e26f1177b09d3dd33144cd1dbec	870	train	neg
051781cfe96e4e813c1468616d1d7a286a7a39993b0c922835fa14476fccbd5d	871	train	obj
d972e46c9a7b5d041e540dafc21208089336a6357549151af2ac5aed138075af	872	test	obj
850918fe51452ac7eb4060cafe6fb7fd128f54fc57f7cf2f9d28217230799fff	873	train	pos
3ca31d653a61d9da350d0afad8397897f51ddcfffb974cb4e7ab2cdd6c89d173	875	val	pos
fbf4337daab81007ed5d4522b259a953c2719623939f0cf7fbb551485d01d2ae	876	train	neg
806f72fede308d9314198a55bdcfa53b70e0af1137e6f9a9de5024110ea63908	877	train	pos
983ff2807889198f9b55cfd9ed90b3380cced5e80180fa4335f2145a5c483241	878	train	neg
306c126b7bf299d44ab034bd1a264022fcc18f11ad4e11339a6459b7222e3a15	879	train	pos
382ef1aa871aed28d07bb2bbba72e22f3c045d43582da27f9cf5dcd3bd46648c	880	train	pos
520262860321a3e0f3c62cf3765b2b6a6a4ccbde029c814e305066f369ff2dc6	881	train	obj
7501aec61e734535560e4924bf9d6fa181c52df4ae1fdb1499bbef471f3bc734	882	train	neg
2844b35b1cb7ec679cc9ccf267c7ad5d4279ba1ac2057cacae99dd019f1e4e44	883	train	neg
f71bb72c7ddbd990c7a3602117d5b7896b28779a731b1dcbd5971113038640d1	885	val	neg
7e9e8f519c24e3c78708c9bed1e6292c2eb9f724aabd4da88433303c75a344e3	886	test	pos
07f9dcf929432ea86112adb32d9ee6301e181c0918b5a300fbe4727ab69c0b32	887	test	neg
f7ab7bded75acd1f44024fb32ba644a8de127a09dfa45424a68a9e48635479aa	889	train	neg
653172dea324aeba6c0635ad3f6d5b872fae4ec8f5fa4538aa9ce5fdda6edd20	890	train	obj
0798ec3d382d9b6c060cf8f67b76569b820a8a8d63b75256ff86dfe3bc8e4123	891	train	pos
a2009136f933f0f6d77d6c0ec259c1b8b711c3fd5d3744b2bca67d32e4870be9	892	val	neg
b6d9257a83e44b55a6acd06ba41299dd989c7d4c172fb5f044bdac53e14ceb77	893	train	neg
6e1fb9bf013e3125c0d3d0f2a67dc6e4bb6fc0f2e13dc35c3bf1ed7d59807cbb	894	train	neg
d1b699de2e12a84ac0de14bd0fcd6e0347a4ff2a794adb4d0835e31275cf740f	895	test	neg
2f948fb0b6ed3f027c1b114aefdeb2b27c7f6b3222d15c89013763d22e07dd82	896	train	neg
62113c19aa8f566198ec105833003e898c454e4a284fd5ab94d1527dc58c7da7	898	train	neg
f8858ce5f0e3ece0f5ab4abfaa571425aaa2d9f502c55cbc0c7ae405a7ed0da8	899	train	neg
ca2d53ee50a8c6ea36a8a18608609758304fae90c66bffd025afe48a1a1c357b	900	train	neg
9be964dd28e685d39664cf98966ef7563b9917d192569b4a19784b4892d9d28f	901	train	neg
7a91e37fb8408c42b509c916cce1cd752aa6c27c3277d86bdd0c32808db1561d	902	test	neg
968b5060cb7282157d19ca697ae0ee657b43807e36856c07d5c9258b3fd75d5e	903	train	neg
e8b779699fbe5207f1612175af84a1a4d940f05a252371c8ce68f39ad0bc4087	905	train	obj
6a11ba8a47c956a08788013ab08d906ceb53b28e0dfb117d98e7b04842f1d6f9	906	test	neg
3c9b1b11ef931df9387f37f19d47ab87e2d5a48559c4162af73e5d67af52600a	907	train	neg
04d62fb6c46c99792e18e0277c29a41a4eff7f0dfab98740615850b7971df2eb	908	train	neg
5bf25735a601a4b3cdb151c8e3f3f1449179acfbe79a4e5344b0b726345cc033	909	train	neg
ae5964b490f637d1ffa2d2300ce6f146b8f75eff23c8327a9959e89c863bdcf5	910	test	obj
abbe2fcdb90f1769b748ac6ae091c50a00cc27b491fd8d2c11643746c871d9f3	911	train	neg
c82155056539a236d498948549a01a785182538baabe82cbc508d38682a41616	912	test	pos
10f99c74173c55cd3c776c518922bcc0aa85701f8b229accb59c1b6497374ccd	913	train	neg
036eb6a03b29005e6dddf9233abc4d6b797a39c1f3ba486ab26afd20fc2b1e47	914	test	pos
f1f2f0f7f952ac4c3c75c447f708ac4d2ae38b5ccf6e78844d2b143553e8d471	915	val	neg
b802f943bc3fe853a471cf197e425d3c11ddaaf9bfd96b28eb08c268ec06f8a8	917	train	neg
675e04a7be9fa2210ad099aa2292dafea2386485e9803ec98e762d9698e53b1e	918	train	pos
2bf4a11297a433f9355edb8c970c33da007273294916672e8564761e925a0406	919	train	pos
a49e9656fc15701938f5461dd7469242ed56ebe5e3f89abbd2c7b647328a9f21	921	train	pos
fd5247d41dbd1a49ed017acd44f3f4ab8be96bce75e67ba0f418db257ec7b9e1	923	train	obj
dc18a984858462effd71a4fe53a6c31be4dc0dcb6aa6cf9795831b89850ff052	924	test	neg
64c6c5592351c4e1f1894aa215f931eae8dddc5ef94fdd5b60448218a250e3e6	925	train	pos
2f4fc604c4f6bc522f1c7b6159e9890aee301f45f3b6344e423f3244d038f26a	927	train	neg
538dfa60efe1356fe343843a05bac00b5a7441c7a3dbf07245f564dc642a1a55	928	train	neg
f9964bbdd84977ae2660108c43161c378cfc14ec44669a54b3fdbd5bed2db23e	929	train	neg
5214b2c2af67ccfaee4af8bf0ff9b41cce5a24302ee0b103b644057f0d207ded	930	train	obj
51a7800e07fe25166a98ac12fe0b715491a209cf01c22e208fee653f7df502f5	931	train	neg
279c2bf1a3fc94f3a60b929d2bb15c63c89140f86bc5824f37b749d745d852e6	932	train	neg
84c72425d780e0f89e3a8211255677cf353de8d23d41dc740f923fc17bc1f09a	933	train	pos
ddc1f0eae36cc4c211be42fc5e527715e4f57ba8fe136e30ea38b912d0cf030d	934	train	neg
f7eb192915cad635d30da8554070f8ba899015df453bf3eaaca526210ef14211	935	train	obj
e0ac1c078d2b5d156c45daa5f93568187121d3de8971198d1e8107d0971c3473	936	test	neg
51d9e3367bea04a990f67aa407e962e475b9f29cd40a28d89836dd3d5c6b854a	937	val	neg
7cc27dccf6b5867625d414ec276c6c10dde4c2d848e947cd0c54741e1fd59957	938	test	neg
6616b13839cf278ff1b2c046741224ff03fe5a2c169d57d4ff00d3115678e34c	939	train	neg
ef69f94c9932a4ac8bb074f4a263926c670db86e9aa054b1509cbe3e4c62d5b0	940	test	neg
d064fae292a7934d85a87fe09c321fc323e8b130e7d09b14f0fa5852848fdf95	941	train	neg
02f3fb2a4f43349b0087d613e4f93962bd5e52b3dd42e85a035181071f5249a0	942	train	neg
04a2e55ee769d0d4878ea874a1264d39137526b1f74b42c0b0604cb139aa36f9	943	train	pos
936703042bc257a2e5ebd85e1ff5f0b956feb6cff4e3278d00b67e0b93814567	944	val	neg
ec329d4d3e05d3796d33bddb1f52af67f3f079b7424107b77f4c7ec74fb93e3e	946	train	neg
1856158448ec9e434cbf6ea28f3fcafd8085258a254fd6ad0f7cfef9cfd02351	947	train	neg
13fce778e539ccb8a20c50da04f47d68e73209357b6640f83b988e2a67de46cb	948	test	neg
84db1dde71754989c1fa20adf866c232e11e920dd5e5ec75fa9bd89f67a6e2dd	950	val	neg
30dd88efd30848d50a0d9bcfceabe9c0f9896384b5beb975da118345e399e3c9	951	test	neg
0f2ba21e0711223ed6ceb365c7abe4354e54f2ba67ab0931fc73ae8efd5d5dd6	952	train	neg
cdb4d7cf056abec6b54dc4c9aa1e84140f413d4229c6fdca138ed128d9b72a05	954	train	neg
f607d6ff6131051a248c50585eb1556c330fa556e858a94ad7fd09faf4e6d1b4	955	train	neg
79670d7c5267506f699c8536f37c41eb38a7d7c9a07fa53e013bae01af97d9af	956	train	pos
3b8deaf9e0a6a005fbbd6a06583626fd833ec91924b9658c999beabdcd1b285f	957	test	neg
52800d3f12850e53286d23893a9083e19f628bbab85df9fbe53fa3bdb1d61605	958	test	neg
f1ce7b77dc9b65d90d5e401d4b1d5c306bb68498ebd31886eedd68458167a997	959	test	neg
73a33255a63e554f40dc43c4e064d4c7cb2571b44837a3f7dca13d0656a0c55a	960	train	neg
200d086ff8c77b0239b92bf02e5cad5052263c0ed0f5e35f29ef37917d21fe87	961	val	neg
acf71c505176bcf1cf0950f84e9109bac0b1f844c649aa57955e9805d072f44f	963	train	neg
5b24fa1bea0f521c32c753ec4d6adccd4848ff5ef0ae095fdb9424ec6e5526b1	964	train	neg
2a402a999d6ddc5f9cb333dc9752b0cd3a6c07f2b6a366968b2a3f8ded8d93e1	965	train	pos
70e64dd45ac4886285add7fed381aacc5a7ae62e90112c7ff99a898e6c4f7568	967	test	neg
4311fa9bd99a301b7cc2e51084fa2ebca2b268e376131bb95aa0feb4e90505ef	968	train	neg
d71904d811deacceba770d397c7f241cd550e01d1354e5e1cdccadc10c946a78	969	test	neg
6d521811d3e506389ca70ae36e817108a69dc6233cd8c6387d54209f7feff94b	971	train	neg
5227f5927adf9a11868a3bd48ba210f38fe06a53ca585f8feaf9786d29847dcb	972	train	neg
023e00f213c46719873ac3783613e5e3f542fdc6a608549606feca8c7ccd5dcf	973	test	obj
d62dc963bbfa09bf6bc425896aff9e16445ff91e793985326593c669066a69c4	974	train	neg
f257318ce19988a14d3d8648ae9da540943065b0c17ae66693a41b7d0ca229dc	975	train	obj
f242208edcf5ddf89a11193c0ab5b1a87f9e73c33397ab418c5e77e20b61352d	976	train	pos
7dba80d4f9853b0717831c4662f143a65a8d1a784592428cfc10a1044637b6ea	977	test	neg
822adc536989976990744621786e688b0aea31bf4a440c9f9c7d7a6cfca55c61	978	train	neg
cb4fada529cf80b49cd01756f38a58b25ebe081508349665c4cf25b606ff3f3e	979	train	neg
3649fb20b409141b486aebc4fd7d0e138de499fe0ec1176413108c763a028be6	980	train	neg
51f68f4a9f012fce01b39972dc789e6259690a46f60015baa70f8783ff7d3b54	981	test	neg
12df21d09a81d36fc5b0c674c4ca0d832fc225863294c21af351d40ce5345fe0	982	train	neg
ad155c6ed9a965d48e3f39f560339afca85d148a931ca730a0044336910321a1	983	train	obj
9298ef2a7c19fd81449b24790d7d4e6552a34ed5dff4b86a7d49493cd85f904b	984	test	neg
da49811beda83de6406fab18b06cbed85d96d0af3490a6ce57e71b3608719717	985	test	neg
6ee24a3c927ea449b72d3c94880ce7f657fef7675e702998fbcad9abc2243f29	986	train	pos
c2f4e6b257aa8010533090ede3f16c53959d630bb219d2ece6983e4077d00b5b	987	train	obj
f1a9c3e0b9466a9b21e5f4cd69bc30b09423c14e2976826fe3b9c85b5dc0100f	988	train	neg
7b2af3d4306c3c2ec440af590008f028c49f266983b17aebcdcf958073e87771	990	test	obj
19395c6b3ea2b92197c95c111bd81b719dca1236a0e45852691732959a7646f7	991	train	neg
434c72fc74e4d6e46a3972a7faa53314c79bd3b281ec258adf8167414938ff54	992	train	neg
7aa44a06602986008b1e94685c872d03d94f3ca065c5fa33c2f36d2d7dc8a9ef	994	test	neg
af7228627b90578e4e99b2ccf14d9ef995fa4ec0d63921c93b24423ea3dc8ccb	995	train	pos
d765f1968776a84c36b54d7e46be85510dd88167c31a8868319501fc45f04ae7	996	train	neg
d7966b60bbb1b1849845264e84cffe7fab32f13fb5979fb2f8b4242041d5c34c	997	train	neg
b9ffd88b16166522b41727b0d3af9e97b1c7514dde9aeeff26ed52f49addab59	998	val	neg
174bbd3971cc5f6dabc9a24bad2e2eb2f155fd98712f3ad34497e4c1f0992743	999	train	neg
8aa634f8b31ed99b8f7828fe0a47ee838aff00c5ea88f10a1f300d48fd2268c1	1000	train	neg
0743c16e8ba698d03c8a23f373aa810839f1502da714fb62a5ea27957f136612	1001	train	pos
f617f093c7a1c01371b1ca6e9c4d87a6ab1c3154c9c29c4f9e5e66b85d66c8eb	1003	val	neg
d428027c2b0c1f19593da00634322b608e64f67b51769b841154bfce66e72625	1004	train	neg
8cba87832720c4755da89630fdf5eb5e157e2629b4040ce7bab3a007b21f71ae	1005	train	neg
f4cc18deff4ea34dc5f488b8d68a5d0403cfffe458d74f56680c8f1645f4e6b9	1006	train	neg
9f5c163665caff3cfaa8440588b3500083382c5ae318b40f170dac2f868e162e	1008	train	neg
1d061dbbd87638d1f45865b15b12e555c7c45ce045fc64ce6644fb31c32a6ad3	1009	train	neg
efd89f014ec128e32fd4531710b0897a5573d042b8da7b909a28d07756db8ee3	1010	train	pos
4a270a291b9e176842da6b4d4c3413720988e1055cee0c229be022e56dda62bd	1011	test	neg
cfc4c007ddf362bcea2fbdb56b7c4bfdd6871237c5ba2adaf3b915f49eed2d02	1012	test	pos
ed0d0ddc9c52e4380b57d77076b19c9a200148ab724a06387925c69819c478e0	1013	train	neg
40d407440e711744a96b8822edb7f6eecab3ba77bc53566b9a018a1c240414a8	1014	train	neg
8ffe3f4da36c02cbce4ab6efc6565606a12a95876341ef0a2a2c03bcf9b834e7	1015	train	neg
d90c0f631b2853cc0aa5030d33a6d4eb2fde5733ce98ad9be44f92f4b876c1c0	1016	train	neg
f5662b5fae15cc0c72007f2de155a8d94abb4a68bd89c0f7dcb8f67ef5259c4d	1017	train	neg
e1850430ea3671873dcda1f56b4afff7686ea58d6d306084c5fea2a785dca714	1019	test	neg
0ef502ee7676e8dcb0630b8ac80729b0c25cedb05e788c91b26bb9a23dd82467	1020	train	neg
41eb0b1b9664144f97d32b65509affa9658fb10484ffaff57fe49a9bb457c3d2	1021	test	neg
79e39db7173f023fe8b776ef981bdb1d1c7d17eae58c3714bfa6cd134757ec6d	1022	test	obj
ad8324d8d931059360b3eb5556b089bfb331ffe1863e1c159e80efeef12bb85e	1023	test	neg
ec85ed237d688eef36a47cb58dc17de8f83db4a6c3abcd01cfd8f4447f31201f	1024	train	neg
8f2c156eb2940100313c8645bd80135ff56bdb3d48d1324613b09176fc7063e1	1025	train	obj
69fb935fd1e80e8442a741d5216426d047130952e9f00aef9e6e5b73e0a896ee	1026	train	neg
95675602667f19fda7af185234466c1c89c67ce3381615c5d2765ffb1d314096	1027	train	neg
955e7e87866d84bfc49ba7403511c076631f8f3aceffb817885d55955b6a2942	1028	val	neg
2f949dcb3fd33c97c8df2a36e296c28d846c5ae84a69b1908ae2e33f07f5597a	1029	train	neg
a8d906f17d2263f8114c5f642c80311d97dc9c72d4785b106e0018a38f5430c7	1030	train	obj
3205ab6a96757687bd64c2cf5600b3d815d81fa1319a31857eac512d3faaa99f	1031	train	neg
57f9a1b905d5d039693e5dc37ccfa9e7a514068749430cb6bf30faae33f0ba3e	1033	val	neg
b4c1a28fdfc33b57a071144f85fea4a6a142aa01837570e047f13602172d0372	1034	train	neg
ba7feebc402d0b8bea0548150b9685210bfb3a40e414831ce6592411f2c72530	1035	train	neg
21046d038a13bea87c320e36e26c4d916986058b79f629f8cd66f609d5bca5f7	1037	val	neg
479e2a9eb03a5830aeaef7d090121898e9578bb259e63a90dcd18c5d91d3d7d7	1038	train	neg
0bc65209f20c416d558ba888fd048aaa2064650db38f2741d0e0c672f2966e8c	1039	train	neg
16074df25ccda1cc4140de7905385495ca260a303fbf0c0fb366e2483dfe366b	1040	val	pos
b844b2b7fa4914fc1ac20e957eaa224fdeff3e27956bc7dac96b93fa1c7c3641	1042	train	neg
6ac002b6284d38ddbf5d495295f087a2d6ac2321de5444b4120e2e270dcda1bc	1044	test	neg
abaff3c755f36719da99fabebd7ee82ffa85858f0574c3c8614d694cccfcb30b	1045	test	neg
3175e9920f55c21c90dd57a53fe661d88c8dd5aa31df7df6e7072751e452830b	1047	train	neg
a8c917dd98f3958a9fa48a47d902fbcf718c6ac04bf22086b210efad0ea8af33	1048	test	pos
3ada3cd7b28ddb8c57622349995000fbdd397b9191c497771c07229a6c6b2db3	1049	train	neg
ae8cc438ffcd4a80ae6a5b308bc00d65fed22c2ed0a75851dfa6b21651861c36	1050	test	neg
ce465fc9623ac51ca6402dfe044e160db980f989586858a308ad0483da7b5200	1051	test	neg
96c14f5a16d03e8e07afccd1594899c0203a949655d788990f72f9b483e51856	1052	train	pos
3bffcd1548e8336208e6436c8996112d15aac3d2b530cfab3218e7c193c26a33	1053	test	pos
93355a232b0989671890e465d42422a76d88db02885d1a3fd03415d4dcc08806	1055	train	pos
d0027dced918472b64102fc4fd7e93d56a871ee2db4f675de77baa90ecc49b2c	1056	train	obj
8f1f54bfb9e965f90ee234b4f6bb30be8e0ec989a03037e198c176a63a4f824a	1057	train	neg
873d22a88955660ec99e34a9d0945c6572aa5648eb0b07c02d923a475aa46302	1058	train	neg
46c217a7890936b8c03bb8a52052e297486d16be1bc60fa9866a8e776c32fa11	1059	train	neg
d61ec5917b4b2a8ea2ea508932d6c0a54209d749d1a379072c5cee28ad9d2f8e	1060	train	neg
203cb7342f3c25e19b664de5c275e11e8c5d9034224ee29013fbf54b2e5afaa6	1061	train	neg
88effa0cb4c358e1123460207dcb340f137835675221f848366942c92336e463	1062	val	obj
c8aae6d41dea198c5e45c3244472fd7d11cda1c1442df9ee5ed772cb803259a1	1063	train	pos
008ff03c897d9b03ee1e272174ecd4a932b0f10778e8d8c19da349280b1a97c8	1064	test	neg
0490209a9b517eab326690616d4c96ada3633322e4260f1617b20c42dd7bc173	1065	train	neg
8ef347d3029ca534e12cbc87e39e00e532f495aa2745e15289810ec6c55ce20b	1066	train	neg
3a887990ff533f8410513cec8606698bc13cd9ece6482248b7fad74dd60aa579	1067	train	neg
0450fd174e1bce0c628252ec783366c27fdfb90fabf40072700e0e9e17366a69	1069	test	neg
6161bd5c90b16593396b6e00a6836156e9e11291bc329008502aaef5ccd8831f	1070	train	neg
3b9e1cd840e115d4420b21096eddebbfcd4b6217ea3978bf4800ac68b4128d73	1071	train	neg
aa2f731d1e20aa02834b7bbf53b451aa166fd63c11f78d0ed008b5c4741b13b3	1073	train	pos
128dd3bf515918554dd5602543971db01ab45d96dc808b59e235d4c957009d7c	1074	train	neg
befff30f790c6604f4835a8711815a52f9709ddcb3cf671ea8b4a4b392494718	1075	train	pos
1eb9bf822a7a33e70b9def104e12c42bf74dda8ab9d64e5a1b0e0430147ecd45	1076	test	neg
19714eabe9b3f0c6876749a902cac1b250470d4fa5a95f03c35faac958a12d7e	1077	train	neg
9f732ac35f0d55e6ad92a826ccf467808c48ca4337b9f5b1e83b6d3c36a22509	1078	train	neg
9eab2b2aaae991d2588e20d35786eb481b079a2501b531cf66e34c48aed57eb0	1079	train	pos
a0fe47c6e74b33736211042423788151efcc591b44bd1fe82214ee9345b95834	1080	train	neg
009f848bfafd9d6c1b234d6a8fa87eff702916422230e25ae1d16deaa4a00fb7	1081	train	neg
ae04ecd9499e8b807666b6dc934d7e553bccda437267e0301b768b2dc48375fa	1082	train	pos
e4616659309713074cf692370b13191ddfeef82efa3368d9311d86c3ced5ec8d	1083	train	neg
858120df0800af126d18631439db8e2dff0b90760b3d10704cf004cb7207e9cd	1084	train	neg
febab3402ccf7560c2e508beadb52ba75cc7039bd7f316626f83ce40a1c47c92	1085	train	neg
a93912e18e1c64bfb069bc86fd5c2e459ca66807dffd29adaddc33a2cfd5bc70	1086	train	obj
35e0185176c5efccf8d093d7a6eddf04c20f765935cd8b5e2a2fc17af232e479	1087	train	neg
888510246d95f73215bd10e964b35ba222bb085c9767eaec808ff0e0f88a4cc4	1089	val	neg
601ac19ad31d998ed3348b9bdfbd935879af654e432bfdaf37c5ccfdc0a534d8	1090	train	pos
58a4b998851a75283de4b0e602ca75e96a5efc6105bb351e931d67870a6b8f3d	1091	val	obj
17ccf7b75a30a682187b2e7eb592bcc735b1e9660576a72f58710bb17c6c2917	1092	train	neg
a6dbf70dc449b88e8e26b74449cc70f2817310b1ca38762e5b7ed5e428d61ebd	1093	test	neg
8d5c0dec6d991593169790cdac2895dfde5ca2155c48f905266e162d1f1aedbc	1094	train	pos
7ed86193eefee1f90fd86900ae1558d627fbb0b007a99ee01b0ca246e8f9230e	1096	train	obj
36609fd690d54c2a26e4b28b15b9a58e9c08023811276739d4ce8162eebb47e2	1097	train	neg
6b9108c69e9eee65605432a2968094012cb58e4bfb839264a87498547d095452	1098	train	neg
94f2e05ef93b3acf3629780d0621acd2a52be7e86b68ae4eeeeecde6f030c1c3	1099	train	neg
6ad5a433df973ab5fb2f6ef1cf20b46857b750e7e605c56985c85cc4da965aaf	1100	train	obj
4d6806d18d8c8428d745259121457fff9ddaeaa3142337f5ab51488a9425b47f	1102	test	neg
7b504d506e2caf14c7256827172043a6fdc4c2e5764d95137758c5d6c8556313	1103	train	neg
3d002851cffe8a8cfc03398c6a928f71b1db4c2eff78b3f267622253530b96ae	1104	test	obj
e63b4acd58897f4c751f56068dad9722186fc3ed8a39f775ef01ae083a96dd43	1105	train	obj
2d7a9a856817f4fb94bf91a1761a2953175648b54563b7c1b9b3096fa81ceae8	1107	val	neg
3170cea27f40acec8450699ae8990257d11cd65e52fdf5bd993a413941050ea0	1108	train	neg
f57982d9b18ac5764af2f3e1b00f78a21d2a64a91ad1b8c17e1b63f2bd28fffd	1109	train	neg
3709083019ced35df03034ad35408d4fd7491ace03b6a79f1cdc4061d9c84644	1110	train	neg
7deed62b46f3fba180e3221a00568f559f336582962ae89501915612f2a6bac9	1111	train	neg
b6f5489b8d9e20c911eb7fb2ed78d22f2e19584262864f69873918b46a4caf24	1112	train	neg
816b0177b3b694cc389a4823b2f61a2f7404baed3e43fa813ac6c8db70ac90bc	1113	test	neg
5f21b92e4b56f21106547b444e996729ff49f5b26ef8a0674b956fd5b1e85cae	1114	val	neg
efa234523e8011bfb5f791de93c513d8657fe3e890ae4399aef47adc8166c8c9	1115	train	neg
709fb30ddecf3a8a710bfbcad6b29916d8eb99781005a31a8225d63799ab176d	1116	val	neg
46f60ee532c6dbacc7e54fc3a941618abcdfe30bab85f2ad99b59dec96d5e51e	1118	train	neg
6dca4c79739975ba64338f603225713a55ab2ee3ff1930652caf266836fcab63	1119	train	obj
0a7fdb2c22d51632ac8d272538396b53b0170ca3a1f010c27519f2590fbd457a	1120	train	neg
00fedea1f1f17153212162338b89f3237cac28e904b58b267616edb9f50c2c81	1121	train	neg
ff3e314f23a34e2cbaaaa18461d670cb740dc900fceaee76bfab3511dc7eb0d8	1123	test	neg
7da9d761590747326b8b4d48daca4be1cc25aa2698586fc93326218226226fff	1124	train	neg
73b6f7d667e1bf816b0860a9f10ad5086e5f91171176b79101c04e2dc975ad7e	1125	train	neg
dd9ce39d7129b96f80ffc543fa691a4d7695f0a847a3ada5cae55baf9b3e6d64	1126	train	obj
42a1511cefc5ccfc36142bad72ca6a88320f041b71c24b1e65bfd8845a0dbcf0	1127	train	pos
1f4036ed99c6beffca1125c78fff5441414e58820c5cac5903bd81d38673860d	1128	test	neg
2b85bc5856e4fb6ec6930b5d5e44713f769a7852e2d65b48fbd8d4f58e9cd802	1129	train	neg
bbc4486c57d13b20d2fd3867c586527d11d9da17148b5daebd685fa3e378ffbe	1130	train	neg
df1401df0e521ecee90b7dcd27158d8925ff6f174cf77f486d5c0214490e2c2f	1131	test	neg
e27d6d0717789c6247c048c1f17612aae2a2bf5003e4ee38d8e5fc3d11840392	1132	train	neg
3d3621c527edb41cf0e81746b002d83a35764e4abc74772a5d68a77ec0b35bca	1133	train	pos
12ca04ad7a376954bab9413dddf2a8ad053a2ea29418532259e1ca7bc6d604e3	1134	train	neg
eca5f968a3ebeccbf329013ffb9f872ab7ab5872d9fb022c340c6caf8718f0cb	1136	train	neg
695b099ef67a4925e0b0731c69d91d3fad45098129c4a89a71fb6499105d73c6	1137	train	obj
733d608c409245336526b8a99ded639580c1df95571812e55f41bde9f2312b03	1138	train	neg
9ae1eb58fec0c7a35499efc6d3f9f34355c1e31e3860170751acffdb409aff61	1139	test	obj
fd3c1217d6e09b126d9a59b230d2d415348c30f926ee6b5f94e3593ce1a1ac27	1140	train	neg
1010fc7d862e91f9aacd8a67381a42f879763fea13c94a683cc1b32cd18a1bcc	1141	train	neg
25ed14c79e63ca0552b12b38a3d0633d43c1a30a6c32f0139795a072de5a29f2	1142	train	neg
688f95be76b8f6b83666e3feb34ba38c62973410c163e91c2929423e887c31e6	1143	test	pos
e67b7f2c6ea864f116fbe511960f66c85d148cdaa5edd003d1304cbb0d78a2ca	1144	train	neg
bc7bdfc44c53da3156a74e60fe8bf846896f299b9e097d1d140cd6e9ed71da8f	1145	train	neg
fa7c557c71a18f1d34682306cf64fcec1cc80c0bbaa1018e5c1b5a0bc99c739b	1147	test	neg
1366b26ba278a4a5da83c0c32e5526d0cbaaa82e49b367fbe68294d49f14c3ad	1148	train	neg
2d8c23a06e4878379ac3d76148fdc07f743b4c0980d51fd1760a32d4e0e1c9e1	1149	train	obj
b429d23e0dd29f9ca0128f147dd39bf6ddccca888813942a91fa58f8c1a13617	1150	train	neg
a399ea7e0235251dcb2fc579769f195c31d78e4d1b74ae07cfad835c8a53aaa1	1151	train	obj
9c470c4f324ca79534336d5a3d6151b177ab593294c7d7a317923c5dc8e32e05	1152	test	neg
d2611e7b727f1bed9a1a739486804393bdc080a661252129ec5c8c63d71bd635	1153	train	neg
cfb8b746316775d8f1eedea58ca6e664e68536d724b1df81be8d02b0b59e0ab9	1154	train	neg
25dc7ef86be6c81ef7c3dc47cdbd4052ac5014083fcec3801a7b0f59c8714172	1155	train	pos
bbee03f5c2801c8ef2e0f86c7f29d8e0d0064db9817e0137da50923be8f4052f	1156	test	neg
532f0670cdb71b285b4549dea9069a953a75924e71fef5a4e7d98a07c1bd0e57	1157	train	pos
2593b3a55584efee6d47897b7fd5543440ccb64cfc51c886dfe12ad52b8f4630	1158	val	neg
f432be02a73741fdfc94ccafc6c2e6d339d3842d38390b014f79629b3a7ba25a	1159	train	neg
01a5563a8bf597e12151d9f7eeeee7c09cfce48874eac0c3bb84391327abdc17	1160	train	neg
3d9cba5c4eea493e4de93cd00e3320f70c6c0df0925c729f47bcf3bb05b4e515	1161	train	obj
594f25fe214ae48d683200a5ab319782fc462b2cc6e3cbea04b89d4e4710dfab	1162	test	neg
a2d4c3d9a89178e221f431133f8034ac8a084db5eb74ef71a00d02aacabcbb19	1163	train	neg
e197adb11fcf0cc5fa5948c212e5b08edad49962bc464af1da04eb9da85d1dd8	1164	test	neg
6aa9edda7c2330c037f4208710c2145f18155675418cc32cb6441d051648521b	1165	train	neg
1a2c4bcd9ff7f80a46f651e9e2d3ca0957b2e77201a00ebbcdec57b440287864	1166	train	neg
71d45c20cfdbd5ea42dfb731b21cf473fea55d191d07202c6235374c8f9f225a	1167	test	pos
c959e701b15f89639f4e2ce4f1cb3f59ca465118f2b4f1758cd1a6bc3d7d8f61	1168	train	neg
8c0c6bf1356f5f3a970ccd3eb29daa3d2c50743b49a5775a76d76e1860f9d74e	1169	test	obj
3ad35948ad67791a5340ff36911f50e30e53c29e7393212bdb352b658216f36a	1170	train	obj
001caf9479955ff0c3c7ea240db80b525831a8c5a10a48c32c9a6be3e3cbf084	1171	test	neg
9c1e14d57ed948d29c5e0a6cbae4f400259bb71b5a6a1b661eadd9111d2f653b	1172	train	neg
ddd23b79bf12d3eb297269d29dd3a4986d5a199af8b0ace4caf31dfcdd0aba93	1173	train	neg
d05cecfab2d2a5bc43660d0ba6326f10fb51a3f48b64fbeb50b7d496e4d91f99	1174	train	neg
c1d43e542a746bc07d386eec0b7e07e6e0c215d90bca7d7ab718102c4d6c3ac9	1175	train	neg
8de580b014df0ab2e4d51c6bbc47d64ac4e560e4ebb769578d8f3f17b925e157	1176	test	neg
7d966f460bf236babeb5bc24093b9e8b019be629bf0cd943a57b04d02c634d21	1177	train	neg
c9970b4c6e6f04468b7ab5f00a73312131f8740706c4893f9de327b102a7c361	1178	train	pos
6fd113a9f58af82cbfe7b0321263fdbd12b70b767339815468560d8fa9116981	1180	train	neg
fccd98cc907996aef0130db2173e726c4869f824b9b96040642efe8976a1bc9e	1181	train	neg
f14e421a3f60244f3a441e933f5a27a0ffc0d8e845fe55b20f4c639d7b182f25	1182	train	neg
036aa77f5b31b12156e25b661a645aab33db8cbd7dd8bd1219143cdd75f5c71a	1183	train	obj
da329d95e0b01410ef4e740c8c8f3cedb477cca05deabdbe619db66fa910c2d5	1184	train	obj
1f33091965a9dc8b4b5ca8cbf531843d0c4f9e989efb09ab1b9a1b69734be0e0	1185	train	neg
23451b35edb53a5d652cf1acc39b507741704b971ab2eb0a5082e70b0450d398	1186	train	neg
0bf155fa6d06a8329c649541dfeddca33fb09f8fea5130dbffe48c08808ebc9c	1187	test	neg
ce3be6aba7fc43ca75094cef318453ef41e01344c9f1a16842b9aebdc6fbed96	1188	test	pos
84bc3d993b9b099b6b50bf1c1634c18909bbc94a6337360d71f6c157358a89ca	1189	train	neg
f66ba80c5fea745fabe86867ed9c7d6444261c2397313c6262912b204b14c3d7	1190	train	neg
960c3cba4e8fa108ac423b6caeec2e03bad3a6cb79b8c07021963570005aa0a4	1191	train	obj
4750ae1ffafc0f2d86e4fd4a4a1b56dbea62830e66695cf754eb8b4bfdbe8b9e	1192	train	neg
40048ebb55982ace3e716da13acf3ef8e66996a974cfa0972e1698c263ec624f	1193	train	obj
2bef77d48e3ee008f4e8f0fc14faaaa79c7b1b177817c149bc69828a5e747c28	1195	test	neg
d0672893471ceb89b07d20e046133bd90329d5caef56ae08bebab0fe4534036a	1196	test	pos
43e80901e54a9371e97984c815f180a50b12caacd47573e8e051615061150750	1197	train	neg
d25afeca8f71ca2c8cac2e609940b283342662a6dff42dad99cf199556ed33bc	1198	test	pos
9d6ced10f7d0bf2559ccfdf8650b0afa465d424229b813170c3cb5799642b5ca	1199	test	neg
a65548479cdf6e4817826dc9a24bfd448b313e5daf1649afb5c20cb01a86fa30	1200	train	neg
9fdc74109c410dd3c927799152e07075a9857816d128b418caee078219be6495	1201	train	neg
3cae8e1ad35b3c6bf9aa557cc861d50cfb035cf9f897d6e264d82545b9b8e0f3	1202	train	neg
4e0ae54c5cc9a97f360c9a178cbf22d2a7fed363b5fcbd4cb9630f6b301b5d1d	1203	val	neg
192310c465402f45ed8d563bbaf7ddc7e5447bb8d42b40449f827fed56af4fd9	1204	train	pos
32a71cc30c94e426eaeee2ab8289f16c78dcf65ef8fd4af082ed1900a90b45cd	1205	train	neg
8d7bcb56aa5e8e2181e5e05997e0675f5015dedeee3cf81b3e68e16355cca4b4	1206	val	neg
2f7810f5e1dc4ea82d836953a1ae02f314c4eadf305ad4d90dc543c8ccbd0620	1207	test	neg
3072353d3790030ba4d0b2571052bef7735389de9b3e9901c9b66635bae12a5d	1208	train	neg
5cbdfba8c2afd31a83475e23f58b28df4dacbdbb18e8b6b3d4cec7c0f36cafbf	1210	train	neg
97bd82ddf592c0f964f7c356aa8a6e02f2a92f740545d36ae1b8446bf517829a	1211	train	neg
ec639d1bf08645aafd0a0932c5ff805bc4b5553ec61977b859278c7cb75d906c	1212	train	pos
af0165ddd076c6b0c46ddfe7cc68f2a84cb54531560285977e96342e5ff7d9e3	1213	train	neg
07444628d991f509cc27fb14ef6fc619f1a4cc2cc1a1b2f593863f46af9f7896	1214	train	pos
14a46224ac8244a2ae9753a5df5a0b495a01622810127d53eb5eadfed6f97b2e	1215	train	neg
ebee4de5c067a52228ffb8027b52118515876721974cee1b715fdec1b245ad5f	1216	train	pos
b7105c13fe272e005e05bb50b431e4c837fa89ba75628dd9e749650e296b848e	1217	val	neg
0be0d3751060c1e60e3107667cbe79cb72c5494c6d5efb4d0d40f7691864c195	1218	test	obj
a0586a42f077c049f7993e3313766281f888c2f2ea5e812f9ec12002857e1c5e	1219	train	obj
79f5bdf3f413f15be7fe515397b6c3d7ce397c95d68a8b6f83d501ba136274e7	1220	train	pos
eaaf6e1f89c433e26278f817b2440d5067839ce272a72bc9618c47f5898ad28b	1221	train	neg
0489d29f7465fdf89de1fb1a8bf738933220c2647ef3110dd508697a4ade804a	1222	train	neg
afce9b4c1b5ba9a07c5c01453c43eea01c0a17d3f2de7ac89f67566a92c75a67	1224	val	pos
979a83d63cc57ec169ee4754a6c436cd735a80ab5f1a0c88921690c9ec3959c3	1226	train	pos
55c0c79fb39164bd3b37587b63b1bdfb13a603c4c5a4f49ca04b4e5a6e576003	1227	train	obj
d73f66f5dc62cf79c3b7e9e6fc9202f1bffc20f25e1442f1f85a47b9277478dd	1228	train	neg
50ae7dd376ac5fcd7bad358512fbbe69c1cc8e84166e9052310c7b50449b0dc2	1229	train	neg
09011522acdd4494700cdd0de48de7ae0dd16126e96fc1e57c927bb0d5fd69d7	1231	test	neg
840e47be70da80385fcc0d056db8f02e59a57bfc34912052a24a243c92e55fdf	1233	train	obj
f5227db7aa818600d2058a2c7ec582e79c46d115e25e9cd94e7da1abf5088545	1234	train	pos
9deb7ff92b1925a96f09b5a6695fa41165d96ca6e1da0abb38eb5abc7e09d1ea	1235	train	neg
fad973b89f351cc5a485b9d237b5b6c948d0bf1a51d944cd1e25d6036be87aa6	1236	train	pos
b7e3a92c53b783e2426d4768b529cab1b432dd55740d83716c82aee266fccc37	1237	train	neg
59ace3bef97d58eebe8968b0435a5c45f65b907ff54484c83cc88960441b3b29	1238	train	neg
1f4c6818eba284b3c36a2d60f30c1aac2c811e9d45ec3f16a46dcbfe55b6ca6a	1239	train	neg
527cb6ec7c0f07f7acbadc4f4c82d3ba63cccee627704b68b6dd1948baee4f85	1240	train	obj
e43cd747b1e26dffb59481bfbe6ff923e721ab3f233b9e56ab568b169b60ec3d	1241	train	neg
ccb8dcb8d1e440cdd77ae3eebc39686b30d33acffd8d2619c644c770f581419e	1242	train	pos
f817c820b146d3a6e58c2a74497be0aa084c48cc672c326de8c615ed0e96ff2d	1243	train	neg
04bd47558b0d0556c0a31e068dbd7ab219c08e979c316638f6fb474d9e5b4bf5	1244	train	pos
0554f83ab4750bb2058607c0f24e4bdb872c0a87ddbbb68f80a166f2188cb2ac	1245	train	pos
c01c8ce5aa5d53cb445be078ade51ec3cd330778a28dd52058cb13d54091db02	1246	train	pos
5a689465648ff77011e2a05e7506281d4f8c70f6123661f4e4e8b72a09ee07fd	1247	train	neg
561158d17cd69e50a2967308bc5d78e5df50e5def1a3541cdbe654fb44c0a89b	1248	test	neg
29a224b38cd47cd899983cf068983cdcf3d89799f0eb26eda2d85e6f5f0d2386	1249	train	obj
655a5f5c7a5d2316103257a32260bd1f21f962b3224c9a1f5ca3170ad8c2711e	1250	train	neg
38c30090c76a8b9f934f5d700a940cbb05697425cbf07adc997c6a6c1eb8a77e	1251	test	neg
43ab45bedb0ccdd265363ff786989359da65e37a396ca2d7cf716773f5a348f9	1252	train	neg
2ff5e5d6fc02e76be4e69c225b13b090bc9df496e019b3c84d416e9c5805d850	1253	train	neg
ef91fcb1b82047f4af445af5a481990591704a57825eb33def9058be4fd63d4c	1254	test	neg
ee6fb26fdaf12ba92929dfb796e9a517f22b8434fb59b1c46bdd32f08bb228f7	1255	train	neg
dd264db6986086346679c1a4c5526db399654085f1a2860e307b683f8569e394	1256	test	neg
832a4adde51e2ea0f8f13d05851dedddbf0452f77e33d1eca63658e2edc3f865	1257	train	neg
9d9ecbe9d5b6b1cfa74c8544c9e2bcf7165fa7f145a55811ef9f26d56175433e	1258	train	obj
3c5fff7502d499beb5101238019fe0d9e269afeb32013ffe3f6464a2908040dd	1259	train	neg
29a44627b33033709f4996858990c74494bb4d36278df663a3a2bc28ee2666f9	1260	test	neg
3fa959b0d30975ed83f3f3b3928422ce8ec562fc56d31cbd551bfd937ee525ab	1262	train	neg
4cb489e757ea5ededd36f5752bc2a0c5f057d6cfe1e071b6ff19ad3861434203	1263	test	neg
f5f45c2adfc47b4197c7774e69fa18c9991c3fc60b8fbd2c57d48f5e5e7299f9	1264	train	pos
5a824c36f3463a77c0f89545a7fd7fb5911594213e21aea8e6d2ba02cdbdcd74	1265	train	neg
26eed042f4f64d0127200c351fe3fe6aca3b23f577f6e3f0d19b283fb23e62e7	1266	test	neg
2bbcee64795557f9ab53becde81df328bacb6c107fca57fa7a4d99818f22889b	1267	train	neg
46e73adfbc8eaecbfc5472df0610c30ccbd1b3b36be866d9d0a1a274e0bb188a	1268	train	neg
68d71fd4404be38d53400aa02f64f188bd76ac5adf8d364b7651e785b21240db	1269	train	obj
448860671b20aad2413fb47cc2694e6d23780527532900b0a389ea6c35fea8fb	1270	val	neg
1e8e555efaf0e93328518d6c860a4b07e9fbbdd45336f4cf6679d998f18183ea	1271	train	obj
5198a28f4af1f4af29da1c43e2435453493c3d92ece9549767f4eb5d4c5fa99f	1272	val	neg
34afe9eb9389d029cda08b16ad3dbe374a13435ed3c743bf99266dad1a983c02	1273	train	neg
3cbf5505a15ca220c355c38b3f0acf8e183c0cddbf87279bca58796be284c7bf	1275	train	obj
af373e7cce6f1561b3c69934b80efb0d134a54a2298677d747a6784780e4a0e2	1276	train	neg
208a76beed7c7847c1968d7ba566bec8e3bfdb9fdbea269481c7bafb7ad6812d	1277	train	pos
a1070e68a725ef8af344fe9d9f4ae009da4c4c6917827a131de898d7837d28de	1279	train	neg
2923a1375954de8dee6bac0b1d7de76b68c2fae5d0e2eb57a6649d7905035203	1280	train	neg
a92b93e2ebb0147fb288b9267a7edf2fb220409d1a02f05b04a3ee3670810b88	1281	train	neg
dc41197ef99050e30456cc668f69578930ed790eaa2688564a928d0f56538d69	1282	train	neg
463be7fd2614e69b852b5f32b7d18c4e37d5d51f1fecd52d13a1e2b8947f8fbb	1284	train	neg
20f13139af7f55d190c11b6a8c7a832fd5bac4f5ec25df5779c0eac3bd6f778e	1285	train	neg
15e4fdf50a7660f5c8f7560d9534496f9be548fa021b81759e2d02a74fc3451b	1287	test	neg
703e5a252ae47c0ac3dfb66b61518b791d81c9271d48658b00f39bfd69a219b1	1288	test	neg
480fcbfa96c8be021c4f478366d7f5d653947bfd322efc1ee86974237f85f922	1289	train	neg
d22fd06654f211525186b6e17f9f62dba56fd1e6f0c722aa0f705093fb6f12f9	1290	test	neg
fb735c5de5197c33a889cc10f657df1393f6fe6513a81fcad184864c3f7c5f67	1291	train	pos
6347d04e621970b1f88d68e100caca2cca94c0f17b2a5c75e1954bad6c9bb03b	1292	test	neg
f00ff2803f957b8b9998ac526f76dd6b1c7327d7567b91e0468b39a78d9a178f	1293	train	neg
f4774fbf85c8f7ef8c6466e8fdad3c5ac14ebdac62da63639d34cd09734505f0	1294	train	neg
8aa2042982116ed1fab9b50af5433301ee69a3426bf4a512d3a274b781a36c97	1295	train	obj
b7cda727e3103efb64d550f5b48cdb667b22f65e5c495085f1c9210c014a5a50	1296	train	neg
557145f0b29d6ac2bc69aadecf9448ca4460b9fdcd46c9cdaa441631bca19083	1298	train	neg
ba1b37e604b416fb7b6f53927d57c3eb3ec265a83d7fd0fe69723ea72bed8552	1299	train	neg
b5c0f9327bad25d3f2c22bb96c102ec015b2bed3fbbbe901ae94b16e3276bb3f	1300	test	neg
580df01476a4e7eda53860fb1b79438ca895d8a1b4258d67aecc35df9d141d5f	1301	train	neg
5020b6101d258330ba34aca39a7997b52c6a9854d87cb36e588a9309d12adc57	1302	train	neg
6392bd53f3cd08986c9de736a3fe8f5ac5a311f71656cc9001744ba505aa6060	1303	test	neg
912640a7d73dca4ac68a7eb9574d7632c4dd3edf0bef99f37904eaf7351f30c4	1304	test	obj
3a22fe720b367cce201c6825cb76b306b18f95e12b7b47dee527868768a7fc30	1305	train	neg
c7fad59796a38eb90a226085b76a26619a14b1feeaf49d182f624ac5dcd301d5	1306	train	pos
cdd0a884bd4886f6daac0166fbba26a9db661f91a201e5e976a8040cd40e6b8f	1307	train	pos
ee049413e305fb0dd2c29f05f50414dba37384e6103ed2f07876e253f0bd3d40	1308	val	pos
a7592084175a78bc7fab1718496d9b7c0830e0800db10c71c39d05d66ffb2ce2	1309	train	neg
a4eceb1eb5fcda36643b8bc8d3d3ba9febdc076a23c3a2167b5bd22e70f59a29	1310	train	neg
c92e318fa9bdaa72cb5ea0537c645780d0f203266c3b940f04386574fe6edb5d	1311	train	neg
b4ef0a85f5d54f8b555aca4dcf2f59bc692c0a01941749fdf7d7d5ee3c33ed84	1312	train	neg
8a1629125e1702046d4bb87c4c599d4d5d9eae2dda129eeac86cf4764473f469	1313	train	neg
f6f3e307f2f1a53e9a22ab0a592ff7388c6099e1c48c41bbd47522deed8d41be	1315	test	neg
a42ee4100f33319edc4894c5733193845b9051d25703bbd93e4e4ae66531b0aa	1316	train	pos
55e0ff6a15d79061be7092a963cbf48b83536a3c7b6368c34bf4963b17a168b4	1317	train	neg
d983efc6b7b06ec308a74a41f653bb11ab0a61c5f28e88b25dbde8f7903d347b	1319	train	pos
b8d850c9a6f83aed58b5443cf1a5c4f0d777dcc2851bbf4cda4f8537bbede86e	1321	test	neg
336b1eaefb8527626a63adbb3900837c3e9594ac77a2738c9cfbec8b1764b295	1322	train	neg
727715b636c72324973a15f0b8103cddbcc3a9e854cbde6851aa2797dd5b163d	1323	train	pos
8a01ff78de91110c5b98992b49e360d5e9d0a03c8137553ee97ef7f876d37829	1325	train	neg
0f229ada3135ef1f583bab694778ce3e846ea2e7c480b13bd3a644ba23278d00	1326	val	neg
2e202c7cb7ae0d6043461d9dac4af6b21cc0b06bd0284825bbe82fbdc30b2f1c	1327	train	pos
cc56af6a5b8394a87d5438694f2b3b447fcaf31d076f9235f6ad5af95364cc2b	1328	test	neg
31be692e3ef0df374d63f8ad7ad4e4160d18f71c0c1ac084942b41a542958e6c	1329	test	neg
8da16b50b57120c1b23508c89392836f9d033f623d5830f465567a384ac686a3	1330	val	obj
e88d90464473f0d81a351d3e2fd664586523e7e03cf5d8746eaf0428de3a984a	1331	train	pos
40a51200fc7db45d2448141060f18aa2879c8622cc8ede5ece15f39c9bc77eb7	1332	test	neg
e5f1d35180c56c426796d329af252a33e12d2ad030d7b1255371a799b5f4f23c	1333	train	neg
4bc335b2ad923192d30c1f88848d52b7279990537e749cb465cd8f09857f04b2	1334	test	neg
09b849d93836f32de9aaad07028de09c7c9ca0d8f19d878195bca0894c8249ff	1336	train	pos
f9806fdb0d4487d69ea7a36139f59e0b852e766d3fb6cdda9e0a1686e6683351	1337	train	neg
8e0b3b959969cfcf8f6e6d40790d4950c74dfea4b3452ac745989ed226854fd8	1338	val	neg
91d2d44a3f3f45b3ac1ff64c5e7ac8e8caaab052ad912f3b216f112ff581bf71	1339	test	obj
3a97f5a14fa1172e02b696ae3feff68e679de1d5d4638dac913815cf0ad5fff0	1340	train	neg
d98cd43d395725c4b5ab96c7688e47fef5da622c8418c7f1831f264eb64dd9b1	1341	val	pos
0867251a8f0e87ae7a8deda44fa2a6da04f90140f31c7e4953e4eac9d47d461e	1342	train	obj
e3dbcc29d46e9c7930b784e43f3cb8cdf5aceb713cd393ce7c0217a750aeb1f9	1343	test	neg
9ed31a01cd254ff0c52f513632ef6da64446f3bc9c742b21c76582473511c466	1344	train	neg
d9fcd1f0cc39c3f9a1b98c993e94dea6a3e1f0842343dcfea54755790f8ed267	1346	val	obj
e4e201bec3a040a5be282ba36c3843b2d41b912f4dfa429e50e700ff2b0f2e00	1347	train	neg
b7624bd406956aad2b848ed5525c2ec504c736f233a6b49ac028cc2e596d6424	1348	train	neg
a53b16b2a84b09da76974bd974fb4380b45d0edb32b738b9445170a592ac5322	1349	train	obj
455c7a44c2f10efbdd41121b99ed8ccdbfb9965601f93dd3103a68be88e8a539	1351	train	neg
185a70b03492839585bd8a9b1c371c19f3260e53fba4b6684ba96be7d218f7a3	1352	train	neg
e73790fbd264d31b4e38eacd22cc5b324f516658585dab65c4f9d5ed85299942	1353	train	neg
633a56147c23b786856e0b9b3750cf36815a76983dd1d49c4ca9c20be7659bc2	1354	train	pos
4dada544016ba02548c1e424bf27ba30864d4fe5e3518d1583da1caa0654a71f	1355	train	neg
c5901b6ca54dc8ad7311e72ea32039f81dfb47d0e902f8ec206992e9887abd5d	1356	train	neg
8743b288ceeae5168acfbf331da8db23b3bdade91546b783001763aed11ed0d6	1357	train	neg
e04fa5885d2591cf0b83e805beb7240e7427ead519be1e6f4b823d824a615e13	1358	train	obj
1b7805576c351526073f894a3424fd84f156b2df6598591c37abb629523fa3ee	1359	train	pos
c9844515911320e43644af282bfb1d40864a96f61dd2af86be50aafdec776768	1360	train	obj
7954091425e6b1198d87a49c89b6aa43e71b887a1cade0b75f1f11e92f6afc60	1361	test	neg
ab1dcc46e563e09a54f9a7778e03bf6ed630eeaf5579811b7a290af239669e43	1362	test	neg
4cb0638192c3b6d67bc9438690d19437e58512d7e865be4ef21acc73bd97dfee	1363	train	pos
afbe9602ae1ecfe9649307116b3067d06094b761eb2b705229d3fa2ee5497fde	1364	test	neg
27fdf17e5ed473b38643f654b900761a33e93fa85cf420b483546f4eccdcbd43	1365	train	neg
8d90d5fc8c1b5d74468c1d72819e63e1382b6645a0d002e7734a50a42c4a1bc0	1366	train	neg
e1e4de465cf5d7ac6b89aa1ad04991620b520df5148d68946e5af4411f9dfc2f	1367	train	neg
e02da6405ee12758d06ad482bd609585d1226a49f67066a5ad06f7a2fbca8849	1368	train	neg
b729b389fda8af87270164675c19bceb3eb4bb875df58eeffbc1b534d4e0d81d	1369	train	pos
a8d00a5ab5107a8ac5e607a8b9c599ab45c85cfe01dbacc866e9cee39fc1d1d7	1371	train	neg
62ab618fc35ddcd92dc84309b12ea1a5176766284953668584d9e3d16fa9c192	1373	train	neg
d177dba253c93f83d38c897c29b34e82d2447cbe4644e8034e12d846dbe9fab4	1374	train	pos
cedb525bc245e20d7ff6373b8235dd41309b2a594adee37605724ebd9386c7be	1375	train	obj
afc27bbdb0c3a9c5cc61b1a6cbf59624cf71c65c19ae543681f54c1e15a3f0b4	1376	test	obj
2515338d713f1adbdad4dd0656d16a52a1f1cbdde67fbd40033676ae4ecf1415	1377	train	neg
af62add24dc77557717c0f722c3927938cab23c32b70c8b7989a23c8f5f3ec67	1378	train	neg
e96d729a7fad8de4ded4f0c88464270250abbc4a0d75ef1ccc7d9a06bf6af5cd	1379	train	neg
9136b3bf2e0f27134fec6ee0f6aeb246d4cb09ed293b059dd1d0df0d163c9d5d	1380	train	neg
7c4524b9808848df6f8dd53c098a934acd0ff404cd9bf407e8bbd03a1b874554	1381	train	neg
70338d5cd34fbe66f48bd4fd978f55173b1e2c7633687a7448b6b548a537cd54	1382	train	pos
d570d6f3f8123e03e37e1f79714c545d1054b8b24f002f78144f9e9d81bfb2bf	1383	train	pos
a6d4dc535f1082f2261ec16439e8e396126b9d5e7c557a940b841391877c0f5d	1384	train	neg
352f3e68ebfdb1c2f92796061e75b84907b786e3cd8d5760f588fcf449ae28c3	1385	test	pos
8b6196935a47550c2aab23b5636697d2554952a6e8ba07a4bb165f4c3881a032	1386	train	neg
d06f2933f1cf2b1a9174524707f961e3d6f061675880e0551edb840ba7b0fc44	1387	train	neg
66369d5b0e8f2be194f768a111846efe589611b67cee8dfafa6124b03d347a99	1388	train	pos
63caec508ae6d9ac3548642dfa5aaf99fc1ec8d59d78f85756a7703f734b4fe4	1389	train	obj
9333f976b49c2aad98c0032cb7de10b281c2d0600eafdfc6eda9b53d0ae49c6b	1390	train	pos
b4d2ef8264bf2faa4c02810bf8094d14322d8fbed88f2e9a35d29a8f9ef9d07a	1391	train	neg
e53d40da306d5e618a52bc978514d8897ad70fa7286f7b36d403e8947f04f2a3	1392	train	pos
f0deb12763db19c351231c1bbf487f0e4751c1ff315352c069249bb65536d054	1394	train	neg
ca02cfeef9b8563e9eeff57c41f0e7abb0886e6f5b0afb3dec3388d57be6db6d	1395	train	neg
e8f9e4a87cbc98dd8c44540ea1f38735ef82d78eb59b6db0b1c9731c12b11ce9	1396	test	pos
637e1c4219e82959282f02af61e9285343d90bc04db3007a924eba2d14d62bf4	1397	train	neg
29e66bbc2bc523d233aa1ab35e859418474acd04b6c490d064c83acb78bac486	1398	train	obj
27caafac318c687e54fd38f1e8d5e6b85e95bee5a394938a4fa0dc9f1202829f	1399	train	neg
930de591ab77a4a0a1a2c8cc006a67787d05fd0de72a1bb093c4c96fc88ca34a	1400	train	neg
1cd092030fc2b052a9f959c246f916e599526eeee0982ec840d2e81ba69784f8	1401	train	neg
5eb2ebfae522b99311d532bc94e61723c4b2ca342913968248a21aae132f22bf	1402	train	pos
062316b9ff2b5e9d66f4681c9ae16b6bfc5cc63ad51d0779578ed2796442c5b6	1403	train	neg
ce44719bcb631407b40faab4e86134f648e8ff7c0fcbf5c1d3d446f157a7bed6	1404	train	obj
d07bb0563674db8aeab20da320987b63cfd5e925d1bf4fa6c78c135c9423d12b	1405	train	pos
19e6d7502dc32546438c7de5f31d437d1dd28573624e584abc2595418df6f231	1406	test	obj
a09a8654e2cafb94550a169d69c84f498540b05764bfd07bcb6a81ec6f8f029b	1407	train	pos
afdef466a7e6cdfa5167865d07e273567d424481ab815ee288260c6392ace438	1408	val	pos
73e23f43753f47280e7f2aa61191e5c9afc6d4e47e46f242d96e424a2788716e	1409	train	neg
9ac076f68e6033f719566f64d4bb7cbc4cb2185fe3c6cdc969a8348e79857a08	1410	test	neg
31a56e6c75ed359e5d4405cfe51e3a0f74404e1c06b8dc0970723bcd1eed1cb4	1411	train	pos
51162b7f960ed3bbb40e1fa6c12ffa1fb4131183f760a9e86708ea00388b7157	1412	train	neg
7ff42cda875923c8762915dbd41a0ee1180c6d069100960eca65f2790e871957	1413	train	obj
3a501ac5b7c77e8cca38fa852cff531792072892331132290dbafebfb2b95fc9	1414	train	neg
147b173e99e36e93671aeb27d13172c023a4a3583d4b4df9ccadc74ca69b510e	1416	train	neg
70739f0f038243ed17951edc11326bc10472301c8cc73eccfd86afed4bbb522b	1417	train	neg
ebb3342ff72c08f2b3052569790c54032d176882cd3c14e079965d8acbeb6180	1418	val	neg
4578f253b5f7719210574ac2a1d59361c61029734c8679383cd6f8d36d928794	1419	train	neg
e07e58e4abb6e17919e1abdeb5f20c0a814247edb281c7f0f35aaa73192027b0	1420	train	neg
c08bd9939e357f748c35ae54a18e02e79a35cda971bbcbd195bb9c3fb14c17cf	1421	test	neg
e320bd844128c0dbb2cba75b88d6d52b0a56c746fac972405a22a315637b3f16	1422	train	neg
143c3fb06cec5dbb9cf2de060c3f592fc29e5d75ebe827c2eafbc9cc62851c61	1423	test	obj
fae3c3172e2cb9d9f2f45ef3ba48a8608665fa1f379b965d2686ca9226d227a0	1424	test	pos
05336880d26e2cdfae4b4f922135e73ad702dd52ab69f50c11f93ad7ff0ac07f	1425	train	pos
972e07d69592781d098bc75b9b8c86548fad7f34ff3bfb0a315618129df56d2f	1427	train	neg
d97f2fa123d06e63d29cf9e3c1702c2a326df4a25e95cdf76fc513466f3bca95	1428	train	neg
b55e2260005ef41a7a81308a1bc0769607207dbc7e3041bde8daa8b22a4cc047	1429	train	neg
dee9615726920bebbc6b817f256a133c19be728fe2b5a3787af42f433e3cccc7	1430	test	neg
4bfdfcda700cf01bb9d26b33c9cad34fcd51de6cf111b22edb097c565bd73080	1431	train	neg
fba7e360a8e6200efcd0cafda7239f9d483cbf65062205018557d3d382d4585e	1432	train	neg
d2754593b61647f016178dc00a6e4fe9f2801550339b6d3962935814d91658a4	1433	train	neg
d3c5f5d7d7a5522dd0f6c854a025d4b018ea8af09778458c7c78dbe4f3b85b36	1435	train	neg
ed8e1e763508df2e7fe94b86ab0992cea723d1e88a83e950221dae9afd30afa0	1436	train	obj
c4c76de7feb8d842b84926a75421047a2637d684b46784a28d912d782fd64b68	1437	train	obj
09f8659cbd4b9643b473b334ca91faf64d02a8e4d40153fb652fb4f459e9e253	1438	train	neg
2547252a6f5ff7ac179a3a90c89fd2ff4f7df52a61fd33e408e707a5b719932b	1439	train	obj
2a058ce3e49fc0b052a9296bfa0a67b02741337242aaed6850a8c99935c2d9c7	1440	train	pos
c027608c4e6e6fd69e2b85af22fe0600fe17496434fd534bebfcf221ca481f77	1441	train	pos
46e4cd61b7d5e0efab1005561ff141ab97b80b37f8c02c34fdeec539e70cd669	1442	train	neg
91e284bff5f47861df104369ea4cdf800078733c10caf5078d4ec1e275138641	1443	train	neg
dc1d7954e194ad0392a1f44bd7ed119b54c30e515753a9132db448b091f2e2a3	1444	train	neg
5efbe607db88b066df37144852e9211f28431445eed173e1b440e9f459da3def	1445	train	neg
94d92474a163f0544ba9dbc81578312b4358b3430bcfe1d7f86004a65d288e4d	1446	train	obj
a90da688d9fdbd22552dea446d57d5bdbde8f8d3fd17e3aa8cec8ddedcd556dd	1447	train	pos
dcd5a11f5698663f96083c5336dafc4521f6d1d51d6931e5ebd0e66b7336ad38	1448	val	neg
5f9bfa9e1418f3223b0bc0fd66f3e5fb2f326b808086452eec71cf738756ac13	1449	train	neg
e72195d67e4b6a3d6702d5f1b000dba383409d3d83259bb6bf9b1a8164b19a88	1451	train	neg
bf2bd963a079d1ad55dae824f1e451d27b91b3cfaf50a6b412c8df9ed6c6013f	1452	train	neg
f07f4bdd65eb6a5b975fd960f5c01f4e2425c13e35036841999a55dd4c392758	1453	test	pos
346db4a56686eb53c5bda98cee9171589bdaf79683a0f951e0dba5cd1519ed91	1454	train	pos
b9419b54e02ea5c949882a8576684af9ea261ba1db57561a3123908362eeab2d	1455	train	neg
9aba1948c5ef188111285358c3690a9f4cb99d6e9a93cb549bb646834b290236	1456	train	neg
910d055897da38f8bb412aa53b7dae7a96f3adcebbdbf50b5bc3c39ec900f6ce	1457	train	neg
fa6a2a64e2099f0f605c4389a278c5bb63255e4cfee91a32ef30758f258da8e4	1458	train	pos
a179ee6d615a9a09de1822d50cbf73ad861605e46b591b06f6bdb310d21fddd9	1459	train	neg
d5e2000f7739f8ad5220e843c707e0a2cc5dfa029d65cc533bd2358e16281b00	1460	train	obj
344652665948c1d5d14b7aec780b3043d71a6e594f35e4da686eeac721c0e0b6	1461	train	neg
6ddac8a4be8849d67a22fde4b95f3665badcc005235bcee2b40b8b659ca4f7aa	1462	train	neg
8610dd3447d208faa1d55d30ec50e89b9cb8d25ea6a59652a2a05627b461055d	1463	train	pos
4af9217f69b4542ca5e5392227e7a4fa68b12feccd68fedaa70354664761dd2e	1464	test	pos
d08c437e6a4a9750dfe0742b4ddfa61f65fd432d565fe2f2210181a7c1634006	1465	test	obj
768dba63664ee18697ef01562d84de11abcb6cf2112293876d8f470c3df4ae1f	1466	train	pos
d9d48aac9e51a33c16ec8f6989b5cb15df12d416225c9530d9ac6ea446d07c01	1467	test	neg
2d1a769553146246c410ff339d7a8e8937ae3605d92beb22fcd322ffcc6a9271	1468	test	neg
7aa8ad3a85e743c28de8a05dea34e5a14c99553786d3072bf4c70b13785b446e	1469	test	neg
b1b259a71299d9ac755b2162cd901eb832cb27db3cfa76ba0decf9b20fb558a9	1470	test	neg
1d25d7e8fa5d3b544255c5f601247718f95eb9466fdb53b381019bc6a0d174cf	1471	test	neg
0420a9a762cf5d101c0f9332992d0370ccbb27af3df04943b57255a822810b3e	1472	train	neg
5c1aeac9f076183d156383fc891dd866c90fd76b42902569752120da729c51c0	1475	train	obj
cbfab19e384138922e23971796fb15132272b5a7ed68b314f9e728ee0253d979	1476	train	obj
8ebd04df9fdb9dcc1865082f16f492e21b6618b40df941c12a6143f0419749d1	1477	test	pos
a81fd2992aa9805cedffd0bfe09b5de8238b61325356c5b7fc5fd872edec4bae	1478	train	obj
3332d356032a20f280f9067311558ad0f32bbd7f4f1d386aeba33f32b0d86552	1479	test	neg
e9f97942fb35e3ad72896036bb5b4a32dfc47a151a099b0d2bce6187013043ca	1481	val	pos
a52b4505289a8907c9c1c97bbadefe29741158732d39e9f5aee916ece4c7bddb	1483	test	pos
857bb8cf43899e8502fa0814d5d54deda03503951759fb523ca24c72f47215cd	1484	train	obj
cd34907b6b1ff05028c1617bae5a31df4cbb1a5a70dc7f554caf2ffd80c19ebd	1485	val	pos
a5c8ee51be475bf7faf13ad4be6a2ff817b46a60ca95ed2b9ea3b5b23f18d660	1486	test	neg
a43882ebe70f68314aa7eeca0a6ea9ae90244ce44d4e9cc26b25fbd120c6dbb2	1487	train	neg
77631532fb7c356e5b28b9d63188931fd7528d6d89a4d11b456dcde73236c107	1488	train	neg
018530e6bbbe922f6004ebb3741d34c33c5a20895681a30942a75028c5fa17f1	1489	train	neg
faf42abd9c01cd162ba2e76edd58026af68c22b5b9347c061a5fffe68d2d4749	1490	val	neg
8fb69ad8ade1aa4057a824fb1897bf5c5b7f2ba9d47b5e00d8e402f699839baf	1491	test	obj
be277e4528fdc19c609d21df5f69b013493cb1a5bf44c042c35cb9928a7bc651	1492	train	neg
efe7d4f25fa1f939e9146a41088adcc1574a96cbc6ff0bf239cd5ca12ed33ba7	1493	train	neg
b4db7f0d884a4d969af12d5c65b85cc769bcb6aa57f462c970641b37bba2ee72	1494	train	neg
88529e76a928d855d86f9d2cab8e9def72feb4cf8daca6da67f81009c1e3ec21	1496	train	neg
e1b2ea6db64194db0516c0a623fce89b5c1efca1caf1796d5a4f1cc1e4bac94b	1497	val	neg
71a0c6c51345d1abaff5835e9121eecb8fa81d590b24e2d9d1955f0aaf76610c	1498	train	neg
f31037328c7fb9fd9810c538a7e475303cf6b4c2076c5fd525486a6ef95cc9a9	1499	test	neg
607b4a040837eefa2fcce35352413025d20400ff01504fb4fad9b3ba79f222d5	1500	test	neg
a615046f94eff4afb9df5b6c1f4bd9997ce97308fafe91f0288cabf931bb08af	1501	train	neg
ecee453478483d0d6962b6bf07401f05fff255aa48ff2c6bb6adc3f83692ab2a	1502	train	neg
8af79de9e7c44b1dd36749ca7e3ba6c3798079957c8a69f0e774bd5050487b26	1503	test	neg
2cb17323c806072a15f60a0d38b7dadeb56d43c57e3e210526e5e39626511594	1504	train	neg
192e5c35f3943ce8d08cc5d79e1110f58df400f2f4eabbc3e6b79c3575734a68	1505	train	obj
7ba6564fbefb4307d3d87a18d6f0bd9f2b95ff9f1a84fefd9fef81ec5fb936d3	1506	val	obj
6c72be377bad28c22c77bb935b03022f55af082eb3df66040ac1db25b9318ba5	1507	test	neg
8ee09a717fb03aeeadf5be447469d2a54f1ff999e47c8cc2a470723a4205d8d0	1508	train	pos
822e3f8cb66f48325ecd7e904585610562107848a589f49f47875e16c8a7e057	1509	train	neg
3504a5e53a16c7fd7df321e31f8c6924cc33f77f634c9a5fdbc62ae41981c207	1510	val	neg
dcd746c5b63bf1a286f487d9e37beedbc4b8484051b16fd302c393e9891e055a	1511	train	pos
ced8bc8139eb2dda5ec376a3868d7e3cf38c4248c8656dc774669c124778ac46	1512	test	neg
44502bb3d0e4137410eec0351d8ee0919899dc31e663a493b4116c6b1a8ebcad	1513	train	neg
c5838b6face38ee044b9aa8a8e19786fe2186095e62663e9fe747360ff7fb581	1516	train	neg
625bb8bdacfa11c696d3b7df2143b088064f3058afb84586053725125c3c6a65	1517	train	neg
3c1c715e071893fe2bf1e0afc208f8d13257a97de094c3e49883428e2659ef65	1520	train	neg
4d1f2c7cd6649072cf6a2bd219f65fda53fd1850f80cf59b373583d67bcf59d9	1522	train	neg
272e04bcc74109a1e4192d9dc0b6630b8efdb264b9ed1549233d39a06aaa639e	1523	train	neg
72ed509815786f2cc66bb1089bdf1e4a1383fa7e2a21b564f11e18985103061c	1524	train	neg
7bfc57db30400245fadf29926402a16a6a580dd0042b68856a7072edfc1b08f0	1525	train	pos
e8e2875600ff7d8467cacf3229ee8210427e03a9d0df5532c8d178d9ba02da57	1526	train	obj
b8e87000e897d5e60774accc20172f045488bfc95d6ef425421dceb76460e15c	1527	test	pos
3fb74fb0e7b63459bf0f77e1f4118aa9d7c0ce94d9e76d4039408b29dc5be506	1528	test	obj
2b2c443fd2a20e03cc0f65f3ea4f8e8d8da03451f10b1cf3907fe38d6b03ddb3	1529	train	neg
86ae4971c04f744fb5ac39e3db1e58cdbf9b3a61e7b0855cda53a5b8b63d50f2	1530	train	obj
07c66b8c7baffae6a9fc3eb0a554e254be2d2ec94bfab0978beaab3ba3461522	1532	train	pos
9d09374f3ac52fafc97d1eacadaa6ac677ba85111ecd91d611c5e09dcd51150a	1534	train	neg
d35e3656a232cdbb3e936f1fb893546f067c8c7a047b577b4b3ecb773b726fde	1535	train	neg
a18d8c9659c64f06439fb05211ef820ec1a24375d7e616880114c8920ee4bf09	1536	test	neg
b9a6e3ed79bdac880b0d0ec45c0c16232bb752a60bc4692890c5f2eddf87a740	1537	test	neg
ffd26d8412902f8e687ca0435accdb1758ddd1541840c0619a01492c0f9d843e	1538	train	neg
1001717eccf1bee595e0df0d9544cebd0e4a0837c8ecfe2122f428ec9e15fb38	1539	train	obj
a3371977588fa95f4948ac85eaebdeef87ab8e6e23caa628408afb0823d8ae47	1540	train	neg
90384976c2a5115f92139780ce31717c627f82d503307806b415622d5dbf0c8f	1541	test	pos
0e38546b379ca6263c07b4631a80150233efe4ebee2b34226ad22dc2d456ae27	1542	test	pos
a61cb0a934d62d6741be7f3b2d064476275a332ff829c2b144e8d960f38334dd	1543	train	pos
322219e06f2883be200e0867cb2f7ab7745b75206b49c81afc7436c582feee2d	1544	test	neg
298f8d9b0b15e514a495212df602df0c1dd30098b198c309c122f7e550edca28	1545	test	neg
2ad351702976d397220828576561f4ccd7857a3e6624edf792deeec72d6fdfe1	1546	test	pos
bea6496a0d11ac74b7ae6f3857afa654f7aa232e24443ba9cb1d748fbd93a3b5	1547	train	pos
b363195674ad4caf443e8ed66af95e096f23f62165e94e8eeac069fbc5bc34ec	1548	train	pos
e38637fc27e505f65ec9cdb4183cf8bd255b8a29f260f4468fa27bcab6dda5da	1549	train	neg
c9d9ec0acfa8a43d31a67b1a9d8c27660558e1db5602c3a3dc762641b1afbce8	1550	train	obj
17d0e3e754a23fa93a786d6f67ee9a207993aa4895171d0febb4957c3eea030a	1551	train	neg
ba1c64d643ab33a868317535cdcaf64a271a4d6a18110e95388d72d65deca07d	1552	train	neg
76a9d4038d595d0e60260be1fa2d2da6769bec089aef706eb293c2c23dce07d4	1553	val	obj
88f4e9456db76b0cc2f48eb2acbd3031a7899ec9ed9a0959a5c99f03f68961a7	1554	train	pos
a1c02e5d020e9d205e081f37e2d1806f748681d342ad3114ea460b9b2beeec09	1555	train	neg
ceed4b8cc8fff2ec74fa0b8fcaca0976b9b3b599ca638a92907db72fad7fa5f6	1556	train	neg
9cda6da6f2d0c5619702d180682237914af09a596ec2996b7670faf41672f02d	1557	train	neg
f9f26a187051c080467a584d3e56dd399804061ea6e4d5aa3547844175e1fa36	1560	train	neg
d5858419eb38d7885fe5c3e7ce2ecd183afc2fb46c6b772494708a1594f59aa3	1561	train	neg
cb3b7ce3224b62e842fbde4a754a1ec1500723d3f8701b524c68d359942f5902	1562	train	neg
d33ab9b663f4d2eaa285616a46d57a5313f06be34fc2a6fe20bdf4b6fc4c88ff	1563	train	pos
46288b7a428d11029445e90e0086ae9508ac9949cecca1f64f65d1347ac31b85	1564	train	neg
ba21c6e2c11a288889e9c70705f8ef75a0190f97ff3251ddf9937ad5cb3e42a1	1565	train	neg
1bf9d7446a0075d6a3957e5b1a8d36a281bddbc920ef61b265725c4fc8a8d40e	1566	test	neg
67d4739c019c3567bb294b50ebd9dae4e1a04926e1072562e887f1aecf175fd4	1567	train	neg
e6ede415d1220b47f0a5357aa89f05ebdc0185bbd3cac3781fac3c02480e3b84	1568	train	obj
c43ea20244d3561bcbb69d74ae67e06cea94599b146d2e1a8e04040c3be1887d	1569	train	neg
fd79ece6c6d930d9fd3e97157a52d03b98035d6bcc42d1a6e99235004118e49c	1570	train	neg
c42b3e63b312259137be0f81ecb7cab9b7fa054dcf3420c2bfe779ec7481d929	1571	test	neg
eefa2bcea461d5ac068360486dbfb9397bf550713f24ad8ab8dab0f8b4446173	1572	test	pos
aabaa03c22098fc5f496756226fd284af8a528c7a19be44cd55b0356d25e3fe5	1573	train	obj
1d802fea3a220b1701d803e017d80acbcfb9fbf609fd43734aefc59249afa292	1574	train	neg
037b43ba08311c5aaaa54af6218aaaa5137c4cd9007fb0272e9ba7fabef9e748	1575	train	pos
32da4a7aa16bd611ac3292b303b033a0fb8cffb37bee350354161bf84d579cd0	1576	train	neg
4704881513012b0f17011697c932d001c09c374a0807b5e332d80675badc7554	1577	test	obj
38e1cc77ca59a7cb9be493c2936bd1bfd6898f79b35d4a81faa3e3e2d6aaeda3	1578	test	neg
35455bbfd7dde436b62db8b74b0f5b62b7f1c0336a8bf27b0f7ef5aa2b5e193d	1579	test	neg
cb8362fe2e76ee735f37a6b6b342be1b451af724824022a12c9abfb6327bc444	1580	test	pos
1d33ef5925974c6b6f11eac3ee3b5d10fbd60ce76dcdfa66c69c6a95193ee4ed	1581	train	pos
6e0264dbfade0737d8c6330fd6ce0385e004a3722fcd80330cf873adf20898a0	1582	train	pos
3f7eeaace1dc6d44951bd024d853a76f3a2db5962ef165fb0a21836639c4db81	1583	train	neg
268ec14ec1231d1f28b4b07c76fdb143b216a8505a51750c4a97875a7de11faf	1584	train	neg
6719b7d4f41f8c6c4e5035bcb7339b896ff756245df5ef6e1fd27f9534a19827	1586	train	neg
f1b185acca9d36f4dc1f3c3e79de6c589ab1830ec270f0a471e4b520226ea23e	1587	test	neg
8c47cad70861d89274aab9fd3dc2b8be5b3ce1c88d24a29a6d3d6ffc7d3ff9cf	1589	test	neg
610672d060580c0fbe783a25d76646774a85a45b766c6a095ceb499163f35e87	1590	train	neg
87d9ce98e43b5109b35c26e6b9446470f185817d965cca1daded55779528bbfc	1591	train	pos
bd6230af0178c2768ec365834ec578e0dd90ece46614fb34af48056b774a765d	1592	train	pos
4654a38c0d5123b6d31a077d87c04127466f258efb33f3f516520dcc5189dc9a	1593	train	obj
2b84509dce876011b1950a9d6dfce7b62317f7d6042af98d750d52e8138c13af	1594	train	neg
601ed6554b33bb63ce90534b5dea993a8f23e51fe563a97067adeda2d67cc7f6	1595	train	neg
53c4854fba68164a9334724c04aec6a81cab0d9116c8cfe30a07669444e8bee0	1596	train	obj
c7cab19decc408cd7afbf8797c426ef882bb99a4e57f86050c221dcf0f69ebc4	1597	train	neg
eb7c1134b1d8fa56dc749d48c35d369fa8c566879a8ebe596faa02a5365067f6	1598	train	obj
374c450796180fc08decb09e2f86574a7c6cdd2b34658fdf42555d7e6ec49466	1599	train	neg
39710a6f7768a5ead093d198414c6e68ca7d3d88f2537c0dc1715bd08b00fd00	1600	train	pos
f45a14f513cf1242269898523c1f81d2a7dffd803899f9c53b3a2af1b8ce451d	1601	train	pos
9974f08901b76428dd4172f41b96827f44a45ef915c3ad8c8f7b3c90f8f68fc0	1602	test	pos
4a09e18555354cb276b405df3aa030fb6d4460356656275f81a07324b4dc00dc	1603	train	neg
77edfd77148ca9d0e2a25032427d4823005e4cc6c9b9583bd5d802fba4abc6a6	1604	test	neg
886f71dd112bf9c48eb464442c8b55412e7b9f0acb73c58a3d7a571cebe2eb01	1605	test	obj
203827bc4cfcf198b107e8cd60358e2efa5da8e4b180aedc5963c40dd919912e	1606	train	neg
c598ffcf7cea6cff6e8b54c194d99d0f21a654a60a774de9808cf79fbd3dbece	1607	train	neg
d70f5a32d3eabcad61f82d3b3334d0829576ffa397cf01ce83e57e8a5bc864da	1608	train	neg
d9e10c0f1f170ff87bc58364138ee8bb04147d05e36f372676cb70b808009049	1610	train	neg
a528914cdc161953fb13ce618b534d9f117c4257f7fc29d8e5e79125337e0807	1611	train	neg
fafec231cc040d30d50a82da3c63e7040c466ed88d20e1256a54d4b642e4c1ab	1612	train	pos
a29204720c21dd4445facafbb9b558674c9a603236ba318bf07edf7939dd33df	1613	train	neg
ae161363afdd81e4f58bcb62a4ae24e6518753c8ee3d651f6b305548c875c05e	1614	train	obj
04566581493f71d8060276d99416eb3aa6c1fa1658eb60249fe215d9e5a3bf78	1615	val	neg
d26db46566504622dd1a0aca2aac8506624d4b9762b9e55cb46766438da6f6f3	1616	train	pos
00fe810fa14f7f731ebde800e8ebd840dcef417d401d0d1ce6999e2b78605945	1617	test	pos
eb1c5bafdae15def61f172e38bd618c4c1d64813d40c78742fa2ad7f04a770b8	1618	train	obj
ec73b6af2bbe642d2a4ab6ad3dd97c4388770be08bc87d38301c860c8f16bc04	1619	train	obj
f936ad36cf5b2b8818334f84f22cab0fa89c4a2d8370a3df2414e85c570b6688	1620	train	obj
0b7d829f9c49a7a9b65f20daa147dcb663967fec462037d455eac37b42f8ccbc	1622	val	obj
86d9011aabe3cd432925f2b500826e764956d722a8b84030a4561ba622939de3	1623	train	neg
69b22da1216489e5cc56f5252a5f48b4926cdbae549cf6c92caa154737600f6d	1624	train	neg
8c67fedd9a15fa2adb1a7f93f9bb6beb788d04c1ad9a93e0dcb3924f283a70a8	1625	train	pos
e17854dc2bb0d9f855738d1988a3e7cc7151a12447da25961429102bbc431670	1626	test	neg
0b63475fc057ea8fc78dae0200ccc40b1b772de2a3f2aa39175eb52fdabfcb4a	1627	train	neg
8a93808a29723e127ea4b8454df33ba16047521732d30a0cc8eb8a49b2edaa08	1628	train	neg
2924614ac92144bcf9999ed2957cef8cd6e13fdc9177c13332787d4788f26eac	1629	train	obj
0c410a94a991c7918ec49bd61581616701c59c492ff2736818c5f4c3f35d56bd	1630	train	neg
6e8a9990e4449d60a362f84fc55e44103241dce0278de0fa04a959aa5549bfcc	1631	train	neg
37eb50bf78b272afcd04783f2bbe8873cf178f986cb1f99f195cdeaf9710b3ff	1632	test	pos
d71bb9d6b0f238af19e9545f4819e461b66c5a5909d25d220f15ddb2320bde4d	1633	test	pos
2ef4da2379bc19c707ff0c23278524d9c17de22add6fea0cb69f5c0f14d59196	1634	train	pos
81d950c89a27f434e0e3d64da1b715bc5912216e15677b75b36eedc10d43df2c	1635	train	neg
38896c633bcbe60059122b8bf37dc2d988bdfa0a53baab7f5e23a0881d33578a	1636	train	neg
0d8cf4e681ce97d4086c29f718872f7379529606f1d7e365e4731a94a163d7d1	1637	test	obj
6da00345e767d9601c0a0e051e085288e3cdc0162668785c2b0de4aa561a07c1	1638	test	neg
79770dec26482feb62488355e65f5bd73a63258e1a12428dd19309734838cec9	1639	train	neg
10f476673e4afd614d26a4096c5703e35d16adcde9902fe07e47c283de9811a8	1640	test	obj
889ca0fd932b54cc9ae8be09e400cdf4c2ee64f481d40a8c163d2d1e1d013f32	1641	train	pos
ac57107bb273db1fc99fd305be172635f98c1417563fb3e62dfc54e6bde22200	1642	train	neg
a5f31b93fa2d6fd30338ce93652a950111493471b7457565b08af41c9cb9593c	1644	val	neg
3846f69f04e8069ce55a02f9746aa1cddc4a63858b4b862fa52b2507813cf2da	1645	train	pos
98a6f5f0c6beb487dfea71066579a128c8c7b1218de1c77a2bf3c7e57e9c55f5	1646	train	obj
a094bb1c89c1b0b9115f5bce2f308716e9efaaafe65f7cc556c6d429ac69c85c	1647	train	neg
714697c67b323f7aece29a8a6bdc83b6a47b46e497c4388e4e7bf8ad1563957c	1648	train	neg
5785132e2782390b275b183bb44f89e7282d62808f84876820539e8f63a62c73	1649	test	neg
6d7191938ea323a882bc59a882aef76434f1e0b0c0b352ee20b42d2bbbdd5db6	1650	train	neg
f965a925b4eb43d919d436a108c2c4fe3fcc185e70a080d0bda354af91f1c226	1651	val	neg
6beb23ebdf1443e3ec34109220e5f50b036184b9fe25213bab67263e464aadb3	1652	test	pos
d0dcd0cff36312836f360b8c0cbe09eb848dfebea731fe32b4c7360fda9184ce	1653	train	obj
abdf8cd0c954543189cfe7f4355a4ac0c527aa47d2bc083a7e344a0c621c0fac	1654	train	neg
e4464b02b91473614e6f6750ca1de443315532cadb64f0a850258302aa0dc6a0	1655	train	neg
923eafaf4dde127df2c66c566b961dab4c230080922fc1081fc7a749475d6d00	1656	train	neg
cd516871301335a44e37dd470d79b6f46fc7b8729637516d7ff20523a1501925	1657	train	neg
b942fa0b7c1a1a43f22d130830868be48625c626f20748332bc387ccdf58c79f	1658	train	neg
dce4e6739e8c72153ada1b7ced2672b83dafaf6e348d588b44e520d7aa0daf02	1659	test	neg
4069abfe1f4e1df573624780c85fa1f17639e08ae145b68a773913c4ac301ce1	1660	test	neg
2ca038746b1a30e92c429e7c76d2ed55f48ca71da5e77731fc914e7fbfca36d1	1661	train	neg
08bad440bd1150e3931b960ee722bb856b8b2596e3d483a70275c5082b58599f	1663	test	neg
7656b4183e9ed6cf6da4b2155cdcd2c9b6ee6ce0be73bb1d17a337129d084eda	1664	train	neg
d029e0ee58fa692850cca4a002c6382a1e1e69e86a6cdf0e88931d4e3b0a1e36	1665	train	neg
4fde60eda7f7fcea9faf39b3dc55c33fa3a47e4c84a5bdb13dfc78a748c01eb6	1666	test	neg
374f5c94a3b2f7ba96db66615a9fb57e20a66d75c1ec8224144d18af8a644dc4	1667	test	neg
b8f565af4b760316edb6945a50df46e80aafbf13f621533b534bf8605ef17b7f	1668	train	neg
50aec33e34375b783d55f6a32e82e5fcb25a74127f70df29fe2a7e6f45959cc2	1669	train	neg
553b205054180cd0cf91b4e67647e86b1a6a7698137c0895b70a6f63edce7ea1	1670	train	pos
329e39b1d8dc805cc3ccb01f99249728ac67a24cc090bbac7260ba8435eb53c2	1672	test	neg
97d9aead4a8e5e1d11de3b8f2e528a41e0937006d67af735247652daa28f75af	1673	train	pos
5806af6e46eaad616b8fa8411377096e7c995a7264e4b7117ebebe4b89cc93c9	1674	train	obj
6260f763f2ff9710e4813dd0cc5805170fffb850dfc9578b66916ee783bbbdfb	1675	train	pos
c3c318eb43cb5def3b84a1e311142df0a059c22164437894e9a92208484ca3ec	1676	train	obj
fff2d021ed39ae970535705ed7fba7b3ba26ffbd82a014220511a8ea81df4cfe	1677	train	neg
13cf7db8a100c200dd7ac073575ea7c9122109372f1a4186f702da55e315033c	1678	train	pos
860c05ccdbbb0af8e081315b775afc3185641bfc2f239ab641efdd53b28c1e6a	1679	train	neg
4017060e98734e8a4a38acb30eca8b106c31ea7d7994a4c9f074b95b6680a723	1680	train	neg
bae529e0d133407a8c391785b19a846cd5866ec42836aaae0479cda1f88f0c82	1682	val	neg
372172873ef85ed3a05ce26661daf5d1e4eac37ab9184dc778d934e126064d02	1683	train	neg
8af6d68a6df74851932409bc5e2b8b97cff04a42c996a57fb844bf4ce031cd4b	1684	train	neg
cfda6be345da965295d735f8aeb3fc14b6adf9c54b3873e44dcd50ae13036aed	1685	test	neg
1ba4a5f0317b351f9d0584e890a28de113d0e0d55945d3f540b5b3386a910521	1688	test	neg
0af4421fad3e9804479e5c9a908d8dcdcd346dd0694e61628313fa7998eafac9	1689	train	obj
02cbefeb4c911f1620cf0be216c0a26203728ab7aba408303420cb43a84df12b	1690	train	pos
d5138b4a7fa52fe47bf0cc305d2c172f53d35207b4a47fc5ff6596c181a0c61e	1691	train	neg
12818d4a9f15eb9ecc7a3f810538927923b0d58b6890c566a896bcfe53f4d6a7	1692	train	neg
82f6adf6be029175b3d1cacbc020af43766103071d364278ec96e1c9aa117b00	1693	train	neg
50b687e74dff2eecb93e32dc1bdac6ec7a3b57d40f774675df7cdbd98ecbcc4d	1694	train	obj
c244df87ffe03ebd31639803bf8504da9502987fa043a4d6806e3fde267ea245	1696	test	neg
14ca1ceb96741410af027f8b29600ef00ea8b9667b359c7ff59c343e6ecb3ed1	1697	test	neg
45d490688488e801020870a6dabffaa8a030f22db1e058221641efbdf8003703	1698	train	neg
1c5161d082cb2357633501198c2fcc8d2ba31bb4c825304699b4b91524535dd6	1699	train	pos
be3bb7f03a5ab4d6d86fd4f7601561300c49d0532864c6c99df52608871159b4	1700	train	neg
90d19147a4483e3969af1d0fa2d1e37f9bdf251b8fd5add45fa95b4567208ea8	1702	train	neg
3ba2df02d267e73fa78df9e4660eac9de84dd0ee122bb33bdf4cf2346549ddbc	1704	val	pos
f373664a9162ce7327a13176dabcf3ad1898a735823d0458164d7c901e827184	1706	train	obj
0963267316fb00d14e1c351d338ccb74d34c3f9bb19e345a120a9a78bacf7998	1707	train	neg
567d54b6d9c368be5a4c9a5ac5f659b4505bcb73cf208f249a0fd526e1f21ab5	1708	test	pos
43e26acc1d940c7b9e0210b529817b0085d73ba81d50fe90e52b75e4816cd355	1709	train	neg
7e9a2807a024591fe926c3dc0801d9e5701518610227ab7051fc1ceddc9d978d	1710	train	neg
72057dd8260e207ee01086d3f1a06a1c843aa6046f551c11b1a7e6b4e499406f	1711	train	neg
75caab925fb28e4d907e39fed4b21a6a747693b6362e024a0ed85ed703fccff7	1712	val	neg
515307e2b188cc789f9bf8329ebe45d2e097b40ad8b13021c235ec641d3fcf7e	1713	train	neg
396384542c6df7c03beb207229ec224d0d655217948b1052eb7fcf973ecbddfb	1714	test	obj
a72a84ee1775e3e68f31a492c08181529655cdc8653956cf52414d62503b5a49	1715	test	neg
60c2761ad23b6270f7fbfc2e78138288a642d380d8358082580301aba7b64a1c	1716	train	neg
7365bf44e16b23abd7cc97058eb23d10b304a7b5f10243fdefccfa15c737fce6	1717	train	neg
a271694c43891899b07a0fac3740efe3d0c326550df95ee9eb3eb82767a15bd5	1718	test	neg
84b81d6484b0debc04d364e236716cdee31925356bf7cd74b9444d205f7a2bd8	1719	val	neg
ff4b1d4cbbfed083b787466a386dd765af5be8b05a3ec4061104165fb6b64c3b	1721	train	neg
6d542c5e38ffa0f3fd26d7a6dcecee3297536cda2b0be8704072d9071ba975fd	1722	val	obj
dbf1ad7b3a6169e8cd9dc1fa4c5122b7dcc639aed0744ecdc8db3bf26375f0d1	1723	train	neg
c7df8e91230e6e38493c9e9a024ad35af691a2614f9e57159ea50b88dec03cd3	1724	train	neg
3df960da38865dbf9e2892ec5f74f348c96486c382aeb740f5f053bd04dd1c87	1725	train	neg
9a3bb649696faeb2ce25ec26a207bdb5ae61b3a4fa6e9bf7c218b2ad1e7503b6	1726	train	neg
dad41a516309dd2c047e2cb7cd7fa6d2ba60cd3eab421cd377ece2150d898fe4	1727	train	neg
241522a1aa7a85c7bd8386d57280edd82845f4521ccb9138185adb342e801b0c	1728	train	obj
933c219053e8dd2634ad79d2e0143edad615a02bd99ba42ef39029727974fb6e	1730	train	neg
5a369ca889302d1c32d629f68768258c686ccc8c422e1281b4d25edc0908b61c	1731	train	neg
fa41f7e0f68c089d798c72ca6e807ecb021390ad6632e915b795af90bdd9000f	1732	train	neg
4decc0c5d6ae15c3731989f5fb11a45e1dd490c33bcfd5fbe1ed840710d09349	1733	train	neg
eaca14bdc5f9d127814345b5d232dcc619129bd6a5b49f4486ac9cd5849cc563	1734	train	neg
22de6568e07d1e31105179aa1af1310e6f8a7ff1497ad7a5bc7710ba06e54681	1735	train	obj
efd5b89f1eed469b9c6ca9e754a3749718813638dbf34bcfe5c961fe48aeafbb	1736	val	neg
728f96b4181dbc876d1191946c94dd59acd3ed1c6bbfdfe1fcc20846ac365b3e	1737	train	neg
50e86829fe987257968e72cc6f8f05281977d970708e22b05b67fceaa3629281	1738	train	neg
955c1a2655116b86779c05c1070f10681edd5e5361ce6403d7e70cf1f48c419a	1739	test	obj
930d401ec1aab5e95b8b553d67b91e3dc864287a872c66b86b57f640d69cf2c7	1740	val	obj
8f5f7a31e798b8ff7515b570ac14dae2a0aff760852bfbd949f8ce5323b68d53	1741	train	neg
ffca94d0be4479ec6b02076b89b54d0ed62549aaa83bd9d5d75118b09e05e5c1	1742	train	neg
21e6a066217c189314b6778aed82a07faac61692c030b2c282ad6f117a6098e6	1743	train	neg
4512db88187a27f5f3e47ecab7f31006788b8305b24e524b8ae3830a46e74e5d	1744	train	neg
61c9810e6497378b9aeac07176109c2100437e0f52573786d2efe298b7d843a3	1745	train	obj
fc9e7b72812aff598796931f66a023f663b6681b7eb97acf2cbafb472ec6b3dc	1746	test	neg
0fe503c913610e99054e12325beca5f8d6d31c039331fdebdb31e871621fd380	1747	train	pos
b836c08ce0d9a0bb25506f46e53ec94e39d77edf35ea5691f26823e5a4a46f6d	1748	train	neg
4c9b7d9cc1aaac6d24050eb92965097740514b83ca03a902ff178fc6476bf0e1	1749	train	neg
bb72517b183c24d258f801c48f39027b4cfff6fdbe67148406cae98ed5ff3801	1750	train	neg
2bc031a242f42d1ebd2210eaa0b66779b9836f994755d4a61acd68dfc02edb98	1751	test	neg
6790b97fbd9258efe4a57de97162511a7fead7dd0fb379e5668191e70fcf53a6	1752	train	neg
15528fdae6dd1ce871c58295dec1450e2e76df474e81b62dc153082b9f074025	1754	val	neg
4d40daeac0d7a53874d193ba268e604846ac32b251534b434c2178520f93ee67	1755	test	neg
22b638c23398a8361fe5b9e589e5491029b1cebe2c23d436aa43360f06683eae	1756	train	neg
4bbb723d7a29f532c65643bfbc34b2ac772851757ccfec85cf29e843adc2e637	1757	train	neg
db336bcca9a6ba59b96637effdd3526aaf133ae0c64b7b96fee0b33d890ed835	1758	train	neg
cb27f0deb21d6c33e27c6c94fcf0076b2c62119c04101e54eaa66e56a2954fe3	1759	test	neg
ce26094d5a0cb1aa31f0d8a4d620f955a63af3aa9ca6163a466c775e60ef8a98	1760	train	neg
da91e0b833ec4b56c41b0c37c418be80234bce419974087dae294a18dc538e59	1763	train	neg
163062fa10c4a629ef422fbbcede634981160f64d6946cb407f84650b70fe6f2	1764	train	obj
2c20068ea97bc04e128bf74e346add677d714907f366453bd50920e4356e07d8	1765	test	neg
d5dbec7633fae747f2e51434bb3e97611a29feefdf046e2acf2be767aef4d19c	1767	test	neg
0ccd65731c9ffe0238318c7fccc69d3a2a29d59c3e0f942ea0704c743ad12fbb	1768	train	neg
4e5ece64de1ecf7494d52fa4fe96e43bd23c7164b3dbdc04f38921b7374db0c8	1769	train	obj
fe74cc3fcbd819cbb03f7cdf3653d9281b29316691b8401176e261d890eb63d5	1770	train	obj
2b3ee8a041ddead1a5e3c845ed387714c70386f52dc5ab15a63fb01f0b52f0f3	1771	train	neg
0fe216ad49e5771cf4472a6ab94c7c7a02759e7b79b807630867ffc90eac0259	1775	train	neg
60f700393cc8801eeced6c29addf781f692727bc5264e36cc4f9fbb8b504e8e5	1776	train	neg
501abe8086dd8ed45dc35bb83e3a024e654a9160fa99d8f4efe34db3ff0f75fe	1777	train	obj
da449d898bb3e4a8653508459684b757465ae9d3f069b093781796e5c10cef96	1778	train	pos
415ccc05330d9b1c7bfb49d81b02b40b1a75ea872db795a18921543ece4dba01	1779	train	neg
2801f4f764b726c5d3ca5547e12b9417b9f4e1b74556b37575cf8520014fd334	1781	val	pos
62e67d62fede6b9c2a5a3c848ac86fcca31f611bbc9c78e2fd61c2ec2670dc33	1782	test	neg
0c40e4a70c5a6da42efd6a3e2d0dfa8617aba85dce1617b1b60b6f4b0692ab7d	1783	train	obj
b882144700097274e093da42d87c0435f2f950b934acc8ebb0c5c0ef6a83d844	1784	val	neg
2bfe85aceafccb2aa0d14181e7685df13d0f7fb41eb622915e46c8dff9d88907	1787	train	neg
b404a094ead1e5a3c79fa7199a902307a6960eab42a4e468c365143dec5ede0a	1788	test	neg
d60675dac57e8723ee4d3998410419af1ae024ff742fff53ddcb31d8d2e42d23	1789	train	neg
8679e2a5ff79be2ce6cdfcb1c7444f14719291d9eecf8ecdc569f54ce6150c39	1790	test	neg
305776d4985fb592abf50f62db3a437147488feef1d1202ffe468c6142e52af0	1791	train	obj
a6b65112b2145af247324deb9bcd17675fae4dd4c335db6af939c018a0b969ad	1792	train	pos
a1b8df23ac2d07c1fb32c5937191058e2c485f5da4f92575b4d1292cea951c00	1794	train	neg
702fcd1cf5df97147d13997ad855db272117f2f0bff37a55f4c0ddcc7da4068a	1795	val	obj
8c6364688d6366e76be9e0ed4d8d0d9e1896729dc1c6ed407dbd4dbfe8649e96	1797	train	neg
508c6d1181a611add59e4701e069f91b455a91bd5bdf360137010422ab79d0f6	1798	train	neg
5215bb454162578bae60ded0dfdf1de0cc0e8fe62f4369d37098120e7f78712c	1799	train	pos
8545ccb26357649cf7661c8d40ae1181336120773c7b64d55ce29268b298409c	1800	train	neg
aa6e7b2f01a1e80377227583a057e6286e7dbe4c7eeeb4e4b6b38b6477d50f21	1801	train	neg
4ef3e592898668da5eac462e266338ddb08ff1cff3a62de17579a82bf10c8646	1802	test	neg
f98014fe2be906e659fb4c21090deb114cbb054be05cee6b73d047dae0c37e38	1803	test	neg
b65385ca3a1490d5e9f109e00b30490417371d8241e737935ab745d87251aa78	1804	train	pos
8daf6ba45be2ad9ff14aba78801b855947194eb784d6c77a1a8b91e03f2e0417	1806	train	neg
a2b78c772ec024c2c23f487b5f8c3fa850117e6ebb41c2cb3d34bd329196db1d	1807	test	neg
1fdb3559e09ea25b7d1e37b6650e26e722df62a0dadce60e326b11ddf8808f03	1808	train	neg
c57092dbb2bcef5bd0b8c0411c40701c3df57c47eda952f803954d62db48c59f	1809	test	neg
0c980dbd04a41e6af0e2fa34b5b3426296596bb0b045be1d9d353eebcbe1c11e	1810	test	neg
2ee1f823276380080d741772f9e4192bf51ddf1ce3dad3862c85871f1285d6e4	1811	test	neg
683dc6847d518760bfdbd65cc7e3a8958db97dabfc4480fc7753b6548379283e	1812	test	neg
d8b79cecc0e9cdf0589a07a485855bc4ba3ea78954480f6d74a08a033bf55aee	1813	train	obj
72bc5cf383aa882546e012ac1b3b0d09f3a41fe1ce3da23387df15f79b748425	1814	test	neg
177742ce82733748a794269f8280b85da584ad7fd61e50d88cffe3bae745c782	1815	val	neg
5895cc134220adda6d6455604b66b70d1fcb36180bbfac33272e18187150155d	1816	test	neg
05b5a2f453a47da57eda9c0527e72acfec8fced4b085bb98b3ff23232c80aa34	1817	train	neg
ceba2f34748665253c4adf4436fe691ddbb782441ff0dbc6ab33aa802ca72da6	1818	train	neg
c28bd24a6ba8931fee758449f3c5db1ba35a7ee2a42fde2f1e7582ce8e645bd6	1819	train	neg
1045927a63eaa2cb8812dbac73b0487271f005d92ef6e35ca9cdddd7f0ea5eb9	1820	test	neg
6d8f4a1c4cc66d19c41828496b4513d9872d5ea8f86212f622f43193e94cddd5	1821	train	neg
ff6f5b17621343dbbaf6d59e13b43396de93657bc0a5447d655ea5d429b921b4	1822	train	neg
377cd774ce167972cfb4a2f95cae140ddf3fe7388ce4f34f06f198ea69b983e7	1824	train	neg
7abf22eb74a5b7593b5d7e1d41143baccfd29e52951067b97c06a97c34100eaa	1825	test	neg
1bdd650da2b65e68c116f6b9b3bdfbe63c32e0e6c9f0dc8d3dbc6f25e3824523	1826	test	pos
6248e447e91d3fd28aabecf8f767d9e89964ffcdf2f6ce8b9d95db87f79ca3cb	1827	test	neg
bd16f142450cc42776ebf8fefb8f1059ba8d562b2cef356407e0b02746e61fe8	1828	train	neg
369f7890a49d66aad1d2a2398f970e8c53640992ac40b0241b05e29c187cc394	1829	train	neg
bab7b2031987da9603146a61219834e30d51bd298e6709d438ec1c3897525ea9	1830	train	obj
41134f9d30425c22b0f4aaa4031d1c47be08694ab5ecfa10f79a559ea4721f6e	1831	train	neg
66d861f2c0ab4dd1f57d18afc19924e5e74c66a619e658e262879f1d51dbeb5e	1832	train	neg
6451b781bff57a553ebefa02527f2cecff72a9b692c5f777f23c2d65010fd064	1834	train	neg
a52e81c366cd0972a2ddfb06ad38d9a2dc425b6cc626b91b2160e70dfaddb604	1836	train	neg
3522ab81a02e9362e1b5fbd661bc4e472e813d6ba8362fab784a43c18532b410	1837	val	neg
a267ce045fbdcec8d0da2264a45f53cdf4d5377c6da40032afa88541bc1a2f65	1838	train	neg
d850326c9527a3fa91407795bc8e7fa29e72954c808617256414dec4770eb4f2	1839	train	obj
9c7302a19e842c676b2afbee46c0ceb0b2fe192e81fc035f903c34e021313d79	1840	val	neg
23182427d5aeab273df425c743c0db1a6161383120fdfcc67364ee5664f3274e	1841	train	neg
dea775017e60bc5dad8ae71861e6828cc4a28479e206bf8a318cce8ee1ec192e	1842	train	neg
556680ec4e89795db9972a86883e5ded3e1035438e0f3d58ffa25385f5de1456	1843	train	neg
d79678a3dff674b366361f0edb0f8f3dc33f99b968869033dfebf9a888a538ae	1844	test	neg
32bd30518bd0a435ff41de64e440605b15e3a4600ed669fad8cc321bc12a4828	1846	train	neg
ca27c7b22f361631928fd5d8d636b6168ca43291ba23490fb3909ce09a269eb8	1847	train	neg
5f8dee3e4d507b2d5e3d2640bd0a1c4a1f4a57d0a12a5be1878612c3d815ae28	1848	test	neg
8395af3f805458155e6599c2f84e029b23dc4a2af175f1e270676a282fbc24c6	1849	test	neg
ed8d084448733f5789d98bc03cae300ff3dc12adec84b99f9616847855c7dd64	1850	train	neg
79dee660f28689ffa8d54598b8579708950a4959f2b4cea4260df35bc4171cf2	1851	train	neg
8329a1b090959d5d1053db0cd58aee2b34dc8ef222fcc252873ee8c545068123	1852	train	neg
e3b24a6fa5efde0d1cf583cf25b842f1eed100963c427a801f27aebb74663ffb	1853	train	obj
c6b3103df4e62d40e9bbf8a3e034d5a4a27b95788ee13868d20ec9177a2fcd5d	1854	train	obj
f5e677d08d3d844f05d43e37561f04f9ff22e0372b8fccbe57e1c288147c27ac	1855	train	obj
2983d9081a51e2b1b8b65919dc900864b9f104c0f6603e1f1108030dfb4f3b64	1856	train	neg
1ffbad21b38560e75aa00e8d64652bb4d364b0afa4beb620a7c737e94c99e843	1857	train	neg
30a02b0659de4dd541793c1ac4ba6a712beff3dc7dab81fe94a0e191f3b806b2	1858	train	obj
c59b8fed2fd316e7f8e30d1cc933a048464f621f97e8831977e2afed67467950	1859	train	neg
f2d957c4388d5dd941df29c90793c60fbe19799dcb7a4cd9d722bd8390881452	1862	test	neg
1e37f7b293fd43fa778aedbf98c4d9d1fafb6d6d08b72f37d3a1ec0cb02aa8c1	1863	train	neg
85aca8c7a308270f608f864fe825c3815003fc370885f060880768a4ec8424f7	1864	train	neg
212481a26d6ae3fca156bd56017a46d1a5c5058ea5de7802c5d1c2037b1ab00f	1865	train	neg
fd128add3ff70d37321c9c48e269fae995ff1015708d57621f0ed11d7797f4d9	1866	train	neg
837cb9ac099736c01323573ed73e525e669f247133208286c2dde56c0f18ddfa	1867	train	pos
665584ce814c0b6be59f15584cceda544cd9de1352f500584b09dfd7804bb65b	1868	train	neg
1b100a17fed638a70f45986a14cb1b69cd9b80fbdacea872c7b332dbccad99f5	1869	test	neg
280542734d594f72eafc30598009d4f253477213d5af77d835cb3aead38d05b7	1870	train	neg
a0a3bb23f050edafdd63ee3f3178dde25ca3c4cc91cc13b2ec81ed4357d2c423	1872	train	neg
abba492bdea049bdfc544f91ce249204c0ed2ae5e5f214cd96e27c5d5537d8ae	1873	train	pos
330ae623dc11af3d27bba15a070d02446793948013986542a973bd9cdbf07d79	1874	train	neg
574ed970056fa0d42807551862537839b1b2fa03e582f4bd3f08a4d7734d01f8	1875	train	neg
0a25dda588d5d8419c275e8b3caf134382bc2614c0cb3cee97bd77997c52308c	1876	train	neg
51ce85bb5f262e83d78dd8cf674cb7514676a8ce5a7d3de57b08a5bb8798641a	1877	train	neg
1a91a319939cb5a7ee69d8554f57cf2eacafd6449268fa28136003985f240cd9	1878	val	neg
9e9a62c16df04df4272f418f66c067c6a7ce1c76d26df1990da6b9d1f0b3c8c4	1879	test	neg
b0e9ef1e19bcdd9113289a56c76571bf6efe7d341a1e81fdfc5ac9fba3f9a584	1880	train	pos
21c94117042a77d6b84cdbb51cecfe776860762b89fe80f2d1698805fee6da2a	1881	train	neg
e6abc2b2b022a125c4a2306a2c15373beed2e2e9e99a133df2e178e64e9425a1	1883	train	neg
fb789051708f3d650e25f507d1795b75583e1c84075240c2cfc145e895b9ccdb	1884	train	pos
22458ac6ed67b4449aa4f08f4eb74bd3de85e76b6924f6c54961b37227a3804f	1885	train	neg
171345f812e439734e8dc8fc15b4d8c9204318d62ce5b485ee34078d56871869	1886	test	neg
259d286825fff23350485dac0608d7d1b94d21fc4b215226b8b767f45ae09cfe	1887	val	neg
48bc815a3ae4669db6f4cf74d445356546e18d0d2d86ae47dffb7d052618859e	1888	test	pos
f08e682bc211246ef7a2e5dd680ba5c35d93854ec45c70cdc4356547a99acca3	1889	train	neg
ca24ae2e1d0ce5f0229ebb14b024dfb1465e515d2d5002d40a18ebc2605843de	1890	train	obj
02412280067065228bd622671d5b519db1c5d13d5f20068877dec1779f79611a	1891	test	neg
cae592b55fb69793ed67cc173c00d943bd847a6a0ffffc5f2fdf42179c56d096	1892	train	neg
f9601a667e56c37c4bea5232b7d7cca8259680fa0e85fb242d24026edf7756ed	1893	test	neg
21ca2598a70d0e7fae616026bc6c2c1b4b03d3ebf9d69dda1104cd0ceb2a49a7	1894	test	neg
ce81d1bcf47f3cbcadac489a98decd6e4d2a500e32f6e2b2d4ac2001240f0646	1895	train	neg
fa899921a954395d2d0d17e5c86fc6e5b65e28866a9d0ec30d3e25a85221641b	1896	test	neg
cfde17d78e21ebe213d7b7e0768dbeb65fa567dcd3ee8b29fa9e1ac03ff25cf8	1897	test	neg
a4b568c48b47790f46f335e1e018190abdccbbb9849aec2d781b192185ddcd49	1898	test	neg
c383ec71b70b0d2302396dc96e453de79e44654217d4d1bf5eab322af6866267	1899	train	neg
5a6281fbbe63f111c2cbd4ed978a61bbc157f8fbbdab1237649a669864fa67cc	1900	test	pos
7cc92946ed7c862a1517ee95e9f30a72622d32734d664d55577a8d9cf97ba0b0	1901	train	neg
f0b427995d8990c28808ed0e508cf79c83fe9086955a455f165ca8190c7c375b	1902	train	neg
ba0aa0d2930314bfe9cef51129435f175d68fef69a321cfd7c1d42229013929c	1903	train	neg
76222b57a9a8b7188718aa314fff86f4c08bcec9682622b3ce33a24a1eb276ab	1905	test	pos
e59cc8f57c862fbe5d11fac0dff2fe0db3388b51b5bc852758f933281db881e0	1906	train	neg
d468ac1032d577e4c35f822200247ca2adc8fc2629ffbf5a02b5bb3bffad6c7e	1907	train	neg
69d000bbf5624eadb024b4504cf8aa7596064f4c04e3d8f14991cc6614ab97a6	1908	val	pos
116cc41f3cbcaa50154cb1042caf8eb2c7f17b1d047fb9a6e7de719a4c274e4a	1909	train	pos
271ed0d6534bd9b18698f81e863f93018a62d24b3a3ec0949c19ba92cddfb8c5	1910	train	neg
066986ff45f6bf22615bcfb3365c3301f47072bc1992e592188a14f5da085ec5	1911	test	neg
2a215f769f07b5062b20b4fabdb6c13ca3998cc408fff7f05a59a7ad6dffb3cf	1912	train	neg
80b5ba9038b5d821f5263f4c71c87a91676365b7261d997d43584235abcdac19	1913	train	neg
916390b4abaa450bf7ec7f0ae834b7cdd74d4463e9c228eea41e09d25c6e5eab	1914	test	obj
484244f9a4fce17e173fe4f9fe385f999f0ab01d73c198be646f539c0eb240cb	1915	test	obj
97fc7405116c44c0d71c2118328b2af4f815050f0a8d0c3ac5ea5d3054a06748	1916	val	neg
b84c2b5abba7c38d7268e632a30a356b21a417d7e56d212d3f16b1f0f898c12f	1917	test	pos
3d9fd63736a838b8d5141fdc49833d58b41505c529ebb67ecfba099b056368e5	1918	val	neg
759f0ad55615d3fe2670a086734c39c1c856a8c486353e7453a7cce7b0b7ee48	1919	test	pos
a89543eafff445399c707a40a6cf6919344f265778cc350426dba592c834f779	1920	train	pos
97cf31c4e906eccdd5a8a6a3399317537665035390d5c32c194cbdeea254cb16	1921	train	neg
45435046548cf870bf2562a8420ed1cde4d611f726368954f08f29b5f9b0421f	1922	train	neg
c7d5177368e2d7f3aed4268974667c88b9bed52e86d56aa19e2e3892a57bafed	1923	train	obj
033aa7236991dafa8cee6e0db20ee92c065ce3f718c4b73db45f18e1a455f630	1925	train	neg
d63d9137474ef6a4ea1d56455f6b480d4ec10b610d5cba740723072fad03e012	1926	val	neg
4650cf30a3aa859ecfaa1dec3b47a5c9f7eb85d9df1fc6231e0dde6332bb6349	1928	train	neg
a7e79ddf8aa29ec605716200cb66978ee7601109e0558c640e0ce56babf9ad48	1929	train	neg
0a6ccb907607c691ee49abb012a365833dfd7387aacd2df9df182688462d5ee8	1930	test	neg
876e9bf8b9d2288063332e3fe9c17df843925f5dc588cc93674f1c687cb5311f	1931	train	obj
b54ab18c104b5db527e08594d0492e1bfb7abf8c5f151c23782b8ce03852c7d9	1932	val	obj
5c47806123c3e3e1c804f511946e0ef05ba271b7c2e77d9f804848f15ae9d76f	1933	train	pos
a62f0175dd4a7d67112d2dcf144bf7fb83c902024bdaf99360a4af50cc50842d	1934	train	obj
9152fc69b4d3e2015804bfd4d551821f7e284f04ac714b4c792ac905d679b99d	1935	train	neg
2e69443877afa0b0301b6ea2ea21d1b9a0227f35a3532625311c3a6a7c6a709b	1936	train	neg
816d1031dcbc9cdd366d80f4a5d64779ae38769a9baf50c659ac370543f40658	1937	train	pos
9dac6f24a57502c9208a44d11613a587a121ca7043f09d70ee119ebfe13b81ba	1938	train	neg
69871facbe8ec75b8fa2c62ebc99ad678cfa60694daa41bfa7a9a8cbe21b0510	1939	train	neg
54fcfb2981121e61873a1043f6bb08a3b135b0806632112d0964482c3302c1b9	1940	test	neg
cea089343e6755776e586c237e18eb905300bc768f5e9bbf1da4f4001766fba7	1941	train	obj
4231ff1683f2eca7c4c702ab164828c7e4096a726c1e1d8c8e9d2a8653184d66	1942	train	neg
67191cef4fc89a7b8a7f05a796d7d2c977502052af4e19795e08a8371f46775f	1943	val	neg
8997cf9a3ef60744b9db7097ef1463dfa646d062289c9b98e6e87b8c29fa8992	1944	train	neg
ae11c62d1601ee1a8a6c9721c3cdd860d23a54fa8d99036c980f0ddf626a680c	1945	train	obj
fd91e4b0528f571a8d150e2ca493bd378503068fdfc4e462ebe68bbb3c7fb6a9	1946	train	neg
68245539454dc3142e399ee1c439ed683874061bc8282a452e9c910b037a8188	1947	train	neg
72957c5d37d2783bfd4459311a2503589ff21fd8cb138ddd9e4ae4207f40317f	1948	train	neg
718bcb36791de756f38aa99333e5b8e48d4ee2b7e10b739f77d5ad4ffdd54601	1949	test	obj
ba139710894a0fde08b39b81abc44c40f007f4d635a0518288299485ef385e4e	1950	train	neg
110c1912c7b81a4e67c2bb5cc9f4eef34bbe26f5eba6f29095b9732be9d96d73	1951	val	neg
4357491c30dcecaeca14aee6177f9a04b9fe72ec19a5084326625f34a7387d32	1952	val	neg
8b92226b867a3a2ac76b4bfd696cda1b7ce8b456f162534d7d540f90a7b7d836	1953	train	pos
789869223fd572bccdc17056c01456a348a9884dd7e057399a4d547ca8087163	1954	val	pos
0b9e097eb96920d9eb6dc4ca5969ab633d3650cfeae7cb5539443c95dcc340c7	1955	train	neg
430afbe0e0e2a0502c09a236b6b20e107aef933efad88dd1590d4b00291e5ea1	1956	train	neg
a77276aad1903effd73c276d6a4de317c92963db7d786f79f41fd7b641509c25	1957	train	neg
18512b5702699948257cae29dc80ba4c098c3a821c78e5b71bd645fca2fef857	1958	val	pos
e8202d2015140bac2134b1996c800f9d9ed6bc0c5cff18f5d43b06b856884af7	1959	train	obj
bb3d8be3382132c48406db190700e31b2db0fd9b6a49b900a93b5cc4c3f98546	1960	train	neg
7900d8c7f1ae603004f859e2db430e3bffd8272756bb3dc7c91458fe66baf2e0	1964	test	neg
4e4cd762a0357528643aaf69d6c2106d6555ef62de6986d8d0ae60810007ff13	1965	val	neg
a7884295f2a4e8df76cfc126604674f7e5e8eeff70485bd340810a4ba6c311e1	1966	train	neg
64138a2e2a4ac241da9876dab17f36a8871d13ac9da9a8bcc241c680090a299a	1967	train	obj
3773d0b3378a2d237bc8a91e267524d43548427c899d1ccc8a4c5903f8dbf3c7	1970	train	neg
ab4f8b16e9aa997d838509776997df24c319e0335fb47ad847917bc4eccc2aee	1971	train	neg
e4ae0ca6720e4be238aea2d35f5e2c1421aef41a0f516e24fdd601367f33ddd2	1972	train	obj
6373fa1b8610580a5983bd17f7e488e6dbd30bd86d4970129cc95bc4940c7206	1973	train	neg
8573b24ae59f38f1df3b41b77803f3ce150a0389bbdef2ab35232ba623167232	1974	train	neg
abfb7cbd4cb70d55ddf6889b05ac817dbf432554f33b708131b9c2994c3db991	1975	val	neg
b89b1b785fa0444042d32a70d8b5ce959277fa96e7eda90e4c74e4126a092ea3	1976	train	neg
c3675b38ac0fa5a40d7a3c38eab9aa13066d4cd2ec4ebddf8b53b99f24dc88f0	1977	train	neg
ac1bfb8ab855f68dab7765d11f229ea0e3b88323175e4b85b60d06a1f4a0e677	1979	train	pos
cc7351b2fc6a874b1c6aa2821b538ab644bf7e885f5317703ce0771e571b5453	1980	train	obj
7e85c1a4a5aa94e1f092b17a3f333ca693508f2e4e02961f0bdc511d71e91ce0	1981	test	neg
e3ed4a115acc4d0f85a7223729aba75bbcdeaceb90e60e5f74e891eb319d816c	1982	train	neg
151d1c76d44faa93a0b1bf7f579f4742839d30488292c253c78a4dc3b874da3e	1983	train	pos
5ddec96f3ce689613ba444f5e48dad3cd4bbebb0b2623b527d22ea792ad68387	1984	val	neg
df949bb3379f6a68ba238bf235b3e9241c975d41fca444ee3fe477b518fee0e3	1985	train	neg
6736546f125174a5833e8c97cddff1656515363bcc9a5a8403cdd4020c7ebbd1	1986	val	neg
fbe30ef21762f271d9fee1cf41f23c4a17332b1dfd5ab4f3621cbee8a68bd51f	1987	train	neg
6b5440d8ee368f72fb8d60d5998952973786a68092ad682257628998b00df974	1988	train	neg
eaac9a5a934b8ae3cbf807f4bed3683f3a0a1da7f2466a1c8454a09325106115	1989	train	neg
39ce8f84cae3abfc6a0ed1c1ff77e4019058c0280783b1d8f84244e7c5a122b6	1990	test	neg
02be0eb889cf7620fc983d64505ae20759061b8cda3ea0c3dd4d3371a93965dd	1991	train	pos
e67c3109643deed31b6c6413a297787e116287a75f79aff6ffc04c34707965cd	1992	train	neg
9da213ec4a1055418a9124ae161f0b3de2cca7afda8aa8503249a698da331dd1	1993	train	neg
404d695d702b49545f69922195fff617153fe7f2dcefc9dec72976e1d6f3dbbf	1994	train	neg
885e53e2f3609854cfecf459f319ea2105a88bda1918d8387ce7c699eb2ac101	1995	train	pos
a2357874a0e60581f39ecc7c58c3f2bf548e8b7dfb53c96bb7a138497a627054	1996	train	neg
6035785397c9bd847c822bcb5d569d37a5078971276142b5de7d1356d6e3433d	1997	train	neg
3f1e4f682561fa1b980b2b4ac048667faef96c71e6ba45ea5675938261bd0671	1998	train	neg
45c4052a011fdb075193580e4e1dc6239104893f6e1dee584befc955ea74cfdb	1999	train	obj
d087ddc8e35ed7b9319a798642b5b8507c728c206c30418bb60d0dacc5830dd4	2000	train	obj
3e26f2499ed497292264c95dbcbbaf2587e49e3bff7a69bfac8decc93490f98a	2001	test	neg
5035160400a3e51681da439637fb8b6adfd5ce00de12c54710d640586dbc4bc2	2003	train	neg
d330bb43ab7cc3bee77eb5d4376bdb21b7994813dfcba72e91b90def6d79ab93	2006	train	neg
9833a958e60a51b34e53344642b2be648a965803615590fd32b0424df289a1e3	2007	train	neg
2a5720da9d66ba65a8d12cacd8c103a925a79218b81afe510953e8ed3caccfad	2008	train	obj
aabf35599d67bc35260abb15de8f642702a6749db76a5054c633a91d8bd5c87c	2009	train	neg
419dded181681eb5c910f9a4616eb4306f72879c3d025cf4378d568f92f2b831	2010	train	pos
da07d350f4252a1a2cc5376040d56a1a4138afb482dfebc2b1daba82ea6a1c21	2011	train	pos
e7c7821c87fcf1f4f016fded05c977a5571165532e460d440802513f78dccab2	2012	val	neg
079fda17062804b988b8918a857adbc5388daa9ca0a721ad80eefa53027ca226	2013	train	neg
737fb7021701265f171ce0fed1025b0d39c9165cf6eb626bd00e3ca1fc6b29df	2014	train	obj
b26f840fc2bae371d3a370c57db6d26958c730d1328a31b103cefffb1d840c98	2015	train	neg
6a05041cef115eb19187ab58e8801495fbbd5e79f794e1005284ea12f48a12a2	2016	train	pos
8fde51fa22f86e4840af861a90a580e70fd15e9d4f7653feed5c134d065f1cbe	2017	train	neg
c674b931a15df2c97a9ebdb9788f14baf8ffe064b2e21e477a96a46efe8e04d0	2018	test	neg
e1c28f8e61ef6a0b85bf881337c925c862a29bf06e50bbbb6cd5bc74b17b6807	2019	train	neg
085bd6ab97cb7049bf88d2998ba9242c60413dda5d61f1abb40482a27fbacf69	2020	train	pos
d32e74eeb87a09bd106c7331c7beacbf6855b59054edea0d22f07b5b54fd1702	2022	train	neg
b74ad3fffe9a6b3e7765562ceebd2cb6dbbf54dd8b9e7dc0ebc78d338b403c68	2023	test	neg
8e6043365e5b309f61d2ae1bc4db8a74c2eb88ca97060b337d4f6a659407efcb	2024	val	pos
512c707d037c32d0b992b36de696c8d9ebf160dbbe3ec10c228b2be943b693e4	2025	train	obj
cecacc3e34547849a956e00fa76aca890e1dd39180d62e141c9132352b45367f	2026	test	obj
e73ce75bbe7628e0f398fee9dff4ead7e84f7bef689a6bfa6c932b713b81e8e0	2027	train	neg
0ee5983153b3285e5536f7937cc17aeb13945c1714ca555e8ba12e91fbb33509	2028	train	obj
7c0370a16a620a44f1b634aad9fb45973ea0f02255ddc69cfe7acac125c3ad18	2030	train	obj
25589bdd8edaa9aa7d3df8b45a435dac5adce1f6bc68c17a566456b6e9a9ffcb	2031	train	obj
6cc0fe188f356ede100a1cc5f73960c1fe84ffe8273c3fe5899c186596f17e04	2032	test	neg
9e56944fcaf550058bb9c4f71ca4c73f49bc30924f7b5281e9e3484b86a4b621	2033	test	neg
6bc5aa82352fb2c456a9c83422ba8b1d21c5b99c92b0d8bfb2a701b53bbba370	2035	train	neg
20e28427bb5c371e8118f253dc6fa8133ab88e047121e725decf3f2620a02978	2036	test	pos
7b60566fb8d8231653b35b662798ded10bd1c7f6203e2b6139569ba51663aaef	2037	train	neg
6d0a15d7dece3ed2bee6abf7a34c0bc1b7ccb23172e0238c7b745af275231e76	2038	train	obj
7558bf8810474044cadcb99533252d94a8a385f5c3c9d2188eebdc6b53109b62	2039	test	neg
af80ca0ac68db8db6f0d22df222337a426f7bbe58760046c71890b1c073f676b	2040	val	neg
32d58e336b21f1c0a4f27cc4f44921e37b4009f36f90c2f51f24eab3984e14c9	2041	train	neg
4493beb1a25737ba1f27eac5aa350f5a57d05cecbeafc0ce40170b652fb0501c	2042	train	neg
2bf6d1646c2456a46fd7566c40bb103629c3a4d4a0f336140ed93332a2cab886	2043	train	neg
6c5a49c6bf7c919b77a04f8af4bd2798174958af8f34fe5a1c07025fd39d76f4	2044	val	neg
f13e43e052530ace6c03e7e031e314d804f02d31d5fdb92e58e76b4acf21737c	2045	test	neg
740fa4411731af10e535c9e7a9f0e4c9b166a39a2234c4f40f1605073dcf5ff4	2046	val	neg
eb661518ebab9b97c756960391c27a756cef2da62783fbe4168732541ece2699	2047	train	neg
40cf4781cedf6c3e4b49d1174f62ef13f8bbeaa41e3359c505a506ff6e6bf792	2048	val	neg
b8971e2c7416e164cddf9d1d8f1a7b416bbaabea91e7ddeb7badf60e68a273e7	2050	train	neg
461db0f2aee68c4f0311f40118ba95e094ed23fca445f9c3039800b3fa394db0	2051	train	neg
f078b30ff21f32e0672eba39e986e15beeb92cfa009974d2c9ed77abf092adca	2052	train	obj
69a313e751f34103ebfd2ef40d425ab3036301fd590f2c55e0b535ec7c3970c2	2053	test	neg
b3e1870abd31050b46b6a839b36f246af1868636b6cfc160d6d28341ac89225a	2054	train	pos
78950a9c8e1c8ce9ae1553c1ca556f6aa59c1bc95e38808d4e9aae3943be81ee	2055	train	neg
475d3caa0577e6c09244b285c382ad2dd2b392761e77e304488b36b42a6b92a8	2056	train	neg
62b6fb25b2128f519662a70192ea123e56e543333a0da66de916895e651e5a81	2057	train	obj
aa2343fb568e4a4118aac7b06c00dc3a6cfc93f087ce0d51dff23baeffd7921e	2058	train	neg
12631e22e83df5641074cceb6613513bd1f7e567af4e2daf9693ece1eebeb43d	2059	train	obj
95d8b8c03fde6ff2ccc018894f334064b287e27f4f468cf9330691f4438da926	2060	train	neg
7aca46bef6cfdeb1db4f176cfafb49a4573bd292fe00f111f5feccb1aa60e600	2064	train	obj
38f88549212f59b412bb1f2852d1b6fd17d568d74ac38703dba715576c9cd463	2065	train	neg
5b3c74788c645b2842244bb461ec5a5bbc0501abab084a38d23495d1118df4f9	2066	test	obj
621c9b37d461278c035b9d69969535768779d41fa25253c6d9c6bbf082114a05	2067	train	neg
421e5ac2396cd448c67bf82507060468226d2f9683c23252569636073adeb71a	2068	train	neg
079c94b6c9a1f2c57ee9d55d5480f4c82e3635928a566fd4a42e274abacf0026	2069	train	neg
501ed159903e469d8f78194d2e42c622f93c15a8a6d11ba1bd2b280f76133975	2070	train	pos
18b9decb08c3e9a56c76cfdaaa255551a949f4f060f320a227c8fd18a3935f79	2071	train	neg
0320dde4b43cab70e9a34913b5d2528166260a1c875c28406b63322f9e55c739	2072	train	pos
e0217dfc6822493d9c59b10ec67d373076f13d08697311c6d2ddf11d0fe59ba9	2073	train	pos
b86e74fc71f382ec4be305a4f5669a407cedf54fd208f3671ff515a6b6c92304	2075	val	neg
f35b165ed96d8216c9c0bda4703b8834000e4d66a5ecf6f2ca36491f396250f0	2076	train	neg
428e51782b81bc4444391b07a5dd8f2e090c1efd573b41a31e11fa4e492c7195	2078	test	neg
8b769f12b320b7f75145dbd6fdc789780310cdadf61af31e20d61e510f232a44	2079	train	neg
72a3070c88c20e6a3b00794a7de5ed1afb646129a4e139fac729a7a4c755570d	2080	train	neg
da7ac21691886aba05de2e78df79a585dd12a073848acd6b243d22417f119121	2081	test	neg
8fb96026340ec240fab1925b2f2ec84a0d4adb881d5bd5730371f807b59f3036	2082	train	neg
509dfb228f09882cc3015aa60e9ed80cea8b612cfde3536eab0cd31a4d4dc974	2083	val	neg
d5de7283d55aae971717e3189a50330ac46410298c3900b3e13758352665e61f	2084	train	neg
4cfdd08a61c9b34a2ef46fdda00f778462c3e7e2b6913ab7855a4bf03a53d422	2085	val	neg
5bdb9caab943c38b861b8b289210f559c7dfa637297ceabf0f8da7cc517f71c8	2087	val	obj
1bb156d378494be65d15af10612f0a0e2564e71b2c786924451fa0b14174d173	2088	train	neg
5fb97278e9df8fa48c823d10d4ba672684f4a0bbc1186dc0c28cdc7da6c8fcf5	2089	train	neg
fd87cb17d2d5e63bcf75784468bd27ca392dabd804508f58f8b7f29046dcdbca	2090	train	pos
bbaae5fe0e7d736de67dcb2297f415b6c3f7af09bed2c62d7b80e2394751c489	2091	train	pos
8b3e48cd03935702b598436bd6fb9e9ec2ad1647ace17c1e47b630246c7620d0	2092	train	neg
b204e43be7eda8366fca61a81aa75648758eed6a6c8c48d30922f73c6b02317c	2095	train	neg
7e5fc65f812385c35dd8e5f68f26e3c0df85457e880050cd2af8534c11fe4713	2096	train	obj
6039d6e4f6308f8b5d36032b208d6562e790c0ecf5227c7bed4cc595c08e363b	2097	test	obj
9bb110a3fc279b2bf3026b6a212d8d5cbfa71ffce713f299e31c59f159624241	2098	train	neg
3ef8e7c101596cf28206fd69a7c1f7879eb1a2d217fad65f60e451d611a7bfaf	2099	test	pos
6b7001089c7dd6c889399ab1906a0de852da5b523aeb2664aca05cd6cb1ae0c6	2100	train	neg
32862e21f44603324d67a1858226da2c52ec76f2dc2b0053eb610e25ea16ba92	2102	test	pos
4080461a2c1777d4de32352fda62901760c27bae77d3201c22066ef4c9e0f396	2103	train	neg
f1a29e3c2c1e6b261766d81df6b244732d1c492ef756690ea7b4fb4d5b268ce5	2105	train	neg
278a3fc763237b33417f0f32612e951c526e843aff9899280cbbec7de2e4e0db	2106	train	neg
c9f404bd70b1816408c61d777fffeccd14b02a1f1252f06ec0c85be525177d0e	2107	train	obj
7618be09d97e94260599a7f60062d6140849cf17fe008f4290053980f0e29239	2108	train	neg
fdb36bf5db951ae94f45ad62d4c29b1252401a61da9417b879703c77d188ed3d	2109	train	neg
f3143e71ceef4c42c6085209d5ec5d0706a1796abe0fdff20e38c54bb29142e3	2110	val	neg
e8f685e0ce330cf1e59b3b1d5054487e95026094de0d62c34ed2923473d0474b	2112	train	neg
0d4f22ee9448afdbb50dd598eea1711532b87d91eb6c3f410fc13e259aa98b06	2113	train	pos
d41e85bff114841092fba1276743d65e0714eb940e206d5147f8613a598de536	2115	train	neg
ff198749ff80ce68d8d7b1594891af2d1f6eea9ede1893141c3b0fcde3b84d08	2116	train	pos
f109b12577149aff27c53e0731471eb1607098ce44445cab4aee6a6292cbdc28	2117	test	neg
150c9c7ddd7dd8f4ce29d64085d63cd94139afb268b7a07467294a5b5a7db026	2118	train	neg
99b0c10196aaa339b4e8bab44feba25d65a6717bc2400d9e26c293af436c50c7	2119	train	pos
d7a78cd240c001b9c9a5cebee58e465811f4275572d37c8db5058a3beebc8d3a	2120	test	neg
b428e6f8e74697298400b358623bd9933c55f4e686ca511b0d3377577c8bd358	2121	train	neg
dea75fa20ae97aee940a2bde234785c9627eae6f505c47319b1bcaa01d54080d	2122	train	neg
38381e2926dd9e3e17f973d645b0ab291934b9eef47d5f03249abda62b84cc8f	2123	train	obj
7046ebbf4aa836dedc3da8358ed400f18cd830a45e3ea531727b4de37ae7529e	2125	train	neg
5cbb1ac13fbaab81d6d44dafe7bb2c6b814d0e8a0a8204e9c49db53e634d1cdf	2126	train	neg
f2840ae5827fa125d3f33c71cf0502cf825ff4c2a689b5fecebd2bffaec5243a	2127	train	neg
6d9fb5b541cb25252545cea3edc7d380a91c7e893ace74edbf76cd2717b08fa5	2128	train	pos
a794c481d50e457eda95bc3cd37e7370509789019d707b45ae154d82530cd4fc	2129	train	obj
2b3b1354918b39acbf800c7bbd6857d8f33540a02c48eb63e054c3904b5b201f	2131	test	neg
3fac693d8a4eb4b855f73a2c8b322eba0957c4eaa1de99477e1ff65d69674ed6	2133	test	obj
2a335566429e2cf482ac61ec64da4dfefe6a06f534a524b524fef758f68bc706	2134	test	pos
3f511898ebf8720ea224f00e357a2b03ef7fabe987957ad34ef33817158a5b46	2135	train	obj
fba5bd37fdc66a00542550e32508298711de5b62c3729de3bd774d0507272c8f	2136	train	neg
b726ec7f0271812f4546d6ebe15a306436a822730e84251d34cbcdf38cd97d2d	2138	train	neg
d7cbe2608ffb0f06915a187cae7c5ebdef50a79ad88fc335fa70e2c76952ae23	2139	train	neg
7889d37c254b0ef88b624c74eb28905ba87cf946d41ad8c7d05008995d901c1e	2140	train	pos
4b34f216d167e7ac589d78a5b864b32be6dbd17f3021406203959cc6013f33fa	2141	train	pos
eb501b5609d25a0720f774860392b83a3d5e885d6e301ee5d79c1b3ee62f1eb6	2144	train	neg
682cbd144293e25856fc2864ca2b29a3174d99179d667e4982d5b686dc868f9d	2145	train	pos
c2112de15f0810e1aacd18669c60a1aa4c9b9a1011a961ba6f816253a77c19d1	2146	train	neg
e5643376e3e712edf7ddaaade5d56facedad86fd787d4cd7bb546c9e0ed68f56	2147	train	neg
694f746cb2fe136f4ca958c6f679a6c49fbedf6f6566b366e5eb5da00427f3be	2149	test	obj
4535f1c9465b617f85a8cf4496d882e3243da7d88a3fff7cd71d878009586f16	2150	train	obj
cd340452ed24497647d9d4e42946b1bbd50bd2bca488dc64f22c8ad4118adf5c	2151	train	neg
69ccfe1efaa87cf9ef6ca8473acdc08851b96b6b18e2f0893c5f62966d43a3ec	2152	train	neg
a95e819a695e0f19ac239278008917ccdb61eba7b46e599350d17691c6ca83af	2153	test	neg
94871a2d743499bc9c248a922fddebb9430de05d2dca7227a0943242014d2e26	2154	train	neg
0d04fcd6348018cccec12e3def26463a6a96fd92694ad857540a485e1bd934f8	2155	test	neg
4295cc4fbc1b9fdee71589d4f197bd5e34eb8ca7ce6648a1d41a335b6edb66ac	2156	train	neg
207ee7c3f150e4f8c7acef30a6bccc9edcd4f6c3b60e0234c0b50ca72709f9de	2157	test	neg
eb82558cec7b27c7d9729e1783119b96897a5b69cf1fd9975edaed45da82d497	2158	train	neg
3caba986dd736c5b3cf4e741d4b296f710f50120255ad05b8b94b37369a5d5e6	2159	test	neg
495c4e423ba1831556bd372aedb7820272d9408c3fa161dcb3aca2c195f91e0f	2161	train	neg
6fe77fc014557bea0d2a16eee745342f5e97283869a96bcec58a7c14f7a5214b	2162	test	pos
c381e2a92bc4c70c14b53c92c1a7416b8b63ab3c8edcb8ffb39398208fbd3519	2163	train	neg
9893fe1e34aed3963322bed84dd4dd24d4aaca6068a67912470ca64f0b5de9d2	2164	train	obj
55786392cd858e41572713383d62d204b032274212ec8f3e997c51ae1f934590	2166	train	neg
dc343f717562240439b018f48b9a338730f2e3fe68ab796ff3338155a4e06278	2167	train	neg
fab5324f5362a4d548d3f0a1ff85333fbfb339cec8d48c9ebafe8b535a23b731	2169	train	neg
4cb312bde8dc395c90a82a32ea7adeb8833f5db9996503a8e2e229e1b618334e	2170	train	neg
ea2c8c3f12f476273a75d0741810d84e8d933005368e4383e4053ba4e9f8aaa9	2171	train	neg
0c32e78d4091a116a373a9408c7c2b5f0ddbf9675326b79b1fbfe423c24fb15b	2172	train	neg
f79112b15da8ddd265e7c38b4a37e92677cdeddeeeb016df59fc5a063bf3aedb	2173	train	neg
1fb1ce7274640dfc3f37f2813127047e17d85be9c02a453af47a545a7d42138e	2174	train	neg
d5d15b70b8a66229051867adf1282e84fde1aca57b14e5188c5c7d03dc9aa1c9	2176	train	neg
2ee20db075ae0aedcba3379a6df829dff8ffea72d9a77039760d20294c2d88b6	2178	train	neg
f71ce8f993649f3efc0883ef80d7cb03aca94ff9e60842b4606d9578b19211e3	2179	train	neg
d8a9f880d1c75b2c5e4f88e467778a5b16111c77703069c6c8f0c5f90666f439	2180	train	neg
79c29862ddf33e49ce50830ff9d6117e1d737d3045c8458f7971a6c9d0e7a741	2181	test	neg
776b9d3329311e07a763ce2e59f401059f6db56e5d2f01e2d9fbe3d4c673081d	2182	val	pos
8dac00b5d9d77a69ee793ca96a503a2a92f9c1ffaf8c7151daf0a7d842f14600	2184	val	pos
9435d81a49b7fa1de54e3bd4a2b2f96b820c85ffe764db52561ac2aae40200ee	2185	train	pos
1b2143b98379412388ef3e541af6980f96e98407b5d0333e35289be31658478d	2186	train	obj
3b1f2cbfa54b7a1f2e7bb4fbd3746c8752b5c1dad475f9040c361c1242512508	2187	train	obj
2520643513d5bd1b6c9057951afe9e079ca9486810ab8f4f919ce370c8f8054e	2188	train	neg
9dee7e005bb29373717b44e159320f338cce46abb684b0f451db63c6b7a1a3b7	2189	train	neg
a41b92a9d14e619bbd0d9ae48b7463664e66fb9e61b7844886617c3e89accd04	2190	train	neg
497018f30f3ab1c3427dff67883615a0539782a9b1eefb295cca397f8c0132e7	2191	test	neg
fbdd96ebdf05bd44f301025051cbeea390d5a3d4ea1be0d0a45128dff5a2f999	2192	train	pos
b74db258eb2adf3a62ec3bd539d0a2a77243a54944a0447d20547e4b51caf968	2193	train	neg
8d7149153722235363e070c52029f9d1e8cfe58e8c0831060e2ba9beceb6362a	2194	test	neg
6d42e72a1c29b0ae92280deced94b5a906f8bde772be7c298a9afdf60406bef2	2195	train	neg
a8befd73956f3725276aaebe422e2b21d4f781af5c089671134cd1769426dffc	2196	train	neg
34854bcf0a9eabc80319c3ea7f6b034324c0c20d5780b487174f60e36d886ff2	2198	train	neg
a28e4285474d09caf487453edd1e331c802d6c879ea33adc4a950a7941b86622	2199	train	neg
07f83599738b6c58b333608796cd2d666ac4a92063ac8beb70600c9ec0e4ab5e	2200	train	neg
3d6dff62a24b30e777b0d68516143cbb4739f66b0d7184692ad6045831d3c492	2202	train	neg
6438e32af01eee7994e140e1b830d470432f7afdf7611682a85d7264cf5bcc16	2203	train	neg
077febf61c35c2a7f815dd64cf2e665aa73062b9580ce02d87fd4755d80803af	2204	train	pos
5e1c12d2e6205e4a49ee01666fa5f9d3812213c612f67d2ede016a6fa28f89d9	2205	train	pos
71ae31225875f4066358170f92907636d02dd2f7c0d3555d38c249308dae8f82	2206	train	neg
06b9aefc872a8b35ba4088ac22333062f575793e66e882ef3ba4e06d2f764029	2208	val	neg
63a275dffdcb7dd6d2121dfee149ed479a88609b4f40482e9cca4a5870b7d43c	2210	train	pos
3f3de382221ac94d2077a9069c790f3e36c8be652935e5aba456fc486396644e	2211	test	neg
f0cc181238c8f1835eaec5530df1be8260d55f223d73e00ee9e13b297667e974	2212	train	pos
6119b8c6c4c45df5376da318c1f727d3ee41e2ad9335e4885fae64cd9ca32216	2213	train	neg
df62bf3e0d54ab9535113b33f1af9ec746edad3822af1c294d6655dfebf298e9	2214	train	obj
da4da5b5b1eec1b5f192e6d8e8f2553b9b6b56ee912f1bcaa4a6bdb400cf45e5	2215	train	neg
a2021e8d61702b761dff9ecc5db7c75af34feadb5dcd92bc3e6ffcf7bb26aca4	2216	train	neg
2bea72f72faa061c1b8f8817184516bf96571c750dc7b8cf6e76f7c4e9886e1e	2217	train	neg
183d03076e2a176cdf5eaec96d675fb3c4eface13c789379875499a7dc713e5f	2218	train	neg
16a81673f1946cd39bd5d17d63f7dea3479f4529003d4ac7a86fa12c70d65316	2219	val	neg
58353d8aee0a088c577edfd31436203650a2ac29bc64b3bd1b097dab6279d939	2220	train	neg
c8bcedf1b0c5df4115e4ac1ed9a7909f6783ff9403c67bd671216e489f1a69fa	2221	test	neg
5a084884eae30429b5a80100fc5e7dd5cd8c6c2136a8aeedd15093a54b6e45fe	2222	test	neg
9a7211bf25a35df9d40ce508d03833aa448e3c87820f17d713856707ef84fd61	2223	train	neg
f88dee406458e5cdfa4a471736d36df4e52fb78883bfa17bf8c46dac7db201f8	2224	train	pos
adc109040a178dd1ee09f29513532b8b0b839c78174c1a5d8afd15da3a7ad93e	2225	train	neg
5287ac3e26f9f98454993b1d794cbe33c195f37477ad60df0e1d38cd2469c579	2226	train	neg
e10a203def9de63d9dbe962b16f2d8ca59a85828ff5a521c2bbf19c9ba0af3f6	2227	train	neg
2621ce97961a32e49866b21efe0676f7140c789d2fd34cac12c1a04fa5e68517	2228	train	neg
f541bcebecd5cf5395e241b4c6f55d0fe829de3bd71b65f1a600a119b2981ce3	2229	test	neg
3c0749e3fe1bfeaebbb4846e4c063f1c1fe84e7680a57e340dc6cd2a78e08d00	2230	test	neg
2032886759172d265a6cb7477495e3d82383cfd2fe3b34d58f8f9841b0fbdfdf	2232	train	neg
842f5e0a74b4fdea5bec7ebcb8d9cc5baba28c8bf17e97d23f26a52036c9cd25	2233	train	obj
73e56dc7dd52f9e00fd70e2131eee9135aebe03884b1c9e746ae3039c12b1f2b	2234	train	obj
602b5b20cc460a7c85524ae45eff75374b00672e5226de6d3ba92cc06fc6c3c4	2235	train	pos
51015b9003ebfe98c494def3baf1cc23a1977b939e7a2c1747213771189244bf	2237	train	neg
be96204e5861d500c95678d6f411824482dbdb768def4898287a9773dcb18a3c	2238	val	neg
62d130fa15450978e30705649feded658231201fb1d69d798f646613c5e09bfd	2240	val	pos
0831c49d2cc5f93656b832ed876f5a540af6434926d6c18da5c6c84ceb78c706	2242	train	neg
6ca363e9f0f23986410d8755289b12ced8ac81ef7ad2d2a609d655aabb242f8a	2243	train	neg
3dd1e58c6bc3413edecf1eaa3c4a3afe24b81d55cc71073ff5f07ed1a7a12bde	2244	train	obj
203b780f8e3c807cf54c88921ef22a4fb003c47fbc8a152075707713a4813f5c	2246	train	neg
cd7743b916cd1aa0a97cddd62180a8a875401784af3ae08b88c1c8877ede57d6	2247	train	neg
8da395004dbf87cd0085d924cb3438da1860af73d835cf95162c30347551de5c	2248	train	obj
9498f40c8e33ba5fd27cc137084772837ce3b7cb40a8bffba66cc7f4a9fb595f	2249	train	obj
70d38f03ca6dfa1d94c7c503a32cff8c3026def873f79f44d714e5b21814b867	2250	train	neg
158f56d44138386715e96b00a948b1e666cb95741471aa6061e5c05e268a9c6c	2251	train	neg
3ca83abf06f4678f3bcc6c3ebcfc989ddc291819f407778d6eecd121381e50ea	2252	train	neg
484ce34cbf79a73ee6ee76974b14edc52ff15ff4ef0f7b85b2f8a9096f38a992	2253	train	neg
b18bc3f5934fd38f7568ea1786b05346fb4579ba3b726bc1edae92442852fedf	2254	train	neg
c6c55d5d477ab0e8669939b9a69a57b76f2f463fd6f2b0c512a587f22d94d79c	2255	train	pos
e619a56e75245f676db6db33609fdf7d7fa6cfde50ec4e83e6f673e3c068edbd	2256	train	obj
cffefc09fb7095005a94b68544af38c0b6ee289a7fd559d7ef448c720bea7976	2257	train	neg
46873852a4d8d3c06dc46732e8887d997750ae3033974adc9086dcdfc0b99b34	2258	train	neg
035e4806445cc976ac540dbb4d21cee6d21420123ecf9900af6d0622b837fbee	2259	train	neg
8ccce3f8d0e7c09055db427fe84d01b636fef4a9bad0c8cad0a6511c390e75f4	2260	train	neg
bc450abb66023c690df9c90c3d7c641fc305ce16aa2024569dc1bc66dc5861f4	2261	val	neg
d206800f0ad0714d673d37b95aba566bee39d9c6729437f6f54935490a08fa42	2263	test	neg
4b293b58f96583f28e988b062a9e13e4c9da54fd1be63100d3620792d2f314b3	2265	train	neg
8c211265022d86fef4ea5283889d90cd439c08c74536c99ca60965849617f191	2266	train	neg
4d6e4978b1c158539a3f58e5d43cd6072884c48a5727eef3c822cd536d9c4d09	2267	train	neg
cd50904ac77e07696508acaa5c83dfa10a55949d2bb98fac23f506699c225938	2268	val	obj
7ae6c5fea84ba4d44e9968ea13bdfd5242ea9deb1bdad47c2685bdaecc2ca783	2271	val	pos
95b36ff89e78c90e9b0f993a9303ad14c757760edb9effe4c0bb30edc773a07c	2273	test	neg
8babff91b0fdc5416ab7da24b7a085812d12776c62c61df71388b625963d1800	2274	test	neg
57b35f9d9c89ed3a4d131bc92444cc5bf7802345901c475e392779717df3e8b9	2275	test	neg
8fb90db28522383fb0ca217d7e756dfae78fb8ae86e7f57a22640ee8c74bb98d	2276	val	neg
25b11cd0d31a116a4c78691b705e491bc86b20f92ba6b1490451bb70f02f079b	2277	train	obj
2c52016a462797c6e43bacf75686367bae8b1fbee57540f7174a5186a2be8e8e	2278	train	neg
7a9b1d7a757d32932389f32cdcd99fd6cc1399a620fe8735125a585f72011bc8	2279	train	obj
053f7b1970903b6d1ac7e19faa15cfe4232ba7ba3b5dfc4191aeaba2fd93bf4d	2280	train	pos
753b2cbc1ea8b200c7cfe6546df55bb6644821792ee6e0b06cc7eb948d0f902c	2283	test	neg
2bc9e6db73ec15e342230d8db175326aa76dacbe152c468fb23f8b0398ae9e68	2284	train	neg
233cb491f3ba82d24aba0a64b31d019b89d5656acf7bbb9daf9044a761fd3370	2285	test	obj
d5f0054b84b8ad6ebf798c03376ca659ad93246ff7f4d1c8438b943261e7f1b6	2286	test	neg
b549af3b5d3a421a80504493f8a564db51233d224318183911291fe21622e5b8	2287	train	neg
b9af1c0f37bd9799f349de24f7ce3d920f32896ea81b0e367021b79d422cbe6a	2288	train	neg
33550d6fe47bddbeb0f6fe1a8f12c9d98a1ffcf6daed60b91a3e11c05bcfcf03	2290	train	obj
8f527b73d613131343860e607d665185ff3bf0c9ce224a3973db7c583668cbe5	2291	train	neg
98a3166c9263045bf54fb89e017fa5f6f50d0acb6bbfb81275929c57a908393f	2292	train	neg
f02b67c446d0732d37939207bafb4355c70ba1cfe23e253e502fc8dbfb17611e	2293	train	neg
9bd096a46a7ce4a221165f8bf33249f258e3ed17a28fb9d8f220f21657e079a4	2295	train	neg
d946171770a3e36a86b4a01507d51825ef8b811cf0eadddcdb87edd11435eb23	2296	train	neg
02f2a713a28a97403a0e90dc3c446e0f92887829c4928223fe18a79f9d97d029	2297	train	neg
773b6b52e641d311fc3bf791b11c3462806df7eae1bc45950482fa8e6974a5ac	2298	train	neg
8c87048de20be9626413a679a70f900899dac73080244500873899fd7c0e3eb5	2299	train	neg
f4c4bbe76b5ea3013a01fca13c2a70cb7546767f24c81f2a6c701c21035152cc	2300	val	neg
8587f31832383183e85a02a37548ed0bcbd052946ac47872c212689fcafbfcc1	2301	train	neg
b8c30527201fb308e585d6767e3e8b4aa2e6a8f1bb23855af2bf9ad30eb728b3	2302	train	neg
16612ee92f9c560ce782db733ee6a35e23074e0b7b1dec2bcff3c00877e8004c	2303	train	neg
1fb7226db3ccbca540ab2a5677a0533d7f213e8864aa15f74d66e05b9781a316	2304	train	neg
04c16683b233cf52c2f7787532f75b79260bf97bf746b4ceb892b1aa99e7c278	2305	train	neg
0b877c70b217f8835485ee6daa976d6a8a753a50a1995c1559618a1094ea7cf6	2306	train	neg
8869534ff1a56ce985a96f1cbcfb1d808cf620585f3ceb714da90b6835e3f710	2308	train	pos
7667fbbb345b6d17f5d5895f3965fd127cc195506e9ba93449975a3cdcdbde22	2310	train	neg
e7ade4a727833dd3723fa05b89920e495f2ae093b0199819cb6d58944200d77a	2311	val	neg
db38048b40d089c801970ab7e51859836e0ba32052569e823bd7aeacbb7a0ea9	2312	train	pos
8e127a01ce42dd4ab163b25d41abc06bbf80c35cebca3cf315951a1c00b5c006	2313	train	neg
3ec8f399c3a28bc4cc81cb2837ba36a3dcccd29518fe0e70413f2553465d12ef	2314	train	neg
58b20ec367c2f8e557b9a19f803c8b460c35d4f1121a932ffdea1a7af5673f48	2315	train	neg
1e859d0e4937b9809f3f9a23715c154d7335bd0c958dc509d09bc6a81a1c38c6	2317	val	obj
a38ff859c5145cb894568a91fef1c359151895d7f392f4a29cc11fcf4e719f8d	2318	train	obj
8a1dca66ade437bbbd633d8f15d1fdaa912160012bd7020afe4f05fa12eb545c	2319	train	neg
f922134f44c4a9d0edd3f1d537da6e7abe299b9b8af8164b523aff89af77a46f	2320	train	neg
07dcbee26c0bc5ff6b7a0c55fbe168dd78a7905725282e973310c08a947b552d	2321	train	obj
90ac7df5402a49c3d8617203e8b5a470454025a259809871dd19a6937b0f7f0b	2322	test	neg
543492556304059ba36a08ae5dfa0203703ea6aa59ff931c13755def7fcdddb6	2323	train	neg
65ce9cd07d1a669d15cb12ad7529ef4cbbda0d8e10e6f91918c92b187a305fbf	2324	train	pos
5893617f350e3c8d04fb35de0714790c3cdc963a02e7e1f1e229cd005628a719	2325	train	neg
08143842cd93e53431d7a1f180b0072efa20ccb740fc075cb5a93e383230cd63	2327	train	neg
3e8806f656eed0052065b922f41feed83bd06e0185f334c395c697231c9d8e1e	2328	train	neg
781d02d5156d3b841b1e1989a7f49c523eb8070298d4b2f5cd557c5a6f26b333	2329	train	pos
7c77c73d55ce5f023c916221c3014e728455da99d776d2d529dbe86af1b290ad	2330	val	neg
f2ff4ed298e9fc198d53740cd517b3fdbf09a4dc2b6e7037e1a8204f3b0573a1	2331	train	pos
cc7dd7b70d47b9110b61be52d499e9d0270daf975f1df9a2c7d83bb1791d8134	2332	train	neg
492ed400bde6107789ad8355fb6ff579f516167961e68a1141916909e51be549	2333	train	neg
e6ff58eabdfcebabbf75fca06b3ecf375dd26dfa573d8a172b61532ec058611a	2336	test	neg
be02a4c1a5e0de00e9917ab303d9966eb747b9176a3ca156bf37af6b729d5bdd	2338	test	neg
43828be4b943d1d36153cb2abbaf3ae50607241e6f7d54a4c0febd7428011d0c	2339	test	pos
5caedfcf7799c5e8626b2c90aa79b2da272150edf706ac59280590773c0b2e94	2340	train	neg
a87f15dd260ca204bdbf70fc67de20d19747c9bddd204bd9d1c3117a5c3b291d	2341	train	neg
2cfc63558b05ef7cf775e07991a7cba6935503c95ff9a95515e9ead1f5a1e30f	2342	test	neg
c338efd80b89585e7bd39763f5699d1c3fd91b4b55cfa0632fa94c792dffc1a9	2344	train	neg
b66d73907e3d25f75ea5e036aac419493c6347a64e58c15a2fa5af87f069824a	2345	train	obj
aa6c5b7ebbc8707de8cb7d025bcc688c23a1e33ce7128f38cfdb8cd4154a5086	2347	test	pos
29a76609d577f067c3587dfb2f4b2163ede861ff02dc9edfa167f93dd48e8be0	2348	test	neg
f72772c9d3818f6fa2a9e97741cbc03a2b415abf7342039ac4cb81e1a879581e	2349	train	obj
18bbc5d86f5b494159ac22296198eb6def4fda7ce16f2e1aa535c3e2d2979559	2350	test	pos
e5b4626ebf3989fed2308ebd2ceea70e2669ba70a2eaa1d13f8c4aa7b6aa04d6	2353	test	neg
fbc2e018d2185337eaa60adf5a8476776f4019fe546061be4a2681b9ec23b312	2354	train	neg
7e86d785f4760ed5bb96f797e0591bdf83608b40fb2bb018309ecf5eadf7787a	2355	train	obj
8897dead996cc7ed550859118ba295af7d3f4fd53caa77a0fe46afc5574984fd	2356	train	pos
a16d6846fb652243369f2fc691cbe33a45fd0d3eadaa96c28985e2ebeb2aa6b4	2357	train	neg
e5b5acc5165872763f68f30253ef7b74be52ddfc0d6a7acb0c6a128eaedc2851	2358	train	neg
b233d465c9d0cd8eae6fddcdb628de8febb0d001aee80d271fdb2eae79c15e56	2359	test	obj
704d5d58d0a3f6dd67c618ced856cadd9da2f2865251b5f0e64a332b97b16ab0	2360	train	neg
467f59bc3ef827a9c6e61baeec28419c2341e631e2f2db2a58deecc8345312ae	2361	val	neg
3d8a6efa7218e53cd7c423c8e38eec16c19074088021bc95f82443876fe9f09a	2362	train	neg
38a8dc200ff82879d55abf987ea787d64ce91c958cb5389897f6d29429e69a9a	2364	test	neg
30ab60d5d31377b510927da8c211f719f8a2c46b4654b4cfca4218a64c23a084	2365	train	obj
407648d2b5043cbbfe035a8e9f792751bb6610d8068d68431db2556b91183e3d	2366	val	neg
660cee93a8249ece5509eec979089e67e4ce97689ef5857a22b665fc1333b187	2370	train	neg
54dfb6f4dd8892622b65d8aa9efa9d6667a126aff382dad2db7af486967b463d	2371	test	neg
94fe67aede585b68f557fb2ba00b65346735ac47cbd828e47e0cb84153c9f589	2372	test	neg
90fb9f048f7550b513af525a5e3e195db5bd0b10ccb5d4c11cc1fb1bc495d838	2375	train	neg
72873abf854fe15aedce5ce65e63e73f8ed855943146a0d62a296d4c522c9d34	2376	train	neg
3c5296df9bf8634ada94ac5c73798cd7052a28752a3a1f6e0acfa1c5c1a05e1e	2377	train	neg
65047588f6d492acb531febadf10e7c52a7ab3dd28565eff0cd8695d2417b270	2378	train	pos
4c7c66bb5cb40cdc0b0d044e70a38ad110df48ab5272c8653ac49c8151a0b8e0	2379	test	neg
635b2e689572b3d470a6397dc74b2837d8779a2f0fa30d9ee69ce1b4e0085cce	2380	train	pos
d8ed900ed119fc93d04784a465669fb35b37c5d1c7c66cadf4692d89e9169ea1	2381	train	neg
aac18be064b15b541924bceab08fd39f98e2b1bb74df97b0f78fee2ca2c8ba48	2382	train	neg
4b32c7c51dee28dd326ecbc18f180d819bffbd42a7225e2844ebaac342aa08d6	2383	train	neg
fbbd4eed0a5ba6f6b90eb690090b914284a99ae0d4f85816b348e1e03cb6163e	2384	test	neg
a2addf60c594c91706d3eeb678d73437c09c9387af1506155a8307df323a9973	2385	train	neg
4eaac18e74f46e96004c00fb6b3f97d03d3177fe57f45bc16030e75a79854817	2386	train	neg
6afb96219db3e46c41c629e58ef285fa1bb2295e910e5ef26e24a3a5426a437b	2387	train	neg
e5212d63ec2fbd7e38a7a655276ebc7a73b14e22f8982fcd2433ca3d98fcce26	2388	train	pos
75f14fc77dcf77bf3621e2f8a813e58b1ad0f9321232515aebdb445f78134547	2390	train	neg
c5ccb8d8403b0e9eaa9cddd694beede46c385f9bfc3d3bd687a0ae13ad844071	2391	train	neg
a4ce7040dc6ef36aa164f6e321e94f7581a6979608d505862bce9e070fa26e82	2392	train	neg
6fa02b725dd7f08f43e14e6740b2ca6015fd999a203c3a761465c3e657c1be58	2393	val	obj
9de7e2d86b210121d32c8090b93cbae96e0625eefcaf51038050e501865c14b9	2394	train	neg
721e744327d2b4c0bef88baf77f16a8d0d7a0b514ecfd4428f7386dc0adea28f	2395	train	neg
85bd7f03d3bf52ba5d55e43beab01e57d5b8aa2229df873844034809bb315f62	2396	train	neg
3e659c6e490c738e0fc2f15edc140d6af22a89ca6137ed31df097ea2079a08e3	2397	train	neg
a49b24a5229ab14f0234e6072f9d4f1284583a667f8069979d6c797cd946bcad	2398	train	pos
cfb4053dd1083a106dfcbf7b06a375bdf30487cb7784b0c8853bd1ab6af02c1a	2399	test	neg
4a8022fa634acf72c63d3139fa74325c8eed0d3e252ab518063e4e40ea0d9388	2400	test	neg
937b483ebcae3adb657fcbf6990d4d3c0f49af995378259d99fabff16468f05b	2401	train	neg
325f54316dd7ddf5370a7660524852ac2c49f254dbb1e3fc628d864160e500dd	2402	train	neg
aa51f9b9a68bbf37e2f6bc26f23e88c5f9a87a36879efbf636974130ab38e2e4	2403	test	neg
865e4a2650fd1fcc964598a5f51a5b9d746d222b76915779f5babe562a4008be	2405	test	neg
81d8b67b14698488c99c44302675f1fcd148931d93f42c1f316b7f3906034be5	2406	train	neg
f0119ccee6bff3185670d1a0d9f986864e6a9bc557edc2cefb7e58bdc2c13899	2407	test	neg
351d5bfea0c9ef90740213eab35ed7e035031d74fddf29d91b669a2cefe0799e	2408	train	obj
0a4b79917181ebe75c62762b77cbf324c75195a1f56304c3caff6b48e54f5a26	2409	train	neg
c52c1449b7fe9ee2437723ee99729a12f499e0c23d0eb6333bf84582e30c9cd2	2410	train	neg
2ff6b7946b0e3da1c2547e5f2afa08ab61714052a0bd73a831598dbd9642fc45	2411	val	neg
850291ff9ab19026b8fde01fc1e53e810b2f046e44be24c5f2a7cd2b4bb39e44	2412	train	neg
1a28ffd9d132ac183f11206219936ba37915ac7f0d8079b2a7d8b6f74afd95ab	2413	test	neg
17ef3589411a3a5c452a03f2227fa7f0c244438baa570457758cbd4feb68ddca	2414	test	neg
f62e8e4e97e752d93dcb8500303c5343a8935091cf3a39b99da346ecdfa477e6	2415	test	pos
6dc461300694a053acc9e5db7b3db30a23a58a2c36a1fdb94c28c7f2681fe96e	2417	test	neg
f827583c355c9ba4a4d6721b2a3f03a8cb0f1f83fc88d09284160280896fc224	2418	train	neg
9a855f53569accd1c8bd61a5455b23f00e076565799b14b3cf15dc2d0a935d5b	2419	test	neg
7517846d0fd28bd4b5cfeb95ea165a2e72301992b3672bb7c9c584d364e60476	2420	train	obj
430c846216b72f2512ee60dfa973faf81ec8d78bd933e37aef84ddb8e326e54a	2421	train	neg
7c1918bd8bb72223134db1e83a0132e8a8d8108cde0cad792ede25ffb9270369	2422	train	obj
df76f204846058b281aa7860a324d37d58ab1d579c61152de0e2675b5faa3ea8	2423	train	neg
53979f3b86543ff2aec264fa69158061ecee22fb2edf6e9c11c9c78eeda2f90c	2424	test	neg
af9cfb4703ab3d4753906a10fe01fda7dec7b841ccd413ad4e7e5bbc57da02c5	2425	train	obj
f2607982121bc40d63ddb1910e8303a98b670a0783e889f3fc9a73c7d7946e76	2426	train	neg
ced52c7620cfe365ac9442c3f2e051a232a5574fad9e8c607c316f90bda35374	2427	train	pos
95318ad48753f7210dcb9b5ee36d8629110d5f0e94b787727b4e9c1c14f67054	2428	train	neg
b18197f0981237f469136804299834df8a765504d6fb64101301baea0de46508	2429	train	neg
2970a22bc364a7062a46cafca3dd9de43f5df32f777f1a204bc06c551226604f	2430	train	neg
da8eb6b56535390c0e785ee2be92008dbe13a63210e0245dc79374b2a0baddcc	2431	val	neg
497063758234f6937929c1c740cae21fdf42ffd9842f912bef4cf334261ccb2c	2432	test	neg
30fc8f089777789e508702a46a472a0759fd93a7c10706ba139e1f8bfabc9af0	2433	train	neg
bb772422f153dcf049f69fbc36a17b3f101c0c3dce13296a3752fb4ef0723b67	2434	train	pos
21a1ad9e2294959e0297cb988a408936000f4892813fd3a9ffdab28695868db2	2435	test	neg
d8060d0f23af031724a13c40d0db2bb02c07d51c49e3bd6a0edcbbd6c9fa68be	2436	train	neg
f883388c7ef141b167cb23a985536269aa3d11c7afb898eae7ba5630d66c1d28	2437	train	neg
72476d14cfc03b7cf8e630dc63fd7f6b3bcc04ce3ca5b2e0e49a8cb9d0e3fd09	2438	train	neg
9f2880684e8d70016cb747e33a45f4ff9b03af8c2e4116c8c78d698f8742c948	2439	train	neg
2fc171a00584616db9e33b7b16458df2691ef58f280c8cc36da015525b83325c	2441	train	neg
28e95a47d8b29330aff2fc0e84c55963ddddc2f5970beb80109ea39d1af3b5d3	2442	train	pos
d99442d8c75564fa777544e43757915edc87e642b307464370d1c5b493f537ec	2443	test	neg
1c4a93223eb4531601d33f51f44f8e2be6936402e23b75958988d0263f8ff4a2	2444	train	pos
fce9cb923838c0e22d728005051fb6589031ed8aea11f80f9999d2d608eaac06	2445	train	neg
3eb8da69af83114e16ec4a0b41c8e5a91a59f4717498f8d9ba807a33410c5427	2446	train	neg
07b02f9d41fbc38a5b8bdfa238e9a78a28211e7e4300a762014000c08aaa2b91	2447	train	neg
01c6579c8bac5135bac0c2a36bb1e8b94310e7ab487ea00b6143382ccb20c99f	2448	train	obj
0ef3817be68ab8ba19518667b199c1f604a1b54ca758e88da4b287bf62aa1ae7	2449	train	neg
0fbff55b5bb1d36042831d0001a7cee43a1a492547fe128426541a758ddcebab	2450	train	pos
f22ffc6b5095ab5a5319c391409eb161c2f3dca1d30f9629d515ed51aaa587c9	2451	train	obj
561c90f19b308a533909c80de5451f15ad81b0f766b236facb03d7de3399adf5	2452	train	obj
dc20229325de13f1e6376352fa23ad76437126a7789d0781122a08adb7bcb29c	2453	train	neg
a4827c6fad2e0d1d115bad15322c65dd234931a94473999eede1a4d85e5e177b	2454	train	neg
1747f1cd768899508a145ff50f87a92c0dbf3a3064a3815bfbd0a42b1f63af30	2455	train	neg
6570178400ed15321da3dca24d5391d4b0cb10e2e4b6dfe561485ae7b5cc13de	2456	train	pos
a007fbd808f67e7bed99435e9e3c339fdd016376e365ea97a09ea5314ba2d013	2457	train	pos
3685c7bc26287319722966e32421bb6a7d5cd41effeea123f0eb76359c0ba3d1	2461	train	neg
7ddde06c12d68a66a850f21ac1c94e52960f7d9dc62a7a504c81d777ee8ddfbc	2464	train	neg
8e46469b13dd425bb6f294c93730f77e823fc8ec030d9ea06a5e805f55943664	2465	val	neg
3f605a4129d34a6496d4724cb54915c33bf968c36b1bc869008abec4b7ceffb9	2466	test	obj
c1605ea0b4174d8a546630b8ce6d7641ce1fd1fd39273a88e35d396c9d4f5223	2467	train	neg
f2b0608bec851eaa6ead634629bac85be6ce20512d46f93bd1c9d11c34c6f285	2468	test	obj
ba4d1a9d259e1b82befa5b5db83906fba0ea0631859d2956d18334fb8110ebd7	2470	train	neg
0597efb2a4f72545d7dbdb45b97fd9fa4e97483350e73f13d58c8ef1440090aa	2471	val	pos
d01da69d1d70d43cbc63f1f78f1c65b4839a333b8cbe09b191332c75aeb469f5	2474	train	neg
62c396b0bb0c5a4307d55b7ca6f028a4363a52417e92a30215bf9779b5f8d870	2475	train	neg
e5e7e6a945fe4ca09f562c9b000833ecc6d1d1b4e9a3733d67043efe38e9fa60	2476	train	pos
1f032bead091b2ad2563cb28a65087e493e7e6800a482b52a4ecf820e060684c	2477	train	neg
c08c405e9d8155f7cb8eb7d89d0a105c08581838b758d9c19abce1a7f3e896f0	2478	train	neg
05c44bedceefba77ccac09c3ee4894447c7ab79fbfcb8ab6c6079e39c2bacbd4	2479	train	neg
ebd0ff28dc08ccdf7473abcd107526136835c8dc8d4edd0a107d785ebf08335e	2480	val	neg
ceb21465b1610248bcd6ec7b6451f5cbcc7982117e00e7cbe5edcedaad43f57b	2482	train	neg
044d86f4a7111aabc6b4e0e223e5fe0d977d88126f14914b4bba95eeabb1730a	2484	test	neg
c8da610e3a38f0835dc7f76651d7c27a973725b4dc93e9ffc1276003b0656cf9	2486	train	pos
6cad458577c419fac308d82f71e336490c2d91882af9646c9c7b95077198d984	2487	train	neg
79966d6bf62634964593255057400d65a9291528b92a5db9533f3a8c1b6fa737	2488	test	neg
1a3b61ec7315cb710614aa3ad8d929200bd76024a5b04e410cefcda6687d302c	2489	train	pos
db292fb5c40402523a0f5429385b7cdd1b3bac3d2c9f5b517796b9a4649ed2dd	2490	test	neg
3f2bfc45e4c056b3ae56d253289dfe667e6207ca52c47cfeaf3bc80aa0d260af	2492	train	obj
3787ddbd5ccb66b1a791ee2265f98007a3632aab5ed75bc6aea0d6d4d9739fc2	2494	train	neg
c6c3cd946e20e59923cb2b00642f5be10fd1bc92af0ad8b020fe63a5893caf0c	2495	train	obj
ee9cbaa398289b25cf596c515f23843a7133ba1b82bd9aa241e9a68346d34eba	2496	train	pos
cce5621351b5865ad02355cb693ed6856734a17aed328429d9649972bd67052c	2498	train	neg
d6a9a616484b1fb2818b39cf100c5d48628fd1aed2d67ac300e1de145d58f518	2499	train	neg
8e685ccb2fcaaa64a1335c6ff6ccf1c95086403c2fb23385efb80066c7ad6b08	2500	train	neg
01a1c02eaf7b16681a501e185926a37c1d08e5639a0add40255e6e7397ea7834	2501	train	neg
611a15c37260e48950663ca6b22f5fe1770e44c3960bda8ebeebdb760c8d8df1	2502	train	neg
e4fd750ba0851607fb2e66bd23f9385a7ee079cb93d5914b7829916896161e91	2503	train	neg
9ffffff0058015cfa6082b6dd96a42eaaa224931cb623b7c7028be9f2a354adb	2504	test	neg
98bb9f9515bbd19fca9ae3f4aae39f713ebc011c72fb98525034bc300c59c941	2505	train	neg
0d5021dd2ebece575aa3a38b4fe6f7aeffa3eded833208509ef5fb3bb8cdf5e4	2506	train	neg
bdac1d3e9e79102b5fcdb6715d3550b57cf715db48d09ce46db2d8291481cf62	2507	val	neg
9d8aee60f4ceb4a52bdac58d4979de97b4d6eb192f3506b604e4304534512e7e	2508	test	pos
ae3aadefa3564962b911daffba6cac3d90082b1a3483bae74cea1c271b6532dc	2509	train	neg
a60846e6be536b3e2466376bafc366e426c8ecf98b417e03656c4c75c910ccd6	2510	train	neg
6e50efd917ac3581625775300760b5489e645dae2f968468ab152c872ed9b1d3	2511	train	obj
94f7126e52ae38dd1a8969f668a08a521f18fe4a20f5ab5dd5764aa513e7de0a	2512	train	obj
ecc37daf10d8e12a0471ee1411841ab2ceaaf213f9bb6982adf775fe7389e056	2513	test	neg
5ecb0487479d78bc64ebecc19ce04a95a74df666190ba0f4b176eaf6d5af36e9	2514	train	neg
d3a1e24bfab931250dcc08b7ae98ae36a662d23e4dc4ebebcc52555f65117c4b	2515	train	pos
e5905cf86ca2d13616b80e36d1bc979a3d8a41eb5d8fea06abeb830f0a1f4fcc	2516	train	neg
86268127b935baebe36a75230c96f57b0dae0f8bd05d85c97528e9b0e0363c24	2517	train	neg
ffdcc8c58b411a80f11ad3c4a858e5b1571a94904b0793d437bbb8c07ee381d0	2518	test	obj
36b268fffbb3b4f4329e8e2de96364733549fb0d9a34e85ec37080f2b69db8a9	2519	test	pos
b7e4d1e716d7b1741415c11b697d0656c7b3009cac2953cc8b0034bbc76a7bae	2520	test	neg
f8ab8a38f7039f00c85d86bb11f244a8bbcd52929e5c8421d423affc922e7204	2521	train	neg
6d491eeb089076c472696bd9756ffde9f0c6fcbfd9ebe62829ba72d9aa070eac	2522	train	neg
932d8c2061f8bb158a3249935e4cb37caea1535a789f43c9bafb1accde6b9333	2523	train	neg
03bed10f473adf83a31407dce3014170a2c61ccd9b4d9c8f7fe7b5981620f115	2525	val	neg
03a600f1982543c570c73bc625c4b8ccf48e5055b1be61c2e4be600bf05666a7	2527	train	neg
4de93e507282e7cf0608731fa93c010b2d2f4581b8c8777e68d9732a4cee0ce5	2528	test	neg
a933be889cccc41cbb8cb43ad6e88998cf43dfd093443925438176170eb13018	2529	val	obj
63eec7998cdbf08c99364f02175b62331e9d3bbb08f882260f91e6710a5ca47b	2530	train	neg
d20b76033d46772f407af84154a0f68f4808f53a1b9d5ac34e6581ac3148d8fa	2531	test	neg
3db4cf6540ba780eaec991676351c9eb072d5da00b7b8583b637cd67ff3a58f2	2532	val	neg
a7f4e9da7c9e48619b7a1d6a45614aaa827731121e28888e335ba765e941d004	2533	train	neg
344dfb7cc0faf56eac5f21b4eae84024078b4f611ff5e6523aa2af6744b61d79	2534	train	obj
390d44eb439e49651f1748f9a630f36526ec880c9e26aaefbb2747ad590596ed	2535	train	neg
f6e0cc136b412c3dfac22eba3392ccf0e8d016bb1e4fb14aabfd8ac974b58a42	2536	train	neg
b6072f325289061b1943ea4c5111a1bf1beb5a95b307cff175212f485edda93d	2537	train	obj
3d5bd5956eaf59aa8cd4182b6b9bab99b85d2c15e290af61275d20f5fa132219	2538	train	neg
4d3b1fbc6ed7a223e90124226d335cf02498dadb671076a2234b20e1489e560d	2539	test	neg
e0393922fe2571e1c71942d8af61ab414591a6b7714f73c61d55481eb86b5ecb	2540	train	neg
530d65395fb64ff1b1f4c8a05f20b4e14cd20acf41d8b461d47ef4afd43c9a62	2541	train	neg
6e78df492feb09836d113be51f1e11b3feb6ac90b851d25ad51d9af2d1d1c6d3	2542	val	pos
cfba85c5c7eed2f21e24acc8b6261c81b46f8375e86556124dd128fa0db926b2	2543	train	obj
0e8df3ff6fb1a0d79d5345a5c3d0f74ba0f7c53c3dbf4f2c86eacb46a365deb8	2544	train	neg
4e136cd2fed52daae81a819777e345870316fb19baba6e69dff385778089a6de	2548	train	obj
fac099003b1dde94c8b5031e7960874c8648e0c36e0ace7e7fe5bbe5c247a67a	2549	train	neg
0664e031c8281b824229863347b79297944bf390e289e70b32d89920bf72153e	2550	train	neg
e672190b4fafc5bd5597239176f449c794bf8aa64e5755a5a54bbaef07e0416e	2551	train	neg
ee087e0564e95ffc8d1cf1229c45b77c0c554da6c0833f26055b617409f6603a	2552	train	neg
7a4713312c0b4539e1bcb4629c417c0b69e3354958d42f246332f60c65b1f7db	2553	val	neg
c65333124c59895a7d6be40ad4c2a2273b6a51ec9dff0e9a5ffd683262b884bf	2554	train	obj
7abbcf1c1e3674260fffdae51dab829dfeb1be168714aae1916db951c86d98e9	2555	train	pos
c290dc200f47bbeec55738648409212af24c70e991402c960e1e9a41cce195f4	2556	train	neg
1319cf5357e8c92de559fb46adcca2449881e327520ee060af61e73c63028398	2557	train	obj
4dff5c842d4151469e945d47978afb77d5f13308613008fd5a5b4d75cc362de3	2558	test	pos
0c72b69bb5be9181d31f330356d57cada756aaeb73bc8db50b09defe4d203693	2559	train	neg
26883e3a02871d1c7513ec4779596e264f5bf5cd82c3aeee631a7e61270dd58e	2560	train	neg
5f1b9474340ae93b6f9ea80f4900d6be83c2b3a71fe8852486130f3fb42d147b	2563	train	neg
3dd969dd4f5e73b7fcc7b8a52c52bae68534299190c6e9cdda44f300706d4a2d	2564	val	neg
35ed3de6358160f8758582e2e435c556c448861b05adcb3b21735cf73a9f5909	2565	val	neg
d1f7e84caa7d7d661ce03d1764121d67087c17015efd6b6d11561f6adbdfa911	2566	train	neg
e99349dda613686b582a51a73599a62cbce1874f202de2041c1e83de7051f561	2567	train	neg
cbb938c71bcf5562dc37a502d67624fa435619ad9f2868acd483e29641e6a12d	2568	train	neg
8222e5f2bc5dc3da97e1cdd661bc02b99f3ac7cddcadc66e4f0f0da4f14bf2aa	2572	train	neg
17ed8df14c4b394e7ab96a459683c23a194103ca0dbb5b901045ee2f96215792	2573	train	neg
e19b9d3e40c1c2fbb966ae881a2d4fc8fb32e9030c2ec1fa31c20800ffb53a35	2574	train	neg
1d5c286ff50f89b6d034dd4363074dd56b8d7792a36b0afb77ebf9ded39fd20b	2575	train	neg
3045c0f59da406b00dbe7af1c888fd7b1babafbd7a067ca46ddc56e0e93d862c	2576	test	neg
8e82f957930fda934b4038dcbcbe0745e778a7c09ad00c297bee0a6efb861a9a	2577	train	neg
9a8c2042e2b7eed370b4d9c1be25b5239287dbefd00c6e3045f096654971a9d2	2579	train	neg
a54580d85b4de977ec3425d43ddf1080b97c3de0b4acaba4038b0e585d4e2a4b	2580	train	neg
56427dd004e6c28c66540ea61dbc392a7d1be8d8ee645dd9a07dfa5abbb28c42	2581	train	neg
87fb9279d0ecc1ee6b160ec055a22c8ac355c63ac97b3cc8633c2e018bef98b7	2582	test	neg
94bf55b5e696b26681c56752ecf9ca06449fff7de1bb77d5b5cb69d34f462d54	2583	train	obj
f0a684b9414f69d9ceed272ed246207461495e64de55463dac7ddf0250892782	2586	train	pos
301f05c59e7fc3d6d6376c89e7011d4d16c9650079f3ba72059f10505a541a67	2587	test	neg
8b5047e16ebf373f0a0a50466f7651b7573b27e0d10dca53e44eba9984d9b39f	2589	train	neg
657cdeba1c41463191f004d4f05b4e1997c00a651fde18630dd87ffef575e79b	2590	train	neg
ce04f8117ffc5c5b675713d4591add9ecf1e29af89606804999f6dd569e838d0	2591	test	neg
af6ccc8742da2fd9e816043d555f3a452ac170db155d9c552bc8348ed5e28cdc	2592	test	neg
1deedc19f89b303148ea63e8160d50929d255d494edf70f2bb9956b0f6403562	2593	test	neg
9ae4e89dd151d66168f2131c5b6fd9f11c28e4540b8da3175d2d1ebfb9b8b2d2	2594	train	neg
392e5e493635dc755f2a65598f4f234e02858a397194fe4263705428200f939f	2596	test	neg
d3692bf3b528ea312f38b3b28504e6a6646fff0b11f92b84bbdd48eef47db714	2597	train	neg
597699f578363e472feeacf40219d470923ee10db1284709061ffb421fe5c905	2598	train	pos
aac15980c96d2d1abb90481bb0f2d6320fc3f92cf94fbb8977fe0c3d6126c329	2600	train	neg
dc16aacfa516a30e0105dc865b9b46714a962c1fed8102a2824ac1bc5db8a49b	2601	test	pos
72fceeea5a69215128e398d21e6e0de1bcd065b0cf84d5ce1b88e7cb96ee5960	2602	train	neg
c77088479f43b7b15610203114262eb70aec187be1dafeb96feb5d2ee372468e	2603	train	neg
f0a65091e1b0864041568f281430b519f2c20d260f2f87798f96ddf67cb61ae8	2604	test	pos
a9a896103150c9ee599dd617b576072f879c252b31a94d1db0f853fef5a0caae	2605	train	obj
46243d9f911b35b13618cf6472f116bbf160389ab205e2449767732c5103914f	2606	test	neg
5d5428d008946f0c8491321c0dc74415a91cb69c9b2666a8bb489c05b6c6c666	2607	train	neg
505693049851fe3921d2e977d63613988fe69fb6f9443206bea9c857393e3206	2609	train	obj
1e2be24c6b55bd99f87a8785bcd9173b3362ca9645b38b1edab78010e134d95b	2610	train	neg
ad58c62594f933820c3c145074a97bbad2ea8b5dc01a144a2dd0891f295f9930	2611	test	obj
c713cf2ec5ae18e2f9af8d4cf99c0e7186d2e78a133d26c1aea06b2bce54128d	2613	train	neg
32db7f5f4326102c5dd54e93590ca789fdd1eb37e94db634944b58f1174eab32	2614	train	neg
e7cb3bb24f254e9b44d2d05ac5eb25e34feb9fc2eb06f471556cce7e2ddc8c65	2615	train	obj
081b995abd4c015b791bc74dbc1198324149301cef102d5b8bd10f982ac4b640	2618	test	neg
8549b0558326bfb2ae5494cbd931288343a0d727126666cc2da50d8c7cc6d275	2619	test	neg
e1218480b8ca85dda03a0feafde953cd4a8bce3fb70756f2e9b452fc7e523be3	2621	train	neg
b6ff5969f771cd06b3227e3db295acd657abc7a630d7810a47007b00afdecafa	2622	val	obj
aad740b74223bd1cdacfc1ef3b974c2c21d5cdf535b749f12e08956290b69a96	2626	train	neg
6b2a985587cc896db651611b8bce00f45a3a43182e7a5605339c16912e58fa5b	2627	train	neg
1eb05b1da7ccd40e495f8523113b930f19ee3f196652e6e42ce591cdde020616	2628	train	neg
ac22597b4b92302fb2a639def33af8c66def2c7f2d573e4effd65b1eab770982	2629	train	neg
f026b74d0d9bb8d46c85ba64dab0fd70a33cf2037090b7804460afa2cee82c45	2630	train	neg
4cdb7975d231e223d0f9723e1a8d7f430b1e3848d04d533882addd4f9c440bcd	2631	train	neg
6ad76da784ebd0d10af6961aac8e5137d990c828b69e07b16717b23cf09ec059	2632	test	pos
c3fea49e1624daaddaaaa113ba1c479a55a549a62c24db763f1669d8d180b650	2633	train	neg
f6f4ba222ddebdf1315b3567788d5eea951dd60fe5302915ef1149cad902410d	2634	train	neg
8fc6b6127f643be092570fd7c8f6fe909341e539253170c84a5a585b32bbab1f	2635	train	neg
badee498b04169312739f855df3ee4d519e1521e94f37fe5cf12d1761d3201de	2636	train	neg
05d2ef884a850544539907e8420684853aa24184ecf52668882712705b1f6bf2	2637	test	neg
c147e28f8a2afe5951b656b32ffacf9011505fddcf7ec1e8429aaca4b1ba1de4	2638	train	neg
a70a09c5e16e7c30ae97e47802bd6bbe245ad11bcb3ecf8773c6a8daa0d2c3f7	2639	test	neg
d29c661c81bb5749670290a36377ba47d61284999fdb089d508082fadd620ee1	2640	test	neg
8ec8b14446a122251f1df2231643158d24f04011fd7d584a23c128a031ac6c55	2641	train	neg
e6fc4b5f627e444a2dd1063cec22fb5341701a959f8065730173f6601c2e4b58	2642	train	neg
e55c52b979b581a7aaae716a660137fe5c6a9165a31947adf6d54489872a588a	2643	train	obj
335fc3b8e203d65aa5f5ae3a88ab232c4c181097bfe5fe039dd46cb0ef391226	2644	train	neg
e9660fb2ee7c1d6ad02122cdb21d2e0d2758d4077962e8f597977478b6eb1c57	2646	train	obj
845b89e656a350600ec3eb4a3374744f7d3c137725dc66de4085898cbc080220	2647	val	neg
8e17c652295af5dcf4c91e8296c10d364cc025126dc8277c9fcbda8084332a28	2648	train	neg
1300a93bec05bfbd87a078fb21a82b2ea13b277945d8825a82e53bab35e89069	2649	train	obj
99270d5bdfde3252509efa909360ea74b15cc069649e800cf294aeef9b77a9a3	2650	train	neg
c4accf4ca27d5ba9a928ecae4def1b787f10aa9983e3f5acd53079d13d8818a4	2652	test	obj
06f1b49d9158e2189bcd4838cb9df5eecf44d774d95373fe5f41a18460536878	2653	train	neg
45495c17935076fe72f8754f0ab6d4d26f638e472b328ce4fae7b590d53b6652	2655	train	pos
1b11ab98432ec301cd969198660de0d9ab196406efcccc15487a22ae01da10aa	2658	train	neg
7ad48a1e656ff97b08219df336eaf188c2a392ebce9702bf7bb5352a99e1ca4b	2659	train	pos
60f23cbb9a819798b64409e9cd47741fbd021b5feb9bece604baf182de3bfcd9	2660	train	neg
020efc4dfab45aefacdfb58e0d311c073492f2011a760ad640867b63821ce788	2661	train	neg
8995b5a17742271eeaf76d80c0b66b1b8be445b19c87279051b5ee3fe2711acb	2662	train	obj
39768fa6f90fb5f7dfcfb8d01c0289943ec3e7adc5db64de1aa34d9dd992959d	2663	train	neg
909323fc64668b7c33dda3caa9e35bbf7b5e180ab830d5e05a93e11b7a3ca44f	2664	test	neg
2cf778e27b62c8ca6f75976d87f82651799850d5b6b4551e993f2e29bf65fa83	2669	train	neg
ec855347210a8d936ca5e0776a6972b28aa97d7516fda9b5a14ea4d69876cb1f	2670	train	obj
7c92b1e68b2d9889d823f2b462869eb9db059148fc326f7b079549e86dcfa97a	2671	test	neg
813ca6ccf642e4d6e287293b555dea83862faeabfcb0540018b1f46e838fd734	2672	test	neg
7ecc97ddaa00415fc727a6218c882bb041569ed19d3847e1afffead5fef9e5c1	2673	val	pos
072241a2b1463e682fba6162a2352ee6d4def0a4f31c4394e98a75ad864194b4	2674	train	obj
22262f372506f049200bdd30bc415fb91ea3af9e5e4a3eace41c3e572671cb5c	2676	test	neg
599d5e27756fb9d85de50e91e6b6ebd0d1e3ba46899a0d79d6aa6fde466193f3	2677	train	neg
2fa69b54705200c73a8bc6355f09d9e3c83ca2cc89b9c0c7ec49d16ce0905fa9	2678	test	neg
34dc93d1907e44585ace57d2e8f88b414a434909dbd3d3189ba2588940387a88	2679	train	pos
95005e9e172ba16fb181a33d11be11b945340786db2c195d13f854ac3cb7bad3	2680	test	neg
749a3645d75a0072f97e5f23cf2204d19b8edeb745fd330da668d74a5d752357	2683	train	pos
914088d1e5b2821a1a3871e15ece1c6fe653c28be398dd0c64070c65f6bab505	2684	train	neg
7442d856e62cf9e050923cfeaf6303835ed338ffd0d2ba576ed3dc16ef7c9853	2685	test	neg
de25108911aaebcb3e150fc7d405a806588ecdae4814eb37d4b795b2b146b084	2687	test	neg
b8d424d332976763d78b293ea6c786efc658cc33ec4066553109054f7e4ecd9d	2688	test	neg
ea1bde8c55e8241d7b873c2f8ea761c22bfe4602f621a36455e225aac5ca5551	2689	train	pos
38dfc778f135427c478afc434060fc51b732c8d7a62490371f4463f8ff2f6e78	2690	train	neg
4a0084a88c41f758deb3eed3e5b21b805104ccbc96ac3e17bf1adaec9045ec91	2691	train	neg
1c85a310e15ccd433a763c5d929e7cba35ac80518e3dbdb69eb706e94300b309	2692	train	neg
f5138fef34a036d0b687dda3db513e24c990753b5e648e6bf1ad8e0ce319f4ec	2693	train	neg
3d8489b5174017424efbe460b970aa0eb20b4e7d63939983127a2d9e1fc927a4	2694	train	neg
95095a730aa2ba5c2893de1a38a0cc86259b7ec880618f3c8e2c3c5319d019a9	2695	test	neg
4aecd2bd97ac5b77cdcb4378db9c10b1ee2842b67ded7fb67696f0827154ef7f	2696	train	neg
c61a21a24335cf24539831e61ee7368f5b0b9fb5b3d719d235533f9b3945939d	2697	test	neg
d56ce3a3b77ef645db59f3d6e599a2211377c0d9f58a19eb8eeae4103cb60629	2698	test	neg
53a27ca41a0aaa76f3d4c60b2e6cfa77218360af414ed05b82d59dc3c9686dcd	2699	train	neg
92b7081c6d6c1a3c4a8dc54e0f6bc0439dbcdd85860232ad59d280dc824921dc	2701	test	neg
d7b19c35760da2d5c246489a8e48a7ad2ed559fc7b92cb4ebd347165f390d307	2702	train	neg
c5c26c11ec381866f15a5ef938bd96bded51379c4711bbf648c9f012b083a0f4	2703	train	neg
0effeec61fe9ab7416b9e945ea79a70ba1314bbd2f0d7c034cc533f8d319686d	2704	train	neg
90fed86f4cd66492ff91aa4304e6fcd993c240b5eed5ae1a056d4c94f62b89f0	2705	val	pos
b4ea48462d8d21f147636ef785a12703a0dc0cf0f0c5f3649a5806034d490d37	2706	train	neg
7ce1fda288fb7f592f9ece20785bc83d4678dbb9ef7f141bd232355336686d6d	2708	train	neg
cd94c0800662fa65c6b8e0669ecf7f453c779ddd668910a3bb421df341befbf8	2709	test	neg
343717d62c064030bd9d9b19f12e66fa792325d634e2a8cae1673118d9d0ed1f	2710	test	neg
96814776fafb03cec0f1791d29b392766f0503eca3ddeacfc84327a6aae2e1ab	2711	val	neg
27d0072ffb81368f37480ea69eded89e13f78da6b99e0dc2d312299dc94cfb17	2712	test	neg
42981a37000ecd9a320852962bd9ec6d2f06047ce9637fc05d62e8887efc8ab1	2713	train	neg
76caf0b6003b32dab6861b0436d6dc97723e839ebbd22ac27f975bf4f60fce71	2714	val	neg
a69ebf808f88bae3cb00d4efbf9aba67dc12cc50fcf15d4b6ecb8634e84469e2	2715	val	neg
45f97ea529c74c7a9e6d3baff7a241a67ba1418143aaab1d5714948f4aa885a7	2716	train	obj
dea61870b10768bb9161d80c73a6d0aed19d0fc2dd3a1bc15dd340b45cb54c8e	2718	train	neg
7dc5ce5583abd478780eb2b3abd5e1246051078241d3f952aa34388f2e0ba894	2719	train	neg
23b6b70c6c2d510e0d329fb599121dfef605ef4a2923492f9a5f1b17730a4ec2	2720	train	neg
66361b42ce5d5a104545728dd8bf927441ae171bc350dd8ac3480a375b85a45b	2721	train	obj
a1e7abe1c20b2d6186a2dc2c599abaa98d12eb4ed5ee686111fa8633852b6695	2723	train	neg
68e97f43988f58333b0d5b37239e7622bb7a5e02d06414b3bc1e48c69a2b1445	2724	test	neg
4da92754071312434104c73d87a6fb77ec431550937ad4d8f88b79cd0c476b3f	2726	train	neg
5eb2c066324e37b5b5466b8a811baacd8695b957bc8855aef49cebe0b7352274	2727	train	neg
aef0598e25a287a03c9b28cd1b6c7a327c25decfeab1fa43111de3ecbbd221e1	2728	train	neg
8202b27ef12013cca8339af7043faef2610519adde1ac1e7f8c66df782c7aa89	2729	train	neg
9af69ed2c4ef5bb96ad6e8da2d60acee9621006e5fac8598cc6afc1db762a135	2734	train	obj
021b8de4261318f60fc8e9d3b850577b02606f6f4641087eaa5c17f898a1e76a	2735	train	neg
91afab965367d50015969e153a984cd340e28a4d1a2de5c06b8f3dce03ad0c98	2736	test	obj
a0dd8a1258381f9dc716975b2e62ead178b9fb81eff8e70af3b2baab4430139a	2737	train	pos
e923163365839d0d1d0dae0ad069bf2d5a706cde6f0373641c3540e30214d0cf	2739	train	pos
0410a90fb7717c65ec43a5607b820467b62d053332beea3e935372253fdfdef2	2740	val	neg
a03d77c614cc0fa3e9ee2ac9e3d4c7232cd8d2a0125b9994c75900c21ca6389b	2741	test	neg
9cad054778d99973886b5c51f7ccad2f008ae635ef79e0a3abf4dde116f54be7	2743	train	pos
0a94cd954e10fae1761d4e1052d18d82794ef7511b7842276ce6ccd17ea92049	2746	train	neg
2531c300241406e686bcc30b96309b04ab40553afced6e020ef39864a330a2f8	2747	test	obj
d97eda16ad01fac1fcab2af8ef6378b321af2948967fb364588249b48b289e34	2748	train	neg
b6874e7e2be32687301a69466e3a86cf86aaa2243e87c452a1b6f0ad7492047c	2749	train	neg
c404f4d62c2d855b222847ea145b0fc6522ac9f1d64301eba262333a94b7e0d2	2751	test	pos
23f67375648e31665943ac0ccb2c32e219ba07ab712f8f27542f00c5fa9d8ec3	2752	train	neg
110513eb7a9e3bcc8e8424b123bd3cbfcb62772fd1b0f61222a81c9cb8dfb0ef	2753	train	pos
ca48622ff06fb1546b499b3aafebf0d6e67e524312f2a4bae14b45417b2af744	2754	train	neg
812471c11aae95442b909ce4d72671bf730c40394924d63df550546112de9be4	2755	train	neg
7dd1e67938aa6acd1e752efcc14701aaf346fcde020539d40648949574903f9b	2756	train	neg
b3647e3764996bf0e03ff59db6b62db7b5f443aa11377b87520a5e8f845d62cd	2757	test	obj
6db47b1b8a7eb0a11dbb04787e83be1e6b0567d0e31977ae100def3ac1287fc3	2758	train	pos
2a89efcc972f4e11174ad49253c9869971f7af44681b2e9478286d8cc3867b7a	2759	train	neg
36afff84eccc330ee173aea7f9e1648efbe4aff0c98f8c985859592f3316737e	2760	train	neg
2907250594a0a0d683a57305c02f88956ded01352c9b97a8d65bcbdfc1613777	2761	train	neg
d2b572603bdf7f15783d97f8f7b525123e593444d1f5e13f0acf17f6936d8ad2	2764	train	pos
b1643b54417bb0249bdf532eeaa4d46ea3f82e1e1bbe7f6e71f05d6780313174	2765	test	neg
8c98a0a9b0d5c701ed0120492695857793292557b5a1f684291a11441c2307d7	2766	train	pos
fedbd0e9ff18f50a8e327bbf9f3b03596038ecfebbfd6ea474bed6783ce4a367	2767	train	obj
b19d27c83fc13359d53d2aebac42b706b71c4422f48599048076c8c6163574f3	2769	train	pos
1fe9542d06d879cdc381778adc923a4be4632632fa7b48310453237c42fe4cc6	2774	train	pos
285153e493a49f93101e806830a6d084ee9765065c0eeb455932ce4164cf416f	2779	test	neg
ec98c0a2319f084948fe15f2f3b254b020e468ae04333657269794bdefb004a9	2780	train	neg
4cf8dd56b9aa38a8d55057c4b5982da7491005d86ab24895ad8ad557e320850c	2782	train	obj
7749e4040e5d34b5951cb574bb0107ef51cd003d53017b524581600331720c72	2783	train	neg
08a4355bc36c4b91d529227a4c991b91284a7dec266a2c7505b7b8b14ce06643	2784	train	neg
e23b9a329f8695d7f9b5e0106626d5287f30c869470048dbb4b3ccedecbee650	2787	train	neg
e0d9ab1900d5ad3efd950fd5519b62bd63e54b62726f82536c4107b3102bdd21	2788	train	neg
2db2034b664ccc3167f403f8e69d15c561c9a879271fe1f709a542fa710a580b	2789	train	obj
aaf6bb6122596734941df2cfb59960110e5230a7ca402bade9b8938d57b004e6	2790	train	neg
b78d1bf4e3686f3c8bca7e86b56b586f8e5abd818a2668ace60aa85cc67548cf	2791	train	pos
493743c235a99a1b1ced78954a8f4c9cccf6ff8501c592b777888b5766ce1be9	2792	train	neg
a270bbd8344bbb9042bd2670ef37d0474b579959667eae6bec46a8ac85b4d635	2793	train	neg
e5a81a6a438e1d667f12c10f58536c0903d3e74f3dd1e4414e73f0dd70f2bf1e	2794	train	pos
abe90c39f3186a148f10d0c823daaf393e646d7a42078aca72cb41c24a9ba079	2795	train	pos
75ed9e8c678225733c5191bf8404e209225576ea0f12531aca24c37e220d0791	2796	train	neg
ad7c381f57ddc9fc1ebc1f25a4b38e591305b3491b9516eabea7a3935c5b5775	2798	train	obj
22da9bbe158659f719c9e4089765776d2ee800f46f1dd23915d68b39920868d1	2799	train	neg
1aa9f2075072995c838eeaea5a0855c83dbce80ad1dbb24fc971c0b64d8f7123	2800	val	pos
262e67c47e348b23c60c24b65ace4483d921a8e867e8edf581b7f9209c7968d4	2802	train	pos
8d8b4dfdf35c2547931ad6f267a90963028def467dd12a9db4a1305b4cf9e5ce	2804	train	neg
7220a7b44724f9d15bc1d468d5241e473f2e73b800bbb62c384e144cf53234cd	2805	train	neg
e2f197f8d9ec4ed5334248b8da575c9a3a44b6ec99a2746571f178671e325a1d	2806	train	neg
c148cc5a6ac8b351dace791a0a8f7fd757733716b1910c57f80bb2bd024395ac	2807	train	pos
dea2601a7bf4d280f04b84386e2af136a115bba268e48e5d013f9ebfa0b71885	2808	train	pos
cb1918ed5f4bc2513c5575668a0c6c71c7749fc8242580f9c9b2f67682171bda	2809	train	pos
78fa1035729a0a734cd1ef942ae71d7a2a2a1fadb945e0d67281db72d61c9316	2810	val	neg
b356becf789fad1164cbe0cd52159a98b76afbfb06243cf89171df38cbd06c64	2811	train	neg
350ce75e621aad081a509be03b39ced6c56b053bcc886969319e8f0dd4a81ddd	2812	train	neg
b35bca90d14d29eebb01303a64cc8404322ed0ba59e3ca4d1ac92b17ef75e466	2813	test	neg
8b266507cb9dbde680a53efc1732860d2a58dd33cebebf8eb689832f26fba0e4	2814	train	pos
19c98c4d986433584850862599ba433b1902243b37aa4624dc3bd69ff6633c64	2816	train	neg
f2f6307666096cd19ddd983e26d4c0b334adb628e42653d90544881708d5edc9	2817	train	obj
745e3c667be59b69d35596bd5de7f6a8613c496b1f31e49f6a0f91f76bd806f8	2818	train	neg
22afe4b595ae1a24b6994e99c9042bbd6562a581d574ff7105fa9285dd6ad485	2819	train	neg
6dab8ae09cf854b6918c643815caa408a9afbbcc49cf3596dbef44a7708cf21f	2820	train	pos
a480f95f77984bb455ae94a61ca00518aea833f43eaaa4caf0e9d10f70b97614	2821	train	neg
307decb184dc9e6bda8cdb80d737bb20675ecb9576e9a1cd9823a316323a9b69	2822	train	neg
fe77c4151e4883a9e5359e1608ca7267a384228fc38502b91081286bcad62668	2823	val	obj
6033f836f3f75cc5a5f099d821f656b92b7724b124c6652a94f5fd0512e026ca	2824	test	neg
0facc96463f1e71b044f1da8df786e6ded8c3c83d2ee5c76455803a13f7674db	2825	test	neg
c161d0666fce6fb832c993265f80a70c285da582c12c1074e6d90f65050d1400	2826	test	neg
b901e07e46cd6aed830cfe886ecbfeedbba96158e742025b218041c813598b75	2827	train	neg
b882626d4a89ab454493f6a256c55ad42186cfd4580538aaf03031a3eb9c850e	2828	train	neg
ad006300b90127adf120ae56965f82833e5b5ad04df4d96d6fec9dfd3252cbbb	2829	train	neg
71b30b89644a3150a8e9bbf2f630cc30531114fe061d25754956abdd292a9b05	2830	train	neg
80fddb9be55315b923084feb9b44a250271cfb1865f5bde88aca3b4875167af2	2831	train	neg
6d80e553bfbf61cadb6461411b46087e2d431d40045f32f257f3a44aa2ebd442	2832	test	pos
970712c36781a6e194ad07ed9f1ad7d97bddddff5f678485fd9e6cf20f8d4bcc	2833	train	neg
d671c0f6033c9f486035d58baabd567660b055111bee54efb06a4859b9324a49	2835	test	pos
bcbf95a14abf8c8898580a0826d4e33eeb50a075cd298a6d2f4adb20b55e980c	2836	train	neg
281ce5ae4dd38f818ceef8c9d921af1fab5e972b76d5fa43c7c2eb828b2f2ed6	2837	train	neg
4f293c1149e81ba01fc59f286dc399552719888c7ea3a3451103b7e4cb851fad	2840	test	neg
3ee308fd6bc59f62015ad61e836fd5022ebd5d5afe8ee1d18c67dacb22452348	2841	train	neg
a87a3ed822a13c9ba09abb383652fe8a4703f651c77908644a9c8bd8b5a8687e	2842	val	neg
5119c3c7a9156fc226a3086069a290f51c39b080d328b2d3f1a65591f49b226c	2844	train	neg
0aa0b53fecfd410ec9a8f65c79b6f31f34a383533e0edff9fd485ca59687ef91	2845	train	obj
5d240b52bf4046f7bcdcee6f6f9dd39e5a9d448aaf47fe92e932f6f281e23fa4	2846	train	neg
b8d2dd0396afd36a7ecf0be1ef4e53d6c38f148f0653e5be663062165c5a04d3	2848	train	pos
9459c01d769feeb9cc466253d92053d46d1abc92c566924be867734221f91922	2849	test	neg
c043a5430dfc7f047829de731e8d02660e6e9633a015b83756ba6d4061420517	2850	test	pos
0e4b4434bc57785b9811a7ec6676add0fade4f767462f0d863c750f9a9ceb61b	2851	train	neg
072d8cb84c15d1aeb35b7aff05abd42d3b547b357c375c347b59f43b7052593b	2854	test	pos
444f02f11ff2e8a7f75620c21465860692bfb8c24c5ff89dab61d82de234ba5f	2855	train	neg
7091419142a6944ebcab5342f86a141561d032cb2354a9c98759f97383ae39ed	2856	train	pos
c5783e39db0ab362963a9b0c29933acf08097989b2438411617a5f271b2cab3a	2857	test	obj
6604fd25faccdaf7ef5c566ae44acfa257b5129d7bc65b70b10bda0c020ff06c	2858	train	neg
2105f2c18a535660905b90ad2c7ad7987add40bfc7364743211de1497eb66825	2859	train	pos
88085fef19bed34a71efc5e9a3d50d81b101669b8a2b634b0494f72d45c00238	2860	train	neg
32253dfc1a670efcbb0afa4b4dedcb3298a9100fa756172cfde684192475ef67	2861	train	neg
df7e817b3354e1b8d24387c5053299acc2e9590fbb42383933cb767d71064be4	2862	train	neg
f3b2e73a95a278e7300eff9de3b6f61da4156751483e2e1766a5152d23c95c75	2863	train	neg
1fe62f97e8078e8a33187f296692edb8ecc3f0a79ad16aeb9a8cb3f84a5d5325	2864	test	neg
5aa4b39c52b6f1f71cafb065206e0a81205232391694610e520c43acdb46ffb5	2865	test	neg
48500bebe88083564be795fc7f0fa05d16afd85ea8dbbc6efe1389209dce3416	2866	train	obj
47ebdeedf02fa171ef9afa7219417c490c56e6d4dc30741efb38cff38271d9fb	2867	test	obj
790b196177f665b30ccfd159a1cd97c06720b478ba7c6f7c9244016d2fcfaf2a	2868	train	neg
a3d373d6aa699e159da1bd74ed779cd43b0d70da9a8835fd467ab8440fa1032e	2870	train	neg
aa4cad5199a579692c3fb4725579c2bf48428f6f094d1ddc228d0622dd1d9fa0	2871	test	neg
4150fe3d941dfe4e3df3bb04730a020b41bbfd56aadff561d1c17c51ec43ceae	2872	val	neg
ace596cd9e9d1245668a45bcf4ff0914e2865fc0aa6bfd6da7c496b8d5e61e0f	2873	train	pos
7ed8fbcf40f3df902fa92be1fe82ff5e409f0de53ed43d806437d504b1c62bfe	2874	test	neg
0eb7ffe2de549f93e85e1e39ef116757a9618f23cadaa2fc95c1c30630d57661	2875	test	obj
118f0126540b1c9fa626ba8ef873e1cb6b64b0235fb70f2d892cbf064f932b5a	2876	train	pos
a9a832853575ce0c7cf37b308fc0dd89f8d84a00eff835d741a2b7b72729a375	2877	train	neg
b2eb1a504829341fdab6e06febf117dbc60ed4d97cb57b043778cdb8ed88478c	2878	train	neg
32ed241a54c51ebe1a3a27faa89531224df3466a271fa2eb09835d3c6c5e5d64	2879	train	pos
438bf644bbcc63c68106c65f7690194d68380b3f3b71016181def2d61f355ec6	2880	train	pos
570802d13b58c322133819cf064f9626db38dbc5e3142c1fa13b07a071285151	2881	train	neg
e28efc5a049fae12f350fe521ae4bf3ec5f0d78cdbb2a9fcac7b94296ec5c0eb	2883	train	neg
1388255ff4ebe9828e4157d9ff057331a9e8300041f857e25271806665b59dd7	2884	train	neg
730ef34d9a5ea9c365efbaa38d29343b2fd6b846ae4b631818a7befd2b5ea44b	2885	train	neg
1dad2f866a20ee265328ab014947d30181a39e96658db005a8964bc7eea75924	2887	test	neg
1634c6ecc4a9dfd13c4e09bbc3d0035c425e155fab26ddaf46a6097654c635a4	2888	train	neg
07cbf86d244ba5ebc7db29ce822635b448929629fff767f63eaa62d854d904d6	2890	test	neg
80d62396abaed802da36a8ea6fd758d699d8c3da5acedc9b0411b979d568ae4f	2891	train	neg
5e2e9706ff1d481c6774f6dacde1772ce83796938769f556609d7879a640aa3a	2892	train	pos
0d3ad9ead7d99924e1f34fb259a7429bb8a4bb0b46835843647526be671495bf	2893	val	neg
8625f3eddff71aab0e29f70b17a518f79e33a2ae3498c6b61455c1657f4264b0	2894	val	obj
c43d7cfa92f42ff8c60b3b25d1157a76af56acec70b4f9ce8ec3844d694584bb	2897	test	neg
55ba0c469893d4df7bc1c18df768ddb4bf69811a26eacc05040cbed7438e3c60	2899	val	neg
8f48923089201154b513cbca4d89bb8254e2cc19470ffa3bb020229d074507bf	2901	val	neg
88b724d7bc392f7bc417815463c128b9f044a8ba15ba3ad54ded48f7d6c9601a	2902	test	neg
5ae91781998da576562643b893b00799ec0b39ef9ce4d57866ccc8392098715e	2903	train	pos
cb5d7c89f99e0e21373d745b7e15ceef0635bafbee425b7b3ebefe5a90323f15	2904	train	neg
c075479bc865375925833dd36e0224da52b0e965c2028d4380300ecfd11ff6c9	2905	train	neg
4a36b86b98c7a65cf9fc9a0fc5313cb9aa0c0d664dd335607a95bcd14f5e3750	2906	train	obj
f9b6b1e2779e700eb649e8d4221b7a7049878511321121fd1ff95d9cbdba1ab1	2907	train	neg
635b556bd67abc69ab16b5fa00a5b6d5dbae85f16cc13673be42029085e065e7	2908	test	neg
e5ebef3c445d40b922961f86cead15c9527b01e2a8373d29c12f40a9eef84117	2909	train	neg
1dbff6cda769a334d2283921b9c88b4f59f8b854268202cd72e97ddafcfcf276	2911	train	pos
4c0cf8173d8000e09e31d704f9b5628fecedcc47e2d10b2fd5667691ad311af3	2912	test	obj
76c2498e0b3cde4948781c5dd4f2ecc72395bd8b946dd3a58067e48b87a46999	2913	train	pos
238005df48662967ce258310aac65a23c65d1ae4707cf56bec48ecf9ea1cbdb0	2914	train	neg
d735c1b2dd3ae598cc00b7359e227187060fa628a08afc4cdf570ee35109b2d1	2915	train	pos
0225b2fbd6559050010f633da1782543b15bc084a68da86f6b85e35761ca01fe	2916	train	neg
94a28611395f785dfe60688b46016681d1aa03447119887d9509d9fdcfa5b32d	2918	test	neg
c53480a7d3c653d5f122a4e5a8f2cdf760c391a27cbf498e4691ca2056c68717	2920	train	neg
bf8417e4ec6060dc7ca644ec397fb013a0b732c4936f5f2f6ac6d6c65786d60c	2921	test	obj
a00ca351c4566a2a218ade071ddaa2d42d76504395b4b7120428685ccd33aa69	2922	train	neg
a641ff481909af9a80f2f28e0c827fdb3aa8a9af058f5be083515799f5df1e38	2923	train	obj
58ef32bff217e845ca63a8f8bf9bcede339d34074f350a45eea073d64ea0dae6	2924	train	neg
13290dc14f529152651a2af907696859eb57c35acd5487fc9643422519c71079	2925	train	pos
7a15bc24ee0edbf0472f9dbafe2d71930c732d31fec2e67c7059b89bd7483462	2926	test	obj
34442d01b2d459cc3dbf22e478ab63462f015af74d65c18eff9aad42ab2d6d9c	2927	train	pos
3e2dc3341a11530b4babe96aafedc6437f56cb4110f2b2087e76af4408933cac	2928	train	obj
7275d54587d9c0ce218253a5bfee10d24213990c86dc6d37a37428a3ec34cab7	2930	train	neg
7329e03b11947843b3ff203d0ee4ab932317543866c1040ea4d309e825e6ba58	2931	train	neg
8125c23b3da2998df233a1434ab239ff306b5aaf0507af66b55fe42ba255e8ee	2932	test	neg
2d65f9e4fc444b1beb832002b766bad7d9e2140c76745710a93f978ab416f6d5	2933	val	neg
4a9c35882b5782210483903e1ff322a17d2e98ea58da08f3831da64fe5ad7a10	2934	train	neg
d54d9bac5e73b084432e36605ca1e88325ed160ba0983dc6c5070cabf2ba107d	2935	train	pos
8d75faf2169e22379bc834fbb9091d6b715933f3d964b459b567e2a5eed4d3d5	2936	test	neg
63b2be1156729788c0750846a80ba663cd7b01bfb13ed1b1b5e7e72cc92e5908	2937	train	neg
056c6acdd01cc7a6d5c1e048970ec14be96e2d319395e2de4f7d4af106f10920	2938	test	neg
ad0d153e09b1e6dd2b81f23a8eeb902f40e0eddd77b1c194b77722d77038bccf	2939	train	obj
59e914411101e28f4e079d0cf9550674f58535bb5f79d24c3556aef5dcc3f6ac	2940	train	neg
e46797ba55b915b12f97aa49121b7eaf64acf185141951b6e450e8564d9580e7	2941	train	obj
244e9365c08e9ba583e9bf23cf23cf4f09edde20f1ad7401a860d22e43165390	2943	train	obj
e10e0cd6b6a423a30c202aa364d2b5993976ed26d34f0b43345bf216aa050734	2945	test	neg
0721dd194c3bfe98f5e6bd34c59c4f51057e5eddedc9f837390cadb3af468aed	2947	train	pos
49ee51bc94e511c8a299093b48083fea908c13ecabc936bb3b06d970227be917	2949	train	neg
fba4b798c05cc9af5e00932943a28348ff93c26ff281b3022a8da8169a22cdca	2950	train	neg
b42b17c9eb321935607f94d94c34fb906196bebb49cd74a7bc5f15bc81aa27a2	2952	train	neg
fd5e3626cf9c45ca78de5cca74c516251fe08500bf9883b3df69664385189f9b	2955	test	neg
3ae3bf3112ed0348c015d89ecd2c042b5abb22973ad3974e5a94f0e82fabfdc1	2956	train	neg
d070e8bce3ca573684e03510da8892209aa940df897f5ac1b9b9eee1c8f77e9d	2957	train	obj
a442d7c8ba2c41096444ddbefbc250514b229243ae2c26a7e736d979db66fa64	2958	train	neg
0e8ef722a69f2b91d12aeb4a54aad8a8bb5bf9fd46318a09874c025994e45d8b	2959	train	neg
c7be7aa764c1370db65ef1a416fc5f0d2b8e2a0e126194b3b2678549327a9a91	2961	train	neg
63d771c247023c1dc7b826a6cf8c6f0b90ba63f1c3b80c4b431121db1cb878bb	2962	train	obj
c896ac3542e003c7c544b104dc12d1b2fefe7062ff7454ba77aaff50adf7d77c	2963	train	neg
f654cabde194293c5f6df7f9a75dc4d5784d1fb5842df4b86d3c7ba311cadde5	2964	val	neg
3d5671e22669b81fcf18ae61b4295360761d0a5d4f211673dbba0d5f3ab78684	2965	train	neg
15b77f8e9a6535b0dff0f1faee5ab1b78c84fca9b0b780ea283f11ab1f6e9ac8	2966	val	neg
25fcc111a0d8235c0d9a756f7d684a8cbc76509fb2a31fb63b05774c1a540dc8	2967	train	neg
52815ca2444e7197da8aba91d3da93743d28d5ec82c46772c835edea18998e86	2968	train	neg
f35b26d275fce144b67e8d6c79152f112ed4bd358a049b586157eda71274fd69	2969	train	pos
4dcc36df37f5817486b3c76971df9c191a6b61a56e1174d0a00f7ca9ef5e0656	2970	train	obj
e233c2e07c641d62b948233c7678ce120ac890164672a9769b36fbee1b7ee666	2974	train	obj
5b55bb00886c5ddd976b564034f52980722261ab7ccb82926ba38f83114fdf23	2975	train	pos
d1af831bcf1ea9da074d03971888cdab37f4f2510461db8f41397526b96ae02c	2976	train	neg
100e4b416f31f9e72cabb00537cd9838bb232f41cfd6419c0a5c62af2611d358	2977	train	neg
1e5bda85a92db8e922a418a6d7e93d7947554bb14692e40c57a75fe8950b62f6	2978	train	obj
404e6a4a9251d15a01857a65b54dc54d0b26297e750264b203e77627f670320a	2980	test	pos
d95c10e3c47e33c4a4e3982bad2ff2d00ce835e7b076471b7397918c5548191c	2981	train	obj
d86f58a9689945215f6705e13ea2834816ec1fba498e1abfb738168bccc9ee75	2982	test	obj
9dc30144cc34665b9a29391892e69afaa2e5fac11de4ad4f0519dc45c7a8f665	2983	train	pos
86449024ec3b5a4a810ea2474d558852281bb99b6cd39a4ccf6673fba6dfd9d8	2984	train	neg
22052b81265c86eeb89ea30f6a5b4d9d5b0ea61985c60b1f4523e12486b4b05e	2986	test	neg
7f34d1a1db9da431b6eee295fdce91039a820759676de2d129be0dd810accdb2	2987	train	neg
95d7402d9f03a2cef6ef0fa4d54780e6c383bf11cf68ee0f7f5fc87bb297a5cf	2988	test	neg
5bce16974bcee3095d56aa4e7e9c2a2f23fe565f150bb86a91d12a485d652c03	2989	test	obj
67be7c5352795c766c339037780512766ba102224cfc2c3e3e68d9667abf7b10	2990	train	neg
8ec4ea8578696fa90a837250b60c91044569c69e20edea71d1b589436e21fd86	2991	val	pos
b42f37a302a82b1a66fc5076ce973acda0fb7867e4c7cffffb06b069402b8f87	2992	val	neg
d6e4328265ef8dbda2a3515754bc48bab2356724e88421c5d80f94aae9d90e3d	2993	train	neg
751ee16e341be4163ac1063b71a11dc84a4149ddba5f9e123f1be06f4c5063b7	2994	train	neg
04f6ad5ba2095588f48ce3a6292a9b168e295034bf57fbedd945eea4ded70037	2995	val	pos
3169447f0b4fde408a2af780a0a5cf9ff12273adce3ea764151fd148b590c88f	2996	train	neg
b0487c06a583055105320de184cb5676e734c9d0f8a38dc32de55b51b0f2d080	2998	train	neg
1e1afb34b1d88d664e4e3ba5143588ba69311ff456c1b97c24c63f00bd0cfc88	2999	val	neg
7cb68260ccf91bf689e21b5c39ac644d4c527c9502e59ede7d461e575c441859	3000	train	neg
b5a411a2eefe598162ab13c193e6392360a1cf82706cc77c96b37be74ef849ea	3001	test	obj
42cf13f0417d556be87d7f56d4d1cb1f9215304f431fc556fce20a592e2133df	3002	train	neg
e37d68655793d8780680d0b2a9becaebc64fc104786c9acc134244962a27ca40	3003	train	pos
8caebf863536a50adf842278cceaa36d2ce90e728497550a7114ce9a266418cf	3004	test	neg
fe15b2e59dbbb527c7ae771ab9d9cd2ff00f9fb92d963645d771ba52f21b76d0	3005	train	neg
64e7b20b2b7329209cb8cfce4fd5a4d056c5886e377e21106cada2152bb4e04c	3006	train	neg
8a027bcaeb02bbdfce495b96ac5c0b07a5d44b5a6d78b58e5302b827093a821d	3007	test	neg
865459f16671496eaf9d24062dade1dbe8ab0f1d5e6a0320bb5e80fd380a0bed	3008	train	neg
19edb14afbb923860739d3c1e6ddad54f76eba700e47f55b020ad3d6421ed033	3009	train	neg
dada1cb783f6836b185d8bcd1d2ea416712b84fde2254345e0fabf6dda93db51	3010	train	neg
9fb8515ac4680ba637ec24afe4c20e5d14a9d28a233c6069183001b27878507e	3011	train	neg
f6b7962b421658d16196076a283f00f92c67356485336dda681f32dd8ed7d2bf	3012	train	obj
b33c5d23d77df58594ba1839f9f95b61f2939143301c972f1d20440855147b04	3013	train	neg
d43772e026a9085379a6f0b768cdd3f0f223790af1261a07b2d81f634a81dcdc	3014	train	neg
85b680e0c3ac97c12edbfc329a07e639a30d8bd419866a8ded4640df834f35d9	3016	train	pos
a49244e0b8dca79618a203d0425940c52696d722df137045c2d61b42af191527	3017	train	pos
9e8bcfb5d710501d85647ccfc2b45086791058743370f8b6a0b2265cbb4b605c	3018	test	neg
3c24e7e1101bd8e3a4f804a6ec4358e838024b757d0d402aac68aeef5f64faf6	3019	train	pos
9973575511fe362198c7b33862ecb31c5a0cec78830ec7d3e163decbfdacd129	3020	train	pos
eb7462edabf3add6985be8db5fa7d067aff5152dd8aca3296445069e82877e11	3021	train	neg
3453342d7d0997e01df90af414b8895b2ddc7e62d25a7b55808c7c11de8bc2a8	3022	train	neg
7d648824141766b5e2927723b24f0bb32cd0dfd5e832daa51abf84432d064d20	3024	train	neg
5b2b9aaf832f765ee7fa68a57d0cedae2e0a64a473fad06c247d093f40d041f6	3025	train	neg
f1f0af424aafec117f2a72c45c52f5939d64e454dd25178214d7d19b04f9bc77	3026	train	obj
1991df4c64ac5a1b1d9e11efc6c10196ba9294d4b1321764e707d17dfd1e36fb	3027	train	neg
d6036cb2a0a1e2d8fe0c22b359b129ef3a128b03019f73f2d3add58fc74b9921	3030	train	neg
d8e400dc9e4fd36718af1aba9a52d98a5a14a85d2405c5d17c6167c6258c2e47	3031	val	neg
e4b542448e4a63673ca23ae93fb97eb47660ecad8ad655d427880a37a2be38a9	3032	train	neg
1f60667a968e96099e4d117a2340c800c03a10fe56f09af77c25d22a48b15329	3033	train	pos
ac38b8b541f07be197943ca823a58abf6732fa1d4982f14a56de0ef56cdedab9	3035	train	neg
870350effffe505d08fefbe569cac72772c90102dd80e9bcaae099c3c3f8b90e	3036	train	neg
23f1df9ba3ee850c394c8ef3c477e9b5a9fc7c4788e3688bfc30832c940d1ba6	3038	test	pos
3dec07b1dca6eaf70904f5e61c98678a181d29cf6f4e21f1d87afe46bc06ab17	3039	train	obj
2158291a00ab9dbd13f549df7dc2f083ddc5369a11f9de60d431a4ec454a7fe7	3040	train	neg
ab76da368520f0ae1893e84bae865c57f0669ea0ac6e60a130d7ea8ba1c6e57b	3042	val	neg
0d1c2f4a5ac4c10c7dbc1adf2b1a38025689fad41ad14cfd79c19af4954579f2	3043	train	pos
f50ff0642f695952dfcdc845d1b00572935c63d41726343cae2099362a98add9	3044	train	neg
ad96347f5c44c74014ec2d697f2c118a20976528fc81db03c9a5eae1b6dcab0c	3045	train	obj
fa8ecb6ccd8d3c219e0d78a247f8a5df39673deb8b849a036dd10eed4f33899a	3046	val	neg
59beaec7f326ca36e594ceabf17865cf7c915e2825e34e2919ab09239b80eb18	3047	val	pos
487cb075a9d672967fb74e868ab40ec6e859f835549d984da913d567e04c2da1	3048	train	pos
57ca78a5f3a33733cc0b09a60c6029d0507e768815385f1f2aa9fd6cb930185b	3049	train	neg
0e85af403bbef257fb4da3ed6bbb32287305b8d32b60a93838f76788959abcdc	3050	train	neg
c5ddfde62e6fb39ece4305e5b39420429e6f5ae44086de9bbbbe5c740f417ed5	3051	train	pos
861ad1d66b44ad320e6db45edfc6502681ed1b3fa30f9e74ce539261ce24576f	3052	train	obj
b146efa7f284c3fb55fc8677dccba180a76ce37ed48c9775b14256426a72c933	3053	val	obj
5edbb1289effc0fd3fe12d605a744eb268530e8330f0a5aa913505973f2e15e6	3056	train	neg
e04649ebad87b535a3853ff2a5e023bcee5eeb3d791bc37df0855cdd099ab82e	3057	test	neg
c943d5aabf20c822ee39d18701603786b095256d1521cb07431c9c088960e115	3058	train	neg
126efc83ff5f39e203f8f14e4d92c8a250902c1956f8eba798b77d5415014c38	3059	train	neg
4a902691e90b029946265cb568fc447b1d1ecf5949bd141c916de985c43200b1	3060	test	neg
bddfd05e99c96888ee1c5dbe3f9bc1fc0ed02126eac37890c19eac4af300422a	3061	train	neg
a61c0a5f4b00ffe1d54453a64310f043e3ddc143b18939594972a2ead66e1332	3062	train	pos
399ac7fb54d0b5c28cce2e0316fc09ac3d51eee587cfdf02e5a42118390ea148	3063	train	neg
31b696090a09c817bfcbf5e048e7c99ccca6d2923dc007115498023596052791	3064	train	neg
8bd24668b23bd7770be008ced9564c67c41e3136ed13d9ebe9282c7e11a0447f	3065	val	obj
19a139954096da3d1f69777400a3857b0b136c14c394e8a6d82a8dcb5b181e96	3066	train	neg
3a519581c87cf81e1bb5f906a8334c2dad92fa38ae4727fb5b858245ad3dae8c	3067	train	neg
8d7e501aa73b1f0249b43ce8ee34b4188a98d45f40dac10ad9b2b478c5fe5981	3068	train	obj
2d8f5c5ea5bd95796b53a104e2dfa1002a482de2e25f6e95a8403ba8f7092467	3069	test	neg
8d6e14ad006430d74f70bf8dc3c25018fd23bb75c86cf4cbf0a3f41842654304	3070	train	neg
75108dfd71f508a99f6fdf7732a2870d7f5b51cc04105d71836edbb1e40608a1	3071	train	obj
abd9d7f73477c8bc139f392c8e40345659a201b53bc5de40512e27731f92b3cb	3073	test	pos
d8983e443faa6e0a2edc567bc410480e83589e81f5169472b3634a6d5c65ff21	3074	test	neg
1eb6b0e740e73fad752547c45f57eb4ef31483625c38ff54b42d5513bd1253b7	3075	train	pos
e33c8503d7f7571dcdb9dd4d32d9bc04d06ed8378a94dc9d8d0a1718d18cbada	3076	train	neg
58f1533115a5726b301781d8b386715d5ce8ec68fdce30e258d12cef6d9d9fa9	3077	train	obj
9c92a7c2cebbf548d64340f6b3c676c125e3a67897f4f0165cc16a7ba924727b	3078	train	neg
822c2413d2f7213e0650f647868d64985e418badb5686defbfdd297d24c4fc49	3079	test	neg
d5deedad128091bfcb9dbc07240a9343ff438690b89d0801c66fd25fc93b7f64	3080	train	neg
a16cd27e7725fe37e4dd0bd3240c21d7cb4aee2a0e2acb87ba92c87c92cf0a80	3081	val	neg
7982a2180038ecc4e41e6304164024f36111edc687d85f62cfdecad075f20eaa	3082	train	neg
ebce03fbb5349fcd3504dbf30729dae5af3d62235c16eb3f6f40ff6499996ee0	3083	test	neg
fd3fb1d91edb23306e84f674830a3169ad5e640d0080bc8869e128d622118af8	3084	train	neg
a60a870c62ea5d2137ec00b1c875382c6f3cec8dc933dea3244b44a036a8bdb1	3085	val	neg
a868b72a968222eb4abd37291cb309c60fecca1b1d63bad1244ebde536542fec	3086	train	pos
b815b544417347fa1cabcea133daf730e0d6bac4abb8aa2b2ec742d278b2640f	3088	train	pos
581aebd03d4b20737fb72d1f9c569fa0b469ca5144fd1a8d674d79275dabcfe1	3089	train	neg
13a9b15e724fae6085a4821aa1d3dc03d35c73c205fcb54556c559a0debfd37b	3090	train	pos
e70ccf645e0aacf6641c2d9a8111536269865fc5b4642253dccb58381df945fe	3093	test	neg
95d518bff49fafd82b6edc61a07b77557a4a44318c688f320f8ac852e639364e	3094	train	pos
8d7e79f14c104b0bbf1e0452d1301790ed0647373b3685d242af2f2d1fab8779	3095	train	neg
b56d8947c7d2bf123c01eb2187f454647d5a8a3775562902881eae581c0c8279	3096	train	neg
1fbd5474a41f2df0e9e4db05fff580b7ce1e701d9fa50dc9e2fea422a1a99845	3097	test	neg
c33613edb0db7f24ebe78dbffe924896836a85bce635bfa192ecd7cf130857cc	3098	train	neg
e0f6b0cdd589c474dc456870b86785b63879753963f6ace8c23bd16262ac9894	3099	train	neg
3c0717294322282bc511eaaf72f87182f57797f7ed095df3cffc7257c306dab4	3100	train	neg
290a33a1365a4e0c55b963561089e93ccf01c3580fbd87d5458438fc3c750b21	3101	train	neg
c78f3ada2e316f1e7740c83686d6b9c0ca72d09e163afc22047b0678137e8202	3102	train	neg
e70189f79595ba1384cb45932b1934760f25ce63288543c2de40132539a00e15	3103	train	neg
760a202742afd88558a07b6af1b5982acd21d1237591f6ff8dba2d847b47ae58	3105	train	obj
93f41f79ebc0d5c8af555968c5597cc910e06eb188a146e58cdc763027163c2d	3106	train	obj
d96c0e654fb932ce1811e0b868b98c5cdc86aaa703680dc2fc496a492a7baccd	3107	train	neg
210c19b96223fc810242079546bd8a0c02c47b67c4dd0ad6a3b52c019d8033f8	3108	train	neg
1d6f2fdc1bb75cb63940965afe7b46f8fa2aa8dcecebbe3888b89c9614f74507	3109	train	neg
b9e2d9c2baa11310463a293ecafcd2af5a63166dfa20b4e49357d0bb7bb525cc	3110	train	neg
57633de059711c22d8773c03fbc9453c005d478e5ad7f1b998eadc85e68b32d7	3112	train	neg
ff40343ca8f3c8f693b56f2ee2d7d420cb4d23da2973b4dee126135a99c43378	3113	train	neg
05178fb677b783e8f5857c78750472e2caa8a237f70039a5b40e49ea2b1ca66e	3115	train	obj
01506a2e05d9c5c21c720fdfd5c6b853dcfd0062b85b571d0e93a67e7990f5f2	3116	test	obj
80bb056095caf90ee886f2f61119bb72366cdb0cab2d3344c07297accbab54c2	3117	test	neg
a012751cb9dfe328fe361ba5374993a1a07333fc6ce30cc13a9a3399c25913d1	3118	test	obj
a4615406c51c0abea87846c2a84f5d9ca9aa30cf513c440c697997bdfc377534	3119	val	neg
75eb432d45cb345cd91e8e67b2d8fe471454dac1b234678f64b077c4c8274409	3122	test	pos
b41565033bc560839fe57e8e56b8f610e7b4ffd28a21f8ea83ec19c47e1b2edf	3123	train	neg
204133201b414a716b3f6190bf2c78c9346ce5a98c9d57304c23b3bbb7510d01	3125	train	neg
6c0674817bc48057800646976f9ae24104eda716029c4f9ea899e206863182b2	3126	test	neg
724383aed1288cbef48b7c96aed623213b4223252482c53d5971c4f9c48524c6	3127	train	neg
d646859c5796767c3e285dfec96894f27f8d18327f41d66337d5429b5799d14f	3128	train	neg
f07f69a3966989b2432f4dc7eca8a4e70b6b7f253db7f25f389a6ab2fe2de066	3129	train	neg
6a00c606638922cd2128eccb524480eb916a806e0a6e00c3c692290b94fbbb8f	3130	train	pos
1588786ce8ce9f1f08e8a51ab31b31faa24f65656e45b86a4c2b0a0c111e3b76	3131	train	pos
33592953e8e0c4d2bdde45b3d5545e0e6f360ff479e85dd7a3ecaa44e7122d07	3133	train	neg
90d00859db02714b2b72341f117fbb76d0971935766befa058a6604e62985507	3134	train	obj
f598e5e9edeb85682da8b27fbc934717e52f1961f4efff6bf1091969fb4800b8	3135	train	neg
2714c71781da04d3733d3afd58c1a4cbfb29905430bdf9402326614d5b4962ad	3137	train	neg
0ff1aa04c2981fae682f4f9168308b97a7a11776af4b3a35e8e0afd5261fcf7e	3138	test	neg
bb1d22f4a03aca093056782a9576c3ea1eef6f536aae3215a7599399a2909d97	3140	train	pos
f83ba1a1d3071dc81f09ac58ed1456d89bfcf61ce9f7cfede7cca4b741180a1c	3141	test	neg
fe9f4d8e580ca243779825414f3c22cfb8f5ad82f01eb9e52430797a5d25c18f	3142	val	neg
db782a4918d49dfda7152f78ef88083e96f3fb6d67f7b416678d4fede2e09feb	3143	train	neg
96d194e31a7d979867d5cd1d1e03c311c10e40183fd1dfd106006cc3276247a0	3144	train	neg
4a65ee5cda857524bd6de7730f74a65252114ed6c07b31093ef2010610dbfc00	3145	train	neg
601233c51c88d6b5057de48b468b2da5dea99c15aed5c0ace39b43213e7c5f83	3146	train	neg
924fa9582eeb14c9d36bc25abe67cf1f89ef5a045808c451dbf778f3f795ccc5	3149	train	neg
268e33d118b025325532739c73f09a689b2d2696440c795d56db631075fbc735	3150	test	pos
11e89df6ecc8f67ff5bfbcc3adaea35a6930a85e8bbda27be5d2c8652cc1d332	3152	train	neg
e0f6c3483489f427503e86d519b0a3c5e48b33bf94585b971f677600af14b707	3154	train	pos
63f71569591b06c3e9812026eadbcbb9ca9f31eb76c4a34507851201c4ca5e2b	3155	train	neg
248995b28137fa10ff9232bf06f1e2449edb467da714d6e5884a85dfb33a0aa8	3156	train	neg
43ffe263a3c6f77626ca1aa869a840b59f0b81636115d927978dc75a2dea4687	3157	train	pos
c09f7ddc7a9abb93e17baf6a61ea5407d4875c9f5774ca7542869062672b4afb	3158	train	neg
60c6b52370d9f78d110ce7b1b4b0c30ae9835e3f046d0890c9e84466854c2895	3159	train	neg
08150135a70bfa48630e946417954bb9fc36fcd6fc326a97d102b517195b975b	3161	test	pos
8986fd7e5829c582104848caeaacb8bf905d79379c30f1de94003542b048e618	3162	train	neg
6f8510dbcf14f67c9430cc6bac365a994ba65920cfa1aaf8bea31bfda1242a93	3163	train	neg
07c8df60fd4d1731153775659375f422312092f5397e14fba78f69d0f4672e99	3164	test	obj
8fd43c541da9c991758df7785682ad240f011a08984378ee80159575286231bc	3165	train	neg
9bb25b806f2aa94fa1059553d01b72ee598909d63ac0bedfc6f820181f971f1b	3166	train	neg
2ae99c0e75a266a2e9eae6c00161d4cf5f81af6e72d7ff329b08ddf10a3b7172	3168	train	neg
418a96d596a7c1e44e557589a86c674ec5160742243c706be445d47c1f66db42	3169	train	neg
c4793dbcb4b36d32287d7aacf769ddbef1800e26da9badfd536f3bfcfa377ee3	3170	train	neg
aa1ad84eacf7aa12c3eeddc89bb1b4d40cfaeacf012b45a7484581b78916c200	3171	train	obj
fa9d4368b07a8a71a57d207f1cecd6f61f9a9eb0ea79a0a9228386027a414636	3172	train	neg
5f4a24d2d4d0a66d9805eef42a742e52662d894dcefe541851c1675e6e1cef6f	3173	train	neg
96f40c274c56c55c96339fa76e5037b328f3d6cc073cbbe61028f1e8b551a357	3174	test	obj
6caa35b7212688328ea4feb948c88356c7771558f03c84fde728e6e16a0f922e	3175	train	neg
ae6a4e720fa6cc1e33dc4f186a598ed4d108dcd2577fd4910a01ba3b54559d32	3176	train	pos
252fa40cd95df1a05c924c8261b2cd00bd86d4b3401192bd6d25ef9e924c8024	3177	train	neg
9238db6741a37e80e6f8a3ab754dfcc190f148fa5584e0a136d2b9eece2fc71a	3178	train	neg
181a0b067ab6441d386506fe50b35013a77165aad720c7072a5c0f86404e4f8c	3179	train	obj
d24f3f242c6ee9f3a2dc3aea9fda2d94dea37c536133636c6450c037565c9b64	3180	train	pos
741286df3a98616104a386bbc678f7d76d6424f3e36f0073346bc25979f53146	3182	train	pos
02fdec31cda57abc2ce18353713e89985f2ae16ba704b0a98265c51401e78d10	3183	train	obj
0a36e0c0996191823802ee703ce7eb732562700ef30048691ea670044404c095	3184	train	pos
2878286aaae52735ba80aa920db7430118f0660316a7dcff87c874a574b8a0d9	3185	test	neg
b898c5634ec94bb490241a3853d6cb808b3443fd287a8aa27b817b87b1322899	3186	test	pos
f91cec14677b9f02c81726b8c4ad40109562d6f560aa0351fe3d6bf6cc18747b	3187	train	obj
832b9d6bef0fbdffb03ed0ea2e3a8f54567e5459f56ce6e88822034292bedf9e	3188	train	neg
1dfbb00f039ef0e6296c6096b1426726824f634df6fe11b3e8c2d6aaadcd89b4	3189	train	obj
b1f44045b6ca7be22ae6cada41214d954f33207b631f8f6cb1e4a7a15aea56a0	3191	train	neg
6c311f85d23a055279e2de577c5b98126b8ea00a66b9ba1165c0c05e6953cbef	3192	test	neg
3511e60e7e3ebdd98fb63712331841e878eea6833a14d39a3f4f6026476a87c1	3193	test	neg
de95f998c1a9a131db3377c698581e7bef0310dc13d75de86f669b9415a1224a	3194	test	obj
98d64771c9718ae7b3fccec09d818eec134d45efef5244ec6b1a7479b5da323d	3195	train	neg
7833ce06e03b6043e00b7df4a7913a1f829d48e7386471bfc7ea471d64136450	3196	train	neg
c4bbe472d02984ce047dda132769e1cd5e6ebcdb0e33e0b318513ea9d3dc11ef	3197	train	neg
2dc00799c54993d311d3d80d7b926db33b280808018bb4b69d08fcb8714e767c	3198	train	neg
2bf5b75439e719158bb2d64269105a12e4dc9e3aed15d5309e22465dd597766a	3199	train	pos
dfc9bd1400d707a1889bf39d9d6376de224fb272822552915a9a4b7826057d84	3200	train	neg
d3557760cafed83e08a93203f05d303c1625d810d9d31b51b1315cb47a4ddcd8	3203	train	neg
85f5d572f64487ad0821a4ed5d781b8e4e8ab8e085ae9ddbff6557053fd11eaa	3205	train	neg
6aab4bfd97a2ac1a67bc0e4b65886774db2253439ef09924871ad8353d785b48	3206	train	neg
22933197109fb1744763f41b7f3dd3e022e6a3315a7a8308a5e4e221aa6ffef9	3208	train	pos
422a0a88ab7fd9345772ceb6166f2ec09b2d574dabd60395dacb242e2ab0b322	3209	train	obj
ce67f9f3eff7e7b23541c1b0997bd732756fefd0ccb1f7b951ef7cf1160ff7fe	3210	train	pos
a8ef9186d9ec5469e6568de6cd1a6a6ef733d4c8e027b645cdd3c34eada5e809	3212	train	neg
bed2ced7a0b9e2bb6833cf31ea86245a3594595fd92fecf93ff4c873dedcd269	3213	test	pos
114deffda3810b8c1a0fd685e12e26a4e9112789ed5176cb28b510b11c383de9	3214	test	neg
fe97e3d51d09adc7d566cd8ad6f65134f0ad8b845f0065fea928bc7d3c892ced	3215	train	neg
866846b6fb33ad87dd40a2d61cc82d995ca38ef9d6efba65463411113d49578d	3216	train	neg
366ef63107ba271940bdb80df39384cd45b14b58d19e829170ad3a09e3edca39	3217	train	neg
7fbcd4b7c08f12fc159336ae3bd81e4ae1f3b06fb91d14eb732d7240fd1d3f98	3219	train	pos
e4217ce8149e3c64fd6dce0c6326803328b218c03da7e19da32a6a4d0e7ae1ce	3222	val	neg
3b5f5cf9b0734e5fc1f376b5e2d994b214bde320e804aca50b6fba851bd7b258	3223	test	neg
9ee31fb7b4d2420220d34e455e26270b25500e58c37ffc343933500ce01f4c8e	3224	train	neg
edcd0ae710a13ad22d387be97dddda0325a7a8b05b57e77d76a2c45c4daabb9a	3226	train	neg
99764a26ec7e89419159c43e966e253f63a110d884973d47c3805c5630bda23d	3227	train	neg
fdda75e5c48122e83811f1b17bda4a64f3e6f87e2911551c75be2f4dc80069cc	3228	train	obj
3ec40b122aae72362c586605b8e7e680d4fcfb2bfc0d4319d4b20e011f3054cd	3229	train	neg
60d11ab0cb6b6c47c08bc4a98cd177e38d5fba1b7494f0156c4e816290808e6f	3230	train	neg
98dc01021837c403a900429f79054d07b9d6035f31e43f235168471251eca4c9	3231	train	pos
25b832003e73330a7618246b36b0c529bdcea1b16c2ba7f058b748ef15772436	3232	test	pos
5ff336d137918550cc92be016ff6ac429425cb5ef15b340ad08b2d98ad8bddf1	3233	train	neg
8ca5dd2e731ce6a22f51a5cc81810f9a60d6c999bf44cfa32cc06f224e279c2b	3234	test	neg
a9843cda55c8556bb4c0380b042597d5b9d6d900f92081e32146651f2d5bb3f9	3235	train	obj
d6793274cfe5b0da913848e7acc6277469890213a568467fd16d2c4ff2bc60bb	3236	test	neg
e7f74f81cbaf651a6b2d66796b13443ba4f6fdbb8cfec2bd5ca3b90757dee92d	3237	train	obj
53094b27ba51428b288dc78cc5c32fdda84ca6a6554ac703530a44499090273e	3239	train	neg
1a2f8427c1cac2ffeaa227b751f077b35ce47a55cb50bba0098e18be3fdc6943	3242	train	pos
f702c90eb1da439da97b1bd569f0973c29da3e151c82ac3c66d3ce48e7bf8ee2	3243	train	pos
f83979b82478605cf4e0b21eb8b8d0661931600e4a8b579b43406fbbd24556ce	3245	train	neg
547f4aa0901e31fcb7815295913b53db73b00c9efeab27bd9c452bd400eb50b5	3246	train	neg
babfbb1d1c430d1f2c64b5f1948f7af8380be13daf0fb205e855996b041ed147	3247	test	neg
5f288784ce468b4b9b48846008582b2fefaaf6546049e5b76f03fea00c2e457d	3248	train	neg
0aa21335fd9966b9ee0dad9379873f908eb45ac18c97389b31f26d3b207f9455	3251	train	neg
75294d43a1d85f7d64e768b860d8198aa14fd643d0e9ebd625927610240712d9	3252	train	neg
a80b80334b5504a75df7af118951ab0a75403d419323950b254c511c50cfe7f3	3253	train	obj
02c5af14f9b8d09618da9b6be919ca114d1b2aba236d92fed4b73504a44a74d6	3254	train	neg
0cdd1a2dc3f5c771e416d135cfa4c7e69367dbfd4d354165422dfc22b7b1b910	3255	test	pos
99e539f70868b0e6bdef9cdab2fc7908252b3bc2bb64a351dc72fec53eecf12b	3256	test	pos
0a08c2d2e6e0c75708a0c55f826359e05ee3e134722dbd0ed1022e408a9568c8	3257	train	neg
e87301ef7a281d2a2a810c7a2515741fac6529ccb7360d57a765b1378b020caa	3258	train	neg
ed1300e8ed046f54870ab9726c5ba2da36409df30d048d6269d2d6c03e2bfcb2	3259	train	neg
5a1aabb5e7af9d0ed0dbb32abcb2f8226411c0d7756e1b794ad11b8fad8819f0	3260	train	neg
250ada07591fbaeb6b890ded9777fd3436816e5b757d5d73f56bcdcfdf9ee0cc	3261	train	neg
41d612d0f2ad35d4666c34475caa588672d217250f2f1f50283d6cba5eeb118f	3262	test	neg
2a561b810875d9d52d3d3294dc12b10efc4b2ff65f9f8542e28446c3c94a90a4	3263	train	pos
569b1499fa68119995246888c27d7d772bcc26466175f45971d5c3bfdb8e95ca	3265	train	neg
215e8256cbff4c2123c43840c2cadadc0f258e1ce2deee8e6d6974f13f569809	3267	test	neg
bf4d6b405e75fd7ba9fead35d2d3fed1a12b33c7b41a1398c5857047a3a617a5	3268	train	neg
ba1f9e783629b3c1a9feff0026d1198c5a0fb0087b35049700041a907577ed79	3271	test	pos
d2953654e3b6c10f7e1bdbfab31337d3e5433942e28c505a98a7ed5e2a9aae37	3272	train	neg
eb931ea0eb5fcb86ec76cbf87b1a4e53e47f9da55284d38d421f07e6c51bb990	3273	train	neg
a24ca63c52407a3643c922ac29fa8941425f13f0ee98bf62dcb6df3346b42f24	3274	train	obj
bd34f66cd7b3ae3a9cea1ffc1dedb20d43bd11ffe9f5357df884f951774a019f	3275	train	neg
e86f2afec09b6154f2dac03f0698c0ad37068b4302a040ff72d7c9a25c34fafc	3276	train	pos
544e1a44bc38c1e95092eaa39319ea55782f99e3fe36f76a1307dae7859157cc	3277	val	neg
95d4e33aea1e4146067729bd415dd47fda62f665b69f7b86d059cd9ddfd5db53	3278	test	pos
3f7269dc1bc6f0be973829db72f4dbfc39f3faa25eb8e3eb8d109914d6c1dc52	3280	train	neg
aac591d131540e4b640d07244369ddd657c4cde02e6ab179ece499e34184f3fe	3282	train	neg
2d9e1da8c4c2473fe52d4988dae55c6986086e5870b7c52730f056d89e6402d4	3283	test	neg
0c09a385d6c601361b0393be017bd67aaeca7fc4db80c9ae7ba14a434dcfbaaf	3284	train	obj
0eadccaf03045186fd42ddeaaa95995b5131595e43c0a3445224cee2613bb742	3285	train	neg
cd62aede85a73b80a887f3628c5fab5b4d0faad389eba3318596aac3902f4429	3286	train	neg
6e19cba32dcc5602b0cd214a0582ebb5986ce6754f0e52001dcd7137537075d9	3288	train	neg
670a1452f2602cfab1c0bd42783db350b93640b7f990bb622e170f8a0b4b8bfd	3289	train	neg
52dc477d2a086730bbbd8d4c87a08736c488c454f2b9daa97106523ca2daa584	3290	train	pos
876fd2f59318701d0a6a55030d63663eb81a2ec0816e12f869727b39402ffa99	3292	train	neg
9a639af4cd4abb23e9be926a830673eb39d9067b23eac22c7516f89a90d56aac	3293	train	neg
3c49a3dacf6e783ce79e52761f2d62258d9bab5c7b16e9697a0b399ed28d45d4	3294	train	neg
cfd4090e0ae9e41d09e2c49f00ce202fa4194c04257aa5163c394e4d44c8cc52	3295	train	neg
0c396cee2d43f8d91220840d4014aa0252a162f60d6ab3745676affe23abf3ab	3296	train	neg
b194981f263de899bdaebec3dfe816b949f43b438131c0aa8cc799c3f11605a6	3297	val	neg
e8094ad7a1fb62647e41a85597cd6ed9e64a775331ab6e8ec0df25c353ec9b14	3298	train	neg
e5750b34b869fe9949be2431e073207343a10303e49bdeb1ca52e9118ce23ec1	3300	train	pos
e70afa85a92af87adef4a16e58fa36373ee9237c9785cc3ec323c6c1caf48d2a	3301	train	neg
0d24d4fda3eb2eef6ebcb73a21cf2f0265b6e838ebf2074eab8db6dc7d3ca53b	3302	train	neg
bf35d3575cc5396a17b0a5b51db0e6d98772ea0c7412d9c3633e3a575757f1c9	3303	train	obj
f842dd1ffa64e9ccc4dfc1a4a5dd77632bed70af42a3214ecabad883cfab7b72	3304	train	neg
8510fb6c8deead1ed243b0465084a11d3d31c1f3cfe43b83938ca411a316c744	3305	train	neg
b44f7e9269bb5fdf38df49efe54c1565ec866f5fa1db04c32079bd75ee491d65	3306	train	neg
fcce2aac8a110824e232055335cd36ce0e9629e19a08e5cee0dd3dde4f25298f	3307	train	neg
32c6681fd0fc19dec33de9dc55040e880c6f812ba268a9b0d2330264a014c50a	3308	train	neg
57e1374efe20edcb168525726a68a58bed04b8955cff3d6b566bbff33fbdfba9	3309	train	neg
d57e3dfc920be258efc087c72f113e1bcd02f754812897a27d7eb062e5fb8795	3310	train	neg
fbd4d0f349babadc3e940c908b545eec581e8df52a73709b9a4bcec1c84367eb	3311	test	neg
223d2d6812ecec11ce6658d0a5cf20cd841d04e66469fd329fd3c38869a3e39a	3312	train	neg
4f6e69ba21a152b5dc218faebd14b67733bc42e1367684a8430fb0404355fd4b	3315	train	pos
c7b78956b7d86ee55de4f91e98546bc95102f06c299907e9e9e800d15b1a3a84	3316	train	obj
63545771d25aa5e278415929a8452cd531260156d4ecb3fbfbde0871a7603626	3317	train	neg
5e50746c3938d3cdffea7e3700991a9fe2e30aadc667f1c4372ddd2888a50ae8	3318	test	obj
8a100286b2ab0340686a44b7c9a8773e2752ef130017b98f707dc7fd5e7b6df4	3319	test	obj
14aec633044d8c2e2bf1c1fcce1511eb8989dd11ae0c9e6c26a5d80876ca4929	3320	train	pos
ae86dbece1dc6142666553aad78486fd5fe7039dd73249d973cb5a61ab4ada40	3321	train	neg
d87818e28fc3ef86101ca7d7713eda8dd1dc24bc91d4f5cc6fafdbfd065b8172	3323	train	neg
11d03cdf887f76b38c76c1e3464081e1fad06a8373cd8cf8163432991481a772	3325	train	neg
76f0f1566ae0f7adc54902d06ec75647431589806ad6011fbda84fd7cedf9916	3327	train	neg
e9e93046dd3bd9c96a6feb373636c41d1d044a78249a7a52bb9435bd5fcafc97	3328	train	neg
f9014d76263d59b8245d33d3ad9cb6ac19272f04cfc44dc4c2cb8ca7e940b152	3329	train	pos
f675bbed283cd0afa5d7fc2b0f9570aebfce444df066ccf29c50c10e72d09a3d	3330	train	pos
82a0d2c7042edfabc5da5f058a9b2225e982900582e01d87c67806aa0007588c	3332	train	pos
cd3a4e3c94e11a9add64643259b6802fa7ccefa650e551634eb2fc095e693214	3333	train	neg
a7d5ec46e9c397c33cd88823669fe233081025a3dcfee93ce92d145aaa4be600	3334	train	neg
7b5c76113104e6629548176db36f7a806d668d2b5854a8ee7449a5d6b4f0de9d	3335	train	neg
479017e39031ef8619f02c1e455570fff2a3c4507f4498090c5566dec639d310	3337	train	pos
75467cb01baa9af6493056673b61a77e90be610dd804a3a74a84986a3fbc0fd0	3338	train	obj
3c264727076f8e4a54dd9a3db88afa6417235bd9b41acfd38eb2b16b5f208d05	3339	test	neg
bb172301e2b97133a4f3d752d6fa254dffbd7f26e5564d5008423060302a2ea7	3340	train	neg
9957cd3273ca8b42ef5950ef05f20499f15c66493d3684877fa95039028f566c	3341	train	neg
7e8a1e4410ff2f763984d03928b2848e6f4f271a7985e3417b46019d04b672a9	3342	test	neg
f5b7189c3efc7ac7f0118e07a1f83cb089739e3fc604e1a01549b853704b1a37	3343	train	neg
af10fedd367d5741c09c63bcdb888eb038e666be8b22a3b26a0a821a62e565a2	3344	train	neg
d5d804ed5e202f4053167ff7916f2a60518ba670b8e390e4fc4aecb4eec56e30	3346	test	obj
9b592edba85ad1ab23d6d62c19b3edeb695b1fbd3ce4c95c513a95ab47ff8290	3347	train	pos
044125fb92222d7259718a9fd257079b911a1c9e1c6be48170be52fa5dbf47ec	3348	train	neg
6c3db40ae29d0658a694dd8c686164b4abe0727b42abe93c0be95a1ce6db3579	3349	test	pos
c11ac0778c9bfd0016fcb1f765b743e245512f5a83c6e3a220fc40c0398bdd89	3350	train	neg
15e4b97124805f8f4994dcda4b665a6504c7710ffac5b71c3ed1efcc3db5dd1f	3351	train	obj
587b870168e07b1c137eb74d9c64fc4783f9f5a22f237f05f8acffae2e9a4456	3352	train	neg
0d71f07fab325da9cfa0d91f28e4ee5e2f6d201fb05adffc3674ed8cecf6a3d5	3353	train	pos
e46e428135779c1ccc242e1e331ee415a5b9a5c2aa98c2cba31f5808a80246b5	3354	test	neg
7b55a15e742c6fbdd3248b483ffa23a53208dfbcf7ad99d8f28798458708c1d8	3355	train	obj
1806963926190ceea35b8bbccd533306431771e4ba05d2ca9a88a4ce0335c9c3	3356	train	neg
d42c3c4a68c1f1584ef239eecb6abdd658e1fb4eb1fdf6c382b577c3fbf05be7	3357	test	neg
b200acc1c911a2f94bdfeae9040edf395b1c55740c9a8af45441738bbbd7d5ec	3358	train	obj
797c5e1089760605f2b125a26da94bccce9da04d2cf9d84ed26fb08a9933c153	3362	train	neg
7a3f2991871e9afeb770a0a1693714b8ee74918431cafcd0c2e2c417a3538922	3364	test	obj
e3f4cbee24fe0c8cf1b770c72757faa61eab2cd5ea75b1ba7945781306f4b5fc	3366	train	neg
5aef2b89165208d9f62a6c018bec0cfe9ad0714c6fccfefc2b72350ea4837561	3368	train	neg
ab211fd32c575648df7d11654ec10c8a4cbc0585ff57627bdf7e47b8f90b3384	3369	train	neg
44c060260f11e7b077cffee565ecb4c325c810933d440fa4303bbeca90f49b32	3371	train	neg
d174c4c9baa065515c081c8235a1834f3a3301471ab421c433803d2be4789d6b	3372	train	neg
bdcb16155137d0ed0bef767d6e30c68e27f1e96d836608180d8134f25432a10b	3373	test	neg
76f36f2c9663a8f0541eb5c3a6293a014e6fd9dcbe745cdb63444790312d6901	3374	train	neg
b8ec035d16ec9ae6200aef2aa9cd30dcbbf4e795fb1cf9bd7ebb69e398a6321e	3375	train	neg
be51bfb1946fe0f9728d93ebd34e17c47a35dca7564e3e876ab9af0a4de46067	3376	train	neg
3ec5c3c8cb8091b4da4fc6d7f040fd7781fee61fd41efece62119fa8e61021d3	3377	train	obj
ab2e480dd0282d88e952da6f64108f796a88f5aa11b970f028513aad0b5b64b9	3378	val	neg
a8e3507e727d5c5bcb8991b29de0992d7eafe92dd11a99b1a0c4416a8a449d2e	3379	test	neg
318524d6fa5c023a3ce686f95b25db036e57f7de1b7e405490e22d63cf5f8f90	3380	train	pos
699139cb658a8dad31f22dbfff4d278722db26333079a91f938ae2c30e0a9577	3381	train	pos
773e103afdc31e361c2ca88358db0115c41d169cf4be8f3d340236542a536abe	3382	test	neg
4ae00cd9471b7a8bec459868725c4383a8cac6450fd1b1695115252636d77151	3384	train	neg
4af8af9ff48a652e2e07235bdb8f319ccbd6918959d6294a2bd2da3c67cfc802	3385	train	neg
012300ab947dc6d2b64c3e1bdd8f819ad72ad2f411e09702b7590ea30593c146	3386	test	neg
19af9e275625e40b82496d20a3d76d9df552b1ebb05148027331abfe3fe9e639	3387	train	neg
7e09c9893c58b3a479b53a5c0af71906b9dedd4a683319e5c3bf15d4b96e4cb6	3388	train	neg
47f69642d5f26be0a4e7d48dcaeb6cb039533ebba17392e3a25778e3e9cdcc2a	3389	test	obj
10717df2c5220a13dc2b76408bb1f2f5edeba7aac7906265dd8f5c0d2a126ff8	3390	train	pos
a7b0f00cc6d487ef51fb90b3f0f11d2ac923903a4567099188f4074de95f5a09	3392	val	obj
006e934a8ddd94a248776df58d82046f6ea3ca6ac2e75f1dcbd0e828dcb3c19f	3394	test	neg
e6620966fbec85a0d57348376ddd718e49f958cc876883c559ab8b8bd060573a	3395	train	obj
d37a951fb760604c8511e03c0d156dd5a9bcc987e0e9f7dbd2126a022f39b428	3398	train	pos
b2191e444b4be9ef194b3720c0ede0849e38c9cd91bdb8700b4dd4a775cbbcd5	3399	train	obj
573631f8072419ecd9fe94dfd688de0a56bc8486093c52356c28bfcb5c547107	3400	train	neg
4051c8b7bd403fdd1f19614885e12b368e7f060317666e13cdd65f70a96d4c7d	3402	test	neg
9ca9dfc408e4e04bd5ea5a6c7b92e855cd755ee458175c8d4d35cbb0005dc751	3403	train	neg
e4325c0df352c1ff6d0c35b483f46069350b147f28530e913d9fdff6bd7fdb9b	3408	train	neg
c508fcc121e7c3e8b08fbcd5edea913495960f085c7b7e7b3d8e79930e016bd3	3409	train	neg
5defce55fadcd490c1a2383eb0b6239b44fb471f4d52e144da53ea1749131217	3412	train	pos
e3ab6c0a5c48afba0f3e93a81ebd36a8b8fb5af9e525a57013be6c40190505f6	3413	test	pos
0350fdcf69182c1e02331cf88ba8922fac2c30f47346dd67dcebfb29bc105387	3414	test	neg
4aa08d32ee4d2b350698402a7a192ff1e6b020a488d60987adc89088d5e6726c	3416	train	neg
2cb00dd961ceaf2fe15f918ef6ced520c9476e45edd97b157a3caf02d4b985e5	3418	test	neg
de58ae3410dcc5519d2f9b4ac16aa3bf1e2c0c6e0e49d63e5d5086b8fcf72e8f	3419	train	neg
3545aa38671831dc86efb59e0d751b02ac86e74bbb4bf6c41439513a09a028c0	3421	val	neg
acbb9cc2775b5c95721355922f0d67ca545970886e760f6ef9834ed97d89f89d	3424	train	neg
4e34257e428a0c7a02fa249ea3de42b4f940c68f2fdfd06473c2f32ad6dbc517	3425	train	neg
014c117e7fe6e92bfa13469f76a830550fc6861094311687a572da3efd3d30d5	3427	train	neg
0fe0c2b8f7c4a4fca7edc70ee324bfbb366942efda5d794a532af05312998aaf	3428	test	neg
f32dd5664455c2f5cd429ab0e6fd034f62ae7584db15766ceaa5604118937e0e	3429	train	neg
6036072dadbe4e1647af224353a238bb5da433627e4fd03485a74c1393809bf3	3430	train	pos
2b31d413de32cca76af08f077728813624af04ddc98fe741f3d060f06f43d1d5	3431	train	obj
6ae6dee3686e53ea32ad8771f0e2894dec9121b0bd1322dc9125af8dcc675602	3432	train	pos
ae27452bb5d2cbd8e5f36b0dd7a51a11c673a53a844521e6f365fb9a0b24a274	3434	train	pos
b1073918657843169a9a922aa78292e9e45653f4ec786383c6db2414a5bce4c9	3435	train	pos
fb63803dce57dd3cfbccb58d23ea73d71fdeebe703d381f7e05006da9e571342	3436	train	obj
1b2b7e9c80ef30ea3688215e26ddb444b0537f9facb2221132656b6db9a426f6	3437	val	neg
91d7ed351f7c62e416d9c45540d8127d708126d6c72e73b99f79c3df6818d5c8	3438	test	neg
23bf2872c61f769f384d30d8461a88d9aafba3a831c70b6591e3f3513caeb35d	3439	train	neg
5dc948b75cf6958d51aecbfc0ae39bddd6dbbcb5789af4cc9cb445b76f02b991	3440	train	neg
0613144db09f8627c3e2a8f15b7e3a0ebc8530cf03fb7f61397984ab790334ff	3441	test	neg
044ac5b4c87228fa93061c1684443732606410144df1b44d1b178ee7cc71ad2b	3443	val	neg
09c659a958987748e14830b3dc4e97dde96c63435fe2b893877042dc89aba0f0	3446	train	neg
50adfb980bab8b1e74a4c5909c1a9cce956d9f430a94d255d7035e4ea6c2afc1	3447	train	neg
8a88e315cdb8b1ea403e6f7291b56d7c6db95577087bfa040864d176b201db03	3448	test	obj
1b4de2cc2e37460e8bade5bb1fed0a2516899943ddd5bec115104ffaf6f78f4a	3450	train	obj
5994f2732154b7e27012e07fc378a5327856715b083d7d6ebe43fa861cb46190	3453	train	neg
43d7835e9c672d9db41101971ae1f00749994e36fff9880016c9c8c4c8454f06	3454	train	neg
534c9b90fb7132cd471fd01a0c16d7132867145e79947a1778c507a146290881	3455	train	neg
e539ad89854ba2832a5a4571142e4bbedeabd359e4ca01af785c4811fc61545d	3456	train	obj
9f9320c3b1421fa6a1296b0311f318c13a84544fd99ea8649e249191e58f1125	3457	train	neg
4c9d8f14ecce4a6b3a4312a887f93aa5bbbc3a93ef5ef8731e1a2efd072b1917	3458	train	neg
c156daa6f354eba71a6665be82bf56fb082f68ac4fc473bb89e284f9f975cbdd	3459	train	pos
e0df2b83b30b620d03ab8a86ce40c55b2aeea4bcde00b8da399902fd74440ede	3460	test	pos
8632a0e444f4147242638c53f3527e842f7a0fc2abd2c7b7cc986114e68936d2	3462	train	pos
e36c4a9274a0e5f8c59a247e0c96a99a7991591b0335a338adda30acca1558b5	3463	train	neg
5fdfcd9ae584b497ebab8291780c85f28a34a3088c52c7e3b37f4e0a455876b1	3464	train	neg
04e73ed7108daf04d2f37a935ac87ddf41c6f965adc277038a7023a6ac91b4e0	3465	train	neg
e5706fb79794caf29e906e77a574b55a163c1075183287fca0ae96c90448ccb4	3466	val	obj
f9d1fede65a30d0288bd7313f160f54df3274a8f6a638d5836f4d9b2cea68cef	3468	train	pos
6dce245407c96b4aefe195a8153334be1405d69f6d4e40b40605da4be0a878db	3469	train	obj
3313061a2435845a477c172201ceb647a88fa3f57d2e7a6cf52da363d3097081	3471	train	neg
ea45359715bb03cee78a085b08a99869b3a999d4ce3110ac3c7fd4547497fcac	3472	test	neg
39a03284157e8368823d10d4513d8fd1a5c9baa5330bc7e3aee415a2178eba87	3474	val	neg
ed24a55dfe7490dd0d3f8de7db369c1f67c29b7dd9e5d7ecc1e99b8c87ebb11a	3475	train	neg
964b0a25d56651a3ff5841a773e4f1565b8913c40c63164c7dc194e7c7e38f8e	3476	train	neg
014b53bb9f52be9edb7c7f1013b5086b91dceee4da6d8a9d9a7a879f8cc66d71	3477	train	neg
71b512992496069b38da1e754d17ac3e50f6501deda4b45c16e818d1fabd2f6d	3478	train	neg
d3ba106cccdca3ec353853bbc748793e24a309e4ca603f29c93188f155c8e519	3479	train	neg
88b672111f917bf8d3e5e9bce6914e5937ef702df99251505196c2d3ff8152d0	3480	train	neg
396531e486a850f843dc0fe4106ca55ad09cfc7217f91734ef0f531d16a8ae45	3482	test	neg
02cc6239c3de08727660fa67014766e3bb9bb8e18ea0ae079a0d581a864ab14a	3483	train	pos
eafb8f0dd0c5e8ab12dbdf4499966c64842b0450f3c0c66fb7cec254d7b17d6b	3485	val	pos
ba20daa0201df11bb3f9cb71d9528f30a95967ae5576ed7d57a6f2783119578f	3486	train	neg
c51f10033dedaa1115aceaad7c6de5494f678a846416577f6094317a9df9be55	3488	train	obj
f538850a9f95d6cd34f0448fb46297caf6e67b04ab55e6afb4264869765a42ff	3490	train	neg
1075af56bb0608b17c829369918287630ebe8e9419944f430fe853f7c98494e7	3491	test	pos
86c80becef89b8ab2a2060e89cb8be84e02b96701625bec9f91c6284fcbbb650	3492	train	neg
630f75b4efc13e3c7291834bcc3ed722e31fcd5faaea57a70242729cd64489f1	3495	train	obj
b277be7f699838bf48889ada3bf6cf60139fb98f98d3dbec0ca2b219a6a654e2	3497	train	neg
630bd528bd686af584e690d85145ceed31ab0902944c37217a67afb9c6cf6d97	3498	train	neg
b84b2fb888e99f9a5dd79e99c28cb8ced0ff8734bbba1991a793c7692d52aa30	3499	train	neg
f0a6b1ed7b26e7df98ad20f39384314ec57467a9678054d8abbc8ab8c1fa894c	3500	train	neg
003a487294bae48da117d3b088758743aa3ddbf76c98ddc8511c32ad26f7272b	3501	train	neg
b351048e843c417e68606ce288a0dfd5831087722c085a5e9843ad8efe33b1d8	3502	train	obj
a96466e38d3d59f183df24a80f22dbbbbab580721228fa33994fc2901f46d73f	3503	train	neg
018fcf8376f2d6a948fc2412a2855313939bca30b6855802e3a7a47ed41ce2cc	3505	train	pos
5be4bb23cf0f74e35b3b0605b17aedb383d8e0784ea32561a80e6ae586a4434c	3507	train	neg
9025fee62f75ce41114a54029843aa39d34483396fd6f525e388334b23142aeb	3508	train	neg
b27d3c62c0696596433936381957d68717e29a074b36c16b30b7cc0a6acc5ce4	3509	test	pos
ea8999b7068ee62c3a4bb6c934404cb7031e651b730f84d021eec1b53f007d7e	3510	test	pos
bf7b59beead12e13eb5d6abb2b02aa37188a9e5a665c7eff2c4ba0f73fee3864	3511	test	pos
add8aa72dfef52f9eadf9a64325c0d240ca9f41048a0bafc0fa4638d315ae931	3512	val	neg
871036f1421fdf98bb98dabc192c2cc37a53572e35807f1eb87943213e22da4c	3513	train	neg
67c54214dfc13c30185f0bbfc75cc8daf419db07395539730ecce206515859b0	3514	train	neg
c273c08f29f50409e3f9be70ed68f0e135d04cac95deda14e905da34faac1926	3516	train	neg
f318e4091bad95301596b4f77eebe9262210525ea3fc406964c067e8f0a670a9	3517	train	neg
7a752b92737b8e4582b32b14ce16d0a24f525465e7460fd3f03c500ee3d69e6f	3519	train	neg
51c067cb5005ba2430d79e586b96f3508ec6afac4d8426faa5779ebaf705b1d6	3522	val	neg
9bab3643d092cb12502c1351f6875f2fb74a3e5806dfbd701100faf8f6a4e02a	3523	train	pos
494c8aef5c104364677d8d4a14064fbdabc858ef28691c1b96b9e6d01b452e22	3524	train	neg
eba7d693600459b9fe1316d6204852a3fd05b5a99d2199639925e01e28e166be	3525	train	neg
ff9ac5235b52b28a6014b6f2b252ae2c39a689dd1f29878126f61b5628d3a75a	3526	train	neg
37a4bd1fee05dcb17c26c2d79395834ae67aa3303c313e4e79831ba71cf645ba	3527	train	neg
25d52a19e42cb6de25cc6da43f99c065797f08b5bde838dc20b7e7044b94f8fe	3528	train	neg
5439645ae7f14b4d6879233889b5e7c7695282f6b04783867918462c13d4a923	3529	train	pos
7401a79b82903fa6ebcf3e34ef4fd9e4138740b2269fd9507610560f2680648f	3530	train	neg
6dde3ea2d979fb852dfbb901b25e26b6f832ed7b6926b7dea58b98b36ecc14a8	3531	test	obj
4e335aee8cd57ed6776640fbf0ab30dc0d9800f2f0fc410b609ea9cc36a8d007	3532	train	neg
7c598ecb094e666fa62ea28b80ee0998666a99e7ab86c34dc6541ae1e9ec4596	3533	test	neg
ace35fe33e0c7d9cba78d5ad9582d14837a750806ac660277b8222e3ffe8e53b	3534	train	neg
1c656cd622b688a4b34bfd4d12a483db40d8a1b6c14b13b51c8dbb8ac5403b96	3536	val	neg
74707b97e9023079fdf4685f794eb7ce97eaf7ce32babbef414c215f8ab44ccc	3537	train	neg
8b76deb81263dda2276feb379396044a634c5298d5be2ff5a0ad0ea01c9e88d8	3538	test	neg
91640eb831afefa12d578a03695f387281b0996dca31024030cbc97b41ddd646	3539	val	neg
3b7b04823a9c7e591c344d898587182380185bdf68f6aa46cb98f8da0c161b9d	3540	val	pos
826c06b9786772f26ec4c90e5a52d166815fffe0748c4a2d8a68074e5d30e648	3541	test	neg
19f235c455ea5e91cfd67a725c67625449f02ceebe1a7dc8ff615239e1796462	3542	train	neg
5f9f597f05e838d1b66add284f0b72846a5cfe19fae36dde7a7a4a69a848c13d	3544	test	neg
f7f9aee3607a05afc1c21b6fe0155c613f51ba997584c4798d9a710e2195f153	3545	train	obj
e38e1e6b9b2d781ea8ab1ce4f7919c7480e83ef46af51fa5576662007f97cb1c	3546	train	neg
4ba0a075dcf5b488003fc7fa65cb20c1920623681b201bbdca4a9912622adda9	3551	train	neg
f47166cf34ed38a7fd955afcf967b0644a28c6cb484b2d0b1ca1918e2f225655	3552	test	neg
4731c27c833eac52b9a33ba77a967f9094c152edd4d4b9ff759178a190d70fd0	3553	train	neg
baa9e93a696febad1ddd273a174b150478be65c7a3c04319818eb33890b71024	3554	val	neg
f64e472548384cab93e94a6dc7d12724a3f6989c444b116badf5226e64249c96	3555	train	neg
04d383c977a0d9607ac4fc600a483cbb4ba6079315de9361798d8e18860cbfc7	3556	train	neg
9e9615ce5c7fa38e6d5147e41e624ee1d34a9df8ff5ac44ee0e9025103d065a4	3559	train	pos
d27aedefd38e25fd15b42b19ec1e8826a76176809fe18ebf25170806c470e6fe	3560	train	pos
d24aecdedfed6590de9097b11bb2a8160e36c8be7395d55bdfe3ba5b78d82eec	3561	val	neg
bd39b8f601015c59b0fc9ec6a99a28931a2328d717d45556bb424ff667643b8e	3562	train	neg
a189a705e3ac31ca942deffe92d2ace17310b9d311a31ce3dcf750dcbb9da0bc	3563	train	neg
ddc0dec442a4874464ee608a105c4cd1b5f9768b0670574e595b7559f4d4d7f8	3564	train	neg
a42dabd38fdacb31cfbb9c7ce4c879c4c3a550269b0d051c6a3aae6df7b87462	3565	train	obj
945cbc326e9e6797b51dc509d21773af7d0697543291aca54cd487aa8de42e56	3566	train	neg
3865f1fc716b44d66cd75ab5c4ad7c29afe75f44d4004a3c24e332fcc28e79a5	3567	test	neg
c2e0e4c80502dc3838f93e7f485d730ee2d891f7837de7f966e69e9ac52750c4	3568	train	obj
e87945601f8f86c4a108cf68f65db02c0f79231ff145073c883c45f5da36959b	3569	train	pos
3b747a3291306244fa057f850c66ca73ea7455632efeb0ff25205f74b42b9f22	3570	train	pos
b9971afdfa0a1ba13d223fbfaff0e4f5af9ac2637fd441ed9cbb53add521b88c	3571	train	neg
82657cb960ab2960966af48b6c5d355f44595198acba370da24caa4b688eb7c5	3572	train	neg
1a39e4c549c4b641fbf04f8b65e42cc7e4af39bd6dc2dda07942bf56541b8909	3573	test	pos
21d2f926336a3fbdcc21b1e8e58005f92b38a682955dd42d97a4f7608d953b0f	3574	val	neg
da7d673c46230d3307f3034db623063548655fc14135220cc02baa8edfaccfa9	3576	test	obj
2fe9b34eab86194f4b36ee7b84da09ab70a049e9acd308f02f1abaf85d463efd	3577	train	pos
32dc2c69f7953df986c63eee45ed0558786f471febe79c92d502f4c527228ab2	3578	train	pos
9de2a9055a817dfa4c99b92112c8acfbed7ef96617b8f2da17e408aabda7b8ad	3581	test	pos
0f6ca6b622f5fcdfd364156560fb6120cd6882e9ef142650d222e3fdefd16166	3583	test	neg
0e222723bc2a1db1e8fa05e159e3c8a46b46eec4638058d49bb2e8c42a25d049	3584	train	neg
474ec4a7b74c5fff7bf44e6dacffb9f2f10e8b0998d246a0b6af239d5e6b60c1	3585	train	neg
9cad36ab881679fb25fb9b78ada137cedfa92e74afc5c422344251c53fc24b1c	3586	val	pos
34a04e8169d1217ed9faaab7b282191ab6a4a3b996bf79c1463623ffc8ab2f60	3587	train	neg
ef97036455dcb1381e6727c14c1144647f5f5babb62b7f229dd13b2ac1c010e7	3588	val	neg
34ca5f310c821ed0708ab26cec62b1c18c3ead3cc6ca66621d6b2fdccde0f7c4	3589	train	neg
e3293622360dee4c16ee3149f70a42eb78898a4cdc070fdba788c01dd620ae64	3590	train	neg
3c086fa0c27c7203d3172a11b48c29f2e0bc18df2e67e59cdf41fe353191ca01	3591	train	neg
16ebca5d3e38c399755216e2caef9544aacfce3b127a3a95fc77c03f444f08ca	3592	train	neg
cad9a1f6930e0329b01f840b7a4adb967a94069e6fa51436da143b8e7874cbf3	3593	train	obj
39431325aff647dedb625301534a004f549ea8e5a6a3452c34b8b433dce4b62f	3594	test	neg
88456bdaad81ed2f916766e5321dea068c600957f54864d8e9a0031908a1cfe2	3595	train	neg
a04ddfb95d9ec3c624668850eb3adf8f8243993a0ec3c7229b6f4c43a8d974e3	3597	train	obj
d8f7372f85dbb3c7e8120d8473b645d041bacd6a8e02998ce19031f477dba089	3599	train	neg
d676832df50a97e739503a1f334096ab835e1c74a57f433091b523935a7a28e5	3600	train	obj
5fb83c095d1ca679bca1efed55c6bc188ab2acb62dbf60613ec911b5dfb82175	3601	val	neg
6c9bf18d655fb3c159c5c3c052f2a83944a8e02cdde229d75766651d9add7c0c	3603	train	neg
7cd21d90c929ecf9f2431aa2861a33369bb42eb959f1c5667b76c41c8ed9c51b	3604	val	pos
b9042c846fa3e85d51d939fd9178bcaf73a80d3fd871c11da398c4632508a1bb	3605	train	neg
cdd1c483772972c7a305c86c84a3ace247290b67b2a068bda068a8158dc4e9c4	3607	val	neg
916e0d364172333540aeb506bf4a73bfa0ff9cb36c3b542107e76f21ec39f678	3608	train	neg
154838106e962b402d86b0922a40d84b753cd3c7d95f755be12cec211cdc0b26	3609	train	neg
6b03d3af03de6eff60ed33671b74045b7c8a0205e43aa89b1d823fd22a3ee0d4	3610	train	neg
fafeda3081d0dcfe826bbfc79d41d513d87f07e185302e7eaa0039d6bf4c4a58	3611	train	neg
0c5f28604e6e53368d18e64c4f4565d6f08a12bfca7f266e1ae3021843d1e13e	3612	train	neg
e1204beec9d4ab4b4c67365df232da25242f3e63b5d9aee42fe18d06c49b532e	3613	train	neg
7599e835666d8db14abb6ddbbe61fff563092c06404f9e5afe8ba0fde12f2971	3615	test	neg
bad03dd53d6f4b4d84ed626e4dc0ad6604588ca1b082120aab9ca67dde2ab5a0	3616	test	pos
9d15ea2fae4581088a44471694bbf32bfc7d6b750ccd316b921ed8a275a1aaf8	3617	train	obj
f3587802d5655c231805df38539435bb60da4b0cdd1e569d5a9602a771958a7c	3619	train	neg
ae40742a01716afbd821439dc4ca4a8f9cd108ffa9700cbdbfd782e621b2eb66	3620	val	neg
0369fd605d0a7e2962d31348d65ce968e6cabaf9cb777d93f3aa1755377b0b17	3621	val	neg
ab249fb80474320f81151c6e52e88556b9a0f1dfbfadb4fa161e7da6d10c83a3	3622	train	neg
ad969c2a95623c664a35e0906bb881506f7fc3e27552853eda1e408a5cb68ca0	3623	train	neg
d7bfa27c93ee905924c00058e4d2ed918a78b83878e2551340bbeb8f1a771c32	3624	train	neg
031cf28d0b367f54791312332e2ef765fcfd09375e0aacbee38a867b20938c7f	3626	train	pos
c301ce0a6d1a2d393f7dba072e6814d61ef65afcea50916615488f79c38a2b38	3628	train	obj
ad615af7930d6b4bb418c8ca0ed492488d9d54b992834aa08a78cd16abc5fc07	3631	train	obj
18f868b2164e93a27bc7cc3710a231137b0be3bc06b05fca068ec5a00bf2b5a8	3632	test	obj
0291b2581f83d3397b4f8213f9a039afca28fbad99844d38ece0e9e4cde1ce16	3633	train	neg
440302ae6c5d1bc8a641dcf15196c903c8a9ed0e934fb246e9393265424e0300	3634	train	neg
b1c45a833e12aedf9e6850b593ab38d3ae11278bc363c7b5d3eef738c416b242	3635	test	neg
989371c4c274a0ae82c07562ed83a5eac97171568e7845262300cf0aa41b7f3b	3637	train	neg
d5a935c2552f533f7bd0b3f1057103d885ac2d9ff07dda28335eb2d54ad0e645	3638	test	obj
ddaf46467f0865395b8ecd59909bdc213b4439b639f7de633c132098a9a91333	3639	val	neg
b4a2c8ce4c363c68303fe2bccad74d1d1a0f8bf2833646e61d01ea3aecf66026	3641	train	pos
07836a6997ee9d6b8243f4ea47c7f704a8525fe069d17d2581ae4b549057a7bf	3642	train	neg
dae6bce3f8e1a6290a7a1e73c57c8b7da5b8bd211c7ce7a9823e74abcb2b0e95	3643	train	neg
a8d59af5fa91f3200b25691a7012613372997e9027c6f3f07cfe9315a407e36f	3644	train	obj
02700d1b8484c3b88acc12d58841d3e62a1d8fb96c69a3058239816d92038e01	3647	val	neg
acc7cef84589de5331080af7a0e2af5c8cbfb784c0a0b35b7a20c2cf107da004	3648	test	neg
8c714e84912203874c21c53e703606fb94436359fadf61f7d97ee2c2dc3cccea	3649	train	pos
25ed49033b8dcacfaad94303033c5f84123848ea7b64a25bb81368aa9d1bbc27	3651	val	obj
4601e2265dcd2b1c8e350e968b7ab2e01c593eb1d92571974afa454b6f3eb312	3652	test	neg
9b3b59bebbf2c7c697395c9c444c7979b02c80effd61a0711f0303e50da6364e	3653	train	pos
f2786caaf2251d206beceffdebf5975b1e440338363f0dcd09127a0ffa3c8a56	3656	test	neg
4d9afb281aa1687ce5a9266c8b323e55a063f19526db47d7671545b438695771	3657	test	neg
faa962704fad70279898e447893dc839889c63f53ecb287bc45c0e55e2a7ad74	3658	val	pos
27ae91451d2b588dd069f7bcf0420aee17abf978eefd611da6c1048d5327f96b	3659	train	neg
9da795fd39dd19d78a46807fe658ea4bdbc010c643467c1a25adc70820b42981	3660	train	neg
6e991d3bc96874e77fc9a45ccf5a56f9f29a9d865d5ea0cb761d5a03fa8d5ea8	3661	train	obj
e712f06eff3dc4c88322dcd7f7a740894036a380397675458d99c90931e22d1b	3664	train	pos
2b5c58fdd8865fa9bca5d6924941e0c9f1ed79cf4407b31dd41c162bd76a874a	3665	val	neg
98cd0ba8be5d5b2ff30debdfbed1aeaa627fd0c0f8b58e4cef3e6b04500aea94	3666	train	neg
6bcda98d2c87acdd864680c84eabd06bbdff65a640997ac6c520bf6c6d10671b	3667	test	neg
edaf5b2bbaa2cdd4c5949eeb4a62629e0bcd5e690b04309c728486e110922537	3668	train	neg
1e319151c82c73199e45fda02d3799d7b26d3291654d17af178087b25f9a94f5	3670	test	neg
fe2047050c68b2d256e4330466c69c7ab077fc6810f7cddda2a29f3d231bf108	3672	train	obj
e8584c8927f2bee84c0d584a99d88622e568b64924f3b4b053d4c3ca4b35dde8	3673	train	neg
98f2d0d976990fff84870106a1bd62b33593f152ee6524f607925008ffa64544	3674	train	neg
27965f93f30677ccb51d503a66bf191322f14c52563c1c2d250b4822f07609dd	3675	train	obj
dbfdde515980641119a36401c2a81383804865357fd80568d11760ffd87fd86d	3676	train	neg
0eccd38b33dc7898060bf2612350c6a57355e95bba17ffc12c1a1f36f1dddbaf	3677	train	neg
9eba23a5a77798b551c8a814132dbb3df20cf7f87e552cb287d534236272d925	3678	test	obj
f80c264254009d3fd5acc8a9ed97667b565879c6278aa361a250fb81ba9e59df	3679	train	neg
539a2989de7e6d0e9a622a8857ac53d86eeeb01750304009a6e0306473c1bf5d	3680	train	pos
38be56a43da0196b9e49cd6ae425c47c18956a6e13f3d3c6b22e39b1310951fa	3681	train	neg
9144a782f845bf2deea23da084a589c4e1ac632f53175c0600b4da0111c518c6	3682	test	neg
6a0ac144e3b98b83a50d2d0cbcea0b23454b81366048c62678ceabad3f1aa8a4	3683	train	neg
9a1140fb731f69d13f48f78a81292b86141897ab92e4592f484ac056a59ac0e5	3684	train	neg
be3a0fa7b317ae8a1634a4ca940f93f680a845dff8e345b7f4071ec8b285f865	3685	test	neg
c36b718ac594da99d82bf046caa8c1bc45f69c5143e0627bef3b1cccd6b181ca	3686	train	neg
b2a98dc2a4b962f93473af6d2874e18c763d10e0d3045f0b3b811bcf54dc6db5	3687	train	neg
bda81087214d6026f0179a4f4c941a9f227a8f6cbdae652b67d7aa70018d984e	3688	train	pos
83010a9137af0dc3edea3b0e16823e4faf62fa3a5bd25733fa27f425f9181ef0	3691	train	neg
552152bd07bb91f2bb85fa60a5e14852fad3ce87999b51045a023f59cba90790	3692	train	neg
e22b47cad52e8d68faae27953cd557ae5d4e7211950c6eecffef451e9ace61d5	3693	val	neg
4f43e37eed83b0c75dcf8b2669a91c58af2e5e29f25514fddc83f58d60b941fd	3694	train	neg
d5bbc1a7ecbd540e7936a489d8e32c0ccee9f1d138b73adff6764cff28fe6bb2	3695	test	neg
207f859093f2e0653af194fea5265bfad2ad18460504d0e10120cbf4a06fc193	3697	train	neg
ef132ac671973a70b5b14f8adddcd379c51f0bff5e28f2dd1782e35ded5f159a	3698	train	neg
d5fa5e899d2defb0c705ea82160680221179647c25af28384b47ecc2d2215fcd	3699	test	pos
97dfd145ebdd5f0ef5fe8ba9cad74c47efa24b841df1e79169e65486f293d43b	3700	train	neg
dcb01b96693341265e4f86bcea6d3f32169025de39eab1029d37ed4fd7a5e062	3701	train	neg
edf9cd3b934090ecfd7f506e6942f42e44e7e3d31a237f80ee54472ca803e635	3702	train	neg
b10ce1944109df979758edf07d206c0adb41880729f518388e1d775bb9a9fc97	3703	train	neg
d6f2b64aece4e0b401a4a5d6738f1139f94bf4030020de2ccfd62903f520c7d5	3705	train	obj
3cb8dbac60b7add1a03553b7e39e45e4f802921e9c2d10ccc12ee055fb15c39b	3707	train	neg
a6b4d7a3a864959b6ede0586222c85d868efe1b2244b58b2b38d95f33c9d9007	3709	train	neg
44b5d36056f0e578f2e2484eb66d73a90cee7e3a310fdb64a91186d44eab151b	3710	train	neg
5105054c4b9309f4045812b6a3ad8071906ac8f1ba14effedc0ed083e20f2130	3711	train	pos
e49b1503b9d8f9f7b3b49660525a5c2a11f8481193909f82a8f65028be8964f4	3712	train	neg
23c2beead86fad93a1aa8026c7270b3e92c5c8bdff7624db06a536069ab74ddc	3714	test	neg
a3bf98de12d2d31147a04fbd7aba14b009caeef78fce6d4aef7fdd770b283902	3716	train	neg
1780b0633aafe58081498009c41c75729da0a99b7e7890be2eb492f26a742aa1	3717	test	neg
9b5bed28d7b57daa7c27fff96161133f25649639ed0176092197297c783e6dca	3718	val	neg
1c921b803ab7fd19585740b3220a0b4da6fbe75cc94556ea7eb79bdfd3e6917b	3719	test	pos
dc2536b78fa6e404689905f464e16ffb593be995a7f238b591f6b4c5f4879505	3720	test	neg
cf4a53aedf0b0fb19aaae234132863f7c8221eb9fa596605ed9192bc70b724e1	3721	train	neg
2bf8fa30c126e71bee9a74d9812535bfb091da36b82115cff939b96cdec08cd8	3722	val	neg
94989286aff44a2a90f1e9388145cfd4655a42fa45cd7505b9425aaa90a7af74	3723	train	obj
689917e2dd9f4e4a5e9243601b62ae49c011e8c1d757f80e0b5ffde34f2516b6	3724	train	neg
7ae796933a0addaf2a7abd1db09eec89a14f2293a0e2833ee35e5d77c04b4761	3725	train	neg
1311ffb00588f0674ebc1e8cc978bdacf89610920dc36f6bfab3582c6c81706d	3726	val	neg
f3c1a052afe6597833996696e8826ba7ec2759760c8bd344d2434f0ce96b41c9	3727	test	obj
5b46402ee8b78c908f1df200e9a3f82fce33db0189a992e77cb4987bebe13130	3728	train	neg
f899249bc78ced997a7c308b533ea58f7fd6a64de4d11601e8d7ae700c29cf95	3729	train	neg
8be13a456e4b5ca3419ae996a0577fffce66398b12693a184f3f1a6f64795b32	3730	train	neg
d65ed1d6fd70b77034786ec9ca6e25570b6a9c91f7ff121ea61451c11a5101bd	3731	train	neg
d29898322aba6745a90c060f1a05ece63ae47576b3da4256ce228adba06173bf	3732	train	neg
4fd309eb8b483ea39b2e72827b96af48714467ed5fe25a7f591b91b643401d4b	3733	train	neg
83c8855a2765b6323a0d32cdb0734678b21c208565c653c47eac608e77a6af47	3734	train	neg
ac018d0ccbac1b20be57f3c1ad6afc7ed0b37c15778ce8be30c6a5b99778a71f	3736	train	neg
bee977046454dd7a6a912e56aac7beeded9b169e3b97488eff8f7c9c217b2e46	3738	test	neg
74f400bb946d4588a416d2dedcd34fdbb5a95d5a735d6a80c1706a5abd3af728	3739	train	neg
493acf72c3fe8fdc15f920d0a2dfb0b615f724fb291a96c68ac9ea41c115b718	3740	test	neg
f81ae5d9c4f7f9b0ca4e83d7b139bf2544785cd21a0927b99c18c288bb239ab8	3742	train	neg
56edd73348ace3a7e7d6df7593b5d2595bd1c6046ab55d6b0c14cf80e57f3d9d	3743	train	obj
4bf6c9c4cfc8a75062669bf965b64fb17bf06b50ed0a671495a15552b1e76c3d	3745	train	neg
6e6aecf385936ce5aefac949abb27d64593cd41513d14c6b691b15e3c6095847	3746	train	neg
9d5999331e9c050178082a5445e8b3567958b3f0eae07970a72d5174176a36be	3747	train	neg
ed519203db2a48b571a1a3834b14fef69290b80a164fa97c79bd2f2133b8e0c5	3750	train	neg
4b2c18541944c535e70db201c841efa63e79a15f55a7901444b23fc951cdbc63	3751	train	neg
5f93a835a21596685eadd2310b170587979997a2bc2dee128dc53b049b6e116f	3752	train	neg
e9d5496d07d2349507f4ed89ddb24780d36f1233c13304875f1215793996f4c2	3753	train	neg
1ee65583afaf4df10579c69592ff5c63670b4b1a2678df52811263e707206c6a	3754	test	neg
8feee29f3fab4b39c9b90427acc81a8707a183f14016bcccb281fb545b0aa1f9	3755	test	neg
f3a17ea7bae7d9507db25df995ed5833790b0a991de9aaa3e93feef81c9d5ff0	3757	train	neg
a6902157bf134e07055f049ada3e91de469f826b6678055330f887c2bf03d46d	3758	val	obj
ea7b8ea49442d78d026418d3932e35d6baf8f99cd7587c7e73cd7d162c691d35	3759	test	pos
62d10ee034c852faf2afdbca67dd61ac17c79b9dd3d3ac9decdbf0c44e9a7005	3760	test	neg
fcc44f949309882eb0793d2c48450585f41c232f9d39be5e83f990378412e7a8	3761	train	neg
b99d9aec28bca6283aa6c96e955b1685020bca7241f15ade3a3f0fcc164690f8	3762	train	neg
67dcfe81560580a378b135a019aa4f94bf5cd5109bb66868b4cb8868004747b2	3763	val	neg
8a7192f5c7b91d60ad04a44af96d2930a4e6ec2ba55358eb12dea5e836de6fd4	3764	train	obj
6ad7073ea9d0028b83f8e3a0dd16234bcb0b051753546ac04b76168c4a46aa88	3765	test	obj
53a5cc3553e727d33ff5afbe4ed115921b03c36e0ee57db02a1f445677a488b0	3766	train	neg
89b9861daf4361579a9083a457e916b67a37be1d4a825d6ecfe513d1a503eee8	3767	train	neg
209cdf89555445b93552fb3edbbc306ff8265b5446eccfb1feb48c9ad3a069c4	3769	test	pos
6ab93e80769963393285926bb2da20246ec8662e8003e868f7d75409667fb646	3770	train	neg
b5f67e010df21d176527bbb2cca27041d7e6a1c36e686196240918eafe814535	3771	train	neg
edb316353ba45f43c94c314dcac58c1eb8cfcd5aaf491b688f16b32d8b5fc289	3772	train	neg
338f34bff7a20109a633e95bb6fed824f620ee375f67eb0fa4eba848ea290111	3774	train	obj
2fd20d27fa8b14c80a8f454229748599f2d50ebc59df28214043a1b0803077c5	3775	train	neg
de9c0b37b53d6ca98934357f59921d6c4d7127445560883e0ced815d4646f8b0	3776	test	neg
27db79dff97687005117e1dbfcf53e1fde2502ae81181340c200a2082edaf86d	3777	train	pos
b95d26528284a39f08d635234523a25fc606a1a4713e13ef282c9806d9840cb6	3778	test	neg
6f244654f01dc8a344c1f126a4f1a6689ddf790d16e85bab274353740646d4c2	3779	train	neg
d7d092e9239a474d4dee5fa3dcccf832eef80a752f0dd2e22e75590002cc5078	3780	train	pos
270db6dafdef76da8afd5ada7a7edabfda53ed93d3f802cb830133b47be44e09	3783	train	neg
9fa811f8d94cc98b35dc06aa5e41c5b651e755b0ac113cf5e9f65cdb7443fee9	3785	train	obj
2f87b5398316a6aeca5e1fc77441dd31db36c4d61df0776da4726809b93a9a23	3787	train	neg
67ea973fb9203a5902f4b7295b704f8b1877d6ac5437b257da60e9bf13e08cc9	3788	train	neg
a12f1e01c874c8a45ea503a5850b2e7dffe2348c0b5dbd17a5661f988dfb8cbb	3789	val	neg
ac3968a4e655d25a1b8738134ec6e845fd8860b584f1d3905c1f994505796c16	3790	train	obj
4f5ba1a6927d3bd1d40d00af73f48fcd99a23baa66f86f5bc099d546c81b30bb	3791	test	obj
723b5774c7c3abee8c8bba98dc4aafcd2fb34fa95ef252f69afb905cbdc67f5a	3792	train	neg
3c3da4f857a37fd8dc8b06bd5799bfc65a8c1df74001bd601fb70e4f87a7f6d0	3793	train	neg
e5de64f1338e2ddeedd5f49aeb2b509994b1afafa0fe8b81f7a57798fa8022c9	3794	val	neg
24864c98115de2fae22684c82e899694d9f43198595b71bcfb2ee6e7b1513056	3795	train	neg
ee1ffb12d3fdf9f7e47cd79b1dcaac7d151193fa3dfbe476fdca6bbb12ac7383	3796	test	pos
61bb114dd2bd91c8b5115ea2ac2def9ff2323a8e7ae91b5d8572b5651afb561c	3797	train	neg
adae5cc43697c99e7626b08fa8e2307811aefee9fce7f9403cb6bb6a91b86e11	3798	train	neg
6d4dd14a8b831a17f17a27e5f9c8f28c887aed411bd21ecbfcff990c6b917682	3799	train	neg
d2ebec8484b72a396765b8f17b34e62ac249deea77f0ba2982d14f5eb5556e7d	3800	train	neg
01f5e4e3f9e6a2821d78883dbe6428b803f0ed8fd309e9a40ea07a41be324807	3801	train	neg
51b112c65b88e75c5a98318fb0917d42af7673ee865891da263b2cd09453c8d0	3802	train	neg
9896ac58672f5d9a94cc428cd8ec4dea6190f73c6ad98440b5c8a69ab4ad75f0	3805	train	pos
d0d95219a2efbb708277063774734af19891c9ef84b46ab649abbcd5e89c0ce8	3806	train	pos
6839b5d0402c1050850085e6f8c54ce47decd027d753f9a4436234059d396893	3807	test	neg
ec684253287545429f6fa281c41db9219cb4a78a4e0e094e090d5c9875778efa	3808	train	pos
c3808e433abc8885c061bcf6ebb7e248b1f9ebd44c08c2781d22808f6da0491e	3809	train	neg
f2816b6b39fab9cd8147bcdef67bb7ff7eb5336cb1abbe66595ab31603a53c60	3810	train	neg
b36f7fa530a0e0e5a6a49df35d669e7abf0c291e36486ef4f61ebf3632b12b5c	3812	train	pos
7acfaaead34777033e41e03a74f25fc9e7d650a75a100156eb560338378df9b3	3815	train	neg
4fc70b40a876c2b17dc0d3285402944ca663df6ef1d93e5f78c5b4926e9edea4	3816	train	neg
ba1e365aef7e215fd5630a26a92ac2b03ede714b3731fd99f4f9d10e46289a58	3817	train	neg
c011ced8342881a1fa9510e2cf0c32677e4105912f66fa9a8e2f573da486f0cc	3818	test	pos
a090757a6db11ff0a42c9cc2c830e8c4aff418097a8bfba494da72d1b4e628c3	3819	test	obj
ed81a3e85c54820355f13bc8819b31863c77c16af88492748818851792d4719d	3822	train	obj
909cdf8c634c112f917d903f92d91fc80e6d9f6d0d1b3cae518672235ee7a8b5	3823	test	neg
2fc3ce4697089e75e2e2355f2e523c2a90441ec9193f9cd843c9a2a5ceb7e209	3824	test	neg
4d4e5d39b793b494275484fb16f392afb07770630db198a40a660943c6df0ad7	3825	test	pos
8a0f4d4804f6d357fb41e866ddcb65cb7fa17da7f563d39b38374183ec84c5be	3826	train	neg
23c3863a5bf42a96bc41de5d0af770b8a3ed7d76769b0f8005ba7adaf65032bb	3827	train	neg
859c861b1ecd23428abddc321d800c6d9c2d9f74b964f9795e6c7c0ef86bec57	3828	train	neg
b58dce5cd153d462a2d4b45da056eb11ea54055fa93a0266151aee0469daa259	3829	test	neg
2117b655fb0f4d5cef69fe23eaac26ad8d5d9271c4b6f6d019a63ac3f9a05af4	3830	train	neg
175c10d4837f99b22a666a179ea8210f1dddcee1dc6a306c6a17dab86ba7faff	3832	train	neg
ec17691ec362224a7231cc0d267b24ae4f78b4d313c47709ce78f39f292857ee	3833	val	neg
3b7f4ed6b94f31070cf63517da80bacd7b0fbc92c03da6c44fd29257d9a7539c	3836	train	neg
ef9541ef7eaf3396295f3d1c1595c3ca2111e691c3b8e91431cb056ab788a7e2	3838	train	neg
546525d29bea37ca59c1a53e706eba30367913fac06c5ccd5b83e0e45dc0b03d	3839	test	neg
763ae3bcf3b5b9f767297e7d23f4d7f7aa18676d4c74b36d9fcca8fedcdbab75	3841	train	neg
ef3203baf43a5a1733ffd90bf2916d73b002a022a59fa27f5ef84f404fd4e30a	3842	train	neg
3ddf596b84196e143cd1ccea4c8b5249982067a208865480c55b1dd76b477b12	3843	train	neg
bce9b33172fdf6f12d3419de922314e28734bafe5fadf9395337e3bcf5b9c8b7	3844	train	neg
1f34aa789b110de01d1ab83dab8532608c0cc8f59bf538524167765b17358590	3847	train	pos
3b0dbf46fbe85f23e25580445f71ff12258f473d5dd44cbf4749aab0227095e8	3848	val	neg
c5db3147dcf105b20f87c93e7ddcc0499c33f9290289dc457b99d5d71f5b1568	3849	test	neg
82a8c03cf40f054d6d40ffc5f4022ddafd226491377b63902dc2ca76e483e274	3850	train	neg
d894007d7c1befb59a0afad97dfb86a9eccc4c1b92d1368fcf8a847527c21184	3851	train	neg
94e74ed2b3ee71df8974f0826b11cf6c621f980a65f74600f190d0a36d871a1d	3853	train	obj
95c5f072e9d70d673cc8543ab59886d64b669f58719a0026d2382d8a75862ff9	3854	val	neg
871d6e3b27ad90759c800154d08fd3cb4d224351e45e8a0043ae886f1bf62e94	3855	train	pos
eb460fb26b4baf599d84e97cf9f5a9b3d0333defa1f84a2aab79121a76bc47a1	3856	train	neg
5e736f1d9c42c2f8b99f256a420331da7323e96f2c99a9fc4968f8f57779f7ea	3857	train	pos
9793f223244400f7329311b65d2bbad91f00152ad6998e99189b47b1566911e2	3858	train	neg
2b4b87b9ee6f14a42385bdb01325a38d865c99ec2f0b7a4e543948ce1b3cec18	3859	train	neg
fa7c605bd3ca425d5761d41c110ad4587a5fea242494df2a945c3cc630f1d88b	3860	test	obj
770acb205946c420e9999c7539f3ad1fd4a729441ec22a81ed3cb1ff8e203745	3861	train	pos
bdc52ce8f1a7d8e9f577da8c5761e7abf5d0c920e3d79e67818ed7ae9dc9300a	3862	test	obj
9f568c4da6a05d225f883182016517931deb0b2db3d453d2d28f1b21b0713774	3863	test	neg
ca593513f65ba6fb8c3016084ca026b3114771893657291ed979f7788a0a0042	3864	train	neg
142b406401bb5db9863fb3216b59fc96efbca653aa1f22b1755887fdec0cfece	3865	test	neg
e314342404435244fe86f3b63a73a96860fbe38f39e885423a514b1ac0764a65	3866	train	pos
27f53e246042aec1922fa4f8feb422af5a72c0f52f6d861886af270bff5d88cf	3867	train	pos
a56fba6fac03347d3b3dfd9e70295e78bc629f3d7b97cb221312d37b272a9869	3869	train	pos
45bd169787df0a5ec6f91f746b24ddf0553d6131f74498cdd8e8b75d260bead5	3870	train	pos
71d1efa861d275e8cde11d4bdb3cf1f82d6de0ae80df7d6188bcc0d860a570a0	3871	test	neg
33306b433b7bddd29997e3481ba977115c0f2c4fb8c31f29e20827495986a494	3872	test	obj
858cee9e22ad5a350244117bee47815376ed4d1c34e5d9d2efe625f51e7f8dcd	3873	train	neg
0518520dc3af32134ec273b4379f529e616fba493292817db49fa9535ca1d96a	3874	test	obj
c39f18a92b0010b0f9527b7ff2cd596d7fbb170fb5c64e8642e27f195b99e759	3875	train	neg
afa9f7f275b80a326f1e7f4a8cef16299979e5e54dbe0ffbe46c8f538a8ed3a9	3876	train	neg
b60da766d8825373c9894082037fe71506975cb7526e1b7b23b0ce7f5480a148	3877	test	neg
25081182649beb8d1328f337e494d9732632457bb80874dfa5c779858a52f93a	3878	train	neg
8454fcfea99c52e09677d37e8000b9d3e26c14c70160bce8670236f51a0a606c	3880	train	neg
f6c4fba2180602d93d87c4a67b4bdcc3c4cf189f014d1ca23cc33214d4a82c88	3881	train	pos
e2be3e779abda41fa7f49576ed19c5c1d2d66a489766a31d80c6b4fbf92006f7	3882	val	neg
9509b1a3cec86e85158c2086fa69f973501d066280e7b9a55b88fa4b620b224d	3883	train	pos
0b07ce384f88043978525aa90374d9f0feead4b41e8f7f2eed484535985d501d	3884	test	pos
55c12a4a09226c69e2e9bbe6f7521d1304a177e7917a361fe9de0645f2cd5132	3886	train	neg
258f35da3ac2a6151a8011bbb792ce5607d2ea9c52f66bacc7dbc82956fb4f5c	3887	train	pos
a376e2c8cba12b5874661864057dfa4f87ca0ebd95692aedcea891f363cab3b6	3888	test	neg
9966e411eb61a1832d58e59e63299f15028a1d0455c7278ca5bdd8e11cfc42cb	3889	train	neg
cf7295eb102608ec1420a7105d6212b8162cde27198b1379989e97832dfbd83c	3891	train	neg
65ab4f52821f8fe3d43d502ffd7b6b42340fd4d9c4152c2b3c98e31c6da92373	3892	train	neg
011edf72a7894d148918a3343c9e1b0f728bba5e46ff83d7627a87caa3805db8	3893	train	neg
f47d5d37c962d72f878988d0fba1dca6db5a5d93e4d40285b3d510a05de35c4b	3894	train	obj
0079ca2b258a7175c47f9dec8e0484dada579c9ea32a07626d65b5823b70d227	3895	train	neg
d627ccf3985acc1fc6d7ec3741d05105a1fbb1e605bfd584aafc8d840b11daa0	3896	train	neg
e3137b571cf03fe483101a9bd08f6264aacb9ad1a32ba8212eec8eb5a65adbdd	3897	test	neg
454eb54289e436dc030e27b5ee772db4a1afd908bedda7015f2f4e7d9fb7cc66	3900	train	neg
3703e984a8468f844730d72cc1622c27dcd9ec7811b9c2907ced2143f2fb4b3f	3901	train	neg
f106d0769f5bc78ba8cb593e1ead6fd374fa1670fdd03227539cf9646b5bcf4d	3902	train	neg
e2e20f584b709e5daf8f26494bf96b9b231ec620a9134e9431c3058d782fb165	3905	train	neg
ca9b67e6b392c846b4335c9c16479caf836ea4a1b6291b41043d69df3a608e5e	3906	train	pos
7df5515969e06b9a1a2835f46549b4a8f4ba638646f3b722648297d42bb526d6	3908	train	neg
c0e266b8830deb52e46b89c556a903cc24304124d56946df7390fe2bbd3dc35d	3909	train	neg
798f85f02561e0967495718f3865c360aaf0db7b40357ba0aa78da405d85ef32	3911	train	neg
9a44850dcdc41f7cbeef3729ee4b042b2455af5a86e0383359e829d167be7eab	3913	val	neg
9518f15ac31babd0144c360202bb6c732061e4fc3b1378262f5ad811c1618992	3914	train	obj
13528bbcdfcb15e14775316ded18f5f38fb8c4e57615f6d57ecf64a223833058	3915	train	obj
8da528fe63c8712910e2b98f378acb56155991f459fadaa16a9b757e8c3ed077	3916	test	neg
8744466f90cf6c3c81123c3e2aeb71cc1a0116c8491500128d6b1db5c1d40e4e	3917	train	neg
c7567f0f22c2796534957ba56e010f0d55cde5934418ee7de1d27260d50ffab5	3919	train	obj
8a6eb69dd0f19ddfeb341a9c64f31df5738e44f2378cf7c61f27cb8a326656bf	3920	test	obj
95c8ff88a7daa29b95e1199ebefbdc9aec58c479f437860478f80e3b74d97ba3	3922	train	neg
5f1deda3477ee2ceffec0593e9023bcf99ff8340bfb97d6216e5b0f41bb5493a	3923	val	neg
8b761dfa4bca3895c7370041eac0fe28f9a447b5842adffbb77411d7f0b14d1c	3924	train	pos
a37489877d185c77a8730588d22029bd3efb10198e3ffd07354d0aaf0f97548b	3925	train	neg
36cf36c4e59756adab0c52fd9263756075a71e9dc8b1e9a9b068a128e3c5f8b7	3928	train	pos
89e14ba48698ebcdf2acaddae0ff9e070205c255285a5aeab4578b58b7574561	3929	train	pos
0b3c00ff19dde5855d9cfdbd5e5b4e87e6ce5b86d7434ac1cddc8111e1dcb3fb	3930	train	neg
c949a589cb8d4de5f295971631726d9cdf8a41d4c254a34877036778443172f6	3931	train	pos
08ee61c92e6f9acbe2b1ff6f5af03d54a4581d8f4f4d177d2a1e742e70e3a95a	3933	train	neg
2980708db8e920b47507022ac54af0c6b1693779cd3c13038da2694554ed4033	3935	train	neg
a15b57b684d78f0bcf312f622bc757c548b01a20d1cd53c6eec87943c5cb6a00	3937	train	pos
7cb85b06ee4bb928bb16df2b950d767d24af1e6a7fc4db30aff85084ef97a297	3938	train	neg
59d316444ae9a0c30a45440a7ad2a64d763abcd895894ae8071d6b544967fc86	3941	test	neg
c05f9f681c7645ee55125ff3986c27d32b45c21312badd0fb3e7bbb63c4a13e7	3942	train	pos
abc9626aa6595ccf7e7b0e46c52008c6f4a871be69425a603aebebab80f28733	3944	train	obj
9fe119e14f3157b0dba7463187a825e55c6b3e57eb8ae95c4c1418ae5ef3f244	3945	train	pos
d70410b5030e8d7fefbca2640337e450097e88c0d665437ee55035062e07ff8e	3946	train	pos
9cd9faa3478dd28e8dbe7f7971f33d601a5a8e2e7a34b32f87143ff0dda88c61	3947	val	obj
f72c34f73b23c60cce92ef5bc5de8cbd4e05cdd60c344cbcc30808969a01731c	3948	train	pos
8d0338974891ef97237b748e171fce89afa26844a1e8a3359776befb7e54478d	3949	val	neg
d500239bbef17e751e59ff22d210f998e5d69bf2ef3bfb177d018a673a735f0c	3950	train	obj
9547845bcd0c23009bb4492636cde3121a2325a0376947e53e360b1c387c5290	3951	test	neg
e0363c29907baf4ee81fa59d37ef9681cde8d2d58fa20af9f5869b5f7e210c33	3952	train	neg
04ed6e06f3f58f4234f2285a302a53595cf6904ed16fa21dcfe6dceb4256eb05	3953	train	neg
5ca475995cc77d237ca828bc9cb39b048cc059985414a43db78446a34f315f0c	3954	val	neg
1c3232a1d8fdf5a7020f9804a8b1e8713a6a959b1cd87bc77add82cc02311d8b	3955	train	neg
beae8e817ac3bfbcb6039fd613115b48a697fe202956b96b2307eabcce80192d	3956	test	neg
02d36e2b66c244085a33052ea294cf2c5833ff019137af8513d8eb17d746460c	3958	train	neg
9742c5b318257884f46397aad675b693352fdd3742cd9d900f47e4b9f6eb2915	3960	train	neg
3aafb7362f5b160f67fe6ee298b064dd49d677ad5673e251bf9cc9b9390b6bde	3961	train	pos
978d43b14f4817b2031ee6ff4731fc1174bfa7fb33a9cad3012dfb149b1c3d66	3962	val	neg
eea09c9756f9f45689819ba42805e7ea7dd8577bb2502e172d0af2998d9d46a9	3963	train	neg
7dd077ad561fc4176fc1f519aaa7736d959ff294f595132c2793bdb365593182	3964	train	neg
3f0c35438f9574e2d70e845bb094d2f44f3f4738c8497c04d128cf756380b391	3965	train	neg
0f8ccf80a759c095cf8cb9b59fd2f250796ca3d23a94f22f9d3e78d0078440d6	3966	train	neg
6bc36772a878deabcda51aafe37c9815353627803f23c7e2b008682a27c0cbcc	3967	train	neg
781991984ba41242bbd7b840d5e17dfa97d3239ad3a07910af9b32f3915cf102	3968	train	neg
5f4dcb6814d46c8eda4d4929195332edb4642c3c90622976beceb125811b0442	3969	train	neg
e216fa16e21485d7c1457bfe469ec301efd60afa7b7eaf1424a40bd539034c46	3970	train	neg
b390c70268c4dcdb57850c00a3c7098afd2339a39ced953eb506790b814807be	3971	train	pos
3dfc457f47871988782541f5d85a5a491beb8d59c94700d9f30d818452df1394	3972	train	neg
aaac559f91e266b69650cbf447270c8fc812c85a65847cc2b43107d8b831f437	3973	train	neg
98857f07ad764b89a8fa894ad0d0b5816cad30c94101c3c79923e0cf55e3efca	3974	train	neg
9ddaf74d26173c290c1cda2266a6e4684afac22e39c8c9cc4cd021f052c0d912	3976	train	neg
a02aa849d2d389c3d5cfbe35fec9df51fafd950e3b7a16a4c0567749b3f5da54	3978	val	pos
3237c8e44d54c05d4771cbec35c1d36bdc0412488f2f6148120184dc241c6ce5	3979	test	pos
decdc960832480798025d9a7d22d39ef44e59ae3beab10d8703d45be4b221d77	3980	val	neg
c033a866201b68cc8953ff50fe37d765a3fe1036b7548e794bdebdf6d658189d	3981	test	neg
84702db1fab80a3744f2c5943273435c092af937b554e08330464442e1ff3bb6	3982	test	neg
687aa0612a03b31c9ab311842f566821ce6fe33a694dbaf08bcf69badd9c49ee	3984	train	neg
ee8fc6cd7687c9b973f50cd43416d97e60fdcefa3ddd67dcb4ec20401fa7e34b	3985	test	neg
13d54c40e054776bc203270b64ccac852750c56d837f3f5d00d5a820db959390	3986	train	pos
29872ce2875c1d1a45ad6502e1240ff0db47e5c6f5bf3d5616330b41de64f827	3987	train	obj
8aa8a75331921533c4e9942cbf8d03b749adfc1f27e7306b101d09d8ede959f1	3988	train	neg
0836975697c0210dceb98bd45fb5bc12b324e0f91f8800759ac144c6b4bb32d8	3990	train	neg
956923f8f6f7cf991ab4cdfd884610876e15761d3d33bdf10d30bd5a78c8e435	3991	test	neg
a0f84e028bf68d198c395c6dca63eda0efe3597273b3b702b37c206625ae3e78	3992	train	neg
dd65842b8793d94768ce30df927803d4e2ec908bd554cfc07d6f0547765f8522	3994	train	obj
01f2fd263f45065cad591488fb5f1c97d8cf994c89a20e02dbae16db0b548c93	3999	test	obj
905d70895a68037d6616a37b317edb5983cd13d32e2f6d0dc1a04dba99cda931	4000	test	neg
6a6bc4cc17ed1e9efa534fc54a38cbe12819b1dea020ec6e203f94b970c06570	4001	train	neg
2994e68cf225e5f829a9c41a070012790e19493dba6d455c583cde6633d6399b	4003	train	pos
886d3fe9c6b0a07c12af2f77f822ad9510b489dbdfc8ff5cdc6db483a385ef6c	4004	test	pos
91112594352bf34f4a032e6c01e110a39e9d5fe73f750bb79bcdfd9620bc6b3b	4005	test	neg
81f08f1c897b7c2b16b7e35ba6e67b1937ac0978ee53c2ad58904bb96dfe91f4	4006	train	neg
5a1fa3fb0114dad6e6e9263023a787f07cb6bf2eee1e4594c6b848888cc208e6	4007	train	neg
1c15428bb5d5c8f5f5dee25e8fac6f711554b983acaff68594039d0ff731f103	4008	train	neg
492bd2a9685cbbdc1ddd50610495e7e46942a19e4c72171f2e08d311584bd4b7	4010	train	neg
7618d5c742b6aa743ab22e16e9417ba4f4f59a0ce5d38c202e54540c6aab8b44	4011	train	neg
24dbfb9037190f143cee09b2ed0df3822424ac0e9dc9582ecccb3cc63d41ba8c	4012	train	obj
3bb970067691618e74842f22460e0948b302fc628c7420a56af6213110515a7b	4013	train	neg
3fe5118fb75d47ae1205023dd312ce6d8ff136260e834aa116be8870a12c20fc	4014	train	obj
f5d12dd5ef0bf1be30f28c77fb534beab99b5ef9bf61eb1548f829e00b20a009	4016	train	neg
395b495fc1c26bbbc6be82cdcbe7bd62cc1fc6c09d0368dfad0835b0ab325d5d	4017	train	neg
b8394cb3b2dde5d10348a4e12f74d86e254b11ddb2107fe4bd1be2e19d3d72b1	4018	train	neg
16a3942b0d6e563929bd0587c11985587a3afb26d8e3355727f7ed26d1a0cebb	4020	train	neg
20db08df3a6cca01badf8fcffec1d821345a06c619708bf8028f5f516dd1e738	4022	train	neg
d29cd9c0eee6ccc973d6293bfc4454aa5e4fe31b81e7bfef6886ea338de156e1	4023	train	neg
a0cfa7a180df69943aeeb7c1f96ccaa757142b492e3a7a8bc216c5355b213252	4024	train	neg
5035f5aa3a3199c212b0959b568b1818bc946b0982db516ddd7f43786779478a	4026	train	neg
4ef21a029cf6c0583bd980893976b90ec339851a45daa7d32ccdb8ab7408c890	4027	train	obj
913717ae21734b6f4b0063bc5c8e17ba2a47c97101d6f7e82a105f0c4ab21a4d	4028	train	obj
9303a0a859bbb957b0bdb9d3cb66d3c353343445f129132834544732ec9d2432	4030	train	neg
9492cf644945bf88a5f0efdb0400fb57c75b2ce8df5cf5031d3bf4ffafc9dcaf	4031	train	neg
216f23d70357a76337b9afc2349de7fa838b14c8db59cf63f1ce6caed8011b93	4034	train	neg
531aa8bcdab9cdd6ae26047ca86fef51c16d3e11878d0a5e1fcd26824f988de9	4035	train	neg
25ee9a1bbf019fb7797b40babf7a907baf1356a1421a9e788db5cc4f7e8edbe6	4036	test	pos
f157491120ae657a51b5c1b437b18376f06c58373192601aab3fe5d68affee51	4039	train	neg
5528b94aeaf6494cf3af5bd691e9a1455916e700f08d4e35713c2d38732a0e0d	4040	train	neg
4f449fd2b8511afdcc9670071e4f52a86362ab264d1eb3099434246dcab8a451	4042	test	pos
6bc72e4aeed41419d718ee9676898bc39ff5c841ac61c1d998c664ccbbc7cc0a	4043	train	neg
f2e7a8aa709590c2710f706fcbe09e9fc0554b3ac1950473596fcb411f5c4a95	4044	train	pos
c1ae6974ec519434927a28eaf042413f5be9bdfc5138f3e80bb88bb243f60e93	4045	train	neg
17d0f96ec135860b9609cd835b4df2ab2bc8264e20ca4964691f301bce1fbaff	4046	train	pos
f3e7b83bd32936b3ceedf0dfaa7cc166559e849f22a9393972ad1b1718dfb970	4047	train	neg
aa65d6e3b6cfc505957b64a827b7f60eb821aabe091d14983b4ac63ef0355ee0	4048	train	neg
599af51574c0b56b19f64f90c884aacfb2e0d5b02d54e6527a85331adb2f65ab	4050	val	neg
4d75be78633477bcc4ec7cbf1c3095b4fe6a2b1cb2ccd357b450143076a90c83	4051	train	pos
07ca9c259f82142578d00300f39ff8c1ea031dac7367a2fe78c491c03aeefa76	4052	train	neg
c52f2d46f3d59d6dc9c3f538303c079e34e82337816fce06454641746ea9c3a9	4053	train	neg
293470bc8a0bfc1ed9148975cbc13fb515be5a37fac33be6ff7c589fb6d68cd4	4055	train	neg
62d9b5ddc99133f287910243de1715f9db75978efe8bc946a58fe0a71be1b558	4056	train	neg
326d64d2ac930adfaeb36a87ce664f28bd5242ff513195da2eea2ee0b5518040	4057	train	neg
fe3e8a6e33df810d5a24b3c989fe06db7f5c53d319876a6e26ce8e24aa408a00	4060	train	neg
947f12c8b9d12cbd1db3b9798b90a2db7f0bcf7151f84c4b4d3e01ae65fbd2f1	4061	test	neg
1d1ba85a1b2afe18ad9786c99efdf504662bc48dc405d4fc175e008149867b47	4063	train	neg
3705297043e48f73eda7295b29c27ca5f018f3667a16fbea1534a0130d08271a	4064	train	neg
eec14a4d2db2e2edccad670a4dc1606ef1f203ed3b6301b997cc2ed14bc5a69c	4066	train	obj
55af16d47c98b7d9ee99273e51a33f87fa558e34ca3e7089c20e677882328480	4067	train	obj
9a35bb758341940debfe543708d56981ad61c2dd0abdb397c2efdfcbbef053ba	4069	train	neg
ebfff5bffe166220f098ccbd351322f751a56e76a86f8874b46d0948c42d3667	4070	train	neg
c8afd2fea183ee0f56f6a8e08252231d56261d3faada8afcd9c7eebe90f1c448	4071	test	pos
3302240aef063aaf8f9bdccd99ea6ce0c3f7c91246bd7a794fdd8fcce7949849	4072	train	pos
27a18f03947e87aebc043e768e105a5c8c61a9fad67a60255ced56fcacd3f62c	4073	test	neg
01ae51f11b85dea22d38924176f7414bea769fd0708ce4f3efea95af616fccc4	4075	test	neg
f00f6047faea1b96dde8e0068e733dbd495f41e3ce30aedaba35c3c887bd5756	4076	train	obj
4da734b070488fc3eafede28bab175fa1e7b46487609dab58f2c9d497edb1830	4077	test	neg
88e1ca13e1ddad5e7e08d455e4c45e42ca182a51b854681f604b2eb7a932c5f5	4078	train	obj
ddb39dfc1e2984934f122be6194c8957c29a88ee0e1336eafffb6b344cb3196a	4079	test	neg
862b0ce6c2a546b12377898d334bc7eee8a16ec76dd3060cda616a48347cbd91	4081	val	neg
484dbde009c55a4f3dcd6ce9f93e4327425ed0399e70839e3628e4b87f3d5b19	4082	val	neg
83095d49e4950085a29acdea45f176af1fc54ca46517e1532e6c2ece7d2e3841	4083	train	neg
b18b029e1b6cbb5ec279423c1e0e22f9e85c17981ff02f269865b98beff03591	4087	train	neg
b999f75039acfa3b180e2a6be2c5b3ab0800cf6e68a2880d367dd8a4615671c9	4088	train	neg
96e8c27bacfd8afb7bdd5cc51995e60c432f2addafc417c3d6de4acc04d55a55	4089	test	pos
d165acb1bfc6f94e3f9dbedee4baca0e6de1bc51e5176af8880b62dddbf3006a	4090	val	obj
486666cde5d2d6160a90c1da68115f60e1a8c92bc4ddfa3fbdbcc9e6fa420ab2	4091	train	pos
7d7c2034ef2c8da391cee69d8c3d91f51b02b92ae65c206f5f45c7f3b6d3a5e7	4092	train	pos
3e83345afa21bfe8cceb77caf5bd8df92da976321a2d293e63b633fb8e0061b0	4093	train	neg
31beb17bc111d08e9b1d6b9aa7271f36499d33b690cb274fad9da90692799da5	4095	test	pos
bc78c4f7804622c34dd6b6ff84d572b1fa177038fc95d8bbbbaa140fae261e61	4097	train	neg
dca53218511eb5722fb35b3beb309c3e226e86cbbd4dd61558793d5f9e9937a0	4099	val	neg
033060792342f8a59cf33b922e453d4a125b692dfef534a921ed01cab983c6a1	4100	train	obj
96ab7ce21bb1a49d6de7db68eaea9cb41880a928cd00edb6a2e07b5764594c19	4101	test	neg
5441b5fcfa9a957adea747e4cbc1d24867ce6e60f6f91664b0a361c2ea227eed	4102	test	neg
e805e503f1b5203c71de6341e418de4fc3418c8f32894161f156dd8f786434fe	4104	val	pos
2f2cae8e3e37d1fd7c195b6d373c806315d56a34a21d356e0967fb13b6b413da	4105	val	neg
4998aaa7bf1352ade77c67869440a24e2be8c7da99ce9c5d9850d12b574a3d6b	4106	test	pos
109f18d50472e149fbbb3a830d9af6b430b933c2f97f47b2abc9baaafa594da5	4108	train	pos
e02bf6b29b65f0d9be3464fbd0d9d17f4143b9534f976088330a4cc0acec5694	4109	train	neg
d4e94c42867d1b68156d2bb54353111eb980c3ccc95fc7cff5520f3277dbc413	4110	train	neg
47af56d3e58f02ee6dbcc0ac77ac63f648d479a6066f4e472f107bfbcc0265a6	4111	test	neg
1b55720b25ee2519b0860c385b25ce9422ab5e44bfd8f1680ea3c10e65b3af7e	4112	train	obj
03552b02644f76812e6aa10302a84e605804ae0d258de8ccfbc866a8900e25eb	4113	test	pos
d900c23be2b5249afdbf44c481709a0e05399b6a06614c060828b0ed2960c6a5	4114	test	pos
37c5612c7fe6f519e87537bfc02b004a8c717c81f90ef505c51b21a1d9faf357	4115	train	obj
1d3fc7bd53585e4cf71ae37d51241506493407c995218c8149224e1a8b24293e	4116	test	neg
ae3bf84b00f174a5ce8e5e7037eabe4da59b280966ba75be70ec2b38130cd1ff	4117	test	obj
a08073ab2070b4db2d2d5ec27c0da98cd36b6f551982be0393940b9c9ea338b1	4119	train	neg
4711068255ff60a6744a1bd7f98321622e15fad24c911e1cf285caf3db32470b	4120	train	pos
42beebfc878fabc2332df4237a4558ee5015f26d6af9744275d06cb967f5422e	4121	train	neg
085ad937a638ff4f1012326ed0b5c2d09cd41c34d5435ae1a3f1acd652d94f53	4122	train	neg
f9b8a08e28fd5f4a2a9ec2d08e0060513b35a3fc3eed7832750a6d16690c517f	4123	test	neg
55ac86634d7e5d8c03e3a575275f922807387357d39dd279d9d29b16a51d8012	4125	test	neg
b73c1961068d39cb62812d9c5e58c9071a5ef8a577025aacd8557b3493e50be6	4127	train	obj
64be4db029cd43279e3e594319d70e73b533f41c17afc3a2160f67408efde12c	4128	val	neg
31de00e687fe4a47d8665751ee3a0eeb2cd4c3ac77dd9942279b6a42b6e962ba	4130	train	neg
ba90f7c7d270edc7efa10745a920561d213cc5c8b953530607ca2802ded36aaa	4131	val	pos
31775275692da530ef2081b3238d373ff7cfe1a2e143866898f6e5691dae4399	4132	train	neg
cc121ce7db9f2edb1639c59a51a1c0e0f31f2f94dcd443db03ebd7be6939f889	4133	train	neg
8a11f3f330db07434c06f2c907ba022113575c2dea929f43de5d8e60cc748bf8	4134	train	neg
84617ab35f25211152b529254db70801ca551c49a770aef9423b4b16fcf43436	4135	train	pos
04457a0b119b1ecf781b0f9055d98050aca94fbc00350074808086cd79c6b497	4136	val	neg
621c6e34534426624d7909841c31d23dc70694e3e906f5345030d1fac5de6fde	4137	train	neg
ed17ae05ab72bbfb1c0b561b8da0439adc82733e16f2a54b928c27f775778d75	4138	train	neg
19f03506f4c8908defd6ac01ba00d46811b6e70e334e2cbba46a13b21b98fe38	4140	train	neg
23e0f7eb415fbfa1d56a94e95351be08f1243af763091ec928ab2b8c27e6d9d0	4141	train	neg
b35416daf8b6f5d69d1e1141c48bcbdb916994dbc457c75c70aab521cdbf0497	4142	train	neg
245a6dd828d8f572097dea0a9cdbc589d5f6064c2f9f10fbc21f43864b78a909	4146	train	neg
64665a3659b409b4a721b4e7cf2a55aab2111400d08027e46c7b8d93a83f7a97	4147	val	neg
c80708f161afcee899a454d6b2f5777fe79e9d00b6a737ff9f2b1911f9266677	4148	train	neg
d00b454f3d64f9d3ed529711be4f32aeb0274aa3b550c88d7000443aa7ffaa2b	4149	test	obj
67cb228d1ea601bbf78bedb894cd20385c6377a4b2662a7562ceb1f4e3bc6782	4151	train	neg
1cde1dff4298e619a3669fd4eb6b83c6d30648226f97139d5dd3579cc96323bd	4152	train	pos
745b40bf5cb659dd3da9bde9504eb96855f2e1b612cd6dcda5f24ee3263ee120	4153	train	pos
021689e8bee8b227b25ffd565d59ce2feb9ef5c3f561994e2169a302038904ee	4154	train	neg
e635b0781210ec3166e7ba750bc79070972d7c535ceebdd995584d1e2a1cd200	4155	train	neg
add08ccc8f2958d98b4ac352153a3067e07f8e714fe282e7d0e767582a865d1f	4156	val	neg
8006a370583c6b2e05e659222d9581a55bdc021698623e05a2e01fe7bb845afe	4158	train	neg
ed2ca775ca7264900662bace5e4e4a01ba621100081141b1c0b9201b418b140c	4159	train	obj
a841e03e17277342caf311091081a429df56147f58bd84af9d12af97b4d1f28d	4160	val	neg
c5cc91edbb23bc4edae86e893de0673423c58aaf7ee387bf8a5b40a945e4fbe7	4161	train	neg
7b95801498098a8ad0c639eed53fc0e0c36a57e38b00cd6b04235199f1bad0b2	4164	train	neg
834375bc0c7cfdac21e1d057581b79324589a89bffcca572c90cbaa400b95ab2	4165	train	obj
35a5d30f41982b53edf79a521c41e210071ed715060f5888f80d29bccfc650ef	4166	train	neg
ec88c2a9abd0d3899d437ef78533dc4c45bbcb9022dea11d46e87392664443c4	4167	test	neg
5ee9ab2aac391e071554b37099828ea6548e22e579ca358f4a2a36db6b44537b	4168	test	obj
1286d5c86b344a50bcd8882b48f3ce2f58de664899ce21271c234f283c0bbb1f	4169	train	neg
1eb1036d50a4cfcbe860e8f3a00ae9fc4fe24053ed70663e922fceb88cc2aea2	4170	train	neg
9e67c4dca19bdefbf72e1abc7a2e6ee25eb538f074152e1ba4b0a484a14b2812	4172	test	pos
325dd7b20c0ae1c2dca2fa14a11fe94bc99664ffacff7160e8007baf7eab7cf4	4174	train	obj
0e74d191a35a451b8238aa2041c4fb95ef28e4c999dc603d1632fe1274cb5f67	4177	train	neg
a9f0007a8b217b98fc491a40498ce6c3048ee1d76bcd8e250ea0c6e267455f64	4178	val	neg
bed22d2542b06c46657edf60e0ec07f43545a3e4ac7683e214b7b56f4e049166	4182	train	neg
d1f5f92620d2e1301329d4e88739f125f97a97d99c14323cdf2ec17ce79cfe8e	4183	test	neg
1475f3c3e5abfd36d03eff622103bc3311e17cec3227f992f09ccfbb11bbfc4c	4185	train	neg
41720c574af12aa0d59616e3df4b7940e5ac5683c82eb1e657cbbdaa303aa4e5	4187	train	neg
1608f6bb00753ec145333f74e637504fb8b688dc06c46b6360e99ecd60bae19e	4189	train	neg
bcbb760f5908366397a6a66fb853d29c24cfe79188444d1a1139acf7d2a0deaa	4190	train	obj
7632c8a793ed9b6a8bd11bb90379908ca73dcd10e02e387b9bfbf10bd9150b75	4191	test	neg
1a223b6d56b6093d51ad6bedf838fc2f8d6c0dfec6c9330ad039ca9b71043917	4193	train	neg
160289c833ea3751182db6943bba15f0f4c2d9add84cdacbde918ee274cefa97	4194	test	neg
6612270bb1130558d857c040b6febe97db471b79aa47393472eacc6332193c38	4196	test	neg
f87f7ce13e8071327637dee653683b7470ad90d59aa93ee6882b05fad1788add	4197	train	neg
7a55301ba34d89697f7b2906a63cdb9a7113a49f42026a661b793f48f671f78a	4198	train	pos
b507c2b8254805b4f33ad4b075292a71bc08295b9bbb93ebb1e5b7498255dedc	4199	train	obj
89f8adaa168302b0fedfc951e733550e7225acbfe0f1eddfb96a95ad22f4ee72	4201	train	neg
948fba2719a7845bb8f5dde479beced1bcde18a8f7451ce91b1d1efc4c57d1ee	4202	train	neg
261bc072e861a487455ee9e00bea99db6338937dee7fcdb920d46c9feb981217	4203	train	neg
5cec32895de09633ec80997387cb78bbb21686456c4706f243ab7386a9ac3151	4204	train	neg
c625c5ac619cf06457602f21c01276b66f024f51a948f76b7ddaecd9ce4326ed	4205	val	neg
f311ae56918bb6ad0c12ccfc4022835dca813a4a3bf1d95e9803e36490d60c79	4206	train	neg
7cc134279c746371a750863086a95d3d636d6dd00d6e3741c1bb4df06778f1f8	4208	test	pos
23c570f25e9ead7757e8ee7187ff526e77e01546aeea60d5b9dae06ffeaff65c	4209	val	obj
36a177c1f2d577ca083579b5e52c59febb9a8c2ade9dc0c18c2dc2d7d861f9fa	4210	train	neg
3ff7acd71cf64e693ed6f4677d24e833e4248c16d6184b1f3b61896e03f39e71	4211	train	neg
d9fbf46618bbe18ca10a5a34ae6571477d0f28c60a32a2b4c0a9610e013b2a46	4212	test	neg
bb2c81d21e08c45ef58542cd48de958feb2f34cc8aa2477a42c938064716c518	4213	train	obj
d470a39b472414c2a59d32de55937e26544b5749079e84e2f122fd7096a323e7	4214	train	obj
a234f6efee6e84ac062e79f599b72b4815746f33c5febdb61d3cea7d9d5f7d6d	4215	val	neg
d800f818596c68ac206f2369ffe6f4a39b912579593ba74458ef66a1ff8280ea	4216	test	neg
ae14c8f93c4bdcc28031c75982d76a44dfdf84c4cfc5bf140d641ae050f55fcf	4217	train	neg
5cc9466099f839c8cb3e5d17fdfec7d8342b9fd872b45dfbe6d52369d017c0a3	4221	train	pos
02449f47cd9290bbdcf498f6e66623a788ee900dc1b1944308ad375cf41507c3	4224	train	neg
9287069d746281f488494ee5830e2069087a31526a119da73a1f0995cbcd0b99	4225	test	obj
7f0b00ae468625d50e8d7cbf88971432fa4a90a7252f58892462ea6d43370b06	4226	train	neg
8465a4e04a2f2741c7311c3bbd15620b8eda4890a81b4aaebddc70314091f32f	4228	train	pos
fb1ef2de0c273dbb7a3c21fb82e92795a4511a844945ab4b11eb6806a8beedf5	4229	train	obj
176e1c241b5ba3dd837bc8b2da2456281937ae266203d6309980a91d19393ea5	4231	train	pos
5ec3492bbc58f589dfe6dc7a2d997b2568c801fe456d8395c0d56bd90f84c276	4232	train	neg
c03401a26cb00bb2a00d3f20d241eb9d134ba5d0d2a8d0ef9ad2782b40c07c49	4233	test	neg
653bb761584c4dcaab4e095518a423b82fa27206719a1c89488e7381932e17e7	4234	test	obj
8fbb10ed048fbfe937cb0b9cdec62237402b246372b748105349a30f737ddb36	4235	train	pos
f51127fd570f1e6507f0fa9627f84e34afe56612bfda43d7ccfde2152979c4e4	4236	train	neg
f022fb2d5302deb0783e5e77108c89fd444019d8a8d6f07bed753e260a6a046a	4237	test	neg
58a9000bd71b2f615c6e7972e435de44e3909337f2ed4847f9ef253edad7419c	4238	train	obj
26520d67aaa613813f112966a4aca66dce3a4253db6d37ee2481404f9057f536	4239	train	neg
2fe486f2ec8db808d5291e36538cd93b68206701834c639576a3a3ae2f805247	4240	train	pos
d1ee7b06a3731f6ea4505b847dc21ada1b89ab210c1f5b1ac2311ad02aeafbdf	4241	train	pos
7213af9df7b983682eb080371392573af51d412cd34e9b16ad604e729077d2d5	4242	train	neg
657c98803edfe90d1b4ed228566d36cd91b38f7a364bbc02de5458522f47a94c	4243	test	neg
e37e6be1f1f7ff023e8ecfe9e362e76267ad3bc208872d8f336f27cea665a260	4244	val	neg
60f13436c2cb8d64f94c9528ac385d0de8326a942acb11f16d871c3460a1415b	4247	train	pos
f74eebd464ca183100ce5eb2f7169f6a4dc3de9dbfebeeaaf387ab8080fc4669	4248	train	neg
16254482bb11a42fcb4da5a5b2e3447441dbbdd45933a77b44c792866212c6d1	4249	val	neg
4e7c1bd7adb47599325aabc07ef423e5cbbca7e046ac73e454b2947ceb0aa526	4250	test	neg
d7f6bb652568230de0e0f2c54f2294d5df4fe66b68332403f764a3a654d17f81	4251	test	pos
4746d36fe0de17f311997bf3c829ca4ed19a2652e1d08f848b4335727c8e9043	4252	val	obj
cd4fcd574a12320a5510938db99e9dbbb94af7ed74aa3236c8ec840fe72d22b5	4253	train	neg
7e0a75f3462c92c689008b0d876b15c2544fc044e76a902973c03092805196e4	4255	train	obj
dba202ba7e93df265e9001085b5744bf7488486df3ad5689ee297dac46025eb4	4256	train	pos
d4ddc101db1872f247e4d9c22e696f4f73be4b4f18f61fc73a86eaa2353269da	4257	test	neg
36f9a78cb3be2df4b13068019788b118e5dd806ea659845da905f43ba46cf1aa	4258	test	neg
3ba2e5e8b4c104bdc2e3e0677f1f900b1acdf312729cda2951108d7d5f8ee6b6	4259	train	neg
b6472b686923a9cf512b1256a6319a0d3d72240db1897ca48bd740c809d1f60a	4261	train	neg
a20a34897a640a7450e75c30a9e3fbfe91b602dd2eb9177837cddbb3322c17bc	4262	test	neg
8f284f01086b8a9b675062e52d84ea317548b9ab39c0564978bb586e06724dc3	4263	train	pos
1ba3a6d6c83cea25719cab1f0ff75bc10845c6af94241c0b12bfa62f9c5546b3	4264	train	neg
6c1e737008a82812bbc9b6d0178c971e1d26dd545a3def3e317ed968877921c7	4265	train	neg
6648dc3baa77a1712e9c9b742bfd18cad0dcac877a44dd6f8f975dd5bcce1534	4268	train	neg
2e32ba7e045831d71196b5f52dc84984ec3e1428e3c846d123a193d792d97aca	4270	train	neg
770a447bfae88f7500534b95ab57329814d6af6ae4aa424b165b2403b6e1d81f	4271	train	neg
038921caf6e29284c91130e6ee4eebe2b74f9a2c375bcf57c5ca362af5cce621	4272	train	neg
0a232193a03d495c68b946ffa20eeb8f61662516a6acaf6a6f61cffd647f4c51	4273	train	pos
e02d89c4b5c8d12723e5adfb04ce6cac8b903907ad5d10ea2efc4e979866d30c	4274	train	neg
b83aec5f09f6c55f38353768749e0bc806f4aafce1be83b8b90e36961f5c0555	4275	val	obj
b36d55be44d336a22c289ea721d891994f6c84605a226018719d96b829d743bd	4277	train	pos
336756bbac86026f7c556e0479321aef6c1c27331de19560e418990fd61a1259	4280	test	neg
9181a773e9475cc9f3bb0377267439235f706fa8d9e31cc3b4d6cf6b44e6da4b	4281	train	neg
bc587f65c5dd9fc07fff7f5c841aa1a23cfb4125a4fc516a81120b6608173abe	4283	train	neg
e2041d8bfa13bb66e96fdf98c78b98ec0ec0df29aecceffe652269d481738a05	4284	train	neg
238a69f1403714a6ad0a63fccb67e59b62380d8c80f46355afe9183ebeab725f	4285	train	obj
ac52dc811a478f1593d43899f8821725f4f1300ee4f207c8bad109f06f921c60	4286	train	obj
62c13290a9715a2058829a752ba160add254f7ff227f9cefb025ac20b7325b0e	4287	test	neg
e9d725711813d11a0f78472fcabe556a0c4eaa5455ec630a8ad8afabac53234e	4288	test	neg
acd24d43dd08a5f75a7684bfced62576056f0a5f56ee26c98fea622d863e2b88	4289	train	neg
21ae2d8f15dd1f646ce580f808ba87e04bef7205c63d0a8dbc2a8bf4fedf7c3b	4290	val	obj
9cabc58c9adb2f5f682a8e3359ff673375ac900fcc6d315bcc739b4e47e91090	4292	train	neg
405a109013253223b925d03a8007141cd766c535285ad6d06ce3b45f2843d2fa	4294	train	neg
6a0644cc6c2e8a2232fe5322bb10a7c8baf631367363f9ded6797bb25c609a8a	4295	train	neg
356b80a556532a5d967351bd7dd992791661e7173dffd7f23c052441887dbd86	4296	val	pos
e38f4e5cdf00411da30123f76c4ae7672273637a7ee38c64f25e1545b2a197eb	4297	train	neg
183b7d4699773f27c14dfa233b3618316e411b8d3545fb6173a3c1e793e2d4df	4298	test	pos
b372f2163a138b8bfaeceab5a4ba48126f82e3fbb855c3ceeb5e2f2905a60c54	4299	val	pos
324ee000fe974fad15e6861652ffdd2b0acd81c5b230e83577582481e02c416b	4300	test	pos
bf79b82adad530e3a708a55dbec2d6389637a65b15e64dfe619a62d53dec68d5	4301	train	neg
8b8d9942e012a81f6e258b2ba0a02a1a3e33ef262d3eb6842d6300dca879f51e	4302	test	neg
d5e497db589ab87d9b886303cc2c6bcf7cfed552b29a251dc4e756e780a4739b	4303	train	neg
c58733c88867cbfcb02a52305e4daab977da04c6995ffe72311c9e17dd6255f6	4310	train	pos
31b6a3749c84c330fbd7add18c141d405530f35f01f555f9c73a54f51c2afb58	4311	test	neg
9d6f1567eeb2a451f0d3bd2ba986ebe86abdf79aae14bdb6c1de9f5562f5acc8	4313	val	neg
77795df8735e9d64d0f7a03b8ab6684b4f3069995bc19b499c7100fdcca17d94	4315	test	neg
b3315ec0714d72ddfeaa291ccfe3876932e5777b7f3eb174ad4b6961b4ca8268	4317	train	neg
3c87c7046b69983c50e9356738de575008ec2b97e974ed067ce2006e48ae51ac	4318	train	neg
930d2060dffbca49ac89d5cf68e6fb8a4dc7c182e136f0dcc9780e20df13cc77	4319	train	neg
feb67acb82fba17108afacc88dc64fc92fdc69c0dc774e4938826d6c93e18c38	4321	train	neg
ebc963af40ba3aae3831b2ae9b05904a0ff42e76010851a8d60e5fbcdb5fb218	4322	train	pos
049f7226198d8fb93dcc3274c7c1110f9163a536f1f4033caa1dd5a277ae6be4	4323	train	neg
bbf920b139fa6643945a6ecb6eaaa8c27fcfffd10d5e4a4c3c6b3168f0c6bc0c	4324	train	neg
01deb6b8d1f87cc5514cf67a2478d6865a1e159f742e7bb2353ef9395907e534	4325	train	obj
1eab90de4a1976109e5bbefa3f5f1bb2d87488b703c1e2cc4c20ce43dfa2c3f4	4327	test	neg
605418d247eafb451a3bea1afb2d47e146377a268a40af31b352aabc54d412fa	4328	test	neg
0c235671a4cef2f356a5ea39d1ec4a3d2d3b85a98d387f8c2d23f6589b9b48c7	4329	test	neg
bd08066cf2ddf7a71b9a84ede265f62ece8321542e19228b5269f1d60381fb6e	4330	train	obj
0c183c42e3dfc62e0d8631b6ab8905475f76b3fc927b84a9da64a8650c5162fe	4331	test	neg
f835105d44f7cc5e0c44d89de17dc3d3ac41e0bc73fd4a5f7290acf7c792b4d1	4332	test	neg
7f9bb1d6abbc5ed3a9edaa224e039dd748dc8d5a5b4d7ce2228e3382555c1f02	4334	val	neg
debb37c6708f804f3b375fb86276592de9e0fa505592bcd4892f2456e495ec0f	4335	val	obj
74918177d295a3c95d967beb9b14ee735b24c0cd79cd892707690da8b0223ee3	4336	train	neg
6363a6ccad9ae191e94b191dfbb01edf2f1957bf950f40eb59a66f42deffa62e	4338	train	neg
6a82e82c2b72e0dd5c834f009337f73fc1b201fc5ccc2127e33c1e309d03e91e	4339	test	neg
f36d6221300cf7ffc7edad012d39dccddee5b179f06713037d810454ad0ba65e	4340	val	pos
9984fff1457a7c1a49e87cc385f61bad1b26a327ab2f4bfc16667ca60cf366bd	4341	test	pos
16bb287f9c5b9085a633ebdcfcfecf936e6b039ae825896700f26d29ec54ba70	4343	train	neg
d74f454d463bdb1f9ce169f303cd910702bc29b42eb764e9d6f6a403f96060a6	4344	test	neg
e842fff74de587e4b4f69885954039a8309a797c9d8c87e01ff70f41e09f30ff	4346	train	neg
f1ed80e758cb1801a2d01378656e4b16b452371d68455dba9a0d75fad5b45f44	4348	train	neg
161bc3d8810f6be96a50dd06ec2cea888768e7ef95a76cb73a9c4aefacf60dc9	4349	train	pos
70f28198ed5cdb2ecaa625b140828aeff380b5e7481a9060cc38a4dbcdafe1b6	4350	test	obj
8ccddd36f5ce3ebd17bfcd7f97afe3c4a894a812f0ca7c827ec4c7f6d14d2996	4351	test	neg
1dca740a3c872f3dc1910600e0c38c6e8fe5489717896ae7759b728656c5258f	4353	train	pos
42ce5e3155fd7efc393ab622895ab3a2e7f05af7bba064c203a688723a69163e	4355	test	neg
38c5a04aa60fd59d23f7c8609ef927b7c28211c4383585a02e81d4698e73e9b4	4357	train	neg
25592717d59e7c72092393670b2bf795ec432c43a9c67cf150093510ee7bfcfd	4358	train	pos
f91e9ded3d4fa57e877f874fb5dbaaf4688ce687896c9eb0b65dc6eb7d3c1703	4359	train	neg
81d714db1ba3ff53cacf0553785d293f812a6584f379be76e8d59e49bf9d6658	4362	test	neg
fb741694c63a6349d08fb271ff4b4be94b8a8bbc0105abde68a9e8c96b1034fe	4363	train	obj
24f47d3e9d7c7d8e28e31cba51c065b9b31b438b48f22eddb78f87df7457680c	4364	train	pos
7ccaeb0d0591af065f4a2c48b40945b78cf10d9f5cf81112ba5ed6b5d21aa0b2	4365	train	neg
2349d727be8b7933d2eca10033b089c6cf84a6afd3a98de375771566e4adf828	4366	train	pos
916a1c52f7181f9f00864f33b712de3c40a57a0b24300674ece4898bf31fc27c	4367	test	pos
541ebf8278f69f3b08e2290e8f52654160a415a939d9298368887cf38e0bd301	4368	val	neg
0d9d21fd25ec5d268021cf1072770f7f65f7ca1e7d1204d7bc12cd20ebb8608e	4370	train	pos
619e7a2059b50945301663b02cb54ede8fd49d27b77da73aa0d8470ef1abc712	4372	test	pos
a0978829ef447295b9c509beacdc8347391046488df87193aa2e401f343e6801	4373	train	obj
99215b550bf70b800f18087a5f40549189bfbb1c0ddfe39037263cfc50e4841a	4374	val	neg
2e93b1fec85a0ad86c21560e4f7095228adb4ca8b536810ca3e3547686678fdb	4375	train	neg
7e22a59982fa4600973dd8b21b36775b2a7e2b0b4872ccc0569ca2f22283b424	4376	train	neg
3069c682048a4a4d6d481962ff1a9c355ac47e80cdb6bbdc3ccdc3a080d80913	4377	train	neg
2dc8d88710f2697c8fd0d21d5930f154f3977cd709fde1726e911f1b9fa224e3	4378	train	neg
c90a27a8a7b807c0582aeb990d47af64019fbe38e954d1a24206326cbebe65eb	4380	train	obj
541a3239a1bcaf13b60a08a5ef0d5bc73ce542b6e3acbd2e15c1fc5b10f70528	4382	train	neg
b45eea2561968231238741f40380119b092e4a239922781c10ba45f736f49d24	4383	train	neg
9d2e5098eeb61e2faa629bd588e3337081c2ba8081ab3cfa8e339ef79c148be7	4384	train	obj
7ce1b813251892bb3b2810afce41d9e1fd1ca018488f4844c9e9f21009a03d5a	4387	train	obj
10bc0f7763b17b9a1a7570317c079575d61731aff8c0d6fe3d736824cde72e09	4388	train	obj
ca12cbecce241078164467b6a70b40d715c81962546a64b71c894262df3477b9	4389	train	pos
0249d88d167d05d2d964cb8bf2ba0ae1fc5e7f497ec3a20f2dfd8cffcf6f441a	4391	train	neg
9326f3844fa2c1943fc01c92a751fbbd64ceaa48bfb56ea506c0e3f71bb9b184	4393	test	neg
b433ddd628978860e7eb066be5b63dca3da1cf91db9d79c9484dc3e516782335	4394	train	obj
34dce52ec4e9aefb8ee028942bf56f89c95d5fd8d2a9fe46ca6788712a2f33ba	4395	train	neg
8937a60281e87801a4b32fbcd6947bd42648ceec55b191c498edc88f997b359a	4396	train	obj
d786896b35c11d403c78877248e235895ebdbf73305b591f35e58af3f20fd82e	4398	train	pos
41f0cead4358e5451a5d77afcbb2e8d591644a9c5f387c847287c5bd4fb94d9c	4400	train	neg
efd9ce5374d374228d630753dfc80d6a6df3b1a96048e30dd0ea34e2c7d59273	4402	train	neg
99716cd551affc0a919c67c13d3592aa37e7f4d11c7a9017c77b5d6c95cd598b	4403	train	neg
6da75cca406a57a116298b2633d08d1dc7a275d11f4a5b5f22b4874c17f72844	4404	train	neg
058b3e04d6499cfda39e17a86259fb6e6fec182225fe00f3740fc292729e06d5	4405	train	pos
63e6c7e645a594f0e315196bbfe3cde210b95af841a54ff029d2b0c96b5959a9	4406	train	obj
1c08adb52c5dc9d80e6057175a01d8642bdc72b681c9d797571f000d30fe23da	4407	train	neg
7c4bc3694053619dd4480fbe7cefd32a45761b3ba44f489c35de7019767fcb9d	4408	train	pos
a655f2387ab2c9cc695a58985bd819024080788d790f661c51a8c529762e8338	4410	train	neg
6162698b91b89f2b614340e6a141e5555657d85c5d619a9abd0da89192ffb26a	4411	train	pos
60da5c894fcc466adf694012349cf316a707f609c7c9954b7f1b4087220af492	4412	train	neg
a7b778bd300cc6fe44bb0b39fc08ae2b375b04061d0b1c9ec1584823949fb4e0	4414	train	neg
484bff028f41cdc547ca80f39dd40d5a91ab2f349c4ad2ce6cc8286ba835e32e	4416	train	neg
c334e4018f66da5ed087aea7754cdddc6bebb73cfc8fa91332ab688c3f2f7575	4417	test	neg
e9e6face1ce239b4a7ece4a331146b1d9736b33c1def2c6d6757aa5b24006798	4418	train	neg
152c2106937f76f3b388cf222ff3226e3cae114d77ceedb4847e2d37b52a8433	4419	test	neg
4331a116cae4de306724fe1466fef2691ce6679c5c9405a4bd8f1bf3cafdaecf	4420	train	neg
1a007e0a23e924b3cfde7018e3497f9174bbdf908f3b5e4fac354dc171bb750f	4422	test	neg
605ce564b2845b1c78fb63fe26b70cf281fe4b244cb2d9541a2a9f48554afc00	4423	train	neg
658c81994c68dc3b3c616c6ea06e26fe92a34e7f22278169c0de45d73296e27d	4424	test	pos
4276eac3a86fe0d7ad6a616340f671bb9410721d5c1e56c8e58b0ae5d6473160	4425	train	neg
3dc77253cf15bc3976c882c0fa08110adc9b01e83905537bc08b2e950edb869f	4426	train	neg
511c40cfa6e8276244f74f0fffbe59f4706a57f342d9a42c6fde767517a2a90e	4428	train	neg
acc262150e8febda8822fdcea9618b66870984fa9e34c6932d2d7e64e84ade1b	4429	train	neg
200239828c379b4e67ed8b3cbfcd8005ba3c9e318c9e2c01f2d4a939851d5ec2	4431	test	neg
74b26dca917e02c12d821b9aa829aac67c9acae7cd37b28da58ecb804cb26971	4434	train	neg
534f2db4bc82038328fc5433bfc7a19e6f5212192473ff0d7cbbeb5001e1c536	4435	train	neg
da20a9bd5eb17deec9b51ad8a287656ab975d9fd35b14ea9b2d7180af9c5f208	4438	train	neg
ef0f834e95b3b0f59ba85c3dca8188db059af144d4d60f71a2df947efc5f8515	4439	val	neg
ac17262659f82765eef228269638e2d55650e7905af2d8eaf2a4b5d712e74e75	4441	train	pos
d23fc59c3e5022195323c62e94ad956ac37df7f49d8c549ad0a41d0f5e88795c	4442	train	pos
40095938c825af1027db7228bf52418ad150ce09682bed7a4c3c59448d82a1e5	4443	test	pos
2d5b4c890768ca199ef3cb7ace270e3c944a69bc2c3303c77d77d84db9fbf767	4444	train	pos
8b0dc39f2b9213486405e7173486a87b75ada97ff316a9ebf181eeccf78c4b56	4445	train	neg
eb0852f4878ee80810563bd13bc2a5ef86bb4dc2dde4dcdc0d3506e20208d1a6	4447	train	pos
ce3a2e3c68483c5b9fc4d6e88dacf5b383f059826fb4c6eb3eab1fdbf04c27c2	4448	train	neg
552c5976c0ef6ec6c39b8c18bb2c7c715dc2e23989fedd4cd5c26177a2d6dd47	4449	test	neg
0f68d7a420ae919e5718864000696c52290b575b1f367734a971ec6ee5d0356a	4450	train	obj
a6f0c2cb24528727798dfe830bebfa340cd4fc984bb6593741613f06f18f2f4d	4453	test	neg
757b2deb620fa9fe41e0d30cc32959f693517101c91f973961c9b26da23290b5	4454	test	neg
0569dfabeaf8215d49fe1ca9f4c3b0e8799a60f50271c8634aea688f35522594	4455	val	neg
a429d2dfc6d234438188f93d687d4e4db24872c8bb558d2d5155b41b0155c061	4456	test	neg
d117e72ca7f598de5c322473097f21aaa0a91c5786574dd536317338771c73ae	4457	train	obj
da70607803e410d283599621f0410f76b462c2de3f4edcf59dd94f94031d2dca	4459	train	pos
028c60397a89743629d755343b3aefb7480b0c601ed97b8f0e003dd8c9a5889f	4460	train	neg
a682c4ae7d1c636684eabab21c7ea28ec88ed0dcf7f3d718a498df4460812f18	4461	test	neg
38037fcc81c695f6a4f2ca53b57739d8a717e14529303c1cdb74511fc923e435	4462	test	pos
867948731c16b42479d911b855552fcde92a18c5ea5f7502a0c12e62ef5aca29	4463	train	neg
8e1fada9cd526bd5c78a0b5881136616c076d0e5b37fa688425e6be629f6335c	4464	train	neg
843f10331028b2438329bca73cd992b94a2ea765fb0f13538ab91f5c8ca3ad42	4465	train	pos
778571b364540c99df57a1371177a93fabadc29004350c82e10b7b1dab81dbee	4466	train	neg
b37fdb5e74ca01a96ecd57408813e7ef0c85ad68b2a71fc80cd147eef096af96	4467	train	obj
a73ba491ec1bbc0cebb8681cc6407277b1e15f9ed576e639feaf54ba84ecee58	4468	val	neg
4b8e4103f7a96e18f573e57c25a40aad69078ff6a1a91499142394e90daebd1f	4469	test	neg
274dd2d729e0f6afdbde6eeb5ce48ea50e214470716e007ef69d3bcb38bec09c	4470	test	neg
cfca263922f62cd5eeeafe58fff5d55d5e85e0d8016bf444f03b791282917852	4471	train	neg
acfd0702dd7a42cfec970922e4d43859f90fbb3fb2a527a68f649a51347fcc46	4473	test	neg
60f43b36645537ddc980667c2309594a973749e91449b9773974cf38be433a19	4474	train	neg
76dc673f8d1e216d1b374af11f9c74602da5866c5ba3d89fb739a511c39e8ef4	4476	train	neg
3da253201258722fc8a53af1c63840f3fdc14aa44cf46ccaae19394b28379d07	4477	train	neg
a72d270c4943c233f46a266d8ca9d2b2a0b45855bc02a25680cc88d7c4240623	4478	val	neg
e2adf6ea43b1818931a27a0ccfc80707c5c1a8676489d6785a33662f222f5947	4479	train	neg
6dc6cdf9a38f6f4c667b6a473bcf1da03c458c4a0f3f8353dbbed90ec01959a2	4481	train	obj
b32322a334f096fec31c7f906b03a0e21d78a52080105a84a3ed550cb0065ce1	4482	test	obj
be865887fd7616591004a1ac7eb8231bc844f15d9019937ff8939a546b186694	4483	test	obj
fbd3d0769fced70d137afc065c30f8b809deac8a531aa874460f8e952a468eec	4484	train	neg
1fb406da6c2082fd33a5451835acd75ae1e97218cc35424ef1344f4a7f984bda	4486	val	obj
78d14b882196c70dab32322171e6b1288ef165c6c8a8538b4326acc2d5ea22f3	4487	train	pos
ea91bcd0866a760302214d580982c2247f41637290953d62bc7c8f8bc3279d6f	4489	train	pos
95a2b50790e34be1499bdb927b0d97e345c8fdad3da6995e98754da698c434bf	4492	train	obj
76c1e072955f8da07a949ee24022d9dd24743fdbb248574ea90cbcfcd1111673	4493	train	neg
34b1ec08f035df7996d132a72c9ed48b1761c37accd4a48d3a6a7dbc3ef88bfe	4494	test	pos
e7e6775223383cd03cb29793d21550a70aa5abdb7fc6868b7a6d8016b7d328a2	4495	train	neg
d68db820a6f5d15445b56b1770d15e3112217db2ec790fb694b09b122c4f4445	4496	train	neg
5873d498974064d9960e6d8bf6326cf7eff5f5ad13b0a55f9b1dba7fda6d1d83	4497	train	neg
1141381d346e54365daf68a77614405edaed379b091825fb112d63972864c352	4498	train	neg
3484700664793505551c5af5f541a02dcb8a28ff0595ffae3c2da0104219e5ef	4499	train	pos
c399b866dbfab210abb6de337062fe9968f17dad072e7375111e0b79d6a0fa8d	4500	train	neg
7692af9dd949c1f578424ff68db4f3f784b7ce18d3258f54fcd05b15da07b117	4502	train	pos
d743e732c951fa660fcd38c55c7125adfeef59bba86da7d1c62cf81c3c2678cc	4503	train	neg
de40ee0b995a0ea502d110f21f05b2270847a0e16127ed99786864db96ddac51	4505	train	neg
4badc6ac008b4350249233b9b5f5213152b50482b2aaca31085d655fe5965098	4506	train	pos
fbbeecdd095c24e70e7c3ff0a9e1bf98f333bee2bbb712a786eabf2ee427b494	4507	test	neg
500d539ca3e2cc7af68d8bd0ceb7be5a4dcbe75d1a21fca4002129aa66a7a402	4508	train	obj
27b69c51d09b65db7c09b5cff980595975a52b951501af6a380614ba2b7518fa	4510	test	pos
81ca9ae303b7ebe8e73b5909aa1729aabd76bd5fe5243bd678d33abedee400a4	4513	train	neg
95be92ad2aa1a81256a5f270f8553cca5e17a2093f124828882d269dad31c125	4514	train	neg
c52cf83fb05e6371c6e43eaae79c95d84b73f06bf704d9c02e57cf1a1aea8af0	4516	train	pos
86090385e562db6d5786f069ddb6915b3070d49f42eb36b170ac04c4211063ff	4517	train	neg
7462565d5073fef1a6769fe30e1d239dd0b341f8801b91ddc48308af0a140b70	4518	train	neg
bd580d6de4e0a72dd18e46f64436fb5550c53010e4c611ad0dc4b7612409f5df	4520	train	neg
6f5192d01debf9d22a3ca34a6ee124c08fc52ef988f2b5893b0b9dd0623d121b	4521	val	obj
41212f006c5da5a843b5ad94b9e5eb6a2d638b90a256d356bfdaf93254e4acfc	4522	train	neg
f3c5332d22828127446f9f6d8642ae8e10f65f2aac3947c8e0c6299e1557dd0b	4523	train	pos
abcebe54e272ea51a5f8d0d1b2f318f59d5cc9275be458de3927314c17ad0ac7	4525	train	neg
d429d82408048d7f557d3115e60a185c08e56b3b113723b6ad2fa3fecd63547c	4526	train	neg
4ee2a9a10f8dbfdccaa83f3f83a69870c2dee38eeaed9d4a38a877c4a6bb974c	4527	train	neg
52bc54873cc9c2434f13ca30f966142004e1d3801ee148b7de9269d7fc886dd7	4528	train	neg
20939c3ad8a908e766c33b523134d3fc1d2e80d9dcc1e72347ee53ed6c51b0c1	4530	train	neg
e4b03510e0b698891ff5be88fd5f2841dcfd02b489e267e969b1d242fd7e23ac	4531	train	obj
e1a2422011c553353312359fa8b4cd285c45e8bfd72dedd1b516cbcd9ac24fa3	4534	train	pos
6c923d5f94000a91e3a6b10b9ca3a76096f9e79337108d54a3b0da3723d497b1	4535	train	neg
6a6219164b3e33637d34d11c1459be793436bb46c53ae3dd164e02505cece3de	4536	train	neg
cfc81e7798dc7fe314bd0a702b427b877f561c3b9b1caa31e39295f32b69780b	4537	train	neg
757f0c95db8dd1de3c5699627af78f39f0cbdeb3d5d5519c12f5daae56ba1ec8	4538	train	neg
d345fe71c10d01bdc1095dd6e57622f99b7e5f34778cdd6d08ad0c4a999fa116	4540	train	neg
6f40caf267dc39c7644c6fe75ecfb8341c6135e91ccd9f56243b06451726cd1a	4541	train	neg
a6234a5194b0677c25aec364eaaaf2df8b60aff20eb50230f00a18e6614abbbc	4542	val	obj
20c4a52b8dd38dc06fc076f25a3d5ce79efc01a412260ef20081a4462209cbed	4543	train	neg
d1d32563e2327a12b8e6d57ee642e17c6257534fea4221f6338b811a3cda0481	4547	train	neg
df2ce9ec39769a6f307e4467894e226f9328b6ec184616c6a6339fd0cd97ef41	4548	test	neg
2dedb49956d08a1128ad91d29df53b075ccf2eb132c28db6360e0222e54ff480	4549	train	neg
cc051a26eb0f6c8b48ed7df080719ed62af62ac5b4f1376e23c5b0b5ea2b9217	4550	train	neg
910e60a52f3c905cd6c44c3a3216f5b36f842ec97d287b6249f8c2e2029c0bb5	4551	train	neg
39161e70e9f00c27ec0c2abecb1f9cfbbc1704f8cdfe18bddeeaa6f4bb4a07a4	4552	train	neg
b5ae7d67fea099b8af79051322cccf4d2750f6eec304fa7563e3ab14a477eb28	4554	train	neg
7ed607613133774f895f821ba704cf6143e34cd3d109e3eebad02c7bc849c293	4555	train	neg
04a4185dcb74b7800a1f1b5c146d933b5580a3583f57b19d1b8705608c874b5d	4556	train	neg
1bd1e4fb6ddeaf78fec682129eec6894ae69eb311bf334ff0619a6f2add2dcf6	4557	train	neg
8d1d83307a8d66508c3da3f36ee7e94fd40b007f2752467f0e6b3f51e02a1dfa	4560	train	pos
497687eefd215bbb47cda77be98bea77c5d904d7acb9ee5acab2d504d5cd9ab3	4561	train	neg
7fb8446838606508fdae3ceec894ff33e1ddfc625764b53bb0167f259e1eca1c	4563	train	neg
f3d29d8918ad8327919310dcaef13dcdd00da45296fcb3d4ff442bb4a96639ee	4564	train	neg
54ef49b40edb2dc7eb2f06b16cec15c681e20d092361db7dd118ee11e9450420	4565	train	neg
0323c74cce53e88431fef43a2fa80f195438d340788d3e5f290fab4e1f574a56	4568	train	neg
8f7bfbcac5354c98d5d3645aafdbbf7432464fceda2104fa78d52665464a8f52	4569	train	neg
ce2bdbc3e1910ec6bb1e52288076a23c58e381251f16bcf4a65283ea2127ea0a	4570	test	neg
ae3adbdbb7f64ea58cb33f11ca4b619e22e06dc571f77a5ba6d7612e2c2b6d0e	4571	train	pos
9a83665cf1457a1ea94835603d7f1ca38add6a035d0426361015baf940900849	4572	train	neg
02adc156b5dbb5d20a2d497d95b6e8ac620d7ae6088f60520be023485af339ea	4573	train	neg
3a046dba8a5f697fc7a83f1283de1ef6d369bbbec8278ba77b303dbae7a4cbfb	4575	val	neg
a25925028b8c72d48d096df7ad8434f15150b7a7d8cb47092917fdbad5edd22c	4576	train	neg
b4cf5d92dbb46117c7516489dd3adf4dc9b6af8ef9b0eed09b0dcd1f40badb5c	4578	train	pos
d6fd9ecf994570a20c9718fc9169d75c5e0936119a6018245fba224c20764210	4579	test	pos
1de01d8a56d6d4465e9bf3d5fec1df7afbcddc3d70168d52f6e168b28c3fd954	4581	test	neg
9a3fa70a38916a1b09b12cd9fd27c785e0bee276db8fbdcf00216facccbda33f	4582	train	neg
fb6b648c19847e205a69b826c3db4a2b720740fa37bc5a42c56970ad6a3a016d	4583	train	neg
cc8e3bf1b39f6c04cbbfc051c56639c5d34da14f09ce6d6817fc7b265af794d9	4584	train	neg
bd24548921a475bdb16451721fb8a5264caa84e4ee315d465ea95a7cc4d20334	4585	train	neg
302fe9a1b99216ebbab4cb60e43a095fcebfa04c71f174d39db992fc45ddb044	4586	test	obj
e2eb6ba084d542c31f3e56cffbf5fdf327873d6a3e75ae0c9d45e49786319962	4587	train	neg
8a7242f4ca5c60cbede6e1e177e253cef09f50c3d61fc67f486293dd61858cca	4588	train	neg
7ca8f34cdb0d3b1b5ce51d1b2790c15fc1e6556c1d5c098837b4d6b619c0b4f2	4589	train	neg
dd667108c61873c2152ffca424e8a7421d4aa978451413a19b2195743f58c6bc	4590	train	neg
512245c4cd31b2c5e69d7152dd3d683abda955f09c58fb4c06ec5dabbaa53577	4591	train	neg
1282b20c2f5aee1caa90f5e7a75e542825af4a9df3d2c7bd7d683165501ee108	4593	test	neg
960e447d599c81bc338b982ff751b79cdca5882ded269c5c04fbd1be59d460b7	4594	train	neg
0ff2f953775113639a46d6590207fe884a4a83c8e88141b878f1d9d654fe4a57	4595	train	neg
441f02ea7dd3d5d7fb86c30e4ab443253e97d94bcfce6eb337cc01b516375d7a	4598	train	pos
9b9465aa02b383d911656a1da18b51625cd180b0d030acd508281c3b001643ad	4599	test	neg
10cc0b3ed77b243afa8e2637fbb29888add8844f6807be163111d7249b2a40d5	4601	train	neg
c7546b17b41c55d8c5f567b55cd2330e7fa1300145e04bf8b2c1b1f8c2ba3686	4602	test	neg
cd64d2c3dc35fe0f52f0d1a76ae854ddfd284f6c59e5ae8e5db4412cd4c06507	4604	train	pos
41eb1ec4d99b2d56de0f75ea4ee86f419504529d96cd21cf844a48511f2ca38a	4605	train	neg
c99b118ca53f9d312681ff1c2fa5f34ac26829807a035bcf6d9c5c64a8bedb0f	4606	train	neg
7540b38cf930220e7093492f4f13ec49bcd635b81bb7189125dc499a62631aff	4607	train	neg
581ac1aa2a16fdb9cd468df6e7e84ef81dad567349e2f8f5e6860a73634d4981	4609	train	neg
74819466d9a6ca33a53fc2512b66b729378023c95b86a8a1dbb3090d6c006d2b	4612	val	obj
9fb31750cca4bc02df158bc0f6eabda12c7eb620dff5da07bdb60103b89b3d67	4613	test	obj
a68c19ab51154840aba28f5e850807da4320425ce1f824264302098cde968776	4616	train	pos
e3e1f25f9a838bbbce0c0df095c16232e49a1f977305b8853c8bf9ac26815151	4618	train	pos
caee83ede2b5a25dfd96a5f3858e1e407ae8e63589125d31cbbf2b84faeeabed	4619	train	neg
7dd36882593e880392f4bf8470a4d044b6fdf2ee8fa3879de300be2e87ce15ce	4621	train	pos
74509fddbf6a5dc8cc4e7e95a89f07270650b458a8385f1a2d039c49c5832300	4622	train	neg
251c3e541326615ac2b006f0f34c01fff0f135321009096326e57950950a8f3d	4624	val	obj
37ef6a3635792dcd65bdb613b2d930b0ac3cf212abe1c5199fe53a83dcac6369	4625	val	obj
c40365917b31e60f92d386cec304cce8b28bde080af92da022543350915ccba0	4626	test	pos
9ed2e6e482bf2103c93cabe893c3628b0eca3be14354dc17d366ac99bdd2883f	4627	train	neg
467993719e54f38cee1af16db9bd5b0368dca3f2383efc85d2936e9abc633538	4628	test	pos
56f7b9cc76de7ceed1bf7fe891d7ca34a0808e39ccdc4a27ac78e4b414c8bd8f	4629	train	neg
c1768ab4a04b3c30ed2658f9e38c8e30d4d66ce0886fd5a868471edd00fe4bb7	4631	train	neg
898ff5ff90cd1c6a044bcbd01a1f34f2f0f0c76154663733afa31e2f52daf146	4632	train	neg
8ae99e87cd67812a127f0e0e7edb2e12676e9d06c2a61d877cb1fa8fa2a57f9a	4633	train	neg
7b08cd25cbca21c7240df9c90e93931f6f50123999e9373f6e9109596aa86d96	4635	train	obj
9012b4ea5abccd149eea70d2c5f99c87a063411895cb817a423a6cea94e6a784	4636	val	pos
d1d00a6d14b639c60785178617786156cae9bbdb63773e0ed58063728bc60095	4638	train	neg
217c6cd4294f02e402f669464159dfc87258a374d881fe2e435ccafaf65337ce	4641	train	neg
2fa23d4a1a54878ed50a86126bd905eacd09812279b05dbe47fbb3df6e5686d5	4642	val	neg
c2d5e21d2a79bb84138efa86fd845c2580015d50c443f230cc610e3658b205fb	4643	train	neg
22dd87c08dfb971047d4a5b2f2ee63e6851472bd6021b500100b0f6f07116e1d	4644	test	pos
21421e753598917f10cd4fa6d986a37eaba1bed59bb1a8103ca2a4f12dd87003	4645	train	neg
c5eb180c7f7f640ac928f1c9dfacb6d582affe0d018c01149c44eb603297a302	4646	train	neg
f8cbd5171d03636e819def65849f7dd87a12dc7db04d72f1d6b3c8051c0cdc83	4647	test	neg
4812b2c3ce7693cd97dcf86b271164c3e1ab621b4a5fade247d584a95c856582	4648	train	neg
4c8a661442467fc7f385092c8c9de68aac036dcde2d6047d31d0eeedbd20f171	4649	train	neg
a968550d420fd8bfd0b43258682ddbbc884285843368020e07a9471e10d541a0	4650	train	neg
06a01b5066a4e77a2c96e23f5a8498557f2976c4892a03b0c32afbd710992db9	4651	train	neg
27b3e420c1a95df3e5bb470b86c7e114e4978617d21f9ade8e8f2caaed4466f3	4652	train	neg
33b06397c1672573c408720d91cc39308665071223783a0f05613fd784085af7	4654	train	pos
c35c7326470e1e816d2acab17529e468ba909660f9caa2d391c38d61a04049d6	4655	test	neg
3b77e801f540240b17e52463057d60aeae3f33e7cbfa8b1d5fc8995cd494c950	4656	train	neg
79e07ad957a7765b462a1a0ca954775e3a7005e716e289f410b96dff1b1c4d94	4658	train	pos
1b57f94cf589a8c6a651951b68304b560d61a7cab1801710fe61190f27810361	4659	train	neg
8b2b234f2632d58e6bf057a2db25ddbefbab93bacce35fc54d4edec174e704a9	4660	train	neg
7ae5b263c80cc35bed58c99cd0cbcf36ba8250ee9273aa253e4f08cb5252697d	4661	train	neg
fe87f7041450d1d9fbc2c587d71ce6b0e9a3cd8b4003d90d8304d7cb5b7e706a	4662	train	neg
098cb922359ac5f1c4d0ef4cb416d5f800530152e76fa78b031d6234bece7ee3	4663	test	obj
d0908e9abc4873e6603d41a1290f2403ca7d882dba539c3b76c603d20346c3a7	4665	train	neg
50c26412e62c93a364fc6e2dff18c0b22d53e1d9db6ce2efd5b1fc4a3aa3d3dd	4666	train	neg
220dcef5e5853bafe1bcd089dead1c1d06ef342c95b0f65687dcc8733ca6f535	4667	train	neg
655b6f83f41773166d570bb46e023e93a3daebb0a0949774d2ae9ebd68a429f0	4668	train	neg
f4557b2bbec4d51523624992b14c417522d82f18756dcb10848cbf82c2ff3f35	4669	test	neg
3474e6bf6773fbe72438d3a58084a24533b08fa912682060a9284d2c1b5c85bf	4670	train	neg
cf6b568c4bcfe3fc35643419e3323c6a79f4114761a5dbfa8db1cda513afcdd4	4671	test	neg
cda4582c829fad79feb0c05cf33c366950da75ac5b7a37a4bc1e56b43260c4be	4672	train	neg
3861be5432abc6690958dcf563f7b7d602a787fc48569c85e15b65f30c516b6c	4673	train	neg
5a83f06c51a2a252ae39341a22fbbe78554c8261145079c2c8bdc59e350b0d25	4674	test	neg
7aedb0f2cf38211ef9e3206f5f1ce4b9f39eecce40a959d10673550719aad4c3	4675	test	neg
c48130ceff90e7fec63faeeb434f5e9a709404a80d59f97fe42e8b21ccafd306	4676	val	neg
833b48b5ea6329f61d0d6069de4c3353d70e6d0cdb7a7dfc0de5d0edc8440303	4678	train	neg
70f8ee0c8eeb995b2a5510aff86ce78b4126e0eb37840672becfeb1d360e7555	4679	train	neg
e666cff9381a1f44cf56c36292a59bf6f1fcad43d615c1d9a4a47a8d8069c0c9	4680	train	neg
fb8ac08f833d1226943a798a574f85a9735f9083b890f76fa38e96edf1a80b84	4685	train	pos
7b26abf80ce6ae1fff91044eaae48f1c28dcdb8f7326d2fed036e44e90a7d3bf	4686	val	pos
9d0a2464bc0c70b00c3e0cbf6d13e09af01b4f375f1e465abce161c435f19dc2	4687	train	neg
0e6a6c560de9e90735cc2f0489c288d7865735f74b2506573d87a7496347fac3	4688	train	neg
6db53f89caeebf061491e5e07bcd5517d98af813f42eed526ad6cab0a471911d	4689	train	neg
90a9dec7c861ce36dbefe5209dfd5ac55cb782a31ff43b4585059129623f605b	4690	train	pos
6147a33fd594bbc7f1d5d04c3d05d853429ab0615a0bd44fe90b9ab2b1ed2e6d	4691	train	pos
f772137f9b67e0f8aaa722a3630bdb3f616a535e2a54b4a3f4751f9da117744a	4693	val	pos
708824002e1abeaa406d6fb6fed7937ceef7f35d7c05038cfa879fdafb2e95ad	4694	train	neg
1622c6d8cd372a4dee06d8e5311843ce1d00d71b4f21d21ed4b1c6a433c9e7ea	4696	test	neg
b77a2b36432747ad6cecd960742b36df94f0bb3cf520d575c994873e8f504427	4698	train	neg
ab430b93b13daf1a91de627ea2cf8a8f37efa4059fa0585f4a8cc82cc0565dfc	4700	val	neg
3b63a96a92dad036aad4cf18ce4ec1f0f9b200fcc1c3bca258a7f9d559ba835c	4701	train	pos
86c9f2bd80d6302066e5d391e4c9371abe43400af6d7a3b9d450c53bb92d356f	4702	test	neg
20d48bb3e757d7c93b44f2affed18021c68aa273a499e8f851a0d117d10104a6	4703	train	neg
6f32ce31de633cad6358bd18af56852e7fdfddfceaa4a919ea1f8599d741806b	4704	train	pos
810f1ec8455225c204141253921604f982c4d8b941e665a73ab5c694d4239977	4707	train	neg
3f0de1afa1e508288618834c06c09a6fff36bc2ff009f3bdbf02a6302d8e9ca0	4708	test	neg
d58f8fbabc5f0d97bca86cdc10a560cb66460b1eb973911b28592898ce772c59	4709	train	pos
84831b66b2f5839c05010c7b2e3610f2ddf11540ee8ed04856ec4c65281727f2	4711	train	obj
5e2a8e4bdd3780c273d5c92cd771e152aefcb2d1cf62ebb12c4cb67f83090afe	4712	train	neg
f382356a270a1c35e8e37b30807658395916a78b90104faead9a1ef1f5755db8	4713	train	neg
4acf1318230c150b51eeb35d929679daeff4cfbb52983f6babc0b1024a64c513	4714	test	neg
689eec21ffdcbdfc069bafdb60e18918c3c7f8e97b15a6d21286b490b4afbd32	4715	train	neg
60e56cd0dd8d9479bb9c41cf49bd80bcad450506c6199e5c5802d0cbbd974527	4716	train	pos
2be6bb4b09357152d5fcca1ad78dfb40791177e0fd1195401a5441b2e56c2dc0	4720	train	neg
3488f33bff4ad5f9974c3df88acca86f60bef5b1b36e7dd91d1c3da9e5b8140e	4723	train	pos
f944f8192905fc63ab0be66a72670d93dc71ff26137a57dc62bcb1dee7133bbf	4724	train	obj
ba1482f1743dd7c1a5aed2ea9afcd9433eca5f604aa6d65d1b81902f19ae4e86	4725	train	neg
03e0f77b682adf01cf6576948e9b89df52fbe88b92f8295531b2416b8ad09083	4727	train	neg
afaf0730cc1753ea5815f57e5514e00281578cea5c178a75f6d33d571f4fc3ee	4728	train	pos
f77e01e5373a9a7ea64991f91e663f53060ab0064dcd853e8a1dff01a16d047a	4730	train	obj
ef007df69268c9c6f4efdbef4eb099b41a4c5231f362c2d9e7ef1d18c5b20954	4731	train	pos
c90fedd3fd9bbe230255ccad088c53c7ec92a13afe94748e18f9ec61080ea2e6	4732	train	obj
0d038113705f8c806b378fb83428f3dca8b438eb62ebdedd3292cb1df0f7307f	4735	train	neg
6728adfd12d53e8229e91abab2e81a7fe5ded6b9f6dbb0c41665580e5fd98321	4736	train	neg
f6fb4d9589a7cca59b042f290a7fbe9a3498140f6eec1e98601284283ed69b97	4738	train	neg
6c86c7d744ebe428d45f65ed94fb490471fc3306079e1916b554b13260974ec8	4739	test	obj
18cca5e1b6acb51c9b38f38f514c480b55e0ef78eceef750d26ae33d79bd26b8	4741	test	neg
6c630279805985f096232f54a5b4386887fa0ed3697c7ac4da32dea79aa9c417	4742	train	obj
0ba553d00c750cabe76d192acb73a65c718fd91a6e709b2234a82c7c324d0cb6	4743	test	obj
56f7940d71ded6fdcc52f08c73130051cd94a3f1f85ba57a71affff308a88eda	4744	train	pos
1deba1b086ebc2c1b4f9dc0ca21e6fd681e12298a37a82bced17290dde00e6f1	4745	train	neg
fb1e608f86f527a3904cd3e0d15bd4c1d7c4f9199d383d8c49521f560769c093	4746	train	neg
255d409fc5e31bfb425f837b1494c3d14351b0030d8124f21420d50fed7a1555	4747	train	neg
203a774bd2180232f6607c976ac3271a7861d523d355ac327edb18c422216c06	4749	train	neg
88079f7c12b3a401d2d6f1093938e931d7ad08f5d2d04f6b32efd6ae12eb62c4	4750	train	pos
f07ad351b274ac5423eda0182b25eb10245bebdcff591d56a101bc1971b82377	4753	val	neg
8118d1ddbfb5b706b6d844beaf50b30698069c7e4dee0ed50b46c2b89988f11d	4754	train	obj
c214e0c3ec39f0da513be8f3ae6da9f981b601f00311fac1d66e7ecd2d1bf68e	4756	train	pos
2c17792287f4ac5e38fdcb36a8dfa2ade2b44ce1b88db73c8fc3a60608f9f6ff	4757	test	neg
2601d0b192f8a584152242bfd3ce727cd2621fd0fb24d6531949faf1f46d224b	4758	val	neg
64cd28c17cdc74d0329006e5d381ff9ed416d2760eb7ebe99229920370858227	4759	test	pos
4458b63a1b5fea3a58afa2d9babee0aee20d9da672a9f2d4bf078a1b4e0483de	4760	train	neg
52922fa0b6c1a446523bc24f570d12387d8f174ecb7ca74b6b649e0529a1007f	4761	train	neg
de02b9f234036573b4ebe2ff01d99480d145e20ca0804170fbdf76ac518e9e5e	4762	train	obj
8450895912b20560622f6df994a46fc2e6e38aacf73cce74dfe286fc2ca5ea59	4763	train	neg
2d751ee691c5a252316f5799184050eff586eb52ee8c779b58ee123725b8f84d	4764	train	pos
fc1b6fb4ae0e44ae7bdc1f4bab1ab7f901de28b85dbda4d8a46a04492e319c04	4765	test	neg
647c63a20355d0e0139ed6cbe9b337aa49069de0c42f8418790f8ebeb2ae374b	4766	test	neg
86fc28b6a39566373cd893de4e8b2269c5b766a938175dc27a5cc1aa2bd02e12	4767	train	obj
320e17ff9d27657a24a1063ddf14259a1b39e553c79c160ce96d2df61680e9e7	4768	train	pos
85f0bf011d549713461e9dc07db2a778333962d093a51c7bee98ef8a0231c150	4771	train	pos
f9cd90a0bad7d12e8b26edb9ee19b6635f47a9c078ccfcb30a241e86b0251cf5	4774	train	obj
9f73b6ffb7b6b64b0764e453c55d2ad3d73be61a5564c3122ae8b7d67d734658	4777	test	pos
9dfe2ebd59aa478ee65378f6a493997894e333e4313474c082f92ef497ac06e4	4778	train	neg
c347c7a198e480637f4931b800b129ef0ad598d8ef6a2e1d9c3a5f9f03a0603c	4779	train	pos
58819d316c43c0b97b1de81e64f5023aa9ac6a068bcd3aa2e25edd2fea3bbc6c	4781	test	neg
04b7e96a6df830ebb20171278d5441f9747c8d085c112c84101292f4f36009b2	4782	test	pos
094aba5b64fd8b3440058c2a47b3216ebce598ddc223a784da7778682b78be56	4783	train	neg
3e0860762c14444a295797d0fa2f14bad85cd2fbb72bfa22736abf284485bae5	4785	test	neg
37ec6efdcac01c92b777f6245758fa268639c6858a9352b0edfff8458f774c3d	4786	train	neg
260bc71957068b78dfeb246e868917dcf052a2e97c8d94530cc57d4eb9e3b16e	4787	train	neg
fd8fcaa30812af20a4d0017fefe50c2ed1c8c7d29a1d09c767e2318413100fdc	4788	test	pos
7b58856dbb3bbe760d0e5fe21b42b36c1eba744122eb102bbd5e7faacd50d020	4789	train	neg
fd6ef43a9416818b5cd333d2b66bc31dd3fb5351d08d76eea925eedc40dfda8e	4791	train	neg
dccc818b8ac6cf0e6e0e123ada7841acf3166fcdc717c3bfba6e7599ca3c94b7	4792	test	pos
9c4c560359a9a1d64d8b0cd5f1a70b6f9272bb2ff052c4fda4eea6a84c969d8a	4793	val	neg
793ccf63b06ea7e4e6ed3dac59eb4ae042ad993b3aa36a977f89ec19ab5aee09	4796	train	neg
d8b66f0da9624fd041a8483a5b66238599797297f6b0ac828c9a688047c21167	4798	train	neg
5070d69ba1308bfa876c28d30c6b3d11465b75656a224e76b9b564bc688000e6	4799	train	neg
54665f826a771830060001de0ded5fbd02864c40b2991b3893108f6942a364db	4800	val	neg
e53cde5a2cd3a9ad159e7bdbffdce55b1bb66a1c16768a5a8071a00465db3eb7	4802	train	neg
4d4b7041c49cfef3d0557d085640131ae14b6c442385dd109127f9fe75ad3b6e	4804	train	neg
dc9d7cd39a3602c4b13960fbe85fc8c24a40889991b1752a68d472331a6ab271	4805	train	neg
3d467c33fbe491424e25b4204320551a7ebe893d711c92397f7ed28d217d237e	4806	test	neg
23135fd9de66e617fbe495e1ce6bde10cccb7a4cc5ada06f20ba17de8c69006a	4808	train	pos
8520c426bfc40a9ad49972291cb7572d960dab78b33692a26b38aff08f10fc5e	4810	train	neg
207dd8e76e482ea562e388c7281cd7d58aaa5a001b70a7768ff79e8794c6ec04	4811	train	neg
a4f7ce7349787c7f456f45d25b7401c0cf887ec673747190d1636f3496d2f543	4812	train	obj
f7c0018fbeaa19cf8c0eae6cf32561192edd9e64f80b71117efdd6d945ea8cf2	4814	train	neg
46f9a907b5fab3cca67e25d61809d9389817828b08f8b3950f6c64984924ec0c	4815	val	neg
979e214cd59afacd6973abf7181652b61fb7362cef92e93bc9f51d293b54a244	4817	train	neg
a6cccee7edd41cbe49e4dfd46af4099b0d40a93c5708959f54b0f33364222b8e	4818	test	neg
4de62face108da3aadd0b7c6165390cc3702c0b115805e5485a9fd0eea5c10f9	4819	train	neg
dad129604f6007d3de112d897e300b559a18c891e79ae9800bd8e81891a8088e	4820	train	neg
18f573ddb40c41e4b6fcf233e97e5ad300de5de64e8f4f58d73e98d41ae3aaef	4822	test	neg
1e3b0a356b3408942d40f75c878276094ef112288c44092dac463b2765d9bce3	4823	train	pos
34618d96a0d5afce8bdc0895dfbf5dcccd4cbc1e976341bae3d8ff5f1cb67a29	4825	test	obj
4d15e75bd6543c94afbb4dba33d598312416bc01e8eed6bf0d5486bb2f7a0dd1	4826	train	neg
86e69bf0d7814ef7c2858c22679f6c13c410ae2af889e48385fcb2bd7db5af03	4827	train	neg
251a057aad3c12197c8a0563dda0e3afc3f393419db64bd50d243d5cb666e2d9	4828	train	neg
5843449976610dbcc38b5c3be20f7fdf4684f616d58a1696af159141ad0ef228	4830	test	neg
1adbd7656c749c3b849beb2f02bb1da6a04b0c5d635df79234c2fb8173349c62	4834	train	neg
5e4c0c9b28ebcf589e70f0049dfe70408253c1c10428470d14ee60ab9eeab8e4	4835	train	neg
82abd62e022b8932e2b41adf0be58ce49a619a07771cd8d91c2a193c802c2605	4836	train	obj
ba163c6eef575b923d79f92b795873243374653900254ee1fd31aefa218fc92a	4837	train	pos
43525d187eec1da8d216a73240619ae54cb67dde2cdb8c87e343e6df48bb5629	4838	train	neg
d030d3a41cbd0666f236696432c6053011087f6082a52d54c012cdaf5641df45	4839	train	neg
304c60d11aaee44f15c17b4a7833a5f0deb459dabdf0faa99f916341a2c597e1	4840	train	neg
f344684c164525e4f5b44ce3a40fa9cc1bc71e77e45284bf0d014d89c3f6fe48	4842	train	neg
73787556df27c2b23d4ce17561afcbc9f018b39f2d2aa50554ec19dc4fc9e9e0	4843	train	neg
431ce8e78f5f2814100e18a27dbfc91629840ee06a19fc1ab2a9faae932d5287	4844	train	neg
cf9b7408a9b7963a25cf1a3b67e80585c0b8073d5274090b79afc7b76e1de328	4846	train	pos
5bcfea40598c58abd5e39bdd222b4b4dc6c8f94a0d35de7aa81ba61a03f8fd74	4850	test	neg
7a2f0e9a7f0ccdf6f010e1aad49d063b7fe0c1b8059044189937537ecfa0d656	4851	train	neg
777ebc73fef9e60361ba55e8ba3d347fa446dbb5d05ae44c97bbc20ea77be72d	4852	train	pos
0b6428571cfcbbe4c938e7013f88061f11d63461a3b2f8c387f8dac78a60e571	4853	test	neg
6a792f5572b63b2c904ded0301bdadab2d4c55f1fee7518f5e8373bd4e476657	4856	test	pos
a77a4a719761c83eeb2f106d56940d926dda4ca57541010dcbde449301432357	4858	train	neg
d3ab645f1118f4e7e5064acdcdb2c9645121d724ca55cf571de7203f43d61515	4859	test	neg
33f040ebae9410665450cd7eb59ae922b1171e0399d11a904cf5326af0eb4496	4860	train	neg
397487a59d56cab22b39e327b83de0920a4e2b68c2354b2ffdfb558070aaacb8	4861	train	obj
9d94ca35254d795d74d6d001b0263a5a9c378b71f9274e89fa1bf184f733b28c	4862	train	obj
51fca1129b833863fd6d73bba5ea70af4cedd0405de913a477e720afc245fb12	4863	test	obj
50de4d717ddcf4888a629a2c6ede0d35d4da4187edd2e4d0625756df1049d7b3	4864	train	neg
2217efc2dcb1f041010448a11b196eba932fccbf0f041e8fe6069e4598b5698a	4865	test	neg
311f9a0c293a3b4e5fe03c75fda65085cef53275eca2934c9e816b00ee0088ac	4866	train	neg
7a4e22e63d0bde282fda8173452a2265df31a077cb88b617f25cffebe7f91d2b	4867	train	obj
cedc94ed9acfeccb81521271a324661d008cce1d36261f37ccc8d6cdca8f7a0e	4868	train	neg
c0b3a75ca472a817fdd7c808ad05ac7cd1bbd737d1c848777c8bd7aac3677438	4869	train	neg
89ad81d696f807d9e82364317e332e5f793ed77a80b30d990e65a55b94f27202	4870	test	neg
3a20e8243368eebd840d1535df2bb675f741007e77b189ece6e6d16b83992db9	4871	test	neg
79839ec15bf52dc07d802c709beb7b137eb2ccc81df8a97a192cc331a66f3c16	4872	train	obj
fef731fbba020b4b2f55929ae2d19f08bcdfa45c0d1eb7ace4278d0e75c19755	4873	train	obj
ee8aee0fb8859c74f07a0cc929d1a0a5d0a1bf6ab3469357b5a2d973453301d5	4875	train	neg
0cac413dc408c7aaafb40075afca9ea0bb969e50c49b47cb28637df76e5a22f5	4877	train	obj
17b4aa9dc42ad0c8deae42effc34a3ef64dd37a62aa03fbe3f870feecd597cba	4878	train	neg
008753229516a8979d0cde1510f9ec60dd92478ab3ef5180f4edea57d8bf7915	4879	train	neg
2895f75f333752a58ca21320f8b940e8467c7a4f69e5a633233be6d6e8e19c36	4882	train	neg
922b3a46b918c643f6aca107f495a681ac4324cb89959e7e17eafac9acc5662b	4883	test	obj
087f5e6586fd2e4250314abe2c120c12d3abcb359db3d1eb5bab8d6c6807f0ae	4884	train	obj
580d4f0232c211ece817f6d744811de31a7e18e0ecd86fdefc4f81a6e32286da	4885	train	neg
646562ae21327a8f97416211a051991b3a7349f26996ea76b3f0b9dbb2968607	4889	train	neg
0bfea15462c2f953ce9ce45a06dd45ae32e836cfb3067cdeb82da04fa114418f	4890	train	neg
f337f1736efd0fce4e9c887351d4e152a291105cbf6470bebe63f898dca258ee	4891	train	neg
7617de900253084f3380fcc928dfd0874ab43f0036b456a92f7c4320c86f1299	4892	val	obj
ae6b02a1b75149037cbb11eede3861bf15f5a041caee61b638829fe062714b3b	4895	train	pos
22c159ab1c22c24207132580350ab9515d99eb2f8438a28704c89d40e42014b0	4896	train	pos
026b5c08d889f50b2600dd9e549a98f70dfa48abab178fc9c7c9de77af812faa	4897	train	obj
8528cc99d3bf98c692c27b31f9054bef8532897deb1bf118d15dcb817e3bd63f	4898	train	neg
02ed0fcf6a4e456e25cc250d8c99a4026a26825870175403be0e22dca2627023	4899	train	pos
91b7b755aaae7166f89c45fb5456059716bf7f84982d61a356fccff77685543d	4901	train	neg
8bd4bdc11635c775b2af64d18c8aea2521706ff36dfd604f6ad7f1e9db176e39	4902	test	obj
42c55888d19453aa30dd748a901a819868e4d0b893e700f7654fdeb9b881175e	4903	test	pos
1ee66cdd4a3ade907c7baf3049f3c219ace2f2c15b531a0fea977ecb00da5e2e	4904	train	neg
7eeeb40d3b748504b5c20d43eefd5762a5336fd937c9b3121840e2c82e81c9c6	4905	train	neg
e4aa7d9b266e48c7e07ad944dc3587e1f5bda8d2e3c9856d8ecc372f43156135	4909	train	neg
fc5cfdbe7dbb09adbe0ebdbcdbede668cb68e24fdd91912557b06e9f213c0e6a	4910	train	pos
667b894281a02c033c15650be5ac601a37be42e85b03d57188bd49ce9a22d29d	4911	val	neg
b810bf6e610d0f38a2afc2644d37906053620183cedf376d7c155ebf54a829e0	4912	train	neg
f4f79761f548c1138ff0a9d9f70d00b69f7544c19d8d3f2df3ed2b1eedb09927	4913	test	neg
fadf222e90b7bb45246a4fb6e5bdce6e512292117d7cfd4a9e1e296351e46546	4914	test	neg
202e5d1f1aa5cfe59453b658bb9fdac15a174ac457ed13232668edc79171eb55	4915	val	pos
34a4917bb3209eb5547dbf9349de90388187a249186a9a8e10411828771ed713	4916	test	neg
6eee39facb0d59f6b1f8b60e8500b75a52b7e4903f7f5cacec7eb5f53bceed94	4917	train	neg
55877118c64c18a5ca6b4accbf8de8d7b8d66caf63f0991f1699ecf380e1e892	4918	test	neg
8cfae2b93d3a807092c62f973ef1b6773930f52dd36db4ce05bd86d1ec841be5	4919	train	obj
bc77436e15bf9a01deac039b5f5f817029accd4fe20ac2ae495c546d3c9460b8	4920	train	pos
411b6b52fc3c31af1779842b09bdf9b0556197142b7e4cf73c52db9c72eb3f40	4921	val	neg
0a7af546db02ce29d4b69fe6f6496b0e4e98557598a6c8fbd04d2c04ef14abbf	4923	train	pos
13cfb2437d4cc309c435ea23478b099ee79e5d069f685474ea66d5b42c3ddb34	4924	test	neg
b431062fa86ea6f8e6518fd22f03543aee4439b06cb1b886045dbc1363f16c7e	4925	train	neg
96992c5b7cc3af20e88b1a69e56ce56be127f0983f8dd237a8ad526865ba30ca	4926	train	neg
b08d37cb2c9d940843c4d960175176cc6b0a99a9b257ca812ab084c31355a149	4927	test	neg
d9df92d70e1cbd4761d77a7ca8059dcfa28ed936c432b8e8964c9306ac228cb7	4928	train	obj
8b14768552c778cd96449da178fcd78dbeda7a9869aee05511133f65bfdd59eb	4929	train	obj
559be4dc7671b5ea7c3cbeaabd3412398e13052756eb4722eabed3157ba287b6	4930	train	neg
4704d27f01ca6c8ebb71a748afc1418ccc721e668734b3eee7a6484d901b2322	4932	train	pos
04bb063854131b87feda815ffde2b5e48361b5f92a1ef01f415a607dbf2339b8	4933	train	neg
98c93d028f50006109b8d509b462383b7b9b5c97cbe38827ef99bacb94dc7e71	4935	train	neg
7cb4451ba8625b0967b3453cf23a9064ae04be813614dd4faad2b13bd6ecb1d3	4937	test	neg
57b8e687c09abd8b99ec5f8cec808f9119719da6ed33b5f4d9435ed959bd7602	4938	train	neg
01801aaffccb05cca167132dba5801fa0fa7ce35701e456dc7f69271d06b6e2d	4940	train	neg
70a8e152b526799e042ac58fda9973a8a3111482e11bb093fe22228fb49ec56b	4941	val	neg
fff22d8f2446e45ebede5375ce2db1e97bce13e0cca31cf922e5a814bf949c47	4942	train	obj
bba4951babc1c01225babcffad11c8168cb82ca4be4fbce9aaa0ee9e4c418205	4943	train	neg
1e4cef41197228255b4aafbb87a7811ff9c709ac79a4170df2768c234568b595	4944	train	neg
b994ab6f68b122959066baf91ade6758f1759a4edd1430151f37d250afd3f862	4945	train	neg
2bd2bae35892d5bd8116171eef3dafcbd996a9c12a2f7ec296d553d123d32871	4946	test	neg
10ee8011e1b130823ff974c43e0ac3db83d4c54dd9b92212ddf6baa5332d87d2	4949	train	neg
be1ad9dc546dafab696743daa4d2ef40401f7ce50fb01d3ff0a535dadb91c147	4950	train	obj
1fc6561f930af82dc64a5ec7434f8feefac5b13882cae0aea04ef6591fe4c315	4951	train	neg
f0522b3ee52cb14733c75e9a3ca2196d98d1e4b4d9966307ba613f12716408e8	4953	train	neg
4569dc460e4e17d8ae82eea288e8d4f698732f4a880e24ca49973b25fbfe7c4e	4954	train	pos
2bccfd49afe95bf910fe59830758f8724ae6ed46b19f2618cd79b045df7af78a	4955	test	obj
a53845fd2b97f46537a96190beffe44aa4a969ab2efe97e4c8917d1b05d2b1df	4956	train	pos
4f5965961919c5f6fc0d1f504967b039d8ae626cf6520209ad426ca726a0f710	4958	train	neg
0d209faae3ce07a1d46d5dd3f0828503a22f32803adb6b0dd853f1ba71c3a3c9	4959	val	pos
b119de9a28d99d7736807ba6c38460c7254ca5a62bded73eb6eac36b1e9aee6f	4961	train	neg
52ac3695ec5618aa2a4454437d7a2aee720584e9f588c34e9b5e966ccb2bf1e6	4964	train	obj
8ef39ec497bd5ff185d2807a215ae265870f1f502e250c95535bd2939c76ed52	4966	train	neg
84dbd4297bd9eaf2d7f585caa929298af4338014563ede14f9182371086484f6	4967	train	pos
11b03dbd634a16c87e1428fb886479ed70beddeb9d9a8124b1042d218036148f	4969	test	pos
a691ebca9d51a35599c76f8302c7a0c067ee35927b8d3d2e63d6a607a78e4ab1	4970	train	neg
59eb315f125e2eb7bb4f2a5685b726dbd3961b8fea4b4660710c73175dbd0f9a	4971	train	pos
3b738cde2ccf43693e16da967f050d4c6bc3a886ec8835fe343f7eeda4280d73	4974	test	neg
506e9d1eaac416574b91bd7b2fc097ddaab3817cb644d64dbf5d7256a502b50d	4975	train	neg
aae0544b68dda8428b240a703ec4a5a6bbabf87d14cd2b271f37fc2b6d76abf5	4976	test	neg
457534350d4f386bb60a1acb8c3f3d3ecbedd7a7a0a3cb682189ead5125b03af	4977	test	neg
15c1d4ac166d6c7c990b0bd94b54033dd84004df064b42e4b9aa02b7b8fcf688	4978	train	neg
62ffb7f46447e2703feddf7754fc5569a4c23a8797d1e151d6930ab572f132d2	4979	train	neg
18a24d41aa41e32ffc640cbd6543a6069b09a4854ee09653c3a865ad25d57f76	4982	train	neg
7ed97121deb4525d718b5059323e7c7b96703e73c8d2869bd319df1ba724e2e6	4987	train	neg
ac2cfa5ed81b02b9535afcb36c1c3bfb444e9fbf1ee5a0d07ba6078376164279	4989	train	neg
565839a329d6944eab832abeb589ed7ab4b8d38b1f06e1b29cd9c99e0a335d81	4991	train	neg
0996b0fdcde1a8abb4882404c41b4a5f31e29d28ab291b59ffd51ed42c77723b	4993	train	obj
06177b0f4bcfb43c9c0b8485a67bc38d9467ef47e585c8de15532dc3395b6c2d	4994	train	pos
7510d09f4c90e0574ad8516c27b639e524d37ce832362a52fa7a60b1b0093956	4995	train	neg
2653ff9f71357bc335a599440a680e522c8198f47b9c1af044587c8b1cee51cc	4996	test	neg
5e5099630bce8204d25a99cb9b0215f9b8e48eecb2a185ddd339bb5eb261bdd6	4999	train	neg
5dccab707c88155c2bc5a8e9551939c461431cb66804c252cfb67b330456e502	5000	train	obj
2474a851d5e7439b3d32a33b6dc1c98efb117fde80e7c74e363b07135c350f9c	5002	train	obj
78c826cb9adcd4bf6af2e9d8ecb0db0411e36ece0f3b16dce37b6682064823a3	5004	train	neg
a23f816f40ff5973b3fa2108bb7bbb434d3378819de9780c1c9dbc35176b1eb5	5005	train	neg
34caf251d21f114e04db4fc754c9929337c6fe7dd7bff31beeeb8736d681cd95	5006	train	obj
2a512c2919c5e60b750b142c9f21c324c6d5fc5a89088a4ed11fd47849f93d18	5007	test	neg
48596f62a0620e8fbbef4882896e9b61d782edd3f96ebcdbbad955d1f5fa3ad8	5008	train	neg
4a3a2ca2504cce22e8ad36f48f9bf822b0f27006aac058697a623250db7a81d7	5009	test	neg
0533146d66588d82d94e1389be49010668cabb9c5d5023cec88cea868956ddf3	5010	train	neg
46f040ef7ba37e3dd3fc8f1d84e5351fe0c9abbf26d64a9b2af10405c9878f00	5011	train	obj
afc6a880a26b8e008b521829574953d3833816a67dcfd3b273dcf61d6d1b7098	5012	train	obj
65db3a747e8df7cf08e825a422bec688fdbc6c8cb325c7b5faa1b716e58afdfd	5014	train	neg
5588704c831b6528a383c5d31aaf40af2072a403d7e9cb6c508622f84502b9fd	5016	test	neg
9a0785300504ace1ea861050af5c222fd7b15625f08edcc077908c128db16ca4	5017	train	neg
79460dddd2066ee293b9497cbb6d32e3688d2bdbcbaab043e41c2b4429390171	5018	val	neg
4101f37055e25677bbb619ac2c9814759a98a45892c5444f349196e28e5fdbd0	5019	val	neg
be6e898b087091ced4b847d7e0bccd0b8efe74ad90d547b2b8074ddb82336a7e	5020	train	neg
02677e7c45ceac570ab83d794b66eee96ceafdda1c078e45bbbaedc1b17605f4	5021	test	neg
6131dfd7e9176e89368b89f36a48f8a0062e923aa922624b6949775691d2dd7d	5022	train	neg
626731a83d9c4fe84db12b413295538148c2768be8d8cd0b0926257876d41039	5024	train	neg
b476c46819954b36be642b84610aebdfe08a1515c8bd11e92dc6647d47e68219	5025	train	obj
e10f5031c28f814cadc2f00b72ef259ac1a979f93874844b0925275f224b229a	5026	train	neg
439a24088a5c80204057c9c75a1e4e842907e0786b9b1600f3261a96fb483dad	5027	test	neg
6548d0de32b3d8165bf147abe8f4f01b383ef5fe9719b0f82fed17e16b11af7e	5031	train	neg
b6702fe7f1914ac02f75b672d4f0f259abeb5b10d587b9ca4653ccaf808f4276	5032	test	obj
434c379c20be9a9b98adbee68e1c638d00dce87f42ae81aa9476010f8c20f708	5033	train	pos
8b8f1dd06be8c04a4b9001fcd63aec46c02d5a57c9a25428d1ab361a838569b8	5034	train	neg
dcbe5ab62af7839bba3325d4924134c785d8e12bebfc26d8d66ca88eb9a1dc0c	5035	test	pos
2563ad85078e0d27a0c67dec3ca6ff5e430f2b9498118c9f8f2e2fc1b434b374	5036	train	pos
64a796f2c27c0c0abd2bacc08f128d5d19cb25b920a13a6f29b14582e187c6a6	5039	train	pos
0d242cab1d6d59973e352baad398b1535d4a27e75a13be4a29988ab42b621753	5040	val	neg
4d62f80b58d84a5f9ebfca93a62c2d6729011e0c50757dcd479f609ea0d58dd7	5041	test	neg
716aa5833d8da4054597d7da320c7cc9e319bb0f511103be62f458dadf0d05da	5042	train	neg
0e03bb526863b342bfe2c8ead085494e5a54e21fe88f551673aec839e769d2e5	5044	train	obj
8a54258f7072724f05050bf2242526b8f329b9e6cbb846d8a6ee151b2c9d4440	5047	val	neg
c2a34bbf4459fe3a131e2a2210e898431f75e18b3c373c0c9e381dc508e0f461	5048	test	neg
b9c0996f9174f86b18a80b7fa782f4464a708d2e18ac37b59fae93700dba3527	5049	train	obj
3e59b0dfacc57b3c7223a442872ad30189da4edba553d882946b9907b0ffd868	5050	test	neg
54c290a6400943bb07609339ca69665d4dfaddb9425fdc4e191172d0cfe6031f	5051	train	pos
5ca58dfc0f8bc1e4b07e90b9fb1e47ad5facd82b97fb9fa2cc0d32e6f5f7094a	5052	train	obj
208cc3ba292e50deb5a97932ade8862af62ab4346512df270325c343f1492f1a	5056	train	neg
fd1396da7cc26855582a38fed737b74aefef819cb4f2cd5a5b51bab3a7ef5742	5057	test	neg
88c72cc20836e44cb406d68f32db17d9f986fb7604f769fce145f7adbe835692	5058	train	neg
309d196f5033fa3708a6f77b1ada54ea593bec785e3fe74b8b83960922a71958	5059	train	obj
2f9fff7fc4bcc11a3a18c4aae26051c0c895b0974a5bf0bda5e4c335a903f61c	5061	train	neg
fea3a72d1f7f2c57605939703ba4207164264842ede98fe337a326618e22edcd	5064	test	obj
c019188ccd41151ba3d9e87a2469e3bb823229950428802af74a87481ac2e580	5065	train	neg
36fcf328e4e9a0e892d83ae653cf02fbce3cb0ba35638ae8ab3889b39dd324ef	5066	train	neg
dff1e3ea016822d6d57953a352135da98879d1d6c0ffd5aa13e089d42dbf385d	5067	val	neg
027f68ffa2cbc95a4032de3bc010c96073562279dc184ddbbe566685dd0c5fef	5068	train	obj
c64f70d80f095ef76074907decbaa50e58ad7b40e454c5a0d46841e6a6ed1453	5069	train	neg
e15a032925c2e35079bbffcf5d6304fafef6da8e95d28505623ed72fe887b694	5070	train	neg
bfc3e0ae25558607afa25d90256f354c7f879f8766e93d0ece80dc93cd303a02	5071	val	pos
9a143f021cfbca90a442d2b6105a56d052ca9fc6b045baeefd9ee02057fbdc4a	5073	train	neg
dd64665dfa6b940b7348e59e591b6e7640dc9dd74e7f04afa60b926174077a11	5074	train	pos
cf6190e9dbf7900d2864972dc620efddac966fb8f9f33b056393fa945b4b8098	5075	train	neg
dfb25a4136a1bea78c81b44427a5a29f850dae9915fbb59bc4c924bf37dacdc2	5076	train	pos
f47fb229cd19a2369a3fdbd441d44f4a0e64b36cd21f89c954c46ba60ab589cb	5077	test	neg
b00d73d2e084db9865196edd5af7f405124a86e15a4636af34493418d7537b52	5078	test	neg
fe8fdd395ae6383bc2e6a5bff70d3efd495197529dbdbfbd0b90114e709c0d3a	5079	test	neg
063c9ff2c21be0f275f65295067fa3ec32b0ef698c6eb8642f0bb77d45ca9a0b	5081	test	pos
fc494a303c13f135f36e6ff9a085f229160e68f06b3d9bf259a1141d4410380b	5082	train	obj
04b22f212cfbd3cd3e65133b7c8e9cf99e9e762ae90e16f606a6d2dc61555911	5084	train	neg
5c154da5c4c10c008886a7c6cd175ea319be750e40e6c28549b3fb39f183e272	5085	train	neg
01d8b1a53de8ab434c058f9b9948bec259fb4c3712369e6595d015549c8dcca8	5086	train	neg
7b981eeb1483a152674de29ee916a55f611cbc1fdaaa5e3912ef401b93aae22c	5087	test	neg
de100e76d25211b17ac2bf795738532b3d8d51f7c9b6207b4794677c10c9b524	5088	val	neg
7fba3cd4ca03028cd0fcd3861162df65d5aa06c286f304c229c4c76322314db6	5089	train	neg
b92e3b8d2ca0b3ad2f538598d4a0d75efb1c4a980899812f67336ccb5ec3fa4b	5090	train	neg
c6ec84a11c0dd6deeb7bf3183fa514e4eebb27412385206655fb1c7268d6ba4f	5091	train	neg
3dd5573730538224fe1902ea1d00b32e5157963b0b97d6608882eb550237bab4	5092	train	obj
339b7316e1b9668aa9b7e8639df7249d922760ff3523d1165dfd65e03886c985	5093	train	neg
39aa01c172581b97df386101e59efada7a9b6f398f22ab9ed99cf438f789a250	5096	test	neg
dca4b0c75256f5d06e6c104e2cf95b9d111fdeda9a789f987ecdd873a44baa6b	5097	train	neg
d0638d88fe21d4b699f34db3e90ac195d78b314b4cf81a89dcae7766dc7ef8b3	5098	train	neg
742a7700ecefb27a4380d1da0a3aee51d1a7673d94567087211ded5bc988a21d	5099	train	neg
e789e2a6cc3b9d380f02b93646fba29f48dd57103f6089cef148595a090d552f	5101	train	obj
b8baaac72eba893c2e208f3b1bf7ba59c3b5ca521fa9f83ad774f49a1e1f5840	5102	val	pos
460e1cb05d6e8e5d7255caad58883d7bbdc47c4bfa8fa498c4cbef2a3d036e82	5103	train	pos
0df5227a20fd69f35aed0f5ee273443fed3ea396af843e09c61ac694d7e4d3d5	5104	train	neg
77de2b036edda47578f919eefead2a19dc770fa6dea822c0166fbdaec1b4122f	5106	train	neg
00b2fefbfd3f1f9df785dc3a2820518b295511a018e657c10e92f356719de6bb	5107	train	neg
b11e11ac6bc7eeea108bd8b35e2f5ce48b68ea5f50b0525c1028b692b665341e	5109	train	neg
e9d06fd07ca5e5035a2d6b5e15941606c95c37d19eadeeb83310a0d8298a9eb7	5110	val	neg
a4d28d23b436de990ea879cba2da8934a412a8c5a0ecfd4c9b2539182c7ff432	5112	train	neg
8d19de3c7dcb33688d3296db7249a0cfbe406b73c1b755f7e37022b1180930f0	5113	val	obj
da6a89235a02027356e9b84cfb5efdeb1839c91b640b1e075835c7607425e9e4	5114	val	obj
2d883aeaf787c8c8bb3c802a8b6b660aee94c211448503ca2f431a532989f2f4	5115	test	neg
03b4e637b2fd2f07f5276c652c7a24588e5725bb626b429a23dbbcecfbbc9a97	5116	train	neg
4b4c6225436f7f63ede747812908aa29a200df5f43ae666ead937a38c504d5af	5119	test	pos
91abc4770a90e9c34eb9d026c78f627c699cd082b673981e210213efa9f61734	5122	train	neg
6e4e75bbde5314ebc484f550b81f2659000201f86abd191c36ac133133b04345	5124	train	neg
97fd9e4270ff99ad64492afe9b6a725440f2f92a1123fe91e2e37015a052b970	5125	train	neg
64411c32df1b70234326d20e4be0eebeda506db40d828aa1745fb5e088843714	5126	train	neg
7bc66f0b657c312561ed0d53479d2c0d98ee0c7f09cd3beacf455ed6d685c0f5	5128	test	neg
3a010b0d58de66ef0940705cb53a4080184f36822e290e7ea1cff57afa525532	5132	train	neg
ad1cbb0131350f88c304e65da9cc8f2bad09d2e94cd855427f29dabec9f79915	5133	train	pos
e68bd13d13ecf5b414ebe594c3cf0927e06a69fc796ae7607b4fe58b10f34857	5134	train	neg
3814391e03af48a790fba93d29a39f299f60070b46e89d00b126f85aea34588a	5135	train	neg
62c530f683b944ff885750913ae4169d1f5896783409a8ce63636923f83408e6	5136	train	neg
e52fef03f4d77f4d9befe876f185fda916fd96f11ca1cd44f5c08311a9bb7793	5138	train	neg
64bb2f2258b7cfcbb306749d8f904d3dc348e5c72413ba9f4bc288f6659c7423	5139	train	obj
f0d283e9c8b1177ace0db5f5128514b4df6d8f69574eb026887ba7e31101e846	5140	train	neg
9558bd25dc495059728699239cc40b4850faf8b83f3f628dd7ebbdc377ee53f2	5141	train	obj
b2518db8615442e6ee6b67df110dfb6e71e63838fb2fb3f38b11e1bb69419078	5142	test	neg
eb115c7c121bec89a7258f5653366e0cfd6ead8275be53ca2b10edc9fdb7c8a4	5143	train	neg
becc04557333457331eeb0dd92061fb7a79662edd96c2d3fc76a98c4e9c1ea01	5144	test	neg
630a0f9d35840410186e28a72fec6b60305fc655f4d76e662da969b3060c112e	5145	train	neg
e9098bfd3935be892ddf96f132a6c333bf05c5518083d9889dfd8ddc0f554fba	5146	test	neg
36645eb2cff2a941c9a8ead6c81ebec305b5c298589cd68560f31a119a6ef422	5147	train	neg
a1d9e39343d062915190f86eef196301c8e4aefdb890b2cf958aabe9cf890f03	5148	train	neg
21ddcb8e7f2ad12ce880e6b9a2c215e53533be144c45d0ae2ca0e472e12ff1b2	5150	test	neg
c70f9b6b5ab842941039a3b5132c00e541e189d02a11509b862a7624c7982cd8	5153	train	neg
2962f36790fe1e1c59d21081ef8dd1ef4b46aebcc93024db7363b8534c0e43ae	5154	test	neg
e14070b732d6b82a2f73f13e70267fc0d4ace4e75eda150bf1080633f5121e39	5155	test	obj
bc7c202cfc3647b0e9b9f6d00662c4ba6b1793ede1dabf889b46017372ccc13f	5156	test	neg
a07fb47de2fb5591ec84880a319cce147c01ec3b33c5aa2cffe43a3081f13a96	5161	train	obj
20ad5a5fabd18efe6287c5d5f79711f0f93892c63b83d0400d4f9daf1b403ec4	5162	train	neg
7b2881431e5ff431312c266d785c61fab4944c4058dd638a53dd9d5a9cd8396b	5163	train	neg
7df8c70d6924bc72057b3d18a305b4a87dafa34d9bf2e7617cf410b44a662e44	5165	train	pos
831289d3770a116d52a9c4a513918a06fdc0701f680366d6e31ba8760e9d10d8	5166	test	neg
808e86e42dcdfdf3876baf5660b95d47c8857073e997065a644c770fa383d2fa	5167	train	neg
3e76ad975e9f276dbe2cdfea17960199233463a5eff8c06860cbb8ac9e5940c1	5168	train	obj
eff2d3b7bf4319c92e94453b8d7792e862c1de24f667f8588426928b1a8b2c21	5169	train	neg
c377c0f45963d653aa1cba99309bb9c83f2558db71aaeb1115cd33a4fa90f0fa	5170	val	neg
2eeafaa7fedbbf43277ef871fb4ba59e0af7490c0583a8ff7223b51b7935ec58	5172	test	neg
5fe1e2e4aadb2cbd5c2c5e3a81782a2e260c60420763323639d4c8929fa9894d	5173	train	obj
752511e635312a7ceca496fa4e625050ddb155abae623757f45c47775a4e8a20	5174	train	obj
ec26ced0b411cc26e81251879e89b69b8ea16aeefdbcc20b822ca61a085a3722	5176	train	pos
ef6152c82f1bdb8db080377a9f26d5f235425cccb97f5c4e1fdb087635eb25db	5177	test	obj
4c6e2ed9ea2e89223f966882357f987714fa645954d213fd080a73f14d06b065	5181	train	neg
6905a5b059a976693fc91dfcd7952907af3f04e42e27eb6596c1957bccf8a6e0	5183	train	obj
5e605dcbe7fa1bbd1f853b6c4e196f2bf94f7091c3188915d755e544fee050e5	5184	train	neg
887006dc7520d923864308d258b199f543cabbbd501e3f74c2670f2eb52b986a	5185	train	pos
844cd3e70f0ca11178b2bbdee57d0883396b49f04faa04db300c8170eec25fa8	5186	test	neg
c35615afb4ddfd68dbac162a1510886624d7e4142fcdb628d6e1dca3515e42ad	5190	test	neg
8729f88d306ee15770ff994c97bb4c02b930b497352952444bde0a9b1f557fa0	5191	train	pos
e7756a7450a2da268b71c958a91f4aa7ea63489c1e08c068ce1dfb9038949ea5	5193	test	neg
7bb49510beba24067ae3f7303cb7403bb0d92256a2be4c4e55387de4eff9c042	5195	train	neg
e2eb265d52244a10c98d19ebd3d7ec60dba68116158b8e8f834f1c30669e91b4	5197	train	neg
d6e87d6ca6fbcaeea7a4750c5bc93185492f3b978b05844400e109c34008fe08	5200	train	obj
4b4ca54e97d2d1d03fb4e0afc6b97204f9080e7b58510c19f7246cff18254732	5204	test	neg
989619d65ded4103347df96d2f3bb223cdb43a6497bc5f3c5f63749669fc151e	5205	train	obj
ad6c5439578f280e667d15c559a21216df2455cc13efb558eb85a0690006aa00	5206	val	neg
80fe96ec7ee8a871aa3ffc493636a5b467aa2b7906998ac718dc91925e2dcbc6	5207	train	neg
6a872d9b37ce70be2ae0cf2d1a133bceceb9e24f2d3efa981a5982a18185f76d	5208	test	neg
e64ffd14c43b6a4cf2417b6e228e4324e0e63e1f51d0e13b02df744faac7624e	5209	test	obj
b546b8dc03e72dfb6dd6f1c0747bf25acf551ae160bc9e13d827694c88b64ad2	5210	train	neg
ed0833bc03a7ff195702b2942fc39ad135f152ce4b2ca3f319ab597ad9ba9cba	5211	train	neg
2c22bfc57dc46501e9670fc6dd0873a21a45964097c100564b7a31775603fd39	5212	train	obj
29bfd4aa3fca1425ff390e3da84c59e208089d74109532ddb3ff21d627fd3ec5	5213	test	neg
74474c5c2f86fb1ad6d9b13fdfbf6a9943fa12df971ecf11debf59f31211223e	5215	train	neg
2bc2436dbc248ee7b3c63a0a7c00ca1ae767e8c1a307febef392dfb94fa3a46a	5216	test	neg
fc83b8d8d5bba5a8dc9563341c5d193c1653d00d31e779cd4a8745cbd088aab7	5217	train	neg
dd4864313e45a6422122867e51dadae7b22a5763d4c73a1eecd1c499d0689519	5220	train	pos
dc006880b2881d328ba1cfde3765d79930df804308f186c4ec5c15d429490eba	5222	test	neg
494d2fe154c0c729f36c9b8f9ba152d8e62df346676f7de413ea29d7b23f8df4	5225	val	neg
a342938d36f9a9ae8e4128b6a6adf63dd215765670d63f8f94a53b7d395dbe60	5226	train	pos
5e033a8832cf02371342f6bd17ab0ee3a42949381b419e6874b212da5361e38f	5228	val	neg
30594477bc969c004c625ffc5c3f70ad6a7d475b0408c54399050399e24ab4e0	5230	train	neg
ac02336278c52d3c387675ddfde98a21dcf3b3707be36b72dc8aa6da09391ffa	5232	train	pos
626dca7093cb9802e2ef5ad30cb05691666fe604a513a35a8c9c72761e433d61	5233	train	neg
4cb79992efe81828c03bbf14bdb6f518eda471bb37341fc45cfb915964c6de66	5234	train	neg
98e5d0f7abc57f634d6f3174a32459327307bdb4155418407394a28689c7e17b	5235	train	neg
bea797e02e0cd7df6566339458ed1c4057e578429a4d5849a828b0d05b05824d	5236	train	obj
396bb84c6b258bb8c2739f6770b5dbf1abe40e77f0760312515c43ee54b0d42f	5238	train	neg
380ade5166ee70ec8f18211b43ea5470b150e8ff369eb9b69954706123b82600	5239	train	neg
523fa33137a95d4c1ea4f1592b05aba41063ccd1d5e4407232fece9bf325d2e7	5240	test	neg
90129cce57d55b27267f5496085a8c3bf214f1aa12f5a39a8e4b55c3a8dfe539	5242	train	pos
ed30381115f54d868d32166824f2e91460d0de543dc32cd2730cc570bab3cbcd	5244	train	neg
8e721a72495ac3bb959438fbced0ddcfbc51d66aeb77e819843281e464fdf9d6	5245	train	neg
1b0bd2bbde0db55315e45c59394aa88a1f595d37105ac0765f920fab48661020	5248	test	obj
82735599fd9199efd6beea30fc05d1d06c1e3a4d425349361c0f82bf2eae12da	5249	train	neg
2f5833bb29b31e9d6bd6bc0edc0fc381d502d7231464472ffda7eb7538b43f8d	5250	train	neg
53df2d1039eaa9e9e143105389ba817125643bc990a0069a5a94668843423759	5252	train	neg
41e51ea1c42b8cf081ba94018c8fc04eb0b784e397e1e3ab97636c4a7745fdd6	5254	train	pos
5b0c1105d63d0f1df473a492fc5dea39a11dfa18a54149990a9c1ba6abfb7941	5257	train	neg
d2ac7c2cd7db9cf7ed2e267a9f4e26faa472d0edf7ec63feec627de74d1d4618	5260	train	pos
7578fd4fe8ac66e6382581c8b708d29fcdd8a5611c0687ff83c9d35c297ff501	5261	train	pos
3f426399df9903b8948e756899c9edb1aa9f03f51b5eba24f43c25476bf73ac7	5262	test	obj
e5ed12cdbdb9cdd50ed1cca904b2c2c32fd4ff4820276a1fad87c63de166f681	5263	train	neg
00db816ea466700ca63010c7b10cd3d2ce29bd72d4efe8d56f624ac6207eb91b	5265	test	neg
4552471ad3252fbdcda5ea824f83fc3f933d61ddf6f7ebab96de1f5dc7e030ac	5267	test	neg
c5cf0e735e639978d333208b94dbda1beb4a07ec7b39ca8d4895365ff747dbc3	5268	train	neg
6a660134b23c4b433e7a10c26023a4ba21761662f68c2e404bd709ce238a2f64	5269	test	obj
0c12c29b3b445f029ac387c2ec681c29b2f4b3e70e0084844d30e8e86f77ade9	5273	test	obj
8266d9b84206469f1b4a3fe7de42890194944a1464aeabbd71bff9f799f53a9c	5274	test	obj
41175d93bce3b4152e9e9d1b9fb6a9857fdc6d54e7b3f7318c363d555b7987ce	5276	train	obj
c58ef66595b878cd26baa6b428f6c2921a53c07b83ef5fd3917601da75217a48	5277	test	neg
7a23292b5b91536af67ca95ea60991d92d8e09a31efb03bae7635ce488b70d6a	5279	val	neg
ad15bab803408fc3a7b769db936ee9101e5ed1f98bc493c3c3a4671ba098a4ca	5280	train	neg
076d195c0e4872bb4083e6df5d93c9d2ebabf28b5f38d487adcdbdb66658f322	5281	train	neg
d384c110a1d9e4f125561fae43cd7b45a46ac8e933fe1ac1cab7238657bbeda1	5282	train	neg
65df7954e1c6164d8a810e88312263086e8b85e1a4104dfbbf04b232d486f3a9	5284	train	neg
ab84628c9b3b2692a84da0cf5039d162471bbbb54052ba7ca84ab7ee88f75776	5286	train	neg
adda3868d1ddd4088d3335b03d7f765aede02d8874ded5eab2c1f0f9107bb95c	5287	train	neg
0880fb0a80f34b42cce4a9e781039910ed1da0661ba57464e918435ee1ff04d3	5288	val	obj
64cd736261ab831714e71445a76c035e2299c768784b335d40d8bc295b1d9d87	5290	train	neg
de461cb78390ba89e9e0cce1803855812be5a16641b39c4cea8f661831e99176	5292	train	neg
15158378dbd7eb8212b67d54dcdea432e9ba85e71db35d52d87924a79d1d5a3b	5293	test	neg
2abd92fd953221e125b42e13da858a1e6327a943b079cf08e9920c03aa7ee302	5294	train	obj
27cfe38c8012d7d24a163204ee30012475ee8b5fd83930c08b111b8baaf5103d	5295	train	pos
7eca36a33acb3bdfc9acdf4883173531fb437a351a8de2265f5714b94e85b126	5297	train	neg
79efa746ad62b361625261b4dc1f5df65fc3d1c3db15ae5ebb458a4c31a1b814	5298	test	neg
bc5f69ee20f5cdf3b3c807ee0e29c0bf8666379194b08fc969a08b79f88972ab	5299	test	neg
6c793fa1af082948d77f2fc908a364f6702b2203c339901aab648a8ba0945e92	5300	train	pos
79fb60866750462a9394e9bd4d3bb1b6711427bd42ae850f90a3d0e7c9804732	5301	train	neg
36ceebbe4b43bd8d931e081a3b79da44a3916a47ecea7251a1c0954c5facfc4b	5304	train	neg
651ee73a7e6fa54bd41605502d4a6c200d66f3d4b4b915f73a45af2f3cb8b6c6	5305	test	neg
bdf9cd0b15c361994b7186bbdb8c1f5445537e5be47ab7a2196d69f9cff14995	5309	train	obj
61ae407d4beac785353a4904209322f2688c71f7690cd0818535295d1b3883ec	5310	train	neg
365679b06ce4885f3fd77afec579c7b28cc0d6ff9fb42e5d22c04b533840fef1	5313	train	neg
11592767318bd2c713e2c1fc62c80fbfb87585af53afe1898754249ef321613a	5315	train	neg
95fb570b08547193584a3fb589b43adbcb1fce0ffeb386f3215c5f83494bf20b	5321	train	pos
44f2d8b93e29af7d44963472b7e9c2fe9ce09a88143afb171088de711aa66d2e	5322	train	neg
24fbec7d56c7069caf1aea4f7ddb5d90d060900c5160e185966b1018d7cf23b1	5323	train	neg
8498f1c5b7ae34957c8c4c46b04e17787325b3e1f03543b225d512ebb8a79c7e	5324	train	obj
dc4a8ab085e9c0127e67e5a488548035b17ee0369beafb3303d7227ef3717e58	5325	train	pos
f1b6bfb6d9be126d699a3d5fcfb5f4e78aa928cebc9b23c28518f05b6ef981cb	5326	train	neg
c9245f9096fdd83882dcecb18f95f5a56cae6e61da9094db24a7cc176866f890	5327	val	neg
7ff64851aa3ad208ad92a4ee260d6fe023ca44e3778135a8359377eb821a7e01	5328	test	neg
a6205b30addf7c1b490969948cd77cbbf9e1d728ec02f61407e0a979f14ce705	5329	train	neg
ed00fcf6c3e407075abf19128b1d3795eee9ac15ecd81b26799dd1aa32e60fff	5331	val	neg
cea705a45b52a5c287beac2baee97f5840751d5412c9fab9da738a3b41966f15	5332	train	neg
3e23c0229e81ba00d29b226e7c0cb90acfbed2133c6d03c4997dd369bcb6643f	5333	test	neg
405b598e39454ab72eb4867c578e50df7d3f9515eddc85fa68fa8f08fd531c61	5334	train	pos
db9172fcdc9c450679a1366cfbe8b88b289fb2647503d3a3bd93b4472e43f783	5335	train	neg
b6a2a891f500c8b19807d8db35909870d35bae9a66449fdc280d9e2edcf20717	5336	test	obj
5fe716a77d55ead16ef81b42faccf5b906eaa42f95a4b78bcca4c276656f23c5	5337	train	neg
3c8e201b12761cfca811105434b4529a43bc7d9ed87ce5e3c5bd8754e8710f71	5338	train	neg
7e1c836f177881cf8f70aa6a0fb165d5bf658c29dbbbd9b78e6e15fc3d739eb5	5339	val	neg
0d0d32803dcfab1a7d9d9878e3fa26c2f15d8d7ad9a9e9265c264e2518bcbd6f	5341	train	neg
91825164bae89358398ff1297bfdfbaddec4cb716be589a206ff04ed8c9dee52	5343	train	pos
b3a750d1ea5481dd7ae4f5b9c94194a7f0b388992b1789ebfae614060d892f87	5344	train	neg
5aec53a63b1747545be5a916e96c5e521fb994613299d152f6ddb73249c8f5cc	5345	train	neg
