id	text	source	keyword_cat	ws_label	gpt_label	llama_label	tier	majority_label	agree_count	ws_confidence
3	فولكر اتوقع انهيار تحالف الحلو وحميدتي والدعم السريع لانها مجرد مليشيا خاصة تمارس النهب والقتل والاغتصاب	war_corpus	violence_reporting	NEUTRAL	HATE	OFFENSIVE	3	NO_MAJORITY	0	1.0
18	مصفاة الجيلي هلاك العقيد خلا علي كيمان دهب الملقب بقرع زايل ونعيمكي زايل شالت القرع	war_corpus	random_no_keyword	NEUTRAL	OFFENSIVE	HATE	3	NO_MAJORITY	0	0.0
19	جيشنا الباسل يدمر منصة اطلاق صواريخ تابعة للمليشيا الارهابية المتمردة في مدينة نيالا، وهلاك جميع المرتزقة الموجودين في المبنى نصر من الله، وفتح قريب تابعونا على الرابط قناة التلغرام _ قناة الواتساب	war_corpus	violence_incitement	OFFENSIVE	HATE	NEUTRAL	3	NO_MAJORITY	0	1.0
35	قوات الجيش السوداني والقوات المشتركة للحركات تتوجه لمحاصرة مدينة الجنينة عاصمة ولاية غرب دارفور بعد دخولها الى كلبس الرسالة249 معركة_الكرامة	war_corpus	profanity	OFFENSIVE	HATE	NEUTRAL	3	NO_MAJORITY	0	0.561
50	ينصصصصر ديينك يا منصووور يا ولد حمدااان	old_twitter	random_no_keyword	NEUTRAL	HATE	OFFENSIVE	3	NO_MAJORITY	0	1.0
81	والله سمعت وفد التفاوض دي انا افتكرتو جاي من جوبا	old_twitter	violence_incitement	HATE	NEUTRAL	OFFENSIVE	3	NO_MAJORITY	0	1.0
87	مستني زول من قبيييل يعلق	old_twitter	random_no_keyword	NEUTRAL	HATE	OFFENSIVE	3	NO_MAJORITY	0	1.0
109	ان يسموك كافر وانت تبحث عن الحقيقة، خير لك من ان يسموك مؤمن و انت تقلد جهلهم صوت_الجمهورية	war_corpus	religious_sectarian	OFFENSIVE	HATE	NEUTRAL	3	NO_MAJORITY	0	1.0
135	شباب مدني بكرة محاكمه ثوار المليونية ما بتتوصو...ابقو كتااار محكمة الجنايات الساعة صباحاً #تسقط_بس	old_twitter	revolution_terms	NEUTRAL	HATE	OFFENSIVE	3	NO_MAJORITY	0	0.0
145	الزول دا ما عاين لي كل نهاية طاغية من فرعون والمعاهو ستالين موسيليني هتلر لي شارون قذافي	old_twitter	random_no_keyword	NEUTRAL	OFFENSIVE	HATE	3	NO_MAJORITY	0	1.0
152	عضو مجلس السيادة مساعد القائد العام للقوات المسلحة وقائد القيادة الجوالة الفريق اول ركن ياسر العطا مخاطبا قوات سلاح المدرعات ومتحركات العمليات اللاحقة هناك تامر قوى اقليمية ودولية يهدف لنهب موارد افريقيا وتقاسم النفوذ، وقد شمل ذلك حشد اموال، سلاح، ومرتزقة فيديو منصتنا علي فيسبوك	war_corpus	hate_political	OFFENSIVE	HATE	NEUTRAL	3	NO_MAJORITY	0	1.0
182	فليعم الجبناء انا غدا آتون.. سندق معاقلهم ، ونبيد جحافلهم والويل للكيزان ، الويل للكيزان الذكري الأولي لثورة ديسمبر المجيدة "اول هاشتاق يعبر عن الثورة" #مدن_السودان_تنتفض	old_twitter	hate_political	OFFENSIVE	HATE	NEUTRAL	3	NO_MAJORITY	0	1.0
199	حققت شنو لي نفسي الامه دي كلها التحرق	war_corpus	violence_reporting	NEUTRAL	HATE	OFFENSIVE	3	NO_MAJORITY	0	1.0
208	التبرعات ضعيفه جدا يا جيش همتكم معانا	war_corpus	violence_incitement	HATE	NEUTRAL	OFFENSIVE	3	NO_MAJORITY	0	1.0
224	#زلزال_الكنداكة الاثنين و الاربعاء من كل اسبوع برعاية لجان مقاومة ود نوباوي #تسقط_بس	old_twitter	hate_tribal	NEUTRAL	HATE	OFFENSIVE	3	NO_MAJORITY	0	0.0
235	#مليونية6ابريل ساقطين يا تجار الدين بإذن الله العظيم #تسقط_بس #مدن_السودان_تنتفض	old_twitter	revolution_terms	NEUTRAL	HATE	OFFENSIVE	3	NO_MAJORITY	0	0.0
245	لندن الان سفارة دويلة الشر تظاهرات_الغضب_من_اجل_الفاشر UAEFundsRSF UAEkillsSudanese	war_corpus	threats	OFFENSIVE	HATE	NEUTRAL	3	NO_MAJORITY	0	1.0
264	يجب ان ننشر الانتهاكات ونذكر ان حربنا مع مرتزقة يحملون حقد ضد المواطن	war_corpus	hate_political	OFFENSIVE	HATE	NEUTRAL	3	NO_MAJORITY	0	1.0
268	شجب محامو الطوارئ في بيان ، اغتصاب عدد من افراد مليشيا الدعم السريع لفتاة بجزيرة توتي بالخرطوم بنحو وحشي تحت تهديد السلاح، وقالوا ان قوة من المليشيا اعتدت على المدنيين الذين اعترضوا على هذا الفعل الشنيع ما ادى لمقتل شخص واصابة ستة اخرين	war_corpus	neutral_news	OFFENSIVE	HATE	NEUTRAL	3	NO_MAJORITY	0	0.529
275	هم شعروا بقرب سقوطهم لذلك افتعلوا الحريق ليخفوا به بلاويهم #تسقط_بس	old_twitter	violence_reporting	NEUTRAL	HATE	OFFENSIVE	3	NO_MAJORITY	0	1.0
279	خارج السور لا تعترضوا سبيل موكبهم ، فقط على الثوار ان يقوموا بنشر صور الذين سيشاركون في موكب الكيزان يوم ١٤ ، وتحويلها للكنداكات في قروب منبرشات زمن الدسدسة والغتغيت انتهى	war_corpus	threats	OFFENSIVE	HATE	NEUTRAL	3	NO_MAJORITY	0	1.0
282	أعدّوا لهؤلاء الذين كفروا بربهم الذين بينكم وبينهم عهد إذا خفتم خيانتهم وغدرهم، ما أطقتم أن تعدّوه لهم من الآلات التي تكون قوة لكم عليهم من السلاح والخيل، تخيفون بإعدادكم ذلك عدو الله وعدوكم من المشركين.— تفسير القرآن لـ الطبري	old_telegram	religious_sectarian	OFFENSIVE	HATE	NEUTRAL	3	NO_MAJORITY	0	1.0
289	هلاك المرتزق ملاح احمد، احد قادة الهجوم الاخير المؤثرين على مدينة بابنوسة بولاية غرب كردفان مع ابن اخيه صالح احمد، وذلك خلال المواجهات التي دارت مع الفرقة ٢٢ مشاة دنيا زايلي، ونعيمكي زايل	war_corpus	violence_reporting	OFFENSIVE	HATE	NEUTRAL	3	NO_MAJORITY	0	1.0
295	أمسيات #اعتصام_القياده_العامه عيادات متنقلة صيدليات خدمات الشاي والقهوة غناء وشعر في حب #السودان قرآن وترانيم ودعوات اللهم سودان بلا كيزان #تسقط_بس #مدن_السودان_تنتفض	old_twitter	hate_political	OFFENSIVE	HATE	NEUTRAL	3	NO_MAJORITY	0	1.0
298	في تخوم كادقلي جنوب ولاية كردفان انهى الجيش اي وجود لمتمردي حركة عبد العزيز الجبانة وكذلك للميليشيا الدموية اجتمع الاعداء لكسر جيشنا الابي فاذاقهم الويل بصموده وتضحياته	war_corpus	hate_political	OFFENSIVE	HATE	NEUTRAL	3	NO_MAJORITY	0	1.0
327	محور سنار نار وشرار الله اكبر بفضل الله اولا ثم قواتنا المسلحه الباسلة،، تم التامين حتى المنطقه B وتدمير ٦ كروزرات للعدو وعدد ٥ دوشكا وجغم اكثر من 31 فطيس ولسه البل مستمر باذن الواحد الاحد حتتحرر قريبا دعواتكم نصر من الله وفتح قريب امن_يا_جن	war_corpus	profanity	OFFENSIVE	HATE	NEUTRAL	3	NO_MAJORITY	0	1.0
343	قيادة القوات المسلحة السودانية رفعت التمام من قلب المقدمة لتحرير كردفان القائد عبدالله جنا و القائد ابوعاقلة كيكل واعلان الزحف وبدا تطهيرها	war_corpus	hate_tribal	OFFENSIVE	HATE	NEUTRAL	3	NO_MAJORITY	0	1.0
368	انباء عن هلاك القيادي بمليشيات الدعم السريع النزير بخيت عبدالرحمن ابيرص دنيا زايلي ونعيمكي زايل	war_corpus	hate_tribal	OFFENSIVE	HATE	NEUTRAL	3	NO_MAJORITY	0	1.0
393	انسحاب المرتزقه من خمسة قرى بالجزيرة والجيش يسيطر عليها بالكامل والان الجيش شغال دعواتكم ليهم بالنصر والثبات لاسباب م بفصح باسماء القرى لكن ممكن الناس المعاهم دعامة تتصلو تتاكدو من اهلكم، ونصر من الله وفتح قريب الشكري	war_corpus	hate_political	OFFENSIVE	HATE	NEUTRAL	3	NO_MAJORITY	0	1.0
401	متحرك درب النضال يكمل استعداداته لدك معاقل مليشيا البرهان ومرتزقة الحركات ببورتسودان The Darb al Nida al Division completes its preparations to dismantle the strongholds of SAF and the mercenary movements in Port Sudan معركة_الديمقراطية حراس_الثورة_المجيدة	war_corpus	violence_reporting	OFFENSIVE	HATE	NEUTRAL	3	NO_MAJORITY	0	1.0
405	عبر المسيرات تم استهداف تجمعات للمليشيات في امبدات قبل قليل وتم تدمير ارتكازين وهلاك العشرات من المليشيا ،القوات تتقدم بفضل الله وقوتة ننتصر	war_corpus	violence_reporting	OFFENSIVE	HATE	NEUTRAL	3	NO_MAJORITY	0	1.0
427	في عمليات نوعية عبر العمل الخاص والمسيرات في محاور الخرطوم بحري ، تم القضاء على 11 من مرتزقة المليشيا، بما في ذلك قائدهم، داخل منزل في كافوري كما تم تصفية تجمع كبير من الجنجويد بالقرب من مسجد النور في نفس المنطقة	war_corpus	hate_tribal	OFFENSIVE	HATE	NEUTRAL	3	NO_MAJORITY	0	0.587
448	شايقينا ياخ ليك وحشة والله	old_twitter	hate_tribal	HATE	NEUTRAL	OFFENSIVE	3	NO_MAJORITY	0	0.929
472	البغلي السعر هم السماسرة او جشع اصحاب الخرفان لانو الخروف في بلدو ارخص بكثير وسمعت في فيديو واحد بقول سعر الخروف من مكانه اقل من10 الف ورسوم الخروف لحدي ما يصل الخرطوم يكلف 100جنيه وتكلفة تصريح لمن يجي الخرطوم بزيد الف زيادة يعني ربح الخروف الواحد ج الله غالب	old_twitter	hate_political	HATE	NEUTRAL	OFFENSIVE	3	NO_MAJORITY	0	0.933
474	السودان يتهم كينيا بدعم الدعم السريع خرق للسيادة وتهديد لوحدة الدول الافريقية تابعنا علي تلغرام	war_corpus	threats	OFFENSIVE	HATE	NEUTRAL	3	NO_MAJORITY	0	1.0
497	احد المجرمين الدعامة الذين صوروا مشهد تصفية الاسرى ويظهر بزي الدعم السريع لقد قتلوا اسرى من الجيش	war_corpus	hate_political	NEUTRAL	HATE	OFFENSIVE	3	NO_MAJORITY	0	1.0
533	اشاوس الدعم السريع يخوضون معارك حاسمة ويحررون عدد من المناطق بالفاشر من مليشيا البرهان ومرتزقة الحركات The RSF engages in decisive battles and liberates several areas in El Fasher from the SAF militia and allied mercenary movements معركة_الديمقراطية حراس_الثورة_المجيدة	war_corpus	hate_political	OFFENSIVE	HATE	NEUTRAL	3	NO_MAJORITY	0	1.0
555	فيديو توضيحي يوضح اثار رائش طيران الفلول الذي تسبب في وفاة شهيد القضية البطل اللواء عبدالرحمن البيشي من جوة بيت البكاء	war_corpus	violence_reporting	OFFENSIVE	HATE	NEUTRAL	3	NO_MAJORITY	0	1.0
558	صباح محمد الحسن المجلس الانقلابي تاخر الحوار تسبب في تراجع الوضع الامني والاقتصادي ماتضحكوا الناس دي بتتكلم جد تعليقنا المرة الفاتت قال الموكون المدني هو السبب في التراجع الامني و اللقتصادي هم ممنوعين من الصرف ولا شنو	war_corpus	gender_hate	NEUTRAL	HATE	OFFENSIVE	3	NO_MAJORITY	0	1.0
559	حنصوم رمضان من غير كيزان. #مدن_السودان_تنتفض #اعتصام_القيادة_العامة #السودان_الاضراب_العام	old_twitter	hate_political	OFFENSIVE	HATE	NEUTRAL	3	NO_MAJORITY	0	1.0
570	الكلام والانصرافيه انتهت خلاص حريق وإنفجار الشارع هو الخيار تسقط بس بكرة مليونية #موكب24مارس #تسقط_بس	old_twitter	violence_reporting	NEUTRAL	HATE	OFFENSIVE	3	NO_MAJORITY	0	1.0
577	جنجويد الاذاعة القائد التابع للجنجا المسؤول من الاذاعة صيج بحجة انو ماشي يتعالج وطلع ارسالية وقبل يومين شقيقه الاصغر سلم ومعه 15فرد ود المصطفى	war_corpus	hate_tribal	OFFENSIVE	HATE	NEUTRAL	3	NO_MAJORITY	0	0.695
583	القزازة دي بتاعت الويسكي المعتق الخلي حمدوك ينكر وفاة سيدهم حميدتي و يقول حميدتي حي و الذكاء الاصطناعي دا كذب و اشاعة من الفلووووول	war_corpus	violence_reporting	NEUTRAL	HATE	OFFENSIVE	3	NO_MAJORITY	0	1.0
594	في وطني #السودان أشخاص يفسدون في الأرض يومياً ولا يخافون يوماً كان مقدارهُ خمسون ألف سنة #تسقط_بس	old_twitter	revolution_terms	NEUTRAL	HATE	OFFENSIVE	3	NO_MAJORITY	0	0.0
611	انا مسحت التغريده المكتوب فيها راغنار لوثبروك حيموت في الحلقه الأخيره عشان ما احرق المسلسل للناس المامتابعين	old_twitter	violence_incitement	HATE	NEUTRAL	OFFENSIVE	3	NO_MAJORITY	0	1.0
627	ما يحدث الان من احتراب اثني بافريقيا الوسطي ماهو الا تبعات وسداد لفواتير الحرب التي ستتدفعها دولة افريقيا الوسطى التي رعت المليشيا عبر تحشيد بعض القبائل المداخله بينها وما بين السودان وتوفير غطاء تدريب ورعايه لمرتزقه قادمين من عدة دول من غرب افريقيا وترحيلهم الى السودان لستم امنين	war_corpus	hate_political	OFFENSIVE	HATE	NEUTRAL	3	NO_MAJORITY	0	1.0
643	شغل بختلف ي سحبي فتك ومتك ام صميمة الجغم المبارك	war_corpus	violence_incitement	HATE	NEUTRAL	OFFENSIVE	3	NO_MAJORITY	0	0.811
664	وتتوالى رشاوي المجلس الانقلابي مهما فعلت ومهما قمعت.. لن يرضخ لك الشعب السوداني الحر الذي لم تعرفه بعد.. #الثورة_مستمرة #لم_تسقط_بعد #مدن_السودان_تنتفض	old_twitter	hate_political	OFFENSIVE	HATE	NEUTRAL	3	NO_MAJORITY	0	1.0
674	رؤيتي للاتفاق في نقاط *احتفاظ المجلس بنسبة في برلمان الانتقاليه اشاره لرهانه على اختلاف (قحت) في داخلها وعوده الممارسه الكيزانيه في شراء الذمم *قصر لجنة التحقيق على شهداء مايو غير مقبول وقد يبني عليه تقادم مسقط مستقبلا #اعتصام_القياده_العامه #تسقط_تالت #تسقط_بس	old_twitter	hate_political	OFFENSIVE	HATE	NEUTRAL	3	NO_MAJORITY	0	1.0
683	عشان بعدين القحاطة مايشبكوكم ده اتفاق ويكونو ماملين انو مليشيتهم انسحبت فعلا تعال لقط فطياسك ديل ياخالد سلك وكل الخنزاير المعاهو وحرم واصلنكم لحدي انجمينا جوة ياملاقيط وتارنا معاكم مابنخلي ملاحم_البطانة_الخالدة تابعونا على الرابط قناة التلغرام _ قناة الواتساب	war_corpus	profanity	OFFENSIVE	HATE	NEUTRAL	3	NO_MAJORITY	0	1.0
688	يا بابكر هاك عالج الوطن الفتر لا_لحكم_العسكر مجزرة17يناير	war_corpus	violence_reporting	NEUTRAL	HATE	OFFENSIVE	3	NO_MAJORITY	0	1.0
697	الشهيد علي فضل يخاوي ليه امنجي كوز الله يرحمك في علياؤه تخيل اخوه بالدم	old_twitter	hate_political	OFFENSIVE	HATE	NEUTRAL	3	NO_MAJORITY	0	1.0
716	خلينا من الدرامتيك ديل عازمك كبتشنينو	old_twitter	random_no_keyword	NEUTRAL	OFFENSIVE	HATE	3	NO_MAJORITY	0	1.0
728	الخبير الاستراتيجي الجنرال معاوية علي عوض الله هذه الحرب حربنا كامة وشعب ضد استعمارنا واستغلال ونهب مواردنا والدعم السريع يقاتل بالوكاله لتحقيق ذلك فعليه اناشد القائد العام بان يعلن التعبئة العامه لدحر هؤلاء التتار المرتزقة الذين عاثو فسادا في ارضنا وانتهكو عروضنا التعبئه ثم التعبئه	war_corpus	hate_political	OFFENSIVE	HATE	NEUTRAL	3	NO_MAJORITY	0	1.0
763	فاطمة الصادق الشهيرة بفاطمة شاش صحفية قالت انو كل الطلعو مظاهرات مدمنين للشاش وقبل فترة كتبت انو اي بيت سوداني فيه زاني وسكران	old_twitter	revolution_terms	NEUTRAL	OFFENSIVE	HATE	3	NO_MAJORITY	0	0.0
779	تم القبض علي عدد خمسة قناصة مرتزقة يتبعون لمليشيا الدعم السريع من الجنسية الاثيوبية في جبل مويا وبعد التحقيق معهم وتحويلهم لمحاكمتهم قام وكيل النيابة ب اطلاق سراحهم ؟؟؟؟ الامارات_تسلح_مليشيا_الدعم_السريع الامارات_دولة_مافيا جيش_السودان_يحارب_الارهاب	war_corpus	threats	OFFENSIVE	HATE	NEUTRAL	3	NO_MAJORITY	0	1.0
809	حزب المؤتمر الوطني طلع قروش كتيرة برا البلد و حتكون تركيا مكان استضافة لقناة فضائية معارضة كيزانية جاري العمل من اجل تحقيقها #السودان	old_twitter	hate_political	OFFENSIVE	HATE	NEUTRAL	3	NO_MAJORITY	0	1.0
827	التصعيد الثوري الشعب كلو ينزل الشارع!!!!!!!	old_twitter	profanity	OFFENSIVE	HATE	NEUTRAL	3	NO_MAJORITY	0	1.0
829	بسبب اتفاقية نيفاشا احنا في المرحلة دي عشان كدا لازم تسقط ،عشان نرجع قلب السودان للسودان #تسقط_بس	old_twitter	revolution_terms	NEUTRAL	HATE	OFFENSIVE	3	NO_MAJORITY	0	1.0
833	، ، ﺍﻟﺬُّﻝ ، ، ،	old_twitter	random_no_keyword	NEUTRAL	OFFENSIVE	HATE	3	NO_MAJORITY	0	1.0
834	نحن بنزرعو و نمشي نشتري من الحيكومة الكيزان الكيلو جنيه للعلم كل تكاليف الزراعة على المزارع حتى الماء بلادي سهول بلادي حقول دولة الفساد و الفشل #تسقط_بس #موكب14مارس	old_twitter	hate_political	OFFENSIVE	HATE	NEUTRAL	3	NO_MAJORITY	0	1.0
844	عاجل عبدالرحيم دقلو دي شغله فارغه ساي اقسم بالله بل بل بس تابعونا على الرابط قناة التلغرام _ قناة الواتساب	war_corpus	neutral_news	HATE	OFFENSIVE	NEUTRAL	3	NO_MAJORITY	0	0.562
850	م حصل نزلنا حوجه وم اكتملت الا الوجه دي انتو زعلانين من ناس الشقيلاب ولا شنو ههه همتكم معانا يا ناس	war_corpus	violence_incitement	HATE	NEUTRAL	OFFENSIVE	3	NO_MAJORITY	0	1.0
857	سقوط النظام يعني سقوط جهاز الامن والمليشيات المرتزقه من كتايب الظل وقوات الاسناد والدفاع الشعبي حيحاولوا يكسروا اعتصامنا مافي مكان للاحباط او التراجع الثوره مستمره والنظام قرب داير دفره بسيطه ويقع من الهاويه المجد لشرفاء الجيش #اعتصام_القياده_العامه #تسقط_بس #مدن_السودان_تنتفض	old_twitter	hate_political	OFFENSIVE	HATE	NEUTRAL	3	NO_MAJORITY	0	1.0
876	فلاتية راكبه هليكوبتر شافت جبل من فوق	old_telegram	hate_tribal	HATE	NEUTRAL	OFFENSIVE	3	NO_MAJORITY	0	1.0
878	مسؤولين عنه: كتائب الظل علي عثمان الفاتح عز الدين قوش جهاز الامن والشرطة الداخلية وبشه حسابه عسير مع ربه لانه كل راعي مسؤول عن رعيته نصيحة ابقو عشرة على نفسكم وأولادكم والناس تكون مجموعات ولازم يتفقوا انه يرجعوا تامين وسالمين قبضوا منكم زول اردموهم طوب حتى تفكوه #تسقط_بس	old_twitter	revolution_terms	NEUTRAL	HATE	OFFENSIVE	3	NO_MAJORITY	0	1.0
893	خروج موكب في جاكسون يهتف سلمية سلمية كيزان حرامية	old_twitter	hate_political	OFFENSIVE	HATE	NEUTRAL	3	NO_MAJORITY	0	1.0
908	لأصحاب حكومة الكفاءات ما هي أحكام الهجرة في ظل الحراك الان الثورة الشعبيه #تسقط_بس	old_twitter	violence_incitement	HATE	NEUTRAL	OFFENSIVE	3	NO_MAJORITY	0	0.811
926	أمر متوقع اذا لم تعي الحكومه ولم تتدارك الأوضاع و واصلت في نهجها واستفذاذها المواطنين لا اعتقد انها سوف تكون مجرد ثوره بل اظنها مجزرة ستطول كل كوز في البلد.	old_twitter	violence_reporting	OFFENSIVE	HATE	NEUTRAL	3	NO_MAJORITY	0	1.0
933	حتى اسقاط السلطة الانقلابية باتفاقها السياسي، والذي اتى لتكريس سلطة العسكر على شعبنا، لن نتراجع حتى بناء دولتنا المدنية التي بذل شعبنا في سبيلها الدماء والعرق وغالي التضحيات اعلام التجمع ٢٩ نوفمبر ٢٠٢١م مليونية30نوفمبر لاتفاوض_لاشراكة_لاشرعية	war_corpus	humanitarian	OFFENSIVE	HATE	NEUTRAL	3	NO_MAJORITY	0	0.642
956	الله اكبر ابشروا بحري حديقة عبود كاكي اخضر نصر الله الابطال قشم فوق والله نصر_من_الله_وفتح_قريب امن_يا_جن	war_corpus	profanity	OFFENSIVE	HATE	NEUTRAL	3	NO_MAJORITY	0	1.0
961	15:سورة الكافرونتْمٌنَْع الُكِفَرَ ْعنَدِ الُمٌوَتْ	old_telegram	religious_sectarian	OFFENSIVE	NEUTRAL	HATE	3	NO_MAJORITY	0	1.0
1028	حملة قتل الكلاب المتشردة او الضالة بام درمان	war_corpus	violence_reporting	OFFENSIVE	HATE	NEUTRAL	3	NO_MAJORITY	0	1.0
1036	في ناس بتقول ما عايزين حكم اسلامي تاني شوفو عملوا لينا شنو، مع انو ابدا ما منطق انو يكون عمر البشير هو الشخص البيتضرب بيهو المثل دا لانو العملو هو ما بيعملو مسلم ولا كافر ولا اي انسان سوي فالناس تكون منطقيه اكتر في اسبابها	old_twitter	religious_sectarian	OFFENSIVE	HATE	NEUTRAL	3	NO_MAJORITY	0	0.755
1048	بنزيما ينتظر الانتصار على الانجليز لاهداء الفوز لاريك ابيدال ونحن وياك يا بنزيمه	old_twitter	violence_incitement	HATE	NEUTRAL	OFFENSIVE	3	NO_MAJORITY	0	1.0
1066	التجمع المهني للطيران من أجلك ياشعبنا المناضل وأصحاب الابتسامة الرائعة والتفتيش بالذوق، ومن أجل شهداء ثورتنا السلمية الذين برغم سلميتهم أبت أذرع البطش الشيطانية إلا أن تنتزعهم من بيننا، وتترك في قلوبنا حسرة وحزن نعتصره، #تسليم_السلطه_للشعب #اعتصام_القياده_العامه	old_twitter	violence_reporting	OFFENSIVE	HATE	NEUTRAL	3	NO_MAJORITY	0	1.0
1097	إنها ليلة الجمعة اللهم نسألك بأسم الأعظم أن تبعد عن وطننا وشعبنا البلاء وان تبدله عافيه وطمأنينة وسكينة اللهم باعد بيننا وبين الداء كما باعدت بين المشرق والمغرب واللهم أبعد عنا اخوان السوء وأصحاب المصلحة والعملاء والماجورين	old_twitter	hate_political	OFFENSIVE	HATE	NEUTRAL	3	NO_MAJORITY	0	1.0
1110	قوى الحرية والتغيير نداء عاجل شعبنا الابي، ثورتنا تتقدم تحت حماية الشعب، فهو الحامي الاول والاخير لها، ولن تروعه محاولات فض الاعتصام ومحاولات ترويع الثوار السلميين بالعنف السودان_التصعيد_الثوري اعتصام_القياده_العامه تابعوا قناتنا على تيليجرام او البوت May 15 2019 at 08 23PM	war_corpus	neutral_news	OFFENSIVE	HATE	NEUTRAL	3	NO_MAJORITY	0	1.0
1136	بروفيسور #بركات_الحواتى انت فخر لهذا الوطن وملهم لهذا الشعب فأمثالك لا تشتريهم المناصب امثالك لا يبيعوا المبادئ #الكيزان لابشبهوك ولا بتشبهم الله يحفظك ويكثر من امثالك #تسقط_بس #مدن_السودان_تنتفض	old_twitter	hate_political	OFFENSIVE	HATE	NEUTRAL	3	NO_MAJORITY	0	1.0
1137	المقاطعة شاملة حتى السلع والخدمات البعلنوا اصحابها في القناة او الصحيفة عشان كدة متجرس الفورة مليون تسقط بس حكومة تجار الدين	old_twitter	hate_tribal	NEUTRAL	HATE	OFFENSIVE	3	NO_MAJORITY	0	0.0
1142	الشيخ عبد الرحمن مؤذن مجمع نور الدائم المليح بامدوم تم قتله اليوم داخل المسجد بواسطة جنجويد من دولة جنوب السودان وانا لله وانا اليه راجعون تابعونا على الرابط قناة التلغرام _ قناة الواتساب	war_corpus	hate_tribal	OFFENSIVE	HATE	NEUTRAL	3	NO_MAJORITY	0	0.695
1148	قبل فترة شفتك مع نورا في إيطالي ولا واحد شبهك اخر مره دخلت ايطالي قبل سنتين بولت فيهو	old_twitter	violence_incitement	HATE	NEUTRAL	OFFENSIVE	3	NO_MAJORITY	0	1.0
1172	بتفق مع بتاع ركشة على مشوار شبكني ليك الاسبيرات غالية وبنزين مافي... وطيب نحنا بنطلع الشارع عشان شنو ياخ ، يا جماعة أي زول في البلد دي جزو من الوطن يوم ابريل يوم مصيري نناشد كل الفئات العمرية وعامة الشعب بالنزول للشوارع عشان نرجع حقنا. #موكب6أبريل #تسقط_بس	old_twitter	profanity	OFFENSIVE	HATE	NEUTRAL	3	NO_MAJORITY	0	1.0
1175	البرهان لاجديد عشان كده تسقط بس #مدن_السودان_تنتفض #تسقط_بس	old_twitter	revolution_terms	NEUTRAL	HATE	OFFENSIVE	3	NO_MAJORITY	0	1.0
1189	عرفتك ما عرفتا الخوف بقيت لي انتا واحد بس بيك قصرتا حد الشوف	war_corpus	violence_incitement	HATE	NEUTRAL	OFFENSIVE	3	NO_MAJORITY	0	1.0
1192	على الطيبين فإآن أ آاوجاعهم كفارة	old_telegram	religious_sectarian	HATE	NEUTRAL	OFFENSIVE	3	NO_MAJORITY	0	0.671
1198	#لن_ننسى_ولن_نغفر لو هربتي بعد ميه سنه مافي زول حينسى العملتيهو	old_twitter	random_no_keyword	NEUTRAL	HATE	OFFENSIVE	3	NO_MAJORITY	0	1.0
1204	الهجوم الشديد الذي يتعرض له السيد رئيس الوزراء ومحاولة (تبخيس) و(تسفيه) أي خطوة قد تخدم مصالح السودان وإعادة إنتاجه للمجتمع الدولي بما يعزز تلك المصالح ، يجب أن يُقابل بمزيد الجهد لإفشال خطط المغرضين الذين لايريدون للسودان وشعبه خيرا #تحديات_الفتره_الانتقاليه #شكرا_حمدوك	old_twitter	profanity	OFFENSIVE	HATE	NEUTRAL	3	NO_MAJORITY	0	1.0
1289	منطق برضو بس لسة دا صليبي مستعمر	old_twitter	religious_sectarian	NEUTRAL	HATE	OFFENSIVE	3	NO_MAJORITY	0	1.0
1307	اللواءطيار طلال علي الريح الصديق هو من نفذ الطلعة الجوية بالامس لتدمير الطائرة بمطار نيالا برغم منظومات التشويش الحديثة المنتشرة داخل المطار وبالقرب منه تسلم البطن الجابتك الكلية_الحربية_مصنع_الرجال_والابطال الجوية فتك_متك_جوية_بس ماتنسي تضغط متابعه	war_corpus	violence_reporting	HATE	NEUTRAL	OFFENSIVE	3	NO_MAJORITY	0	1.0
1316	حركة المقاومة الشعبية تنعي شهداء جنين حمامرة وخليلية والجعبري وتؤكد ان جرائم الاحتلال لن تمر دون عقاب ونشدد على ان المعركة مع العدو مستمرة وان دماء شهداء شعبنا لن تذهب هدرا	war_corpus	threats	OFFENSIVE	HATE	NEUTRAL	3	NO_MAJORITY	0	1.0
1349	الشعب السوداني الثائر هو صاحب القرار دآئما وأبدا إرادة الشغب دائما تنتصر #اعتصام_القيادة_عامة #مدن_السودان_تنتفض #سقطت_تاني	old_twitter	profanity	OFFENSIVE	HATE	NEUTRAL	3	NO_MAJORITY	0	1.0
1352	المرأة قالت "تضحكو على حميدتي وهو كان حاميكم من الغرابة ديل".. واحد يوريني عقوبة القتل العمد سرييييييييع	old_twitter	violence_reporting	NEUTRAL	HATE	OFFENSIVE	3	NO_MAJORITY	0	1.0
1354	دا كلام دا محمد عبدالرحيم أمريكا روسيا قد دنا عذابها عذبناهم بالمشية والجية #تسقط_بس #مدن_السودان_تنتفض #موكب18مارس	old_twitter	hate_tribal	OFFENSIVE	HATE	NEUTRAL	3	NO_MAJORITY	0	1.0
1359	يلا يا ناس ده اخر م توصلنا ليه بعد زمن من البكاء والنواح يلا #ندعي_عليهم وعلي ذريتهم واهاليهم #عن_كمية_السذاجه	old_twitter	random_no_keyword	NEUTRAL	HATE	OFFENSIVE	3	NO_MAJORITY	0	1.0
1363	عبد المحمود نور الدائم 15 ابريل عامان على الغدر وصمود الشعب وجيشه يكتب النصر تابعنا علي تلغرام	war_corpus	hate_tribal	OFFENSIVE	HATE	NEUTRAL	3	NO_MAJORITY	0	1.0
1365	مواكب التصعيد الثوري موكب مشترك بين لجان مقاومة شمبات مع لجان الشعبية والمزاد والصافيه ٤ نوفمبر الردة_مستحيلة sudanblackout SudanCoup	war_corpus	profanity	OFFENSIVE	HATE	NEUTRAL	3	NO_MAJORITY	0	1.0
1374	3 15 AM ايقلقني امري وهو في يديك ؟ الهي ان متكل عليك وامري ان ضاق واستضاق فقد فوضته ربي اليك	war_corpus	violence_incitement	HATE	NEUTRAL	OFFENSIVE	3	NO_MAJORITY	0	1.0
1387	المجاهد د الناجي عبدالله الحاج يخاطب مواطني ودربيعة قوات العمل الخاص بمتحرك المناقل وضمن العمليات الخاصة لتحرير مدينة ود مدني تقتل اكثر من ٤٠ من عناصر المليشيا وتدمر ٤ عربات وتستلم ١٥ موتر وتزف محمد عمر محمد يحي شهيد	war_corpus	violence_reporting	OFFENSIVE	HATE	NEUTRAL	3	NO_MAJORITY	0	1.0
1434	اليلة تسقط بس رص العساكر رص #تسقط_بس	old_twitter	revolution_terms	NEUTRAL	HATE	OFFENSIVE	3	NO_MAJORITY	0	1.0
1447	إذا ضربت فأوجع فإن العاقبة واحده،، #تسقط_بس	old_twitter	revolution_terms	NEUTRAL	HATE	OFFENSIVE	3	NO_MAJORITY	0	1.0
1459	سنواصل طريق الحراك المدني حتي احاله اخر كوز من مؤسسات الدوله الشرطه والجيش اجهزه تنفيذيه قوميه مهنيه ويجب ان تؤدي واجبها دوني تبني شعارات سياسيه كي تستقر احوال المجتمعات #حنبنيهو #شكرا_حمدوك	old_twitter	hate_political	OFFENSIVE	HATE	NEUTRAL	3	NO_MAJORITY	0	1.0
1460	عاجل عجوز تخاطب الاصنام الشبيحة المسندة على باب ديوان المظالم نصر الله من نصركن وخذل من خذلكن جمعة انتصارنا_باستعادة_قرارنا	war_corpus	neutral_news	NEUTRAL	HATE	OFFENSIVE	3	NO_MAJORITY	0	1.0
1464	شايف في ناس في بروفايلاتهم كاتبين في الاول افتكرتها حزب سياسي ولا حاجة وفي النهاية اكتشفتها جامعة بحري	old_twitter	violence_incitement	HATE	OFFENSIVE	NEUTRAL	3	NO_MAJORITY	0	1.0
1468	ونحن معانا رب الكون والمرتزفة حقنك ديل وربك انت زاااااتك وتسقط بس #نناضل_لا_نساوم #مدن_السودان_تنتفض #مليونيه30يونيو	old_twitter	revolution_terms	NEUTRAL	HATE	OFFENSIVE	3	NO_MAJORITY	0	0.0
1474	تفكر انو الكيزان ديل بشربو شاي في بيتهم لقطوهم ودوهم يشربو في مكان امن) #اعتصام_القيادة_العامة #مدن_السودان_تنتفض #السودان	old_twitter	revolution_terms	OFFENSIVE	HATE	NEUTRAL	3	NO_MAJORITY	0	1.0
1499	لك التحية ولكل الشرفاء امثال مصطفى تمبور انتهى_وقت_الحياد هذه_الارض_لنا نصر_الله_قواتنا_المسلحة بل_بس	war_corpus	dehumanizing	NEUTRAL	HATE	OFFENSIVE	3	NO_MAJORITY	0	0.0
1544	لو البشير بكرة مات عديل موكبنا قائم.. #موكب6ابريل #تسقط_بس	old_twitter	revolution_terms	NEUTRAL	HATE	OFFENSIVE	3	NO_MAJORITY	0	0.0
1550	طوّقت القوات المعتدية ساحة الاعتصام من كافة الاتجاهات، مع فتح مسارات صغيرة لخروج المعتصمين من الساحة. بمجرد بدء الهجوم أغلق جنود في الفرقة السابعة مشاة البوابة الرئيسية، وعندما لجأ اليهم المعتصمين أطلقوا عليهم عدداً من الكلاب، في إشارة إلى أنهم غير مرحب بهم.	old_twitter	revolution_terms	OFFENSIVE	HATE	NEUTRAL	3	NO_MAJORITY	0	1.0
1561	تدوين مدفعي على كررري من المليشيا المتمردة مجزرة اخرى ضحيتها 22 مواطن ابرياء	war_corpus	hate_political	OFFENSIVE	NEUTRAL	HATE	3	NO_MAJORITY	0	1.0
1611	بوت التعليقات داير اعرس التكلفة كم من بيت امها لبيت امي شخصية عنيدة والله ع حسب اختيارك انا عن نفسي بشووف اقلهن مهرنا اكثرهن بركةة بعد كدا انت وقسمتك	war_corpus	violence_incitement	HATE	NEUTRAL	OFFENSIVE	3	NO_MAJORITY	0	1.0
1625	انحياز ابطال قبيلة البرتي بقيادة اللواء التجاني شمال لخيار الشعب والانضمام الى قوات الدعم السريع بشمال دارفور al Barti courageous men led by Major General al Tigani Shimal integrated to the People s choice and join Rapid Support Forces in North Darfur معركة_الديمقراطية حراس_الثورة_المجيدة	war_corpus	violence_reporting	OFFENSIVE	HATE	NEUTRAL	3	NO_MAJORITY	0	1.0
1629	ميلشيا الدعم السريع تقتل حفيد ود حبوبة تابعنا علي تلغرام	war_corpus	violence_reporting	NEUTRAL	HATE	OFFENSIVE	3	NO_MAJORITY	0	1.0
1646	طالما الإشاعات والتفسيرات الحمقاء بتخلي حبينا حمدوك يرد ويثقف الناس بشكل عام والجماعة الطيبين ديلك بشكل خاص فمرحبا والف مرحب بالاشاعات وننتظر من بني كوز إشاعة جديدة تقفنا وتثقفهم،، #شكرا_حمدوك	old_twitter	hate_political	OFFENSIVE	HATE	NEUTRAL	3	NO_MAJORITY	0	1.0
1653	خت الوطن قدام ادي البلد حقا⁦ ما تخاف من البومبان⁦ ولا حتي من طلقة ما فينا حد جبان⁦ او طايفة مرتدة وخت البلد قدام⁦ ادي البلد حقا⁦ حرية دا العنوان ثورتنا ممتدة⁦ سلمية دون تخريب⁦ #مليونيه30يونيو #تسقط_بس	old_twitter	religious_sectarian	OFFENSIVE	HATE	NEUTRAL	3	NO_MAJORITY	0	1.0
1654	الفاشر كملت المرتزقة حركات النهب المسلح 1 6 2024	war_corpus	hate_political	OFFENSIVE	HATE	NEUTRAL	3	NO_MAJORITY	0	1.0
1672	طبعا السودانين ما حيقدروا يفتحوا خشمهم هنا	old_twitter	random_no_keyword	NEUTRAL	HATE	OFFENSIVE	3	NO_MAJORITY	0	1.0
1684	عزيزي المواطن، لا تنسى أن تشتم الحكومة وتقول #تسقط_بس ثلاثا قبل أن تخرج من بيتك.	old_twitter	revolution_terms	NEUTRAL	HATE	OFFENSIVE	3	NO_MAJORITY	0	0.0
1685	ونتمنى عاجل الشفاء للجرحى والمصابين في مجزرة ٢٩ رمضان الموافق ٣ من يونيو ٢٠١٩م سقطت الاقنعة وبان المستور وتاكد حتى لطوب الارض عمالة وخسة لجنة البشير الامنية وارتزاقية القاتل حميدتي والسفاح برهان، وليس بيننا وبينهم غير الشوارع التي اسقطت عبود ونميري والبشير وابن عوف،	war_corpus	hate_political	NEUTRAL	HATE	OFFENSIVE	3	NO_MAJORITY	0	0.851
1702	احفظوا المنشور دا للتاريخ باذن الله دويلة الشر في القرب العاجل ح تعمل ليها مسرحية وتعلن فيها استش،،هاد شخبوط ال نهيان لكي لا يكشف اي كائن مخططهم و ضلوعهم في ح،،رب السودان وكدا تكون انتهت اسطورة شخبوط المشخ،،يط خليل حسن الضو ١٩ مايو ٢٠٢٥	war_corpus	neutral_news	NEUTRAL	HATE	OFFENSIVE	3	NO_MAJORITY	0	1.0
1712	شعب كان جيت لِـ الحقيقة أصلو ما مفروض يعاني #موكب28مارس #تسقط_بس	old_twitter	revolution_terms	OFFENSIVE	HATE	NEUTRAL	3	NO_MAJORITY	0	1.0
1728	تصريح صحفي انقلاب المجلس العسكري في ٢٥ اكتوبر الجاري هو حلقة اخرى في سجل انقلاباته في ١١ ابريل و٣ يونيو ٢٠١٩، وسنعمل مع قوى شعبنا الثائرة ليكون الاخير تهدر الان الموجة الثانية لثورة ديسمبر الظافرة لاقتلاع بقايا الانقاذ ممثلة في لجنتها الامنية، ما_بتحكمونا مليونية30اكتوبر	war_corpus	violence_reporting	OFFENSIVE	HATE	NEUTRAL	3	NO_MAJORITY	0	0.865
1762	لجان الاحياء مفروض تجهّز مسارات المواكب ل #اربعينية_مجزرة_القيادة تحسباً في حاله انه قحت ما طلعت مسارات عشان ماتزعّل "شريكها" المجلس الانقلابي وما تنسوا الدعوات للعصيان المدني يوم الاحد لانه قحت عملت منه رايحة تماما	old_twitter	hate_political	NEUTRAL	HATE	OFFENSIVE	3	NO_MAJORITY	0	1.0
1764	ولاية الشام حوران بتوفيق الله تعالى، استهدف جنود الخلافة الية للPKK المرتدين على الطريق الرابط بين منطقتي ازرع و الشيخ مسكين يوم الاثنين الماضي، بتفجير عبوة ناسفة، ما ادى لاعطابها ومقتل ضابط و3 عناصر كانوا على متنها، ولله الحمد والمنة	war_corpus	religious_sectarian	OFFENSIVE	HATE	NEUTRAL	3	NO_MAJORITY	0	1.0
1770	لما تتكلمي عن ام السودان زي ما قالت مامتك	old_twitter	violence_incitement	HATE	NEUTRAL	OFFENSIVE	3	NO_MAJORITY	0	1.0
1785	شن سلاح الجو السوداني غارات جوية عنيفة استهدفت تجمعات لفلول المليشيا المتمردة الارهابية على تخوم مدينة الفاشر	war_corpus	hate_political	OFFENSIVE	HATE	NEUTRAL	3	NO_MAJORITY	0	1.0
1808	لا يفتي اهل الدثور لاهل الثغور ولا شان لربات الحجال بمعارك الرجال فان حاربوا فهذا دابهم، وتلك عادتهم وان جنحوا فهذا تقديرهم، وتلك حساباتهم وهي بالاساس معركتهم لانه متى حمي الوطيس لم تجد غيرهم فان وثقت فلا شان لك بتفاصيلهم وان خونت فسد مسدهم او اخرس	war_corpus	violence_reporting	OFFENSIVE	NEUTRAL	HATE	3	NO_MAJORITY	0	1.0
1817	عينك فوقو تركب فوقو قوقو اخوانهم جرو وعادة الدعامة بيجرو	war_corpus	hate_political	NEUTRAL	OFFENSIVE	HATE	3	NO_MAJORITY	0	0.0
1824	البرهان يدعم حماس ويدعم فلسطين ويستغل حمدوك لازالة العقوبات الامريكية البرهان يريد دعم مشروع الكيزان في السودان وماقاله اليوم في الخطاب كله اكاذيب هو عضو في الحركة الاسلامية في السودان	war_corpus	hate_political	NEUTRAL	HATE	OFFENSIVE	3	NO_MAJORITY	0	0.576
1825	رئيس مجلس السيادة قائد الجيش عبد الفتاح البرهان رسالتنا للوسطاء عليكم حث المرتزقة على الخروج من منازل المواطنين وهذه البلاد لن تسعنا مستقبلا، اما نحن او هم الشرق_السودان	war_corpus	hate_tribal	OFFENSIVE	HATE	NEUTRAL	3	NO_MAJORITY	0	1.0
1833	منطقة امدرمان العسكرية قوات العمل الخاص بمنطقة امدرمان العسكرية تشن هوم مباغت على المليشيا الارهابية المتمردة في منازل البنك العقاري بالفتيحاب و تدوين دقيق لي المدفعية الثقيلة لي اهداف المليشيا المتمردة بامدرمان نصرا من الله وفتح قريب	war_corpus	hate_political	OFFENSIVE	HATE	NEUTRAL	3	NO_MAJORITY	0	1.0
1836	و الله افتكر ده بين البنت و ربها	old_twitter	violence_incitement	HATE	NEUTRAL	OFFENSIVE	3	NO_MAJORITY	0	1.0
1838	الجزائر تقف مع السودان الشقيق الذي تستهدفه هو الاخر قوى الشر رئيس الجمهورية الجزائرية الشقيقة عبد المجيد تبون 2025	war_corpus	hate_tribal	OFFENSIVE	HATE	NEUTRAL	3	NO_MAJORITY	0	1.0
1848	ياسته يااااأبريل لازم نكون مليون لازم نكون ٱلٱاااف نملى الشوارع حق يملاها صوتنا هتاف شايلين وطنا هدف بيناتنا مافي خلاف حامينا خالقنا ومن غيرو مابنخاف .الشاااااااارع بس #موكب6ابريل تسقط بس	old_twitter	revolution_terms	NEUTRAL	HATE	OFFENSIVE	3	NO_MAJORITY	0	1.0
1895	انت عايزهم يختلطوا مع رعاع زينا؟ الناس دي ما بتختلط الا مع الطرح النضيفة هههههههه	old_twitter	random_no_keyword	NEUTRAL	HATE	OFFENSIVE	3	NO_MAJORITY	0	1.0
1916	ضربات جوية مكثفة ومستمرة تستهدف محاور دارفور وغرب امدرمان في المويلح، دمرت تجمعات المليشيا ومخازنها بالكامل، مكبدة اياها خسائر فادحة في الارواح والعتاد الجيش يواصل سحق اوكار المرتزقة اينما كانوا، والنصر قادم باذن الله نصر_من_الله_وفتح_قريب الفداء_والوعي	war_corpus	threats	OFFENSIVE	HATE	NEUTRAL	3	NO_MAJORITY	0	1.0
1949	ما اثار حفيظتهم ليعلنوا الثأر بمواجهة كل منسوبي الجامعة.وفي صبيحة الخميس هاجم مجموعة كبيرة من اعضاء الحزب الحاكم الكلية،ووقعوا في صدام مع افراد الشرطة الجامعية،وانهالوا عليهم بالضرب وادى لسقوط بعضهم لينقلوا للمستشفى. حلايب نيوز	old_twitter	violence_reporting	OFFENSIVE	HATE	NEUTRAL	3	NO_MAJORITY	0	0.87
1976	الجيش كلامو كان واضح انتهاء الحرب بانتهاء التمرد جيش_واحد_شعب_واحد القوات_المسلحة_صمام_امان_الوطن كامل_التضامن_مع_القوات_المسلحة معركة_الكرامة	war_corpus	hate_political	OFFENSIVE	HATE	NEUTRAL	3	NO_MAJORITY	0	1.0
1986	نويتة كراهية لمسك زمن اسمه حنة.	old_twitter	random_no_keyword	NEUTRAL	HATE	OFFENSIVE	3	NO_MAJORITY	0	1.0
2013	الحزب الشيوعي و المؤتمر الوطني في السوء كهاتين	old_twitter	profanity	NEUTRAL	HATE	OFFENSIVE	3	NO_MAJORITY	0	1.0
2035	امحي الماضي بالجايات بجيك غصن الفرح متكي Dr 7up	war_corpus	violence_incitement	HATE	NEUTRAL	OFFENSIVE	3	NO_MAJORITY	0	1.0
2115	ولاية الشام البركة بتوفيق الله تعالى، استهدف جنود الخلافة صهريج نفط لميليشيا المرتد القاطرجي بمنطقة السبعة واربعين على الطريق الخرافي ، بتفجير عبوة ناسفة، ما ادى لاعطابه، ولله الحمد والمنة	war_corpus	religious_sectarian	OFFENSIVE	HATE	NEUTRAL	3	NO_MAJORITY	0	1.0
2122	هو منو في السودان ما كوز	old_telegram	hate_political	OFFENSIVE	HATE	NEUTRAL	3	NO_MAJORITY	0	1.0
2129	هلاك قائد مستنفري المرتزقة العميد خلا ادم حسين في الفاشر	war_corpus	hate_political	OFFENSIVE	HATE	NEUTRAL	3	NO_MAJORITY	0	1.0
2134	الشيخ_عبد_الرزاق_المهدي لله_درك_وعلى_الله_اجرك اوجعتهم_بكلماتك_يا_شيخنا لقد_كشفت_ستارهم_المذيف_واعلامهم_الكاذب_والمخادع_والمنافق حماك_وحفظك_ورعاك_الله	war_corpus	religious_sectarian	OFFENSIVE	HATE	NEUTRAL	3	NO_MAJORITY	0	1.0
2138	تم الغاء اجتماع الجنجويدى مادبو وتقد فى البرلمان الاروبى وجاء لوكا منظم اللقاء واعتذر للشعب السودانى والمتظاهرين يعيشون وطنا دوما عاليا ويعيش جيشنا وشعبنا	war_corpus	hate_tribal	OFFENSIVE	HATE	NEUTRAL	3	NO_MAJORITY	0	0.695
2140	القائد عبدالله يعقوب يكشف جرائم الفلول في الخرطوم ودارفور وننتظر تعليمات القيادة لملاحقتهم معركة_الديمقراطية حراس_الثورة_المجيدة	war_corpus	hate_political	OFFENSIVE	HATE	NEUTRAL	3	NO_MAJORITY	0	1.0
2147	قام سيد عبدالعزيز قال حاول يخفي نفسو عبيد قال وهل يخفى القمر في سماهو ودالريح قال طبعا لا لا ، شفناهو شفناهو	old_twitter	hate_tribal	HATE	NEUTRAL	OFFENSIVE	3	NO_MAJORITY	0	0.673
2170	كلنا عارفين حركات العساكر وجرجرة العساكر في تسليم السلطه لانو المجلس ببساطه شديده مستخسرين فينا اي مكسب من مكاسب الثوره... نتمني الامور تنتهي لصالحنا ولصالح البلاد و دم و عرق و صمود الشعب السوداني ما يروح هدر	old_twitter	revolution_terms	OFFENSIVE	HATE	NEUTRAL	3	NO_MAJORITY	0	1.0
2201	عرفتو عن الثورة من تويتر المليان سودانيين، أضعف الإيمان احترموا أخلاقيات واساسيات مهنتكم واسألوا واتعلموا، ما لحقنا ناخد بريك من عنصريتكم لسة علشان تبدو تنظير وكذب وفلسلفة ومزايدة علينا.	old_twitter	revolution_terms	NEUTRAL	HATE	OFFENSIVE	3	NO_MAJORITY	0	0.0
2247	الله يرحمومهم جميعا ويغفر لهم ويسكنهم فسيح جناته ويلهم أهلهم وذويه الصبر والسلوان وانا لله وانا اليه راجعون حق الشهداء قلع الكيزان والامنجية وكتايب الظل المجرمين سلمية حتى النصر تسقط بس حكم تجار الدين يسقط ويتحاكم بتهمة القتل العمد والسرقة وتقسيم البلد وبيع الإنسان والحجر	old_twitter	violence_reporting	OFFENSIVE	HATE	NEUTRAL	3	NO_MAJORITY	0	1.0
2253	هلاك قائد مليشيا الدعم السريع الارهابية بمحور الدندر عبد الفاتح السماني يعقوب الرسالة249 معركة_الكرامة الرسالة_الاخبارية تابعونا على الرابط	war_corpus	violence_reporting	OFFENSIVE	HATE	NEUTRAL	3	NO_MAJORITY	0	1.0
2271	شاهد_بالفيديو قائد الدروع يوجه طاقم دبابته بالقضاء على المتمردين واعوانهم جراء محاولتهم الفاشله لدخول الابيض وضباط وضباط صف وجنود الفرقه الخامسه مشاه الهجانه و وحدات اسنادها وجهاز المخابرات العامة وقوات العمل الخاص يلاحقون العدو المتمرد غرب مدينة الابيض الجزء____الثاني اعمل_متابعه_وشير السودان_عصيه_ومنيعه القوات_المسلحه_السودانيه الفرقه_الخامسه_مشاه_الهجانه دروع_اللواء_142_مشاه_الي_الابيض معركة_العزه_والكرامه_ضد_التمرد_المليشي	war_corpus	hate_political	OFFENSIVE	HATE	NEUTRAL	3	NO_MAJORITY	0	1.0
2294	كاميرا القوات المسلحة توثق احتلال الاعيان المدنية و اثار الدمار والنهب والتخريب بمحيط اسواق امدرمان الذي ارتكبته مليشيا ال دقلو الارها_بية في حق الشعب السوداني الاحد ١٢ فبراير ٢٠٢٤م السودان القوات_المسلحة_السودانية المقاومة_الشعبية تحت قيادة القوات المسلحة نحن في الشدة باس يتجلى	war_corpus	violence_reporting	OFFENSIVE	HATE	NEUTRAL	3	NO_MAJORITY	0	1.0
2305	الواحد مفروض لم يتكلم عن ناس زي صديق يوسف وجعفر خضر وسيد أحمد الخطيب طبعاً ده على سبيل المثال لا الحصر مفروض يبدأ كلامو بالتحية لمن هم أشرف منا عشان الناس دي اختارت العمل العام وضحو بي مستقبلهم المهني والصحي واختارو الصدام والمواجهة والمجابهه والتضحية لا الانسحاب والهروب #تسقط_بس	old_twitter	dehumanizing	NEUTRAL	HATE	OFFENSIVE	3	NO_MAJORITY	0	1.0
2372	تكون كوز فترة بيترك أثر صعب التخلص منه	old_twitter	hate_political	OFFENSIVE	HATE	NEUTRAL	3	NO_MAJORITY	0	1.0
2381	سودان بدون كيزان رصاصة حية يا شعبا لهبا ثوريتك سلمية تسقط بس سماني هجو عسكر الشعب حبيبي و شرياني مش كدا يا وداد من افضل اغاني الثورة	old_twitter	hate_political	OFFENSIVE	HATE	NEUTRAL	3	NO_MAJORITY	0	1.0
2382	ضرب المرتزقة الفارين وهم في طريقهم الي شندي	war_corpus	hate_political	HATE	NEUTRAL	OFFENSIVE	3	NO_MAJORITY	0	0.842
2423	عاااااااجل اللواء حسن ابو زيد يطلب ويستفذ الرشايدة ليدعمو التمرد طالب اللواء حسن ابو زيد الرشايدة عدم دعم القوات المسلحة مع استفزاز واضح ليحضهم لدعم التمرد بذكره لفظة انتو مهرباتيه مصادر محلية	war_corpus	hate_tribal	NEUTRAL	HATE	OFFENSIVE	3	NO_MAJORITY	0	1.0
2438	المتعاونون الخونة مع المليشيا الارهابية من اكبر المهددات الامنية التي تواجه السلطات ، واحد اهم اسباب اطالة امد الحرب الى الان السودان	war_corpus	hate_political	OFFENSIVE	HATE	NEUTRAL	3	NO_MAJORITY	0	1.0
2442	ما اتغشيت فيك ولا دقيقة، من اول يوم عرفتك حسين ملاسي ، ،،، تجديد الميثاق قحت_لا_تمثلني بل_بس لا_هدنة_لا_اتفاق_لا_تفاوض شارك قناة انصار القوات المسلحة السودانية علي التلغرام	war_corpus	humanitarian	HATE	NEUTRAL	OFFENSIVE	3	NO_MAJORITY	0	1.0
2450	يا سيد حعتبرك ما عارف وحوريك، حرب الردة قامت عشان في قبائل عربيه اتمردت علي النظام الحاكم واعلنوا الانفصال وأنهم م حدفعوا لبيت مال المسلمين، فهنا كان في خطر علي الامن القومي للدوله، فطلعت جيوش للمرتدين فكانوا قبل الحرب بخيروهم في البختار يرجع الدوله وفي البحارب	old_twitter	hate_political	OFFENSIVE	HATE	NEUTRAL	3	NO_MAJORITY	0	0.709
2482	الى الاخوة الابطال؛ قال ﷺ ان الله كتب الاحسان على كل شيء، فاذا قتلتم فاحسنوا القتلة، واذا ذبحتم فاحسنوا الذبح، وليحد احدكم شفرته، فليرح ذبيحته صحيح مسلم١٩٥٥، فلا حاجة لكم بالضرب والركل ومخالفة الهدي النبوي، بل رصاصة واحدة في الراس كافية، ولا تتعبوا في اسرهم وتعليفهم	war_corpus	violence_reporting	OFFENSIVE	HATE	NEUTRAL	3	NO_MAJORITY	0	1.0
2513	ما ذنب النقاب اذا لبسته سارقة وما ذنب اللحية اذا اطلقها فاسد وما ذنب الحج اذا اداه غشاش وما ذنب الصلاة اذا اداها مرتش وهل للعنب ذنب اذا صار خمرا تمسكوا بدينكم وكفاكم تبريرات لا تغني عنكم من الله شيئا	war_corpus	dehumanizing	NEUTRAL	HATE	OFFENSIVE	3	NO_MAJORITY	0	1.0
2532	المدينكم ضهرهم ديل زاتو ما تأمنوا ليهم! ما تأمنوا لاي زول	old_twitter	random_no_keyword	NEUTRAL	HATE	OFFENSIVE	3	NO_MAJORITY	0	1.0
2533	متى استعبدتم الناس وقد ولدتهم امهاتهم احرارا (عمر بن الخطاب) #مدن_السودان_تنتفض #تسقط_بس #الشارع_بس	old_twitter	hate_tribal	OFFENSIVE	HATE	NEUTRAL	3	NO_MAJORITY	0	1.0
2536	مرقت مرقت مصر و كتمت ربنا معاكم يا اولاد النيل و بالتوفيق و النصر على كل خاين و قاتل و حرامي تسقط بس يا سيسي من ارض النيلين المدنية مني لكم اكبر و اجمل تحية #ميدان_التحرير #جمعة_الغضب #ارحل_يا_سيسي	old_twitter	dehumanizing	NEUTRAL	HATE	OFFENSIVE	3	NO_MAJORITY	0	0.0
2544	شيرو سريع يخوانا الثوار اللي في لفه جوبا جايين يفضوكم انتبهو #تسقط_بس #موكب6ابريل	old_twitter	revolution_terms	NEUTRAL	HATE	OFFENSIVE	3	NO_MAJORITY	0	1.0
2552	الجيش السوداني الطيران الحربي يستهدف معسكر خولة بنت الازور بشرق النيل و خسائر بالجملة في صفوف مليشيات الدعم السريع الحمد لله وبفضل الله الجيش يستهدف ويدمر مدفع بكافوري مربع 8 لمليشيات الدعم السريع كان يدون علي امدرمان	war_corpus	violence_incitement	OFFENSIVE	HATE	NEUTRAL	3	NO_MAJORITY	0	1.0
2573	ويريد أن يعرض بضاعته للمجتمع الإقليمي والدولي كبديل متوازن ومقبول، وهذا لعب على الحبال يفوح خيانة ةسيسقط بعده سقوطاً مدوياً. إن ثورتنا بسلميتها لن تتراجع حتى تزيل النظام بكل قبحه وسوء خطابه ووضاعة ممارساته بالقتل والسحل والاعتقال #موكب22يناير #مدن_السودان_تنتفض	old_twitter	hate_political	OFFENSIVE	HATE	NEUTRAL	3	NO_MAJORITY	0	1.0
2583	و إعادة تعمير ما دمرته سياسات السلطة الفاشلة طيلة ثلاث عقود من الظلم و الفساد. لِذا نهيب بكم الحضور رافعين لافتات الرفض لاستمرار هذا النظام المتهالك، الساقط بأمر الشعب #موكب11فبراير	old_twitter	violence_reporting	OFFENSIVE	HATE	NEUTRAL	3	NO_MAJORITY	0	1.0
2608	صباح التبلدي ما عاوزين حميدتي	old_twitter	profanity	NEUTRAL	HATE	OFFENSIVE	3	NO_MAJORITY	0	0.0
2621	نحن قوم ابت اخلاقنا شرفا" ان نفك جوال زول من الشاحن	old_twitter	random_no_keyword	NEUTRAL	OFFENSIVE	HATE	3	NO_MAJORITY	0	1.0
2622	نظافة شارع العرضة مستشفى الوالدين من دنس المرتزقة الملاقيط فجغ_بس دبل_ليهو	war_corpus	humanitarian	NEUTRAL	HATE	OFFENSIVE	3	NO_MAJORITY	0	0.576
2628	لو انتو شلة مسخرة ، عبدة كراسي ومفترين نحن البلد درقة وسيوفا صانعة وشلال يقين بنقولكم يا مفترين العندو دين ما بسرق البلد العبادو موحدين العندو دين ما ببني قصرو العالي فوق جوع الغلابة المسلمين #تسقط_بس	old_twitter	hate_tribal	NEUTRAL	HATE	OFFENSIVE	3	NO_MAJORITY	0	0.723
2636	سيدفع حايز رخصه التشغيل الثمن وسنرغمه علي الانسحاب من السوق السوداني من عرض حياه المدنيين للخطر بتعاونه مع الاجهزه الامنيه تحرم عليه قروشنا سنواصل طريقنا نحو الدوله المدنيه مهما حشد العسكر من ادوات والغلبه للافراد اصحاب الكتل النقديه عند اتحادهم #مواكب_يوليو_الظافره #تسقط_بس	old_twitter	revolution_terms	NEUTRAL	HATE	OFFENSIVE	3	NO_MAJORITY	0	0.0
2651	سرقوا حُقوقنا وزردوا حُلوقنا.. ديل عاوزين دمائنا تسيل.. نحن ونحن الشرف الباذخ.. نحن نموت ويحيا النيل #مليونية6ابريل #تسقط_بس	old_twitter	violence_reporting	NEUTRAL	HATE	OFFENSIVE	3	NO_MAJORITY	0	0.0
2667	مهما حدث سنواصل طريقنا الي النظام المدني لاعاده محاكمه كل القتله المجرمين والمرتزقه الذين تاجرو بدماء الشهداء اثق في عداله المطالب وسنصل وجهتنا الرئيسيه ولو بعد مائه عام الدم مابسقط بالتقادم والبلد مابتقدم صفها البندقيه بل الفكرة والقلم #نناضل_لا_نساوم #مدن_السودان_تنتفض	old_twitter	violence_reporting	OFFENSIVE	HATE	NEUTRAL	3	NO_MAJORITY	0	1.0
2672	لما اخر مرة شفتك قبل ما اودع واغادر كنت حاسس انى خائف انى متردد وحاير وين_رسايلك_وين_كتاباتك_الي	war_corpus	violence_incitement	HATE	NEUTRAL	OFFENSIVE	3	NO_MAJORITY	0	1.0
2696	رسالة لجامعة الدول العربية. انتم دعيتم المجلس العسكري السوداني لحضور القمة العربية باي صفة؟ و هل تعتقدون انه سوف يوفي باي تعهدات يبرمها معكم؟ نعلن نحن الشعب السوداني ان المجلس العسكري لا يمثلنا. #اعتصام_القياده_العامه #مدن_السودان_تنتفض #حميدتي_تعال_افصلني	old_twitter	revolution_terms	OFFENSIVE	HATE	NEUTRAL	3	NO_MAJORITY	0	1.0
2715	انا ماقاعد اصرح لكن قواتكم المسلحه بتصلي الصبح ان شاءلله في المنطقه x والمواطنين القريبين معزومين صلاة الجمعة جهزو نفسكم من هسي علشان ماتقولو ماكلمتكم وجهزو للفرحه ان شاءلله	war_corpus	violence_incitement	HATE	NEUTRAL	OFFENSIVE	3	NO_MAJORITY	0	0.564
2718	فيديو مسرب لوصول مرتزقة معظمهم كولومبيون الى قاعدة بوساسو الجوية الاماراتية في منطقة بونتلاند شمال الصومال ثم نقل المرتزقة للقتال مع قوات الدعم السريع ضد القوات المسلحة السودانية في السودان باذن الله مجغومين	war_corpus	hate_political	OFFENSIVE	HATE	NEUTRAL	3	NO_MAJORITY	0	1.0
2720	#تسقط_بس #مدن_السودان_تنتفض سارة هسا سمعتو بي زول مدردق لستكو في الشارع قال انا ابقي في الرئاسة؟ جوا يوسف الكودة وذو النون بدون لساتك كل واحد مدردق طموحاتو الشخصية وداير ليهو كرسي وهيط...	old_twitter	revolution_terms	NEUTRAL	HATE	OFFENSIVE	3	NO_MAJORITY	0	1.0
2728	مفروض اديك معاي من نسبه الأرباح الجاتني بسبب اغنيتك دي واصلي ومغرزيهم السناغل المساكين ديل	old_twitter	random_no_keyword	NEUTRAL	OFFENSIVE	HATE	3	NO_MAJORITY	0	0.0
2736	المغتربين شماسة للحكومات المتعاقبة على السودان،، #تسقط_بس	old_twitter	revolution_terms	NEUTRAL	HATE	OFFENSIVE	3	NO_MAJORITY	0	1.0
2739	تلاحم الشعب السوداني مع قوات العمل الخاص بامدرمان في مواجهة المليشيا المتمردة معركة_الحسم العمل_الخاص مع_الجيش ده_جيش_بداوس الجيش_صاحي شعب_واحد_جيش_واحد	war_corpus	hate_political	OFFENSIVE	HATE	NEUTRAL	3	NO_MAJORITY	0	1.0
2777	#موكب6ابريل "لما دم أحبابنا ينزف وبي رصاصه تموت صلاتنا ..يبقي ايه فايدة سكاتنا" الشهيد عبدالعظيم ابوبكر #تسقط_بس	old_twitter	violence_reporting	OFFENSIVE	HATE	NEUTRAL	3	NO_MAJORITY	0	1.0
2786	لما يكون الشعب كدا لازم كل العالم يطمع فيها.....من السودان وافتخر #مليونية6ابريل #مدن_السودان_تنتفض #تسقط_بس	old_twitter	revolution_terms	OFFENSIVE	HATE	NEUTRAL	3	NO_MAJORITY	0	1.0
2787	السلام عليكم ياثوار يا احرار اولا مبروك نجاح العصيان الساحق في يومه الاول مبروك للجميع داخل وخارج السودان، الشعب اعتزم العصيان وحكم العسكر فقد الشرعية بقرار من الشعب يعني المجلس الدموي سقط مبدئيا والباقي علي الاستمرار والثبات حتى إعلانهم التنحي وتسليم السلطة للشعب	old_twitter	revolution_terms	OFFENSIVE	HATE	NEUTRAL	3	NO_MAJORITY	0	0.642
2813	حميدتي اختيار موفق من حمدوك للوقت الحالي ليس إلا ك أكبر تاجر دهب واكبر تاجر عمله لاغير يمكنه تسير الأوضاع الاقتصاديه لتلميع نفسه بأحسن مايكون كل إيراد جبل عامر في جيبو فبالتالي حينفق على الدوله ويدعم الازمه ولا مكانة له ولاقبول #شكرآ_حمدوك	old_twitter	revolution_terms	NEUTRAL	HATE	OFFENSIVE	3	NO_MAJORITY	0	0.0
2825	شيء ما عظيم سيحدث في الشرق الاوسط ، ضمير ميت سيعود للحياة تحركات دبلوماسية وامنية كبيرة تجري بين قطر وتركيا ومصر و الحرس الثوري الايراني و السعودية المقاومة في العراق ولبنان واليمن تتجهز ايضا صبر ساعة خال_الفلول	war_corpus	hate_political	OFFENSIVE	HATE	NEUTRAL	3	NO_MAJORITY	0	1.0
2832	ما قلتو نافي كورونا ي اولاد ام زقدة #كيزان_حرامية #الجوع_ولا_الكيزان #كفاية_خم #تموتو_مغص #شكرا_حمدوك	old_twitter	humanitarian	NEUTRAL	HATE	OFFENSIVE	3	NO_MAJORITY	0	0.576
2840	بيانات قحت الجناح السياسي للمليشيا المتمردة وبيانات مليشيا الدعم الجناح العسكري ل قحت كلاهما كانما يخرجان من كنيف واحد بذات السياق ونفس الالفاظ والتعبيرات الزول البيكتب البيانات دي، حاول غير شويه عشان نعمل نفسنا صدقناكم واتغشينا قحت_لاتمثلني	war_corpus	hate_political	NEUTRAL	HATE	OFFENSIVE	3	NO_MAJORITY	0	0.643
2871	بحمد الله وفضله قرى فارس وريشا والشوشايه في قبضة القشم في طريقهم نحو الحمادي نصر من الله وفتح قريب لستم امنين طوفان كردفان فك حصار الفاشر	war_corpus	violence_reporting	OFFENSIVE	HATE	NEUTRAL	3	NO_MAJORITY	0	1.0
2873	القائد ابو شوتال يقود متحرك الشهيد البيشي لتحرير النيل الازرق ويرسل تحذيرا اخيرا للمرتزقة ومليشيا البرهان Commander Abu Shotal leads Martyr Al Bishi s Division to liberate the Blue Nile and sends a final warning to all mercenaries and SAF militia معركة_الديمقراطية حراس_الثورة_المجيدة	war_corpus	hate_tribal	OFFENSIVE	HATE	NEUTRAL	3	NO_MAJORITY	0	1.0
2892	في كل قواميس النساء، "الخيانة" هي أكثر الأفعال فظاعة و الذنب الذي لا يغتفر، لكن برغم كل خيانات الرجال، لا أفهم كيف تقبل المرآة أن تكون هي طرف الخيانة، كيف تقبل أن تكون "عشيقة سر" لرجل في يده خاتم لأخرى..	old_twitter	hate_political	HATE	NEUTRAL	OFFENSIVE	3	NO_MAJORITY	0	0.911
2909	في كل خطوه نخطوها نتزكر مقولتك يا عبدالعظيم (تعبنا يا صدقي ولكن لا احد يستطيع الاستلقاء وقت المعركه )وكل ما ننظر الي مستقبل تاتينا يا محجوب فلكم الرحمه ولنا الثبات #موكب6ابريل #مدن_السودان_تنتفض #تسقط_بس	old_twitter	hate_tribal	OFFENSIVE	HATE	NEUTRAL	3	NO_MAJORITY	0	1.0
2920	حميدتي و قتلو و عبد الرحيم و جرا فاضل شنو تاني؟	war_corpus	violence_reporting	OFFENSIVE	HATE	NEUTRAL	3	NO_MAJORITY	0	1.0
2921	شفت ناس الجابس ظهرو، اصلا الجمله دي ختيتها شرك، اظهر وبان عليك الامان، اخررج انتوا القديتوا الاقتصاد بتاعت الحجات ديل	old_twitter	random_no_keyword	NEUTRAL	OFFENSIVE	HATE	3	NO_MAJORITY	0	1.0
2940	الفاشر تنتصر مجددا وتصد هجوما كبيرا للمليشيا من الناحية الشرقية للمدينة ومصرع عدد من المرتزقة الكولومبيين الذين شاركوا مع المليشيا في معارك اليوم نصر من الله وفتح قريب	war_corpus	hate_political	OFFENSIVE	HATE	NEUTRAL	3	NO_MAJORITY	0	1.0
2986	ليست مهيلة وحدها بل ذهب الدراعة الي غرب الحصاحيصا منطقة سليم ولقنوا المجرم قجة درس في الادب والطاعة اكسح__امسح	war_corpus	profanity	NEUTRAL	HATE	OFFENSIVE	3	NO_MAJORITY	0	0.0
2993	وحدة في الحافلة قررت انو الكفار جابو فكرة التلفون من قصة الاسراء والمعراج لأنو جبريل عرض الحرم القدسي على النبي زي ما هسة بنشوف في التلفون	old_twitter	religious_sectarian	HATE	NEUTRAL	OFFENSIVE	3	NO_MAJORITY	0	0.671
3017	#اعتصام_القياده_العامه_مستمر #السودان_الاضراب_العام #تسقط_تالت الي القيادة وهتاف بلا هوادة اما تتحقق المطالب او تسقط بس ارادة الشعب اقوي من المؤامرات يجب عدم اضاعة الوقت مع افتضاح رائحة نتن الكيزان والايادي الخبيثة	old_twitter	hate_political	OFFENSIVE	HATE	NEUTRAL	3	NO_MAJORITY	0	1.0
3028	واحد مشى لصاحبه الحلفاوي قال ليهو عندي جاري كوز كبير عزمني عشاء واكلت حاجة بسيطة اها في الحالة دي كفارتي شنو	old_telegram	hate_political	HATE	OFFENSIVE	NEUTRAL	3	NO_MAJORITY	0	0.889
3032	تم تنفيذ اجراءات امنية مشددة في مدينة مدني، حيث تم القبض على عدد من الخلايا النائمة التابعة للمليشيا الخائنة والمرتزقة تمكنت القوات الامنية من اعتقال مجموعة كبيرة من المرتزقة وتفكيك خططهم تلك الاجراءات تاتي في اطار الجهود الرامية لضمان الامن والاستقرار في المدينة	war_corpus	hate_political	OFFENSIVE	HATE	NEUTRAL	3	NO_MAJORITY	0	1.0
3055	تحليلات الجنجويد ام قرون تسال وتنبه واولاد ابراهيم للحصار يجيبوا قفشات النصر صديق القناة عبودي سلك شارك قناة انصار القوات المسلحة السودانية علي التلغرام	war_corpus	hate_tribal	OFFENSIVE	HATE	NEUTRAL	3	NO_MAJORITY	0	0.695
3112	#حكومة_الكفآءات وزير العدل محمد أحمد سالم أي ياهو زاتو بتاع "خفيفة وهينه وبينه" زاتو كفآءات لكن #تسقط_بس #مدن_السودان_تنتفض	old_twitter	revolution_terms	NEUTRAL	HATE	OFFENSIVE	3	NO_MAJORITY	0	1.0
3114	يتم ردعه على الفور وسريعا جدا ويضموه للمجلس العسكري الانتقالي ليكون عبرة لمن لا يعتبر.. يد تضرب من حديد.. #لم _تسقط_بعد #اعتصام_القياده_العامه #مدن_السودان_تنتفض	old_twitter	hate_tribal	OFFENSIVE	HATE	NEUTRAL	3	NO_MAJORITY	0	1.0
3135	دا شنو الزي السوخوي دي	war_corpus	violence_incitement	HATE	NEUTRAL	OFFENSIVE	3	NO_MAJORITY	0	1.0
3140	#اقطعو_معاها قبال ما تقطعو معاك	old_twitter	random_no_keyword	NEUTRAL	HATE	OFFENSIVE	3	NO_MAJORITY	0	1.0
3141	#الفساد_في_السودان عشان تتأكد انه السودان دولة مخترقة وفيها كم دولة عميقه وفيها كمية من الوزراء والاحزاب العملاء وولائهم لدول أجنبية ما للسودان	old_twitter	hate_political	OFFENSIVE	NEUTRAL	HATE	3	NO_MAJORITY	0	1.0
3187	البينا بينكم دم وبكره الحساب يجمع عدو الشوارع كم؟ وشوفونا كيف نطلع انا وانت ما بنتلم والورقة تتقطع	war_corpus	threats	NEUTRAL	HATE	OFFENSIVE	3	NO_MAJORITY	0	0.0
3189	من كان يعبد الموتمر الوطني فإن الموتمر الوطني قد مات و من كان يعبدالله فإن الله حي لا يموت فإنا قد ولينا عليكم و لسنا بخيركم فإن رأيتمونا على حق فساعدونا بالسكات و إن رأيتمونا على باطل فأهجروا البلاد فإن أرض الله وااااااسعه.	old_telegram	hate_tribal	OFFENSIVE	HATE	NEUTRAL	3	NO_MAJORITY	0	0.523
3204	وزراة تعليم الانقلاب تقرر ايقاف الدراسة و فرض عقوبات على كل جامعة تواصل الدراسة حتى لو نقلت الطلاب الى خارج السودان و تجميد القبول للعام ٢٠٢٣ و ٢٠٢٤ يعني لازم تشلو الحياة يعني لازم كل الناس تقيف عشان حرب البرهان حميدتي لازم الدولة تنهار بدل تشجعو البجاهدو في الظروف دي	war_corpus	hate_tribal	NEUTRAL	HATE	OFFENSIVE	3	NO_MAJORITY	0	0.0
3210	البعوض دا قالو ليو مفروض يتحجر معانا ولا شنو كلو جانا فجاة كدا	old_twitter	random_no_keyword	NEUTRAL	OFFENSIVE	HATE	3	NO_MAJORITY	0	1.0
3212	المعلم يعلم؛ فالحصة وطن.. إنها دعاية مجانية عن التغيير والحرية ابداع ثوري يلهم ويلفت انظار العالم.. فهل مع مثل هؤلاء يجد أذيال النظام البائد موطأ قدم في السلطة؟! أرى أنهم يستطيعون تفكيك دولة الكيزان الساقطة وإن تلونوا. #اعتصام_القياده_العامه #سودان_الحريه_والتغيير حملة #حنبنيهو	old_twitter	hate_political	OFFENSIVE	HATE	NEUTRAL	3	NO_MAJORITY	0	1.0
3216	إن لم يتم #استكمال_هياكل_السلطه والاهتمام بأزمات الولايات وتنظيفها من فلول الكيزان والوكلاء الفاسدين الداعمين لخط النظام السابق، و #ازاله_تمكين_الوزارات بالكامل، فالتستعد حكومة الثورة لـ #مدن_السودان_تنتفض من جديد كما انتفضت عطبرة في وجه واليها، فثمة احتقانات عامة ستنفجر.	old_twitter	hate_political	OFFENSIVE	HATE	NEUTRAL	3	NO_MAJORITY	0	1.0
3221	يا اخوانا الناس بقت واصله مرحلة بعيدة من الخساسة والشر والحقد والكراهية والتعامل الكعب لا حولا لا حولا اللهم إنّا نعوذ بك من كل البشرية النفوسها ما نضيفة	old_twitter	profanity	OFFENSIVE	HATE	NEUTRAL	3	NO_MAJORITY	0	1.0
3223	بعد سقوط نظام الكيزان لابد من القصاص العادل لكل مواطن تعزى من بطش هذا النظام الفاسد. والقصاص للوطن لأنهم سرقوا وخرٌبوا ممتلكات الشعب وحولوها الى ملكية خاصة. يحاسبوا على كل افعالهم في نهب ثروات البلد منذ وحتى يوم سقوطهم. #مدن_السودان_تنتفض #موكب10مارس #تسقط_بس	old_twitter	hate_political	OFFENSIVE	HATE	NEUTRAL	3	NO_MAJORITY	0	1.0
3256	#تسقط_بس #تسقط_الثورة_المضاده #اعتصام_القيادة_العامة يبد أن المليار بدأت تأتي ثمارها لذلك أعتقد والله أعلم أن سيناريو مصر أقرب للحقيقة من سيناريو تحقيق مطالب الشعب قلت وكررت على الشعب السوداني ينتبه لسدنة الثورة المضادة فحجة فتح الطرقات يجب أن تكون حاضرة بذهن الشعب السوداني	old_twitter	revolution_terms	OFFENSIVE	HATE	NEUTRAL	3	NO_MAJORITY	0	1.0
3270	تنويرات ثورية من الميدان ملوك وكنداكات الشعب السوداني متحدين ضد الانقلابيين الردة_مستحيلة العصيان_المدني_العام لا_للانقلاب_العسكري يسقط_حكم_العسكر SudanCoup شير_نووي	war_corpus	hate_political	OFFENSIVE	HATE	NEUTRAL	3	NO_MAJORITY	0	1.0
3279	#مدن_السودان_تنتفض لاسقاط واسكات كذب ونفاق الكيزان علينا الثبات والعزيمة كفاية خداع. تعالوا نتفاعل في هاشتاج#تسقط_تاني	old_twitter	hate_political	OFFENSIVE	HATE	NEUTRAL	3	NO_MAJORITY	0	1.0
3293	اليوم كلو مع شهد التقول مجكسين ومنتظر الناس تسكت انتظر كويس الطلقة ما بتقتل بقتل سكاتهم والله	old_twitter	violence_reporting	NEUTRAL	HATE	OFFENSIVE	3	NO_MAJORITY	0	1.0
3312	مبرووووك مشتركة الصحراء التحمت مع متحرك الرمق الاخير في ملحمة دموية انتصرت فيها انتصار كاسح ، وللعلم عبدالرحيم دقلو كان قائد متحرك العدو ، الله اكبر	war_corpus	hate_tribal	OFFENSIVE	HATE	NEUTRAL	3	NO_MAJORITY	0	1.0
3340	مسؤول عسكري القوات المسلحة قتلت المئات واسرت 14 من مرتزقة دولة جنوب السودان في عملية استرداد الاذاعة والتلفزيون	war_corpus	violence_reporting	OFFENSIVE	HATE	NEUTRAL	3	NO_MAJORITY	0	1.0
3373	بعدين موضوع السقوط متناقض مع اسمهم، انتو اهدموا و هم بجو بعدين يبنوا بيكم	old_twitter	random_no_keyword	NEUTRAL	HATE	OFFENSIVE	3	NO_MAJORITY	0	0.0
3404	ربيع الاول 1437 ولاية الانبار اخرجوا المشركين من جزيرة العرب جودة 360	war_corpus	religious_sectarian	OFFENSIVE	HATE	NEUTRAL	3	NO_MAJORITY	0	1.0
3415	عايز اقول حاجه المتحدث الرسمي الكان بتكلم اسمع انت بتنهر فينا كدا ليه اولا ثانيا بلادي سهول بلادي حقول ببقي ليك شنو... #تسقط_بس	old_twitter	profanity	NEUTRAL	HATE	OFFENSIVE	3	NO_MAJORITY	0	1.0
3451	بصدور عاريه، وهمم عاليه ،وإيمان عظيم بثورة شامخه ،واجه ثوار السودان الرصاص الحي،والعنف الهمجي،من من لايخاف الله في هذا الشهر الفضيل،من الذي يحمي البلاد والعباد اذا كان المجرمون يسفكون الدماء ويقتلون ويغادرون ؟يسقط التآمر وتحيا الثورة.#السودان_التصعيد_الثوري #تسقط__بس	old_twitter	revolution_terms	OFFENSIVE	HATE	NEUTRAL	3	NO_MAJORITY	0	1.0
3482	١ ١ ٢٠٢٤ سياتيكم الموت يامرتزقة من كل مكان نصر_من_الله_وفتح_قريب الفداء_والوعي	war_corpus	hate_political	OFFENSIVE	HATE	NEUTRAL	3	NO_MAJORITY	0	1.0
3495	دعامي ظهر ليهم بعد متكو اخوانو قال ليهم جاهزية الفدائي قال ليو نحن زاتو جاهزية حشوا وملوا قصدير	war_corpus	hate_political	HATE	NEUTRAL	OFFENSIVE	3	NO_MAJORITY	0	0.936
3504	ولاية العراق ديالى بفضل الله تعالى، استهدف جنود الخلافة الية رباعية الدفع للحشد العشائري المرتد شمال منطقة العظيم ، بتفجير عبوة ناسفة، ما ادى لتدميرها ومقتل واصابة من كان على متنها، ولله الحمد والمنة	war_corpus	religious_sectarian	OFFENSIVE	HATE	NEUTRAL	3	NO_MAJORITY	0	1.0
3509	بيان رقم 1 صادر عن الحرس الثوري في عشية شهر محرم الحرام، شهر عزاء قائد الشهداء سيدنا ابو عبد الله الحسين عليه السلام ، نحذر مرة اخرى اعداء ايران الاسلامية من ان عصر اضرب واهرب قد انتهى	war_corpus	humanitarian	OFFENSIVE	HATE	NEUTRAL	3	NO_MAJORITY	0	1.0
3512	الفريق اول شمس الدين كباشي تاني مافي اطاري والقوات المسلحة تمتلك زمام المبادرة ولن نتجاوز رغبات شعبنا سلما او قتالا	war_corpus	profanity	OFFENSIVE	HATE	NEUTRAL	3	NO_MAJORITY	0	1.0
3531	وااااسفاه لما مجلس عسكري انتقالي يكون فيهو برهان اللي قال هو (رب الفور وح يمحيهم جميعا وزي حميدتي(ما اظن درس ثانوي) اللي مرتكب جرائم إبادة في دارفور والله م ح تقوم لينا قائمة. #مدن_السودان_تنتفض #اعتصام_القيادة_العامة #لم_تسقط_بعد	old_twitter	hate_tribal	NEUTRAL	HATE	OFFENSIVE	3	NO_MAJORITY	0	0.0
3551	الترند الاول الحمد لله الله ينصرنا بكرا على العفن البشير و وحاشيته ويا رب الكل بكره يرجع بيته سالم وتسقط بس #موكب6ابريل #تسقط_بس	old_twitter	revolution_terms	NEUTRAL	HATE	OFFENSIVE	3	NO_MAJORITY	0	0.0
3569	العبارات دي مرفقة معاها صورهم +صورة #اعتصام_القياده_العامه توقيع #تسقط_بس لااازم تكون في قاعات الاجتماعات في كل مؤسسات الدولة اي افتتاحية اي لقاء مهم ومتلفز يبداء بالترحم علي ارواحهم مع عرض الصور في الشاشة ، عشان لو اي مسؤول فكر يلعب كدا ولا كدا يتذكر الصور دي	old_twitter	dehumanizing	OFFENSIVE	HATE	NEUTRAL	3	NO_MAJORITY	0	1.0
3625	بكره الموكب بكره الموكب بكره الموكب بكره الموكب #تسقط_بس #مدن_السودان_تنتفض	old_twitter	revolution_terms	NEUTRAL	HATE	OFFENSIVE	3	NO_MAJORITY	0	0.0
3629	زيارة مساعد القائد العام للقوات المسلحة الفريق اول ركن ياسر العطا اليوم لقيادة قوات العمل الخاص بسلاح المهندسين معركة_الحسم العمل_الخاص مع_الجيش ده_جيش_بداوس الجيش_صاحي شعب_واحد_جيش_واحد	war_corpus	violence_reporting	OFFENSIVE	HATE	NEUTRAL	3	NO_MAJORITY	0	1.0
3635	الحياد في القضايا المصيرية خيانة ، ونحن لسنا محايدين بل ندعم وبقوة قواتنا المسلحة والقوات المشتركة وكل القوات الشعبية والوطنية التي تقف مع الوطن حتي تحقيق الانتصار باشمهندس خالد عبد الخبير نور رئيس رابطة ابناء دارفور بنيويورك	war_corpus	hate_tribal	OFFENSIVE	HATE	NEUTRAL	3	NO_MAJORITY	0	1.0
3641	همتكم معانا يا جيش م باقي كتير والله	war_corpus	violence_incitement	HATE	NEUTRAL	OFFENSIVE	3	NO_MAJORITY	0	1.0
3651	كما نناشد الشرفاء في قوات شعبنا المسلحة بالتصدي للمليشيات الغادرة والدفاع عن الثوار السلميين نحن نحمل المجلس العسكري الانقلابي مسؤولية امن وسلامة المعتصمين ونؤكد ان اي نقطة دم تسيل سيتحاسب عليها كل افراد المجلس العسكري، مجزره_القياده_العامه	war_corpus	hate_political	OFFENSIVE	HATE	NEUTRAL	3	NO_MAJORITY	0	0.642
3652	بخصوص كبري كوبر دا كلام أكيد لكن لسلامتكم كبري الحديد افضل خيار	old_twitter	violence_incitement	HATE	NEUTRAL	OFFENSIVE	3	NO_MAJORITY	0	1.0
3664	تمرد كل حرف من حروفي	old_telegram	hate_political	NEUTRAL	HATE	OFFENSIVE	3	NO_MAJORITY	0	1.0
3680	قوات العدو تحاول الدخول الى مدينة الفاو الان باتجاه ميجر ٦ والجيش يتعامل معها بالمدفعيه الثقيله اللهم ثبت الاقدام اللهم نصرا عاجلا وفرجا قريبا عاجل الطيران المسير يشارك في معركة الفاو ويبدا في تدمير مدافع واليات العدو الثقيله اللهم نصرا عاجلا وفرجا قريبا ابراهيم الحوري	war_corpus	violence_reporting	OFFENSIVE	HATE	NEUTRAL	3	NO_MAJORITY	0	1.0
3719	الصمت أمام الكيزان يعني الازلال #مدن_السودان_تنتفض	old_twitter	hate_political	OFFENSIVE	HATE	NEUTRAL	3	NO_MAJORITY	0	1.0
3745	اصلا انتي حيجيك توحد كل الناس بتكرهك	old_twitter	random_no_keyword	NEUTRAL	HATE	OFFENSIVE	3	NO_MAJORITY	0	1.0
3759	إبداعات ثورتنا ما حتقيف تاني حتى لو بعد سنه لانها بقت ثقافة بينا كلنا وفي قدسية غريبه للسلمية و للمواكب و مقاومة الكجر وحاجات والله مليون كلمة ما بتوفيها حرية سلام وعدالة الثورة خيار الشعب #تسقط_بس	old_twitter	violence_reporting	OFFENSIVE	HATE	NEUTRAL	3	NO_MAJORITY	0	0.642
3762	عملية نوعية جديدة تؤكد احترافية استخبارات الجيش،حيث تم القضاء على طاقم اماراتي ومجموعة من مهندسي وطياري الدعم_السريع وبعض العناصر الاجنبية الذين كانوا يسعون لتشغيل مطار الجنينة،فور عبورهم حدود ادري ضربة واحدة انهت محاولاتهم الخائنة مصير كل من يتامر على الوطن هو الهلاك	war_corpus	hate_political	OFFENSIVE	HATE	NEUTRAL	3	NO_MAJORITY	0	1.0
3769	الما قضت تلحق ببقى ليكن قضاء و كفاره ، و ده ما اقتصاد كفاره اصلو.	old_twitter	religious_sectarian	HATE	NEUTRAL	OFFENSIVE	3	NO_MAJORITY	0	0.671
3780	يااخي تسقط بس الله ياخدكم اخد عزيز مقتدر	old_twitter	revolution_terms	NEUTRAL	HATE	OFFENSIVE	3	NO_MAJORITY	0	1.0
3799	يامان انا خاتيني وش وتسقط تسقط تسقط بسس وحريقة في اي عسكري	old_twitter	violence_reporting	NEUTRAL	HATE	OFFENSIVE	3	NO_MAJORITY	0	1.0
3800	دحرت القوات المسلحة لليوم الرابع محاولات المليشيا الهجوم على معسكر جبل اولياء كبدت قوات جبل اولياء المليشيا خسائر كبيرة واسقطت ثلاثة مسيرات خلال اليوم ومثلهم امس لعبت القوات الجوية دورا كبيرا في مطاردة وتحطيم الكتلة الصلبة للقوات المنتحرة وقتلت العشرات ودمرت عديد الاليات	war_corpus	violence_incitement	OFFENSIVE	HATE	NEUTRAL	3	NO_MAJORITY	0	1.0
3805	جهاز الامن والمخابرات الوطني يعلن القبض على عناصر من حركة المتمرد عبد الواحد نور ، تم تجنيدهم من الموساد الاسرائيلي لاثارة الفوضى وتخريب وحرق الممتلكات في السودان ____________	war_corpus	hate_political	OFFENSIVE	HATE	NEUTRAL	3	NO_MAJORITY	0	1.0
3808	ليه كدا ياخ سلامتك من الحمى	old_twitter	violence_incitement	HATE	NEUTRAL	OFFENSIVE	3	NO_MAJORITY	0	1.0
3815	معركة_الحسم ابطال القوات المسلحة السودانية في كرري يبعثون برسالة بشائر النصر الاثنين ٣ يوليو ٢٠٢٣ م انهاء_التمرد جيش_واحد_شعب_واحد	war_corpus	violence_reporting	OFFENSIVE	HATE	NEUTRAL	3	NO_MAJORITY	0	1.0
3819	قوي اعلان الحرية والتغيير الولاية الشمالية بيان حول احداث كريمة جماهير الولاية الشمالية، جماهير شعبنا على امتداد الوطن العزيز، مازلنا وما تزال فلول النظام الهالك سادرة في غيها بلا حرج، مستمرئة في اقتراف جرائمها دون وازع، تطبيق_العداله_الانتقاليه	war_corpus	neutral_news	OFFENSIVE	HATE	NEUTRAL	3	NO_MAJORITY	0	1.0
3828	مئات المشاهد المبكية و المخجلة من بداية الثورة و احدثها منظر المرة الدخلو ليها بيتا الليلة و هي ما لابسة توبا لما اعترضت قالو ليها انتي قايلة روحك شنو. الحكومة دي في كلو يوم بتثبت انها لازم #تسقط_بس	old_twitter	revolution_terms	NEUTRAL	HATE	OFFENSIVE	3	NO_MAJORITY	0	1.0
3846	السيد رئيس الجمهورية لا يرضينا الا تناذلك من حكم البلاد رساله واضحة شديد #تسقط_بس	old_twitter	revolution_terms	NEUTRAL	HATE	OFFENSIVE	3	NO_MAJORITY	0	0.0
3849	هروب جماعي لعناصر اجرامية من مليشيات الدعم السريع الارهابية الى غرب السودان مع عدد من سيارات المواطنين السودانيين المنهوبة تحت تهديد السلاح من الخرطوم	war_corpus	threats	OFFENSIVE	HATE	NEUTRAL	3	NO_MAJORITY	0	1.0
3862	تطلع روحمم اللهي زي م طلعو روحنا	old_twitter	random_no_keyword	NEUTRAL	HATE	OFFENSIVE	3	NO_MAJORITY	0	1.0
3871	تنسيقيات لجان مقاومة ولاية الخرطوم تصريح صحفي توافقت تنسيقيات لجان ولاية الخرطوم على ان يوم السبت الموافق 13 نوفمبر يوما ثوريا خالصا، تسير فيه مليونيات الغضب لاسقاط المجلس العسكري ونهيب بجماهير الشعب السوداني بالداخل والخارج بالمشاركة بفعالية في المليونية مليونية13نوفمبر	war_corpus	neutral_news	OFFENSIVE	HATE	NEUTRAL	3	NO_MAJORITY	0	1.0
3910	حطاب امس بمساعدة بعض المواطنين هناك تم الهجوم علي معسكر حطاب لكن الجيش كان صاحي ووقعو في كمين وتم تحييد جزو كبير منهم واسر جزو وهروب البقية لا تسقط الاوطان الا بخيانة ابنائها	war_corpus	hate_political	OFFENSIVE	HATE	NEUTRAL	3	NO_MAJORITY	0	1.0
3919	حانطلع الشارع واحد من ثلاثه ١.اما نصر يفرح العدو والصليح ٢.واما شهادة ونكون متنا عشان هذا الوطن الفسيح الممتد معلم الشعوب ٣.ان شاء الله مايحصل الخيار الثالث دا ونكون منتصرين باذن الله والنصرحليفنا ان شاء الله واخيراً نعلن اعلان رسمي خروجنا علي هذا الطاغيه وتسقط تسقط بس	old_twitter	revolution_terms	NEUTRAL	HATE	OFFENSIVE	3	NO_MAJORITY	0	1.0
3921	البائد هذا النظام النتن المتعفن، الذي مازال يتشبث بالسلطة، عبر اذياله في المجلس العسكري، ومازال يمارس التقتيل والتنكيل والسحل والاعتقال ضد الشرفاء، ولكننا كما استطعنا ان نزيح الطاغية البشير بكل ترسانته الامنية والعسكرية، والاصطفاف الحزبي الاسلاموي خلفه، سنزيح ايضا المجلس	war_corpus	violence_reporting	NEUTRAL	HATE	OFFENSIVE	3	NO_MAJORITY	0	0.723
3935	ناس الأمم المتحدة عاملين مخصصات مالية ضخمة لعملية التسريح و اعادة الدمج ، الحكومة السودانية بتدفع القروش دي للدفاع الشعبي #السودان_ينتفض	old_twitter	profanity	OFFENSIVE	HATE	NEUTRAL	3	NO_MAJORITY	0	1.0
3937	ثريد موجع بس لازم الكل يقراو عشان تعرفوا انو الكيزان ما بس حرمونا من موية وكهرباء ديل بيبيدوا في اخوانا عديل ونحن ماجايبين خبر	old_twitter	hate_political	OFFENSIVE	HATE	NEUTRAL	3	NO_MAJORITY	0	1.0
3957	يا ساكتين سكاتكم شين فاتحين محلاتهم وركبين المواصلات لا مع الثوار ولا مع الكيزان وفي الغالب هم اكتر ناس متضررين من النظام. لمتين؟ لمتين؟ #موكب14مارس #مدن_السودان_تنتفض #تسقط_بس	old_twitter	hate_political	OFFENSIVE	HATE	NEUTRAL	3	NO_MAJORITY	0	1.0
3974	القشاش سعادة القائد اللواء ركن عبدالمنعم عبدالباسط يتوعد المتمردين	war_corpus	hate_tribal	OFFENSIVE	HATE	NEUTRAL	3	NO_MAJORITY	0	1.0
3978	الان الملايش في حالة ضعف يجب تسريع الخطوات العسكريه ل تحرير كل المناطق مع استنفار كل طاقات الشعب السوداني ل تسريع عملية تحرير كل مناطق	war_corpus	dehumanizing	OFFENSIVE	HATE	NEUTRAL	3	NO_MAJORITY	0	1.0
3988	قحت_لا_تمثلني لم_نفوض_قحت تم بحمدالله القبض على المتمرد العميد ركن معاش احمد محمد عمر احمد قائد قوات التمرد التي هاجمت مروي صبيحة السبت ١٥ ٤ ٢٠٢٣ بواسطه الجهات الامنيه بعد توفر معلومات بوجوده متخفي جيش_واحد_شعب_واحد كامل_التضامن_مع_القوات_المسلحة	war_corpus	hate_political	OFFENSIVE	HATE	NEUTRAL	3	NO_MAJORITY	0	1.0
4004	بسم الله الرحمن الرحيم تصريح صادر عن حركة المقاومة الشعبية في فلسطين _ لن نقبل اي قوات دولية او غيرها في قطاع غزة ونحن والفصائل عامة وشعبنا من يقرر مصير ومستقبل القطاع وسنتعامل مع هذه القوات كما نتعامل مع العدو الصهيوني المحتل لارضنا الجمعة الموافق 05_07_2024م	war_corpus	threats	OFFENSIVE	HATE	NEUTRAL	3	NO_MAJORITY	0	1.0
4042	يازول ماتشيل شيلتك براك! داير تدخلنا معاك ليه؟" طبعاً الزول ده رباطابي و المختطف شايقي..	old_twitter	hate_tribal	NEUTRAL	OFFENSIVE	HATE	3	NO_MAJORITY	0	0.0
4056	لا حوار لا تفاوض تنحي من غير شروط نخاف على ثورتنا من النخب تسقط بس... الشهيد عبدالسلام كشه	old_twitter	violence_reporting	NEUTRAL	HATE	OFFENSIVE	3	NO_MAJORITY	0	0.723
4064	الدويلة شغاله حمله تلميع في نفسها اجلدوا الدويلة الرابط	war_corpus	threats	NEUTRAL	HATE	OFFENSIVE	3	NO_MAJORITY	0	0.0
4067	ياجاهزيه اين مضادات الطيران الفيلول دمرونا في مليط قربت_شديد معركة_الكرامة قوات_العمل_الخاص الخرطوم_مقبرة_الجنجويد تابع احدث الاخبار تيك توك تليجرام الفيسبوك انستغرام	war_corpus	violence_incitement	HATE	OFFENSIVE	NEUTRAL	3	NO_MAJORITY	0	1.0
4101	ناس الجنوبي زابطين شديد ، بالرغم من انهم بعانو من صعوبة امتحاناتهم وضغوطات الحياة الجامعية عندهم الا انهم بدوك احساس كاسرين الحنك وهم ما كاسرينو واضحين جدا ، دسيسين جدا ، مضحكين درعه ، وحلوين والله ، ماحصل لاقيت زول من الجنوبي ما زابط	old_twitter	random_no_keyword	NEUTRAL	HATE	OFFENSIVE	3	NO_MAJORITY	0	1.0
4118	اشاوس قوات الدعم السريع يحكمون سيطرتهم على محلية ام روابة ويحذرون الفلول معركة_الديمقراطية حراس_الثورة_المجيدة	war_corpus	hate_political	OFFENSIVE	HATE	NEUTRAL	3	NO_MAJORITY	0	1.0
4128	قبل شوية في الديم تم القبض علي خمسة اشخاص من ناس الحلة (اعمامك كبار) داهموهم جوة البيت كان بتكلمو عن موكب بكرة. لو انت بتطلع مظاهرات كتير اليلة م تطلع الشارع لحدي بكرة الناس تعمل حسابه شديد شدييد ررررتويت بالله عشان غيرك يعرف #تسقط__بس #موكب6ابريل	old_twitter	revolution_terms	OFFENSIVE	HATE	NEUTRAL	3	NO_MAJORITY	0	1.0
4156	عاجل الخارجية السودانية نؤكد عدم صحة ما تروج له بعض الجهات بقبول القوات المسلحة الدخول في تفاوض مع قوات الدعم السريع السودان عاجل الخارجية السودانية لا خيار امام المتمردين سوى الاستسلام او الفناء	war_corpus	hate_political	OFFENSIVE	HATE	NEUTRAL	3	NO_MAJORITY	0	1.0
4173	ابقا امير الدولة في ولاية السودان واحكمها بالشريعة واطبق الحدود في بني كوز ومن معهم	old_telegram	hate_political	OFFENSIVE	HATE	NEUTRAL	3	NO_MAJORITY	0	1.0
4182	صد راجع بالمظالم من سنين هجرك و طولا	old_twitter	violence_incitement	HATE	NEUTRAL	OFFENSIVE	3	NO_MAJORITY	0	1.0
4190	وحميدتي حاليا بينفذ في المهمة اللي جابه الساقط المخلوع البشير مخصوص من الخلا عشانها! #مجزرة10رمضان #تسقط_بس	old_twitter	violence_reporting	NEUTRAL	HATE	OFFENSIVE	3	NO_MAJORITY	0	1.0
4197	هوي ياناس اي زول من رتبة عقيدكان في نظام البشير عشان كده اتكلم عن الشرف كلهم حراميه #تسقط_بس	old_twitter	revolution_terms	NEUTRAL	HATE	OFFENSIVE	3	NO_MAJORITY	0	1.0
4202	دا حال الشعب السودان اليوم و هو بيشوف في النيران المولعة بين الكيزان و الجنجويد #الالتزام_باعلان_الحرية_والتغيير	old_twitter	hate_tribal	OFFENSIVE	NEUTRAL	HATE	3	NO_MAJORITY	0	0.587
4210	انهار الجرف الذي وقف عليه سادتهم وسيقوا الى مقامهم المستحق في السجون، وسيقتات القلق على ايام صغار القتلة المعدودة قبل ان تطالهم يد عدالة الارض لتسلمهم الى عدالة السماء السودان_القضايا_العالقة	war_corpus	violence_reporting	NEUTRAL	HATE	OFFENSIVE	3	NO_MAJORITY	0	1.0
4218	اي نهايتكم قربت شندي الفاشر سنار مدني كردفان الخرطوم الابيض يجي واحد some يقول نبلكم بالطيران فالنتيجة يدق عجايز ويقولو سوء تدوين	war_corpus	profanity	NEUTRAL	HATE	OFFENSIVE	3	NO_MAJORITY	0	1.0
4220	اي يعني لمن نطلع نودز لي "واحدة" من الامنجية كدا رجعنا حق كل الناس الاتظلمت؟خلاص كدا النظام سقط؟ بكرة البشير حيعلن تنحيهو عن الرئاسة بسبب انتهاك عرض جهازو الامني؟	old_twitter	revolution_terms	NEUTRAL	HATE	OFFENSIVE	3	NO_MAJORITY	0	1.0
4235	الفريق اول ياسر عبدالرحمن العطا مساعد القائد العام للجيش السوداني مليشيا الدعم السريع تستقدم مرتزقة من دول الجوار الغربي للسودان، وادخلت الاسبوع الماضي 6 الاف مقاتل تصدى لهم الجيش معركة_الكرامة الجيش_السوداني جيش_واحد_شعب_واحد	war_corpus	hate_political	OFFENSIVE	HATE	NEUTRAL	3	NO_MAJORITY	0	1.0
4238	قائد المدرعات ولاية الخرطوم حاليا خالية تماما من التمرد وذلك على ضوء الانتصارات التي حققتها القوات المسلحة والقوات المساندة في محوري غرب ام درمان المويلح وجنوبها الصالحة للمزيد من الاخبار تابع قناة الخرطوم مقبرة الجنجويد على واتساب عبر الرابط الخرطوم_مقبرة_الجنجويد	war_corpus	hate_political	OFFENSIVE	HATE	NEUTRAL	3	NO_MAJORITY	0	0.695
4257	حلة عمر جنوب ٢٤ القرشي المقاومة الشعبية	war_corpus	profanity	OFFENSIVE	HATE	NEUTRAL	3	NO_MAJORITY	0	1.0
4265	مركز حنظلة استمرارا للخطوات الاحتجاجية التي تخوضها الحركة الاسيرة في مواجهة السجان الصهيوني واجراءات الفاشي العنصري بن جفير، من المقرر ان يرتدي الاسرى في كافة السجون ملابس الشاباص بعد صلاة الظهر حتى نهاية اليوم، والتي تعبر عن حالة الغضب لديهم والجهوزية والاستنفار لمواجهة ما يسمى ادارة السجون	war_corpus	dehumanizing	OFFENSIVE	HATE	NEUTRAL	3	NO_MAJORITY	0	1.0
4291	العيشة في حلفا كفارة ذنوب	war_corpus	dehumanizing	HATE	NEUTRAL	OFFENSIVE	3	NO_MAJORITY	0	0.671
4304	قائد المليشيا الارهابية المتمردة بمنطقة الحاج عبد الله في قبضة قوات درع السودان نصر من الله وفتح قريب	war_corpus	hate_tribal	OFFENSIVE	HATE	NEUTRAL	3	NO_MAJORITY	0	1.0
4343	محور بحري شغال بمبدا الاستلام الكامل او التدمير الشامل لمقدرات العدو وسلاحه وهلاك مرتزقته عمار حسن تابعونا على الرابط قناة التلغرام _ قناة الواتساب	war_corpus	violence_reporting	OFFENSIVE	HATE	NEUTRAL	3	NO_MAJORITY	0	1.0
4354	الكوز والعسكري اكبر مشاكل السودان	old_twitter	hate_political	OFFENSIVE	HATE	NEUTRAL	3	NO_MAJORITY	0	1.0
4357	مسيرات الجيش السوداني تستثنى نعشا لاحد قادة المليشيا الارهابية من الاستهداف والضرب وتسمح بتشييعه الى مثواه الاخير دون قصف المشيعين احتراما للدين وقواعد الاشتباك والقوانين الدولية ١٥ فبراير ٢٠٢٤م السودان القوات_المسلحة_السودانية المقاومة_الشعبية تحت قيادة القوات المسلحة نحن في الشدة باس يتجلى معركة_الكرامة مليشيا_حميدتي_منظمة_ارها_بية جيش_واحد_شعب_واحد sudan SudanNews Conflict_in_Sudan sudan_war	war_corpus	humanitarian	OFFENSIVE	HATE	NEUTRAL	3	NO_MAJORITY	0	0.642
4369	الشهيد عبد الكريم بديع الشيخ 21عاما الذي ارتقى برصاص مستوطن صهيوني قرب قلقيلية	war_corpus	hate_tribal	OFFENSIVE	HATE	NEUTRAL	3	NO_MAJORITY	0	1.0
4373	الانتقالية تسلم سكر رمضان رمضان. حميدتي يسلم جسامين الشهداء ٨رمضان. حكومة الكيزان لم تسلم سكر ولا رمضان. #وزير_الصحه_السوداني	old_twitter	hate_political	OFFENSIVE	HATE	NEUTRAL	3	NO_MAJORITY	0	1.0
4376	تسقط_بس النظام الفاسد محاصر وساقط لا محال الثبات يا أحرار	old_twitter	random_no_keyword	NEUTRAL	HATE	OFFENSIVE	3	NO_MAJORITY	0	0.0
4377	عمر أبن الخطاب لوماتت شاة علي شط الفرات ضائعة لظننت ان الله تعالي سائلي عنها يوم القيامه اين انت من هذا يا عمر البشير الناس بتموت ظلم في الشوارع تسقط بس	old_twitter	violence_reporting	NEUTRAL	HATE	OFFENSIVE	3	NO_MAJORITY	0	0.0
4388	ولاية خراسان بتوفيق الله تعالى، استهدف جنود الخلافة عنصرا من ميليشيا طالبان المرتدة برفقة جاسوس لاستخبارات الحكومة الافغانية المرتدة السابقة، في الناحية 7 من مدينة جلال اباد ، بطلقات مسدس، ما ادى لهلاكهما، ولله الحمد والمنة	war_corpus	religious_sectarian	OFFENSIVE	HATE	NEUTRAL	3	NO_MAJORITY	0	1.0
4389	انا اشرت للموضوع لانه مفبرك واصلا الشراكة كانت اكبر خطا وان شاء الله ٣٠ يونيو يتم التصحيح ويستلمها حمدوك كلها من والى من غير قحت ومن غير احزاب وكيزان	war_corpus	hate_political	OFFENSIVE	HATE	NEUTRAL	3	NO_MAJORITY	0	1.0
4398	الكان معاك ثائر الليله اسمو شهيد لازم نجيب حقو الليله قبل العييد #اعتصام_القيادة_العامة	old_twitter	violence_reporting	NEUTRAL	HATE	OFFENSIVE	3	NO_MAJORITY	0	1.0
4408	الناطق باسم حركة حماس حازم قاسم القصف الاسرائيلي الذي استهدف عدة نقاط رصد للمقاومة في قطاع غزة، مساء الجمعة؛ سلوك اجرامي نازي ضد شعبنا الفلسطيني، وهذا الاجرام لن يردع شعبنا عن مواصلة نضاله المشروع لاسترداد حقوقه	war_corpus	neutral_news	OFFENSIVE	HATE	NEUTRAL	3	NO_MAJORITY	0	1.0
4419	غالبا اي حزب عددو بكون معروف وطبعا في جامعتنا الكيزان اكتر لانها حكوميه فغالبا ابراهيم ماحايفوز	old_telegram	hate_political	OFFENSIVE	HATE	NEUTRAL	3	NO_MAJORITY	0	1.0
4440	تتوالى الضربات الجوية على فلول الهارب عبدالرحيم دقلو ومئات المجغومين وت دمير عدد كبير من العربات القتالية	war_corpus	hate_tribal	OFFENSIVE	HATE	NEUTRAL	3	NO_MAJORITY	0	1.0
4443	سوره البقره بي الصلاة برضا الله سبحان وتعالي ثم الوالدين وشكرا وجزاكم الله خير ورفعت الجلسه وعليك الله البقول بي عيون حبيبي وماعارف الحنك الوهمي داك بلاي احجبو التعليق مني هههههه احظرك يعني موش كلامك صاح اول مرة تقول شي صاح جات معاك كيف	war_corpus	threats	OFFENSIVE	HATE	NEUTRAL	3	NO_MAJORITY	0	1.0
4444	#تسقط_بس #مدن_السودان_تنتفض كتب القاضي الاسبق- مولانا سيف الدولة حمدناالله: *حول "زفّة" قاضي الطوارئ!!* القاضي تاج الدين إدريس الذي حكم على النساء المتظاهرات بالجلد (مع السجن) وإصراره على تنفيذ الجلد فور صدور...	old_twitter	revolution_terms	NEUTRAL	HATE	OFFENSIVE	3	NO_MAJORITY	0	0.0
4451	كذب من قال نناصبكم العداء فقط العيال كبرت	old_twitter	random_no_keyword	NEUTRAL	HATE	OFFENSIVE	3	NO_MAJORITY	0	1.0
4457	مجموعة الشهيد كتابين تصل بابنوسة وتحذر جولتنا واحدة واحسمة مع فلول الفرقة 22 The Martyr Kitabin group arrives in Babanusa and warns It ll take once to overpower the 22nd Division remnants معركة_الديمقراطية حراس_الثورة_المجيدة	war_corpus	hate_political	OFFENSIVE	HATE	NEUTRAL	3	NO_MAJORITY	0	1.0
4480	التخويف من ان رغبة المعارضة انها تبقي السودان ده دولة علمانية الرد ساهل للإدعاءات دي "الكلام ما بقروش والحل في البل" الشعب ده لمن كان بقول #تسقط_بس كان كلام والكلام برضو مابقروش...لكن الشعب انتفض وقلع الحكومة قلع الحل في البل في المرحلة الجاية دي لو ناس التجمع زاتو جو قالو	old_twitter	religious_sectarian	OFFENSIVE	HATE	NEUTRAL	3	NO_MAJORITY	0	1.0
4513	التدخلات الخليجيه في البلاد عبر المجلس الانقلابي كارثه تواجد المؤسسه العسكريه علي قمه البلاد كارثه اكبر علينا المطالبه بلجنه تقصي حقائق دوليه لنشرع في معالجه الخلل الذي ادي لمقتل مدنيين امام الجيش الذي عجز عن حمايه الارواح حتي لاتتكرر الحادثه #نناضل_لا_نساوم #مدن_السودان_تنتفض	old_twitter	hate_political	OFFENSIVE	HATE	NEUTRAL	3	NO_MAJORITY	0	1.0
4526	بداية عودة الكهرباء ابتداءا باجزاء واسعه من شرق النيل المايقوما للمزيد من الاخبار تابع قناة الخرطوم مقبرة الجنجويد على واتساب عبر الرابط الخرطوم_مقبرة_الجنجويد	war_corpus	hate_tribal	HATE	OFFENSIVE	NEUTRAL	3	NO_MAJORITY	0	0.673
4532	الدولار عامل شغل الجنجويدي هشام عباس ظهور في العلن	war_corpus	hate_tribal	HATE	OFFENSIVE	NEUTRAL	3	NO_MAJORITY	0	0.944
4552	نطالب من يهمه الامر بفرض عقوبات على مستشاري الدعم السريع الموجودون في اوربا و لندن و يحرضون على القتل في السودان ولا باس ان قمتم باعتقالهم	war_corpus	violence_reporting	NEUTRAL	HATE	OFFENSIVE	3	NO_MAJORITY	0	1.0
4645	الأول السلطان قابوس علية الرحمة ونسأل الله له الجنة والثاني الراقص كابوس الله ينتقم منه	old_twitter	random_no_keyword	NEUTRAL	HATE	OFFENSIVE	3	NO_MAJORITY	0	0.0
4656	انا ما حرقتني الا جملة استلمنا السودان لو كان بلدك كان بتقول استلمنا البلد من قلت السودان كدا معناها انت عارف انك اجنبي محتل	war_corpus	profanity	NEUTRAL	HATE	OFFENSIVE	3	NO_MAJORITY	0	1.0
4657	لازم نوعي انه الطريق لسه طويل وسقوط عمر البشير لا يعني نجاح الثورة، نحن طلعنا لاسقاط حكومة الكيزان، للتخلص من تجار الدين والمنتفعين؛ عمر البشير سقط، وابنعوف سقط لكن حكومة الكيزان لم تسقط بعد. #اعتصام_القياده_العامة #تسقط_بس	old_twitter	hate_political	OFFENSIVE	HATE	NEUTRAL	3	NO_MAJORITY	0	1.0
4668	البلد دي حقتنا ومدنية حكومتنا الدعم السريع والشعب في مواجهة الانقلابيين النصر_قريب انقلاب15_ابريل معركة_الديمقراطية حراس_الثورة_المجيدة اشاوس_الدعم_السريع	war_corpus	violence_reporting	OFFENSIVE	HATE	NEUTRAL	3	NO_MAJORITY	0	1.0
4669	نحن ما عاوزين تعديل نظام ...نحن عاوزين نسقط النظام كلو #تسقط_بس	old_twitter	revolution_terms	NEUTRAL	HATE	OFFENSIVE	3	NO_MAJORITY	0	0.0
4678	ما شد انتباهي في موضوع حريق القصر الجمهوري القديم قبل قليل الا خلطة الاتنين ديل!! اتحفونا بخيالاتكم ياربي بحنكو بشنو؟ #تسقط_بس	old_twitter	violence_reporting	NEUTRAL	HATE	OFFENSIVE	3	NO_MAJORITY	0	1.0
4698	نلقاها من الحكومه ولا من شفع البقتلوك قبل تنزل الأرض ديل	old_twitter	violence_reporting	NEUTRAL	HATE	OFFENSIVE	3	NO_MAJORITY	0	1.0
4704	مسجد عبدالحي يوسف مسجد عبد الحي يوسف وما جاوره من جبره دخلو الضل ولله الحمد والمنمه	war_corpus	hate_tribal	OFFENSIVE	NEUTRAL	HATE	3	NO_MAJORITY	0	1.0
4706	ونحن السودانيون لن نطأطئ رأسنا لأي عميل تحيا ثورة السودان والي الإمام نحن سائرون حتى تكتمل كل مطالب ثورتنا الثورة خيار الشعب... حرية سلام وعدالة #لم_تسقط_بعد #مدن_السودان_تنتفضِ #اعتصام_القياده_العامه_مستمر	old_twitter	hate_political	OFFENSIVE	HATE	NEUTRAL	3	NO_MAJORITY	0	0.528
4712	#تسقط_بس م جات من فراغ لانو النظام استباح دارفور ,جنوب كردفان والنيل الأزرق وعادي ممكن اصنع دارفور جديد في الخرطوم يعني من الآخر صفر أخلاق ,صفر سيادة للقانون. تشوفونا جيزان تقولومخربين ,مواصلين مواصلين مواكب وحرق لساتك. وي التجمع قدام ورا إعدام #موكب6ابريل عزرائل من المدعوين	old_twitter	violence_reporting	OFFENSIVE	HATE	NEUTRAL	3	NO_MAJORITY	0	1.0
4720	صباحك يا وطن بكره ترجع لينا انت ويرجع الشعب الحنين صباح التفاؤل والانتصارات صباح البل نصر من الله وفتح قريب اللهم انصرنا وانصر القوات المسلحة اللهم انصر كل من حمل السلاح في وجه المرتزقه والخونه والقحاته	war_corpus	hate_political	OFFENSIVE	HATE	NEUTRAL	3	NO_MAJORITY	0	1.0
4723	كابسني بي فاينل حارق قليب امي مصفرني في الميدتيرم قايلني بنجح ليك والله ما بنجح والله بس نسقط نسقط سقوط الجن لا راعا للميدتيرم لا ميدي لا ميدك تسقط بس #مجزره__القياده_العامه	old_twitter	revolution_terms	NEUTRAL	HATE	OFFENSIVE	3	NO_MAJORITY	0	1.0
4786	الصابرين عندهم باب خاص بيهم بخشو بيو الجنة يوم الحساب ودا الحيدخلو منو نص الشعب السوداني باذن الله	old_twitter	threats	OFFENSIVE	NEUTRAL	HATE	3	NO_MAJORITY	0	1.0
4799	خطاب رئيس هيئة شوري قبيلة الزغاوة باشمهندس صالح عبدالله احمد بحر يدعوا ابناء السودان بصورة عامة وابناء الزغاوة بصورةخاصة العمل جنبا الي جنب مع القواتالمسلحةوالقوةالمشتركة لدحر المرتزقة	war_corpus	hate_political	OFFENSIVE	HATE	NEUTRAL	3	NO_MAJORITY	0	1.0
4814	عصيان يا إنسان ما تخون دم أخوك الشهيد #عصيان13مارس #مدن_السودان_تنتفض #تسقط_بس	old_twitter	violence_reporting	NEUTRAL	HATE	OFFENSIVE	3	NO_MAJORITY	0	1.0
4852	قبل ان تفكر تعمل فيها ثوري وبتدافع عن الثورة وازالة الكيزان لازم تعرف وتقتنع تماما ان المجلس العسكري ضدك ما معاك ما في صفك #لم_تسقط_بعد #اعتصام_القياده_العامه #مدن_السودان_تنتفض	old_twitter	hate_political	OFFENSIVE	HATE	NEUTRAL	3	NO_MAJORITY	0	1.0
4855	النيل الازرق الاستخبارات العسكرية بالنيل الازرق تلقي القبض على عدد كبير من المرتزقه الهاربين من جنسيات مختلفه اغلبهم من النيجر واثيوبيا وجنوب السودان	war_corpus	hate_tribal	OFFENSIVE	HATE	NEUTRAL	3	NO_MAJORITY	0	1.0
4867	جبل اولياء الان حصيلة اولية تدمير عدد 14 عربه قتالية 9 عربه مدنية 3 دفارات انهيار تام في صفوف العدو الله اكبر الله اكبر	war_corpus	violence_reporting	OFFENSIVE	HATE	NEUTRAL	3	NO_MAJORITY	0	1.0
4880	ايوة ضهبانة نشوف طرق لتطويرها ويبعقبو الحراك المسلح عشان نحنا في دولة المؤسسة العسكرية ما دايرة تفك الحكم	old_twitter	revolution_terms	NEUTRAL	HATE	OFFENSIVE	3	NO_MAJORITY	0	1.0
4881	قواتنا بالفرقة ٢٢ بابنوسة تسحق اليوم هجوما كبيرا ظلت تحشد له مليشيا ال دقلو مرتزقتها وعتادها منذ مدة، ستظل بابنوسة صامدة وعصية باذن الله وتوفيقه ومقبرة لهم ولما يجمعون نصر من الله وفتح قريب تابعونا على الرابط قناة التلغرام _ قناة الواتساب	war_corpus	hate_political	OFFENSIVE	HATE	NEUTRAL	3	NO_MAJORITY	0	1.0
4911	المصارين البيض هلاك المتمرد حنفي ابن خالة قائد المليشيا في قصف جوي بمنطقة عنكوش غرب مدينة الخوي اليوم	war_corpus	hate_political	OFFENSIVE	HATE	NEUTRAL	3	NO_MAJORITY	0	1.0
4928	عندما يسقط نظام البشير الضلالي، سيتم تجريدك يا "هدم الدين" من كل شيء عدا الأخلاق لأنك كالأنعام بل أنت أضل سبيلا ولولا نظام المتأسلمين لما سمعنا بك يا لاعق الأحذية يا منبطح. #تسقط_بس️ #مدن_السودان_تنتفض #اعتصام_القياده_العامه	old_twitter	revolution_terms	NEUTRAL	HATE	OFFENSIVE	3	NO_MAJORITY	0	1.0
4952	طبعا في المرحلة التانية دي الشعبيين بيهيصوا و يحتفلوا و الحلقة الأخيرة البكا بيدور و الاقصاء وااء وااء	old_twitter	profanity	OFFENSIVE	HATE	NEUTRAL	3	NO_MAJORITY	0	1.0
4974	ما اعتدت منك الهجر لكن هكذا ترد القلوب وبعد حين تصدر لا عذر ياسو جرح قلبي ان انا يوما عذرت فكيف قلبي يعذر؟ عيسى جرابا	war_corpus	violence_incitement	HATE	NEUTRAL	OFFENSIVE	3	NO_MAJORITY	0	1.0
4986	مليشيا التمرد تقوم بتصفية استاذ الاجيال احمد الضو رميا بالرصاص عصر اليوم الجمعة بمنزله داخل مدينة السوكي عبدالماجد عبدالحميد	war_corpus	hate_political	OFFENSIVE	HATE	NEUTRAL	3	NO_MAJORITY	0	1.0
4995	لا لا دي بتقتل القحاته قبل الدعامه اها كيف وكيف يا القحاته الفي القروب	war_corpus	violence_reporting	NEUTRAL	HATE	OFFENSIVE	3	NO_MAJORITY	0	1.0
4998	العميقه حقت الكيزان واعادة انتاجهم في شكل جديد.	old_twitter	hate_political	OFFENSIVE	HATE	NEUTRAL	3	NO_MAJORITY	0	1.0
5013	اشان كدا لا حل غير البل اغتصابات وسرقات وقتل وترويع للامنيين وتشريد للمواطنين ووو	war_corpus	gender_hate	NEUTRAL	HATE	OFFENSIVE	3	NO_MAJORITY	0	1.0
5031	حتى لا ننسى.. لحق عبدالعظيم بهزّاع.. شهداء بإذن ربهم في جنّات الخلود، و ما زالت الثورة مستمرة #مدن_السودان_تنتفض #تسقط_بس	old_twitter	hate_tribal	OFFENSIVE	HATE	NEUTRAL	3	NO_MAJORITY	0	1.0
5049	قوات العمل الخاص وقوات الاحتياطي المركزي تمكنوا من تحقيق تقدم كبير في عمليات تطهير غرب امدرمان، حيث تمكنت من تحييد عدد كبير من قناصي المليشيا المتمركزين داخل المباني وكبدوا المليشيا خسائر كبيرة الله اكبر ولا نامت اعين الجبناء نصر من الله وفتح قريب	war_corpus	violence_incitement	OFFENSIVE	HATE	NEUTRAL	3	NO_MAJORITY	0	1.0
5050	الجيش يحقق انتصارات كبرى في امدرمان والزعاريد والاحتفالات تملى شوارع ام درمان نصر من الله وفتح قريب جيش_واحد_شعب_واحد دحر_المليشيا معركة_الكرامة	war_corpus	violence_reporting	OFFENSIVE	HATE	NEUTRAL	3	NO_MAJORITY	0	1.0
5056	تسلل عناصر من الدعم السريع لمنطقة الجموعية مما استدعي الجموعية للتعامل معهم وقتل عدد منهم بالسلاح النار والضبح والان حضرت قوه من مليشيا الدعم السريع علي متن مواتر غرب الجموعيه واحتشاد كبير لقبيلة الجموعيه والاستعداد بالتسليح الكامل، وعمل ارتكازات في امكان متفرقه وتوزيع قناصه	war_corpus	violence_reporting	OFFENSIVE	HATE	NEUTRAL	3	NO_MAJORITY	0	1.0
5070	والتاريخ يذكرنا بأن الناس تؤتى من حيث اطمأنوا، فالوطن على عتبات باب موارب يكمن خلفه السيل الخادع الغادر، لذلك فإن مدنا الثوري وصمودنا ككتلة واحدة صلبة مستمر دون تراجع، وذلك من أجل التفكيك الكامل لمؤسسات النظام الشمولي البائد ولتفويت الفرصة على عناصر النظام	old_twitter	revolution_terms	OFFENSIVE	HATE	NEUTRAL	3	NO_MAJORITY	0	1.0
5142	لا كان كدا فهمتك لو كان شعار الثورة الأكبر (تسقط بس) عندك معناه البشير.. نحن في واديين مختلفين. الثورة الفرنسية والروسية والإيرانية والشيلية وعيييييك كوووولهم مافاوضوا (استلموا).	old_twitter	violence_incitement	HATE	NEUTRAL	OFFENSIVE	3	NO_MAJORITY	0	1.0
5156	محاوله فاشله من 5افراد الجنجا للتسلل الي مدينه الدويم عبر المراكب البحريه تم رصدهم ومتابعتهم الي ان وصلو الي المنطقه x وتم استلامهم من قبل القوات المسلحة السودانية فور وصولهم الي الشاطي نصر_من_الله_وفتح_قريب	war_corpus	neutral_news	OFFENSIVE	HATE	NEUTRAL	3	NO_MAJORITY	0	1.0
5167	عمر البشير المؤتمر الوطني البِسقط أول هو الفائز جاااطت ثم سقطت #تسقط_بس #موكب27مارس	old_twitter	revolution_terms	NEUTRAL	HATE	OFFENSIVE	3	NO_MAJORITY	0	0.0
5171	شاهد فضيحة حميدتي بالدليل القوني علي عسيل يوضح حقيقة حميدتي وعمله وكيف سرق اموال من ديوان الزكاة وهرب وقتل وسرق اموال جنود حرس الحدود وتمرد على للدولة حميدتي_رجع_قرش_الزكاة	war_corpus	violence_reporting	NEUTRAL	HATE	OFFENSIVE	3	NO_MAJORITY	0	1.0
5172	شهد شاهد من اهله ماقلنا حراميه تقولو جاهزيه نقول مرتزقة تقولو ناس قضيه بل بس	war_corpus	hate_political	OFFENSIVE	HATE	NEUTRAL	3	NO_MAJORITY	0	1.0
5177	الوطني عبد الرحيم جاهزية أكثر من ملايين من عضوية الحزب للتصويت للبشير، في الانتخابات المقبلة.	old_twitter	hate_tribal	OFFENSIVE	HATE	NEUTRAL	3	NO_MAJORITY	0	1.0
5217	وحرك النظام آلته القمعية المسلحة وسقط حتى الان ما يقارب خمسين شهيدا من شباب امتنا وأبطالها وأصيب المئات واعتقل الألوف وبدا النظام يتهاوى ويتساقط ويهرب من كانوا فيه ويتبرؤن منه. #موكب6يناير #مدن_السودان_تنتفض	old_twitter	profanity	OFFENSIVE	HATE	NEUTRAL	3	NO_MAJORITY	0	1.0
5231	الضربات عبر الطيران الحربي، والمسيرات، والمدفعية، تشل قدرات المليشيا الارهابية المتمردة داخل بارا، وتتسبب في خسائر كبيرة لها في الارواح، والعتاد	war_corpus	hate_political	OFFENSIVE	HATE	NEUTRAL	3	NO_MAJORITY	0	1.0
5244	الله اكبر تحرير منطقة نور الدائم وشبونات والقبوب و ود عبداللطيف والشركة الذهبية الطريق الى القطينة	war_corpus	hate_tribal	OFFENSIVE	HATE	NEUTRAL	3	NO_MAJORITY	0	1.0
5250	حرية بالمكشوف ودنوباوي #موكب٢٨مارس #تسقط_بس	old_twitter	hate_tribal	NEUTRAL	HATE	OFFENSIVE	3	NO_MAJORITY	0	0.0
5258	عرفتك امس انا يا طوطو؟!	old_twitter	violence_incitement	HATE	OFFENSIVE	NEUTRAL	3	NO_MAJORITY	0	1.0
5271	قوات العمل الخاص بمنطقة امدرمان العسكرية تمشط جنوبا حتي مدينة الشقلة المحطة القديمة وتناشد المواطنين بالرجوع الي منازلهم وهروب جماعي لمليشيا التمرد اليوم الثلاثاء 11 7 2023 ڪاڪي_اخضر جيش_واحد_شعب_واحد الجيش_صاحي معرڪة_الڪرامة انهاء_التمرد الخرطوم_مقبرة_الجنجويد	war_corpus	hate_tribal	OFFENSIVE	NEUTRAL	HATE	3	NO_MAJORITY	0	0.695
5302	ابطال الكدرو بحمد الله وفضله تدمير عربة لاندكروزر قتالية تدمير 2 عربة اوباما تدمير 4 بكاسي تدمير عربة شريحة تدمير 7 عربة صالون استلام 3 بكاسي وواحد دفار الاجمالي 20 مركبة وعدد كبير من القتلى نصر من الله وفتح قريب	war_corpus	dehumanizing	OFFENSIVE	HATE	NEUTRAL	3	NO_MAJORITY	0	1.0
5329	ماينوم ابطال المشتركة بعد تطهير وادي امبار بالكامل،حيث دمرت معاقل ومعسكرات مليشيا الجنجويد،موقعة بهم خسائر فادحة في الارواح والعتاد تقدموا لمحاور جديدة ورسالة قوية الى المرتزق الذغاوي عبد الله شغب،الذي هرب مع من تبقى من المرتزقة تاركا وراءه جثث القتلى والجرحى والمعدات المحترقة نصر_من_الله_وفتح_قريب	war_corpus	violence_reporting	OFFENSIVE	HATE	NEUTRAL	3	NO_MAJORITY	0	0.587
5357	الى قوات الدعم السريع موتو بغيظكم	war_corpus	violence_reporting	NEUTRAL	HATE	OFFENSIVE	3	NO_MAJORITY	0	0.0
5366	الطيران جاا الطيران فاات جاااا تاني حاالة الضعين الان تحنن الما نصيح زايلي حي ولضمي زاااايلي داجو	war_corpus	violence_incitement	HATE	NEUTRAL	OFFENSIVE	3	NO_MAJORITY	0	1.0
5368	البنات بقو كلهم شكل واحد بالذات السمراوات	old_twitter	random_no_keyword	NEUTRAL	OFFENSIVE	HATE	3	NO_MAJORITY	0	1.0
5371	انتي وامثالك السبب في البحصلينا من عمرو	old_twitter	random_no_keyword	NEUTRAL	HATE	OFFENSIVE	3	NO_MAJORITY	0	1.0
5376	تويتر امكن يكون اكتر ناس فاهمه حبتين مع التحفظ علي شخصيات مستمصره واخري عميله وثلة جاهله بس كويسين، اما الفيسبوك حدث ولا حرج..	old_twitter	hate_political	HATE	OFFENSIVE	NEUTRAL	3	NO_MAJORITY	0	0.911
5392	ساختارك دائما حتى حين تنطفئ ويخيب ظنك وحين تخطئ حين ارى النور في غيرك ساختار عتمتك دائما	war_corpus	violence_incitement	HATE	NEUTRAL	OFFENSIVE	3	NO_MAJORITY	0	1.0
5395	وحياة الشعب السوداني في وش المدفع تلقاني و انا واقفة بهتف مع شعبي الثورة طريقي و أيامي معدودة و تحيا الحرية #اعتصام_القيادة_العامة	old_twitter	revolution_terms	OFFENSIVE	HATE	NEUTRAL	3	NO_MAJORITY	0	1.0
5418	الدعامة يكتشفون ان الخرطوم مقبرة الغزاة من كترة البل قايلين نفسهم وقعو في فخ اسمعو كلام الزول دا احسن ليكم و الله تكملو جت انت مسكين سايقنك زي الغنماية للضبح	war_corpus	hate_political	NEUTRAL	OFFENSIVE	HATE	3	NO_MAJORITY	0	1.0
5428	ازاء هذه التطورات الكارثية والقمعية نهيب بالعاملين في كل المؤسسات والمرافق في القطاعين الخاص والعام الانخراط في والتمسك الصارم بادوات العصيان المدني الشامل والاضراب السياسي العام اعزازا لدماء الشهداء وحماية لحياة زملائهم ووفاء لنضالاتهم كما اننا نناشد كل المؤسسات الاقليمية و	war_corpus	violence_reporting	OFFENSIVE	HATE	NEUTRAL	3	NO_MAJORITY	0	1.0
5448	ماقصص بطولات تقال في الشهداء او المصابين لكن "عمر الطيب" كان الإنسان الوحيد البيحسسني بالخجل عديل من البيعمل فيه ايام الثوره "توزيع منشورات" كتابه على الحيط يمشي يعمل مظاهرات في المناطق الناسها خاملين (عادي يمشي مواكب في مناطق مختلفه" ولو ماف موضوع يقول ليك ارح نحرق لينا لستكين	old_twitter	violence_incitement	HATE	NEUTRAL	OFFENSIVE	3	NO_MAJORITY	0	1.0
5506	بفضل الله وتوفيقه، تم تحييد المرتزق المليشي احمد شعيب قائد المجموعة 42 ج بارا، ومعه المليشي الملقب ب الجبوري الخبر انتشر وسط صفوف المليشيا حيث احدث حالة ارتباك وخوف بين عناصرهم بعد سقوط احد ابرز قادتهم الميدانيين حرب_الكرامة المركز_الاعلامي_العسكري السودان تابعونا على الرابط قناة التلغرام _ قناة الواتساب	war_corpus	violence_reporting	OFFENSIVE	HATE	NEUTRAL	3	NO_MAJORITY	0	1.0
5530	بحمد الله وتوفيقه تم حظر الصفحة الشخصية للمدعو القونى حمدان دقلو صفحات وحسابات اخرى مهمة يجرى حظرها الان ايضا كمبال الله اكبر تجديد الميثاق قحت_لا_تمثلني بل_بس لا_هدنة_لا_اتفاق_لا_تفاوض شارك قناة القوات المسلحة السودانية علي التلغرام	war_corpus	threats	OFFENSIVE	HATE	NEUTRAL	3	NO_MAJORITY	0	1.0
5532	كلو زي ده وبعدين يخش مونتاج احترافي وكل مكان وصفو عليه يتم دمجه في مقطع الفيديو ويتم نشرة لبث الروح داخل مليشياتهم المنهارة قلت لي 2 شهر 5 متك فتك جغم شرط دبل_ليهو نصر من الله وفتح قريب	war_corpus	profanity	OFFENSIVE	HATE	NEUTRAL	3	NO_MAJORITY	0	0.523
5544	صباح الخير اهلي واحبابي #الكيزان الي مزبلة التاريخ بأذن الله	old_twitter	profanity	OFFENSIVE	HATE	NEUTRAL	3	NO_MAJORITY	0	1.0
5549	مصادر تجمع عدد من عربات للملايش في منطقة جبل اولياء بالتاكيد دايرين يعردو نداء لسلاح الجو خليكم جاهزين	war_corpus	neutral_news	OFFENSIVE	NEUTRAL	HATE	3	NO_MAJORITY	0	1.0
5553	المليشيا جات ودخلت المنطقة بسبب اشكالك عاست فيها الفساد وقتلوا الابرياء سنحت لك مئات الفرص عشان تنضف السجل حقك وانت لا حياء لمن تنادي وكمان تعطل شغل العمل الخاص بالمعلومات للمليشيا المتمردة وقبضوك بقيت تقول غسبا عني هاك الغسب دا دبل_ليهو	war_corpus	hate_political	NEUTRAL	HATE	OFFENSIVE	3	NO_MAJORITY	0	1.0
5559	بالصدفه لقيتك يا اسر غنيتك الحان و مشاعر ورسمتك احلام في الخاطر عنوان للريده الابديه #الحوت	old_twitter	violence_incitement	HATE	NEUTRAL	OFFENSIVE	3	NO_MAJORITY	0	1.0
5560	يفضل واحد بس ولمن يجو يعملو بيت العزاة والحكومة تجي تعزي يعاديهم كلهم ويموتو قبل ما يمرقو من بيت العزاة	old_twitter	violence_reporting	NEUTRAL	OFFENSIVE	HATE	3	NO_MAJORITY	0	0.0
5577	مدنية بس والمجد للوطن العزيز والموت اشد الموت لمن لا عقل لهم ولا دين	old_twitter	revolution_terms	NEUTRAL	HATE	OFFENSIVE	3	NO_MAJORITY	0	0.0
5585	مصير كل متعاون دي نهايتك بل_بس	war_corpus	threats	NEUTRAL	HATE	OFFENSIVE	3	NO_MAJORITY	0	1.0
5592	كباشي امس قال في استقرار في الكهرباء حمدتي قال دورو البابور خلي الكهرباء تشتغل الناس دي حمير بمعنى الكلمه و واضح انهم ما متفقين و في توتر حاصل	old_twitter	humanitarian	HATE	OFFENSIVE	NEUTRAL	3	NO_MAJORITY	0	0.929
5599	هي قحت دي اشخاص بس ولا شنو كلهم مشغولين بالحركات المسلحة	old_twitter	random_no_keyword	NEUTRAL	HATE	OFFENSIVE	3	NO_MAJORITY	0	1.0
5629	يادوب اتنفس خاشي في الضيق من قبيل	old_twitter	random_no_keyword	NEUTRAL	OFFENSIVE	HATE	3	NO_MAJORITY	0	1.0
5631	عرفتوهم؟! لن ننسى ولن نغفر #لم_تسقط_بعد	old_twitter	random_no_keyword	NEUTRAL	HATE	OFFENSIVE	3	NO_MAJORITY	0	1.0
5643	تعرض حاجا سودانيّا في فندق نوركم بجدة، لحالة تسمم غذائي، بسبب تناولهم وجبة ساخنة وتم فتح تحقيق فى الحادثة #محن_كيزانية	old_twitter	hate_political	OFFENSIVE	HATE	NEUTRAL	3	NO_MAJORITY	0	1.0
5647	الاشاعة هي قصة او خبر تتداولة الألسن دون ان تعرف مصدرها وهي كالمرض تسري بين الافراد ضعاف الا نفس فاحذروا هذا الوباء الفتاك اللذي يستخدمة نظام البشير الان #اعتصام_القيادة_العامة #مدن_السودان_تنتفض #تسقط_بس️	old_twitter	revolution_terms	OFFENSIVE	HATE	NEUTRAL	3	NO_MAJORITY	0	1.0
5674	"جيل الشمس..موكب حريق واقف على باب الدخول بيناتو بينات الوصول لحظة شهيق" #اعتصام_القيادة_العامه #مدن_السودان_تنتفض	old_twitter	revolution_terms	OFFENSIVE	HATE	NEUTRAL	3	NO_MAJORITY	0	1.0
5698	الحمدلله على نعمة التوحيد وعلى نعمة التوكل على الله عزوجل المتمرد الواحد معلق ليه حجاب قدر اللابتوب يتعلق بغير الله يموت وهو مشرك بالله عز وجل ولا حول ولا قوة الا بالله	war_corpus	religious_sectarian	OFFENSIVE	HATE	NEUTRAL	3	NO_MAJORITY	0	1.0
5710	سلام ياجاهزيه محتاره من غباوة السودانيين ديل كل ما انتو تحرروا مدينه يهربوا منها للاماكن اللي مامحرره شي غريب فعلا ماقادره افهمهم	war_corpus	humanitarian	NEUTRAL	OFFENSIVE	HATE	3	NO_MAJORITY	0	1.0
5749	الهوية الوطنية هي افريقية ام عربية وهذه المشكلة هي سبب كل الصراع في السودان نحن سودانين لدينا اعراق وثقافات مختلفه كل الحكومات السابقة لعبت على الوتر العربي الافريقي حتى تتمع بالحكم على دماء الشعب لذلك يسقط بس كل الأفكار العنصريه ثورة حتى النصر تسقط بس حكم العسكر والكيزان يسقط	old_twitter	hate_political	OFFENSIVE	HATE	NEUTRAL	3	NO_MAJORITY	0	1.0
5762	ضيف فهد، دهشة على هيئة بشر	old_twitter	random_no_keyword	NEUTRAL	OFFENSIVE	HATE	3	NO_MAJORITY	0	1.0
5764	بابنونسة جغم ومتك نصر من الله وفتح قريب	war_corpus	violence_incitement	HATE	OFFENSIVE	NEUTRAL	3	NO_MAJORITY	0	0.811
5803	الواحد كان نفسه يقول صايمين رمضان من غير كيزان بس الجماعة قاعدين ومستكينين والله	old_telegram	hate_political	OFFENSIVE	HATE	NEUTRAL	3	NO_MAJORITY	0	1.0
5807	اول رسائل التهديد من الملاييش للقناة	war_corpus	threats	OFFENSIVE	HATE	NEUTRAL	3	NO_MAJORITY	0	1.0
5815	الله اكبر لواء النخبة الاول من داخل مسجد الفاروق الوحدة الحاج يوسف بل_بس جيش_واحد_شعب_واحد	war_corpus	dehumanizing	OFFENSIVE	HATE	NEUTRAL	3	NO_MAJORITY	0	1.0
5831	في شنو هنا والله افتكرته هاشتاق #تسقط_بس الدوناس لكو نِها	old_twitter	violence_incitement	HATE	NEUTRAL	OFFENSIVE	3	NO_MAJORITY	0	1.0
5858	الله اكبر ولله الحمدفعلوها ابطال السودان عملية نوعية احترافية بدقة ومغامرة دخول بري ونشر منظومات واجهزة في عمق العدو دون افشاء تفاصيل تحية اجلال واكبار لكل مقاتل ودعاء بالسلامة والتمكين السودان ينتصر ويلقن الامارات والعالم فنون القتالافتخروا بجيشكم وابطالكم	war_corpus	hate_political	OFFENSIVE	HATE	NEUTRAL	3	NO_MAJORITY	0	1.0
5864	رئيس الوزراء الماليزى وباعث نهضتها أشار الى فشل #السودان فى تقليد التجربة الماليزية لاختلاف الثقافات ولم يشر الى فساد الاخوان واكلهم اموال البلد.	old_twitter	hate_political	NEUTRAL	HATE	OFFENSIVE	3	NO_MAJORITY	0	0.0
5893	القوات المسلحة تواصل التقدم في محور امدرمان وتطرد مزيدا من مرتزقة مليشيا ال دقلو الارها_بية من منازل المواطنين والاعيان المدنية في احياء ابوروف وبيت المال السبت ٢٤ فبراير ٢٠٢٤م السودان القوات_المسلحة_السودانية المقاومة_الشعبية تحت قيادة القوات المسلحة نحن في الشدة باس يتجلى معركة_الكرامة مليشيا_حميدتي_منظمة_ارها_بية جيش_واحد_شعب_واحد sudan SudanNews Conflict_in_Sudan sudan_war	war_corpus	hate_political	OFFENSIVE	HATE	NEUTRAL	3	NO_MAJORITY	0	0.528
6027	مبالغه قوات نظامية تتمرد وجيش ومليشيا تتدخل وتتصدى للتمرد وما يموت ولا اي امنجي ولا جنجا ولا جياشي باتل السؤال موجه لنفس القوات دي كيف ايام المظاهرات يوم الخميس الساعة وحده بنشيع شهداء مع انه المظاهرات سلاحها كان #تسقط_بس هل كان الهتاف اقوى اكتر من رصاصكم ياعفن	old_twitter	hate_political	NEUTRAL	HATE	OFFENSIVE	3	NO_MAJORITY	0	1.0
6036	العساكر ما عاملين خلل العساكر عملو مجزرة القيادة و بيخططوا لانقلابهم و حدث ما حدث الوقت للبرغماتيه ام ان حارات حكومة قحت و العسكر و عليك ان تختار بينهم على الاقل حاليا لا يوجد حل وسط و عدم الاختيار الان خيانه	war_corpus	violence_reporting	NEUTRAL	HATE	OFFENSIVE	3	NO_MAJORITY	0	1.0
6071	محور غرب سنار تدمير اكثر من 15 عربية قتالية للمليشيا المتمردة وهلاك عدد كبير من المرتزقة وهروب من بقى منهم عمار حسن	war_corpus	violence_reporting	OFFENSIVE	HATE	NEUTRAL	3	NO_MAJORITY	0	1.0
6076	تابعتم، ولا شك، في الايام الماضية سلسلة القرارات التي اتخذها قائد الانقلاب من اقالات في عدد كبير من المواقع القيادية في الخدمة المدنية وملئها بتعيين فلول النظام المخلوع في شتى مؤسسات الدولة، وهو اتجاه يفصح عن الحاضنة المدنية للانقلابيين ومحاولة لاعادة عقارب الساعة للوراء،	war_corpus	hate_political	OFFENSIVE	HATE	NEUTRAL	3	NO_MAJORITY	0	1.0
6098	فضيحة_الدعم_السريع رئاسة قيادة قوات الدعم السريع بالقضارف دا شنو دااااااااا و قلتو لي الثوار في القيادة صعاليق و كفرة عشان في بت فكت شعرها احي_من_الكاكي_الخلاني_اكاكي	war_corpus	gender_hate	NEUTRAL	HATE	OFFENSIVE	3	NO_MAJORITY	0	1.0
6116	محتاجين ثورة تاني ضد عيساوي ده واي كوز حتى لو كان كويس حاجه اسمها حركة اسلامية دي في كشك ما تقعد تاني	old_twitter	humanitarian	NEUTRAL	HATE	OFFENSIVE	3	NO_MAJORITY	0	0.576
6121	ناس الكدرو بسلمو عليكم جنجا بقيتو نمل وعرفتو بي تحت الواضه ولا قنعتو هههههههه تعال كان تقدر الطريق الي جهنم	war_corpus	random_no_keyword	NEUTRAL	HATE	OFFENSIVE	3	NO_MAJORITY	0	1.0
6129	شنت الطائرات المقاتلة غارات جوية مكثفة على تجمعات مليشيا الدعم السريع الارهابية في منطقة البكاش ود العمدة بالقرب من الجيلي تم تدمير عدد من المركبات وقتل عشرات المرتزقة التابعين للمليشيا كانت الضربة ناجحة ودقيقة، واحدثت تاثيرا قويا الحمدلله بل_بس نفض_بس وشكرااااااااانين	war_corpus	hate_political	OFFENSIVE	HATE	NEUTRAL	3	NO_MAJORITY	0	1.0
6130	اني اهل العزم ان تدعى العزائم هذا سيفي بالوغى بالموت قائم ان شعبي كله وطن مقاوم ما ارضتى غير المعزة و المكارم	war_corpus	violence_reporting	OFFENSIVE	NEUTRAL	HATE	3	NO_MAJORITY	0	1.0
6135	سماء مدني سوخوي ميج انتينوڤ والبل يسع الجميع	war_corpus	violence_incitement	HATE	NEUTRAL	OFFENSIVE	3	NO_MAJORITY	0	1.0
6161	الناس لمن وزعو ليهم عمر الزهور، نحنا وزعو لينا عمر البشير ومعاهو حميدتي وناس الكهرباء	war_corpus	humanitarian	NEUTRAL	HATE	OFFENSIVE	3	NO_MAJORITY	0	0.0
6179	عضو مجلس السيادة مساعد القائد العام للقوات المسلحة وقائد القيادة الجوالة الفريق اول ركن ياسر العطا مخاطبا قوات سلاح المدرعات ومتحركات العمليات اللاحقة هناك تامر قوى اقليمية ودولية يهدف لنهب موارد افريقيا وتقاسم النفوذ، وقد شمل ذلك حشد اموال، سلاح، ومرتزقة فيديو منصتنا علي فيسبوك	war_corpus	violence_reporting	OFFENSIVE	HATE	NEUTRAL	3	NO_MAJORITY	0	1.0
6204	بحمد الله تم رفع الاذان من داخل مسجد انصار السنه باللاماب بعد تحرير المنطقه من المرتزقه	war_corpus	hate_political	OFFENSIVE	HATE	NEUTRAL	3	NO_MAJORITY	0	1.0
6223	السؤال كان حسب الكلام القالو في أستضافة في قناة انو يدعو الناس الهاجرت بره السودان يهود ومسيحيين ...الخ بسبب اقصاء الكيزان لأي ديانة غير الإسلام وعدم حرية العبادة وكده	old_twitter	hate_political	OFFENSIVE	HATE	NEUTRAL	3	NO_MAJORITY	0	0.717
6234	تاريخ المجرم العاق الرزيقي عمر شارون منتحل الشخصية ال93	war_corpus	random_no_keyword	NEUTRAL	HATE	OFFENSIVE	3	NO_MAJORITY	0	0.0
6275	ونصف الشفاه الغليظة بالشلاليف" وأصل الشلوف عند البجا خرطوم الفيل" بروف عون الشريف قاسم	old_twitter	hate_tribal	HATE	NEUTRAL	OFFENSIVE	3	NO_MAJORITY	0	1.0
6284	قل للذين يوزعون الموت باسم الله في الطرقات ، الله حي لا يموت	war_corpus	violence_reporting	NEUTRAL	HATE	OFFENSIVE	3	NO_MAJORITY	0	0.0
6298	كانت الأحداث تأتي تباعاً و مؤخراً زادت السرعة و توالت المفاجع إعتقالات في وسط اصدقائه ، ضرب لٱحد اقربائه و دخول بعض افراد الكتائب الظليّة إلى بيت خالته و انتهاك عرض بناتها في خلوتهم ، و هو صامت	old_twitter	violence_reporting	OFFENSIVE	HATE	NEUTRAL	3	NO_MAJORITY	0	1.0
6302	معركة_الحسم خروج مواطني سوبا اليوم يرددون جيش واحد شعب واحد في الطرقات تزامنا مع انتصارات القوات المسلحة وانتشارها بضاحية سوبا الخميس 15 يونيو 2023 م الجيش_صاحي انهاء_التمرد جيش_واحد_شعب_واحد ده_جيش_بتداوس؟	war_corpus	hate_political	OFFENSIVE	HATE	NEUTRAL	3	NO_MAJORITY	0	1.0
6316	خلونا من ايران والمنطقة المشتعلة نيالا ولعت ليلة سوداء على المليشيا اغتيالات وتصفيات لعشرات القادة والمرتزقة واصابة قادة بارزين مقتل ابن ناظر الحمر زلزل الصفوف وتفاصيل مثيرة جدا سنكشفها لكم قريبا انتظرونا	war_corpus	hate_political	OFFENSIVE	HATE	NEUTRAL	3	NO_MAJORITY	0	1.0
6349	قام سيد عبدالعزيز قال حاول يخفي نفسو عبيد قال وهل يخفى القمر في سماهو ودالريح قال طبعا لا لا ، شفناهو شفناهو	old_twitter	profanity	HATE	NEUTRAL	OFFENSIVE	3	NO_MAJORITY	0	0.673
6352	علي ذمة #الترابي البشير يصرح لمسؤولين نافذين بـ هسي الغرباوية دي كان لقت ليها واحد جعلي كدا ركبها دا شرف ولا اغتصاب)	old_twitter	revolution_terms	NEUTRAL	HATE	OFFENSIVE	3	NO_MAJORITY	0	1.0
6374	الكارهون سوف يكرهون يا طاهرة،أعرضي ما تيسر لك من جسدك،غيرة و أرواح و أجساد شريرة	old_twitter	random_no_keyword	NEUTRAL	OFFENSIVE	HATE	3	NO_MAJORITY	0	0.0
6382	عندما يقول الجزولي في لقاء معه اليوم في قناة النيل الازرق بان مسيرته خرجت ضد اتفاق الحرية والمجلس ولم تخرج للشريعة ، نقدر نقول للشباب الذين تم تحريك مشاعرهم الدينية لقد تم الشغل بكم سياسة بامتياز وهذا ديدن الكيزان تجارة الدين #اعتصام_القيادة_العامة #مدن_السودان_تنتفض	old_twitter	hate_tribal	OFFENSIVE	HATE	NEUTRAL	3	NO_MAJORITY	0	1.0
6398	ما تعذّر استيعابه على المجلس الانقلابي المجرم، أن حراك شعبنا الأبي الذي تواصل، مجللاً بالبطولة والتضحيات، منذ ديسمبر ما هو إلا تتويج لمسير طويل خاضته جماهير شعبنا بمختلف الأشكال في المدن والقرى ومعسكرات النزوح، مقاومةً لهذا النظام منذ يونيو وتجسيداً لعزمه الصميم	old_twitter	threats	OFFENSIVE	HATE	NEUTRAL	3	NO_MAJORITY	0	1.0
6405	معليش ياعبدو ربنا عالم بالقلوب وحده كان حقد ولا قعد اهو ايام وعدت وربنا لاعادها بركة البراريق والكلام البنشف الريق والقروش الكتيرة البتعدل الطريق	old_twitter	hate_tribal	OFFENSIVE	NEUTRAL	HATE	3	NO_MAJORITY	0	1.0
6409	حشدت المليشا عتادها وشنت هجوم علي المدرعات بثبات الرجال وعزيمه الابطال تم صد الهجوم وجغم المليشيا وتغنيم عتادهم وعرد من عرد الدروع	war_corpus	violence_reporting	OFFENSIVE	HATE	NEUTRAL	3	NO_MAJORITY	0	1.0
6428	تم جغم غرفة تقنية خاصة بالتمرد يتابعون من خلالها تحركات قادتهم ويرسلون اشارات التنقل عبرها من نقطة الى نقطة المخابرات_قادرة الجيش_صاحي اخوان_الجوكر_صاحين بل_بس شارك قناة انصار القوات المسلحة السودانية علي التلغرام	war_corpus	hate_political	OFFENSIVE	HATE	NEUTRAL	3	NO_MAJORITY	0	1.0
6432	اي زول بيقول ليك مدني اتسلمت ب اتفاق ولا الدعامة انسحبو ده كذاب مدني رجعت رجاااالة وحمرة عين وقنقر كي مدني موت الضان بل بس	war_corpus	violence_reporting	NEUTRAL	HATE	OFFENSIVE	3	NO_MAJORITY	0	1.0
6451	الشعب السوداني لدية مطالب وهو مؤمن بها وسوف يحققها بوجود تجمع المهنيين او بدونه ركوب راس بس ، حكومة مدنية انتقالية ،، محاسبة كل المفسدين من النظام البائد ومن ضمنهم المجلس العسكري تفكيك الدولة العميقة حتة حتة،، الشعب هو الحاكم الفعلي لاي دولة اذا كان واعي، #تسقط_بس #تسقط_تالت	old_twitter	revolution_terms	OFFENSIVE	HATE	NEUTRAL	3	NO_MAJORITY	0	1.0
6455	القوي الموقعه ع اعلان الحرية التغيير مختفيه وين حزب الاصلاح وباقي الإسلاميين دوركم وين من الرد ع كلام حسين خوجلي؟؟ وحدة الصف مسؤلية القيادات قبل الشعب الولايات مهمشه شئنا ام ابينا والسبب الاول والاخير هو التجمع وتجاهلو للولايات #تسقط_بس	old_twitter	humanitarian	NEUTRAL	HATE	OFFENSIVE	3	NO_MAJORITY	0	0.723
6457	الله اكبر على كل من طغى وتجبر هذه_الارض_لنا نصر_الله_قواتنا_المسلحة بل_بس	war_corpus	profanity	NEUTRAL	HATE	OFFENSIVE	3	NO_MAJORITY	0	0.0
6470	العمل الخاص استلمت 2 دوشكا و فطست 6 متمردين قووووقو نااااشف النصر_المبين	war_corpus	hate_political	NEUTRAL	HATE	OFFENSIVE	3	NO_MAJORITY	0	0.0
6497	من الغرابة بمكان أن يرى المجلس العسكري بأن بناء المتاريس فعل غير قانوني وجريمة مكتملة الأركان، وأمر لا إنساني؛ ولا يرى ذلك في عملية فض اعتصام القياده والمجزرة التي لازمته والتي لا تزال في مشاهد انتهاكات وتعدي يومي قتلا أو سحلا. #العصيان_المدني_الشامل	old_twitter	violence_reporting	NEUTRAL	HATE	OFFENSIVE	3	NO_MAJORITY	0	1.0
6512	من جوه المقدم خلا حبيب حريكة مسؤول المدفعية بالدعم السريع المتمرد واثر سكترمة رائش النعماني الحبيبة يبدو ان دعوة مظلوم من داناته وصلته الزنانات فوووووق الله غالب طارق محمد خالد	war_corpus	hate_political	NEUTRAL	HATE	OFFENSIVE	3	NO_MAJORITY	0	0.0
6551	حكومه تزرع جوانا الالم..تأذينا جسدياً ونفسياً ..تقتل نوارات حياتنا ..وتكسرنا خاطرنا وتكسرنا قدام نفسنا #تسقط_بس	old_twitter	profanity	NEUTRAL	HATE	OFFENSIVE	3	NO_MAJORITY	0	1.0
6608	انا كسلان لي درجة اني عامل البصمة في التلفون بي اصابع يدي الاتنين عشان لمن اكون متكي ما اخرب الاتكاية	war_corpus	violence_incitement	HATE	NEUTRAL	OFFENSIVE	3	NO_MAJORITY	0	1.0
6611	على كل من لازال يمسك منصبا في السودان أن يعلم أن الشعب هم صاحب الشرعية الوحيدة في تلك البلاد فلول الأخوان لن يتبقى منهم أحد ولو بعد حين الكلمة للشارع والميدان من يهددون الشعب عليهم أن يعرفوا قدرهم ومكانهم ودورهم #لم_تسقط_بعد #اعتصام_القياده_العامه #مدن_السودان_تنتفض	old_twitter	hate_political	OFFENSIVE	HATE	NEUTRAL	3	NO_MAJORITY	0	1.0
6630	الحمدلله دمرت مواقع ومخازن وتجهيزات تابعة لمليشيا الدعم السريع الارهابية في الجنينة عبر غارات جوية مدمرة من قبل الطائرات الحربية تم استهدافها بنجاح وذلك في اطار جهود مكافحة الارهاب، حيث كانت تستعد المليشيا لشن هجوم نسور الجو بتصلك لو في حضن بت زايد وين تجري وين تطير رايك كمل	war_corpus	violence_incitement	OFFENSIVE	HATE	NEUTRAL	3	NO_MAJORITY	0	1.0
6645	في تخوم كادقلي جنوب ولاية كردفان انهى الجيش اي وجود لمتمردي حركة عبد العزيز الجبانة وكذلك للميليشيا الدموية اجتمع الاعداء لكسر جيشنا الابي فاذاقهم الويل بصموده وتضحياته	war_corpus	hate_tribal	OFFENSIVE	HATE	NEUTRAL	3	NO_MAJORITY	0	1.0
6650	الزعيم موسى هلال يناشد ابناء القبائل العربية السودانية الانسحاب فورا من مليشيات الدعم السريع المتمردة وترك المليشيا يواجهون مصيرهم المحتوم مع الجيش السوداني	war_corpus	threats	OFFENSIVE	HATE	NEUTRAL	3	NO_MAJORITY	0	1.0
6658	وهي تجري بهم في موج كالجبال ونادى نوح ابنه وكان في معزل يا بني اركب معنا ولا تكن مع الكافرين الحريص عليك حقا سيظل يحاول من اجلك ٠٠ حتى اللحظات الاخيرة	war_corpus	religious_sectarian	OFFENSIVE	NEUTRAL	HATE	3	NO_MAJORITY	0	1.0
6662	متخيلين طفل يكون عايش في هلع وخوف في كل لحظة من حياته وهو مترقب الموت في الوقت البكون طفل زيه في عالم موازي بمشي المدرسه وبلعب اطفال جبال النوبة في رقبتنا كلنا عشان عيونهم ماتضوق الهزيمة تاني #تسقط_بس	old_twitter	violence_reporting	OFFENSIVE	HATE	NEUTRAL	3	NO_MAJORITY	0	1.0
6687	عليك الله ماحرام اموالنا تذهب لمثل هؤلاء #العصيان_المدني_السوداني_19ديسمبر #عصينا19ديسمبر	old_twitter	threats	NEUTRAL	HATE	OFFENSIVE	3	NO_MAJORITY	0	1.0
6693	تسقط بس يا مودي مليونية جامعة دلهي	old_twitter	revolution_terms	NEUTRAL	HATE	OFFENSIVE	3	NO_MAJORITY	0	1.0
6712	قوانين النظام العام كلها مفروض تتطبق فتوات يمرقن ويلبسن البناطلين وفاكات شعورهن ديل ما بينفعن تسقط المدنية بتاعتكم لو عاملة كدة	old_twitter	revolution_terms	NEUTRAL	HATE	OFFENSIVE	3	NO_MAJORITY	0	1.0
6736	من حرق دار المؤتمر الوطني في عطبرة الى اطلاق بالونات في الهواء ، أياً كان المقصد دي حاجة فارغة وما ليها داعي وبتحول الهدف الاساسي لاسقاط النظام الى اهداف اخرى، نحن بنضحك على نفسنا وعلى شهدائنا الخالدين. #مدن_السودان_تنتفض #تسقط_بس #موكب21مارس	old_twitter	revolution_terms	OFFENSIVE	HATE	NEUTRAL	3	NO_MAJORITY	0	1.0
6757	برلمان الرجل الواحد الذي صوت باغلبيه علي قتل وترويع المدنين برلمان ساهم في تكسير مؤسسات البلاد ورهن الاقتصاد للاجنبي برلمان الخونه الذي ساهم في تدمير الاقتصاد وعرض امنها القومي للخطر حتي صرنا لانملك من مقومات الدولة العظمي سوي الاسم #تسقط_بس #الشارع_بس #مدن_السودان_تنتفض	old_twitter	revolution_terms	NEUTRAL	HATE	OFFENSIVE	3	NO_MAJORITY	0	1.0
6777	وعلى راسها رفض بقايا النظام بالمحليات الاعتراف بالتجمع وكل قوى الثورة واستمرار سيطرة فلول النظام البائد على المؤسسات كما استعرض اللقاء الازمات الامنية والاقتصادية بالمنطقة واهمها تغطية الجهات الامنية على عمليات النهب وتعريض حياة المواطنين للخطر والتغاضي عن المجرمين	war_corpus	violence_reporting	OFFENSIVE	HATE	NEUTRAL	3	NO_MAJORITY	0	1.0
6782	نحن الفرن حلتنا ببيع لينا بآكياس مجان انتو منو؟	old_twitter	random_no_keyword	NEUTRAL	HATE	OFFENSIVE	3	NO_MAJORITY	0	0.0
6789	الكلام دا كان قبل ديسمبر عشان دي الاخلاق الزرعوها فينا الكيزان الان مفروض ثورتنا ثورة وعي اولا ارجع فكر فيها بي منظور مختلف	old_twitter	hate_political	OFFENSIVE	HATE	NEUTRAL	3	NO_MAJORITY	0	1.0
6792	الله اكبر ، وما رميت اذ رميت ولكن الله رمى ، ١٣ مرتزق بسلاح قناص واحد	war_corpus	hate_political	OFFENSIVE	HATE	NEUTRAL	3	NO_MAJORITY	0	1.0
6800	اللهم ارنا في القحاطة عجائب قدرتك في كل ظالم	war_corpus	profanity	OFFENSIVE	HATE	NEUTRAL	3	NO_MAJORITY	0	1.0
6815	في مثل هذا اليوم والساعة 15 ابريل بدات المؤامرة والخيانة تنسج اخر خيوطها ولكن يقظة الشعب و جيشه قطعت الطريق امام الخونة والماجورين من تحقيق اهدافهم الرخيصة حتى تحقق النصر بدماء وعزيمة وصبر الرجال	war_corpus	hate_political	OFFENSIVE	HATE	NEUTRAL	3	NO_MAJORITY	0	1.0
6824	وتاه في الأنا أراد للدماء أن تسيلا ونحن مثلما عرفت يا أبي بفضلك الكريم من أشرس الرجال حينما نقاوم نموت لا نساوم ندوس كل ظالم	old_twitter	violence_reporting	NEUTRAL	HATE	OFFENSIVE	3	NO_MAJORITY	0	1.0
6836	من بوصاصو الى الخرطوم مرتزقة جدد في خدمة الدعم السريع؟ السودان اخبار_السودان تابعنا علي تلغرام	war_corpus	hate_political	OFFENSIVE	HATE	NEUTRAL	3	NO_MAJORITY	0	1.0
6842	إثيوبيا وقطر وكل لدول الشقيقة والصديقة عدا مصر حليف إسرائيل الاستراتيجي	old_twitter	random_no_keyword	NEUTRAL	HATE	OFFENSIVE	3	NO_MAJORITY	0	0.0
6859	الحمدلله على نعمة التوحيد وعلى نعمة التوكل على الله عزوجل المتمرد الواحد معلق ليه حجاب قدر اللابتوب يتعلق بغير الله يموت وهو مشرك بالله عزوجل ولا حول ولا قوة الا بالله	war_corpus	hate_political	OFFENSIVE	HATE	NEUTRAL	3	NO_MAJORITY	0	1.0
6876	فطايسكم وعفنكم يا لصوص كشفو كويس لان قريب جاينكم في خور برنقه ان شاءالله	war_corpus	random_no_keyword	NEUTRAL	HATE	OFFENSIVE	3	NO_MAJORITY	0	1.0
6899	الله اكبر عاصفة للطغيان ناسفة	old_twitter	random_no_keyword	NEUTRAL	HATE	OFFENSIVE	3	NO_MAJORITY	0	1.0
6913	معنويات عالية وسط قوات العمل الخاص بغرب الحارات تنفذ عمليات نوعية ناجحة حققت كافة اهدافها بسحق العدو فلول العدو المندحر الاثنين ٢٦ فبراير ٢٠٢٤م	war_corpus	hate_political	OFFENSIVE	HATE	NEUTRAL	3	NO_MAJORITY	0	1.0
6916	القائد ابو عاقلة كيكل من سهول البطانة يتعهد بحسم المرتزقة الاجانب في صفوف مليشيا البرهان Commander Kaikel pledges to decisively address the foreign mercenaries recruited by SAF militia to fight in their ranks معركة_الديمقراطية حراس_الثورة_المجيدة	war_corpus	hate_political	OFFENSIVE	HATE	NEUTRAL	3	NO_MAJORITY	0	1.0
6925	*ربّما تعرف الجاسوس جيمس بوند العميل الذي هزم حكومات و اخترق أنظمتها بعمليات شبه مستحيلة ، و هي شخصية خيال و قصص خرافية تم الترويج لها في الأفلام!*	old_telegram	hate_political	HATE	NEUTRAL	OFFENSIVE	3	NO_MAJORITY	0	0.911
6977	حريق القصر دا بيوريك التناقض الغريب في البلد دي ، حرفياً كدا النيل على بعد خطوات وأنت قصرك بيولع الحكومة دي التسويهو غلبا #تسقط_بس	old_twitter	violence_reporting	NEUTRAL	HATE	OFFENSIVE	3	NO_MAJORITY	0	1.0
7007	في الدين الإسلامي في حديث بقول من رأى منكم منكرا فليغيره بيده او بلسانه او بقلبه حاليا هو قاعد يغير بلسانو فشنو كان كسرتو رقبتكم اللواط حرام	old_twitter	humanitarian	NEUTRAL	HATE	OFFENSIVE	3	NO_MAJORITY	0	1.0
7013	البرهان في عزاء الشهيد محمد صديق المعركة مستمرة وسنسحق الاعداء وسنثار لجنودنا وشعبنا وسناخذ حق السودانيين	war_corpus	gender_hate	OFFENSIVE	HATE	NEUTRAL	3	NO_MAJORITY	0	1.0
7026	كركبة وخلخلة بنية النظام البعمل فيها ايلا دي، مفيدة جداً للحراك الثوري الشغال. النظام المتخبط سيزداد تخبطاً مع استمرار المد الثوري الجماهيري.. الناس تدوس بس اي كوز ندوسو دوس ونحمي بعض من الاعتقال في المظاهرات بكل السبل. #موكب6ابريل #تسقط_بس	old_twitter	hate_political	OFFENSIVE	HATE	NEUTRAL	3	NO_MAJORITY	0	1.0
7061	الانجليز ما قتلوا عبد الرحمن برضو و ريحونا ليه!؟	old_twitter	hate_tribal	OFFENSIVE	NEUTRAL	HATE	3	NO_MAJORITY	0	1.0
7065	النيابه تطارد رجل الاعمال نهب مليون دولار من السودان بينما يتطلع السودانيون إلى استرداد أموال بلادهم المنهوبةوالقصاص من كل من تعدى واختلس من مقدرات الشعب تتكشف يوماً بعد آخر كم الفظاعات التي ارتكبت على يد الاخوان ورجالاتهم في عهد الرئيس المخلوع #شكرا_حمدوك #الجنينة_تنزف	old_twitter	hate_political	OFFENSIVE	HATE	NEUTRAL	3	NO_MAJORITY	0	1.0
7074	الحمدلله غارات جوية مكثفة اليوم تضرب وتدمر تمركزات المليشيا في تمبول والحصاحيصا العقدة وغرب رفاعة ومزارع الجنيد ،وتقدم نوعي لقواتنا في محاور بحري وامدرمان مع سقوط اكثر من 100 قتيل من المرتزقة الفاشر تكبدهم خسائر فادحة وضربات جوية في دارفور، وقواتنا الخاصة تنفذ عمليات دقيقة بصمت	war_corpus	hate_political	OFFENSIVE	HATE	NEUTRAL	3	NO_MAJORITY	0	1.0
7086	وقد اكد شهود بصور موثقة ان سيارات بدون لوحات ظلت تجوب الشوارع والطرقات بدون حسيب او رقيب لكل ذلك، فنحن في تجمع المهنيين السودانيين نعلنها ان القتل والرصاص الذي يواجه به الشعب لن يثنيه عن الوصول لكل جان وكل معتد اثيم ولن يمنعه من تحقيق اهداف ثورته متمسكا بالسلمية المعهودة	war_corpus	violence_reporting	OFFENSIVE	HATE	NEUTRAL	3	NO_MAJORITY	0	1.0
7090	البرهان معلوماتنا المؤكدة 70 من المتواجدين في مصفاة الجيلي من المرتزقة الاجانب	war_corpus	hate_political	OFFENSIVE	HATE	NEUTRAL	3	NO_MAJORITY	0	1.0
7113	ويجو يقولوا ليك حكومه قحت تسقط بس حكومه الجوع تسقط بس حكومه كرونا تسقط بس ذكروا لعل الذكري تنفع الكيزان، وترفع عزيمه الثوار تسلم ياحسكو	old_twitter	revolution_terms	NEUTRAL	HATE	OFFENSIVE	3	NO_MAJORITY	0	0.576
7115	بنك النيل اتحرق ويقولو قفلو الازاعه عشان تبع كيزان خلوها في حالا وشوفو الكبيرة كبيرة والاولى ثم الاولى ولا اولويات الفترة ماشه حسب المطلوب	war_corpus	violence_reporting	OFFENSIVE	HATE	NEUTRAL	3	NO_MAJORITY	0	1.0
7117	الجزائريين طلعو رداحين ...كمان جمل موزونه زاتو	old_twitter	random_no_keyword	NEUTRAL	OFFENSIVE	HATE	3	NO_MAJORITY	0	1.0
7121	محمد جمعة سليمان بما ان حرب الميليشيا المتمردة ضد الشعب السوداني بصورة مباشرة بغرض ابادته وطمس هويته يجب على كل الشعب السوداني الحر ان يكون داخل المقاومة الشعبية لحماية تراب وطنه فهي ليست حمل سلاح فقط بل يمكن ان تكون توصيل المعلومة	war_corpus	hate_political	OFFENSIVE	HATE	NEUTRAL	3	NO_MAJORITY	0	1.0
7122	في ذكرى يوم الغدرة الاول اقول لكم كل عام وانتم بخير ورمضان مبارك عليكم وكل عام ونحن منتصرون على الباطل معركة_الكرامة والتحية لاسود القيادة العامة الذين ثبتوا في هذا يوم وابقوا بعد فضل الله وجود دولة تسمى السودان واحبطوا مخطط دولة الشر ومرتزقة ال دقلو واسيادهم ومن لف لفهم	war_corpus	violence_reporting	OFFENSIVE	HATE	NEUTRAL	3	NO_MAJORITY	0	1.0
7128	كفارة ياخ لكن انت محتاج تنوم عشان الكوفيد دا	old_twitter	religious_sectarian	HATE	OFFENSIVE	NEUTRAL	3	NO_MAJORITY	0	0.671
7134	ولاية خراسان بتوفيق الله تعالى، استهدف جنود الخلافة ضابطا في الشرطة الباكستانية المرتدة في قرية متهرا بمدينة بيشاور ، بالاسلحة الرشاشة، ما ادى لمقتله، ولله الحمد	war_corpus	religious_sectarian	OFFENSIVE	HATE	NEUTRAL	3	NO_MAJORITY	0	1.0
7149	تنعي غرفة طوارئ الجريف غرب العضوة سهام حسن مصطفى التي تم اغتيالها مساء امس برصاصتين في الراس والصدر داخل منزلها من قبل مليشيا الدعم السريع وقد تم اطلاق الرصاص عليها عبر شباك منزلها اثناء مقاومتها ومحاولتها حماية نفسها واسرتها ورفضها فتح باب المنزل	war_corpus	profanity	OFFENSIVE	HATE	NEUTRAL	3	NO_MAJORITY	0	1.0
7177	يجي شعب واعي زي الجزائر و يسقطها.. يجي شعب واعي زي فرنسا و ينتصر... يجي شعب زي اثيوبيا و يغير بلدو.. المتائج ما دايماً دول متدمره النتائج مرات دول مزدهره و نتطوره #تسقط_بس و وقت المراهقين و الشباب ديل ما مخوفنكم ما تفتحو الجامعات #موكب6ابريل	old_twitter	revolution_terms	OFFENSIVE	HATE	NEUTRAL	3	NO_MAJORITY	0	1.0
7178	قواتنا نجحت في القبض على مرتزقة وخونة الوطن وشبكة من المتعاونين المتورطين في تهريب الادوية والمواد الغذائية عبر كبري كوستي لن نتساهل مع كل من تسول له نفسه العبث بامن الوطن هذه الضربات تؤكد يقظة ابطالنا حماية الوطن وتامين احتياجات المواطنين من المتلاعبين والمتامرين	war_corpus	hate_political	OFFENSIVE	HATE	NEUTRAL	3	NO_MAJORITY	0	0.528
7221	ابناء بانت. موثق له عندما قاد بعنف ووحشيه قمع مظاهرة يناير في شارع الجمهورية. #جرائم_الانقاذ #لن_ننسى_لن_نغفر #مدن_السودان_تنتفض	old_twitter	revolution_terms	OFFENSIVE	HATE	NEUTRAL	3	NO_MAJORITY	0	1.0
7228	يا زول اقسم باللة انا حياتي ما كرهت حزب او اتجاه سياسي اكتر من الكيزان وعمري م انضميت ل حزب سياسي ولا عمري م انضميت لقوى نظامية	war_corpus	hate_political	OFFENSIVE	HATE	NEUTRAL	3	NO_MAJORITY	0	1.0
7234	الله اكبر قواتنا الباسلة، بعد السيطرة على دردوق، الان في مواجهات قوية ضد مرتزقة المليشيا بمحاور شرق النيل الحاج يوسف والوادي نفذت ضربات جوية دقيقة دمرت تجمعاتهم واوكارهم في سوق قندهار النصر لقواتنا المسلحة باذن الله نصر من الله وفتح قريب	war_corpus	violence_incitement	OFFENSIVE	HATE	NEUTRAL	3	NO_MAJORITY	0	1.0
7287	امام الجيش والشرطه اصدار بيان باسماء وعدد المعتقلين ومكان احتجازهم واطلاق سراحهم فورآ اداره البلد بنهج داعش سيدفع ثمنه الجميع ولا احد ضيف علي الاخر في الحياة او الارض لااحد يملك حق الاحتجاز دون تهمه رسميه وخارج السجن العام #مدن_السودان_تنتفض #مدنية_قرار_الشعب #تسقط_بس	old_twitter	profanity	OFFENSIVE	HATE	NEUTRAL	3	NO_MAJORITY	0	1.0
7292	هكذا سيكون مصير كل من يكون خادم لي ملاقيط المستعمر ودولة ٥٦	war_corpus	threats	NEUTRAL	HATE	OFFENSIVE	3	NO_MAJORITY	0	0.0
7294	نسور الجو تدمر وكر به عتاد و اليات و افراد بمصنع سيقا ببحري قبل قليل بل يا ساحبي	war_corpus	profanity	NEUTRAL	HATE	OFFENSIVE	3	NO_MAJORITY	0	1.0
7296	عندما طلع الشاعر وظل يهتف تسقط بس كان عقلاء الأمة خائفون لعدم جاهزية اى حزب لتولى مقاليد الحكم.. وبدأت هذه الحقيقة تظهر بوضوح عندما قال لهم المجلس العسكري شكلو حكومتكم. إلى الان يتلولون لانهم بالواضح لايملكون شئ سوي توصيف طرقات العاصمة المثلثة.هذا المعني الحقيقي ل	old_twitter	violence_incitement	HATE	NEUTRAL	OFFENSIVE	3	NO_MAJORITY	0	1.0
7297	الطريق الي مدني الحاج عبدالله مهلة الطلحة الكمر الجعليين وماشين في السكة نمد نصر من الله وفتح قريب	war_corpus	hate_tribal	OFFENSIVE	HATE	NEUTRAL	3	NO_MAJORITY	0	1.0
7314	هوي مسيرية شنو مع جيش	war_corpus	hate_tribal	NEUTRAL	HATE	OFFENSIVE	3	NO_MAJORITY	0	0.0
7318	اليس هذا الذي تدعوه مولانا مطلوب لمحكمة الجنايات الدولية والبشير كذلك #تسقط__بس	old_twitter	revolution_terms	NEUTRAL	HATE	OFFENSIVE	3	NO_MAJORITY	0	0.0
7324	#مدن_السودان_تنتفض ياليتهم.! وبنفس قوة بطشهم بالأبرياء بطشوا بمن سرق الرغيف من الجياع أو ليتهم وبنفس نهمتهم على سفك الدماء إسترجعوا شبرا" من الوطن المضاع! #تسقط_بس	old_twitter	revolution_terms	NEUTRAL	HATE	OFFENSIVE	3	NO_MAJORITY	0	0.0
7337	الهجوم الانغماسي من قبل جنود الدولة الاسلامية على تجمع المرتدين في ايران	war_corpus	religious_sectarian	OFFENSIVE	HATE	NEUTRAL	3	NO_MAJORITY	0	0.617
7353	امدر الان مقتل 11 مرتزق وتدمير عربتان نصر من الله وفتح قريب	war_corpus	hate_political	OFFENSIVE	HATE	NEUTRAL	3	NO_MAJORITY	0	1.0
7433	وفي الدفاع ستكون السودان العالمية والوطنية وجامعة مأمون حميدة وحماية العرين لجامعة التقانه تناوبا مع امدرمان الاسلاميه افتحو الجامعات دي عشان تشوفو البل الثوري اقصد المد الثوري ح يكون كيف ح تسقط يا اوغاد #تسقط_بس #موكب_14مارس	old_twitter	humanitarian	NEUTRAL	HATE	OFFENSIVE	3	NO_MAJORITY	0	1.0
7438	الناس دي مالها جادة كدة ماقلت يوم يومين بجوطو ويسكتو #تسقط_بس	old_twitter	revolution_terms	NEUTRAL	HATE	OFFENSIVE	3	NO_MAJORITY	0	0.0
7450	من اهدافي اني اتزوج لي بنت متعلمة ومثقفة وعندها تلاتة لغات على الاقل علشان لمن تخش المطبخ تعرف تقرا لأكلات الكفار وتطبخ لي..	old_twitter	religious_sectarian	HATE	OFFENSIVE	NEUTRAL	3	NO_MAJORITY	0	0.671
7459	بمناسبة عيد الأم ، نعتذر لكل ام تعبت و ربت و في الآخر ولدها طلع كوز #موكب21مارس #تسقط_بس #مدن_السودن_تنتفض	old_twitter	hate_political	OFFENSIVE	HATE	NEUTRAL	3	NO_MAJORITY	0	1.0
7466	كيف تطلب صور العيد من الشخص المعين؟ بطريقة تحفظ كرامتك و ماتكون مثير للشفقة	war_corpus	violence_incitement	HATE	NEUTRAL	OFFENSIVE	3	NO_MAJORITY	0	1.0
7468	زﻟﺰﻝ و الطلقة م بتقتل بقتل سكات الزول #تسقط_بس #حنبنيهو #موكب_28_مارس	old_twitter	violence_reporting	NEUTRAL	HATE	OFFENSIVE	3	NO_MAJORITY	0	1.0
7479	مصيبه الفي الهوا ده ينزل في ناس ولا ليهم علاقه بالحاصل	old_twitter	random_no_keyword	NEUTRAL	HATE	OFFENSIVE	3	NO_MAJORITY	0	0.0
7524	الاشاوس يتقدمون في تحرير النيل الابيض والجزيرة ويتحدون فلول ومليشيا المجرم البرهان في الخرطوم The brave RSF forces continue their advance in the liberation of White Nile and Gezira challenging the SAF militia and their allied remnants in Khartoum معركة_الديمقراطية حراس_الثورة_المجيدة	war_corpus	hate_political	OFFENSIVE	HATE	NEUTRAL	3	NO_MAJORITY	0	1.0
7538	بالله منشن لصلاح قوش ضروري هنا.. #تسقط_بس #مدن_السودان_تنتفض	old_twitter	revolution_terms	NEUTRAL	HATE	OFFENSIVE	3	NO_MAJORITY	0	1.0
7541	هنا الانبراش واجب وطني تسقط بس اليوم العصيان	old_twitter	revolution_terms	NEUTRAL	HATE	OFFENSIVE	3	NO_MAJORITY	0	1.0
7562	اول رد شعبي على الرباعية 3،200 مستنفر يؤدون القسم دفاعا للدين والعرض والوطن كل السودان حا اجي الغرب جنجا ما ينوم ماشين_الفاشر_نفك_حصار_السودان نتلاقى_في_الفاشر	war_corpus	violence_reporting	OFFENSIVE	NEUTRAL	HATE	3	NO_MAJORITY	0	1.0
7574	تجمع المهنيين وقوي الحرية والتغيير المجلس العسكري يطلب مواجهة في تكذيبكم الاتفاق معه علي فتح الطرقات في شئ غير مفهوم حميدتي لا يعرف تمليس الكلام يتحدث بعفوية كبيرة والمؤتمر الصحفي فيه كثير من التنازل والتسامح مع المعتصمين والمواطنين أين المشكلة يا تجمع؟؟ #لم_تسقط_بعد #تسقط_بس	old_twitter	revolution_terms	NEUTRAL	HATE	OFFENSIVE	3	NO_MAJORITY	0	0.0
7590	صباح الخير تاني من مكان تاني جيش_واحد_شعب_واحد دحر_المليشيا معركة_الكرامة	war_corpus	violence_reporting	OFFENSIVE	HATE	NEUTRAL	3	NO_MAJORITY	0	1.0
7610	الرابط بيناتهم انو الاتنين حتشيلهم	old_twitter	random_no_keyword	NEUTRAL	OFFENSIVE	HATE	3	NO_MAJORITY	0	1.0
7615	حُب شديييييد فولو حنتلاقى #تسقط_بس	old_twitter	revolution_terms	NEUTRAL	HATE	OFFENSIVE	3	NO_MAJORITY	0	1.0
7618	انا دايرك انت بس لله دركم امن_ياجن جهاز المخابرات العامة معركة_الكرامة	war_corpus	violence_reporting	NEUTRAL	HATE	OFFENSIVE	3	NO_MAJORITY	0	1.0
7619	مرحلة خراج الروح نهاية الدعم السريع يكتبها التاريخ باوضح الخطوط	war_corpus	profanity	OFFENSIVE	HATE	NEUTRAL	3	NO_MAJORITY	0	1.0
7627	ايحسب ان لن يقدر عليه احد البلد ٥ صدق الله العظيم بيان حول اجازة قانون تفكيك نظام الانقاذ جماهير شعبنا الابي يا شعبا مسالم يا حر الارادة وكتين تصادم بروقك تضوي ورعودك تدوي ورياحك تقصقص رقاب المظالم قانون_تفكيك_دوله_التمكين	war_corpus	hate_political	OFFENSIVE	HATE	NEUTRAL	3	NO_MAJORITY	0	1.0
7634	لانهم واقفين مع الشعب ومع الحق ضد ضد الكيزان والمجرمين الدمرو بلدنا	war_corpus	violence_incitement	OFFENSIVE	HATE	NEUTRAL	3	NO_MAJORITY	0	1.0
7681	عشان مسخن ومشاوير وعرق وديني طلع	old_twitter	random_no_keyword	NEUTRAL	HATE	OFFENSIVE	3	NO_MAJORITY	0	1.0
7693	انت مهول الشغله شديد ما تفتكر الفساد ده كلو سرقه واي زول في اي مؤسسه بسرق! بالعكس هي سوء ادارة في المقام الاول	old_twitter	violence_incitement	HATE	NEUTRAL	OFFENSIVE	3	NO_MAJORITY	0	1.0
7701	يلا فتكم بي عافيه نتلاقى بعدين في نكات ونرجع مجانين انثى_مجنونه_جنترااااااا	war_corpus	violence_incitement	HATE	NEUTRAL	OFFENSIVE	3	NO_MAJORITY	0	1.0
7722	بالله دي دولة مدنية ولا علمانية؟ الرئيس عسكري ونائبه عسكري وكل الولاة عساكر ومعتمد الخرطوم عسكري ومفاوض ملف السلام عسكري وين المدنية؟؟؟؟؟؟؟؟؟ افتكر في زمن المخلوع كانت اكثر مدنية من الان	war_corpus	religious_sectarian	HATE	NEUTRAL	OFFENSIVE	3	NO_MAJORITY	0	1.0
7726	ولاية غرب افريقية بتوفيق الله تعالى، استهدف جنود الخلافة معسكرا للجيش النيجيري المرتد، في بلدة غونيري بمنطقة يوبي امس، بقذيفة مدفعية وقذيفة هاون، وكانت الاصابة محققة، ولله الحمد	war_corpus	religious_sectarian	OFFENSIVE	HATE	NEUTRAL	3	NO_MAJORITY	0	0.772
7728	خلونا من ايران والمنطقة المشتعلة نيالا ولعت ليلة سوداء على المليشيا اغتيالات وتصفيات لعشرات القادة والمرتزقة واصابة قادة بارزين مقتل ابن ناظر الحمر زلزل الصفوف	war_corpus	hate_political	OFFENSIVE	HATE	NEUTRAL	3	NO_MAJORITY	0	1.0
7732	الحركة الشعبية بقيادة اللواء عبد الباقي قرفة تعلن الانضمام لقوات الدعم بعدد 25 الف مقاتل وتدعو ابناء النوبة للانحياز لخيار الشعب	war_corpus	hate_tribal	OFFENSIVE	HATE	NEUTRAL	3	NO_MAJORITY	0	1.0
7742	هيمنة هذا هدفهم هذه غايتهم ومن يقيمون معهم تحالفات في المنطقة فهؤلاء عملاء لهم لا اكثر	war_corpus	hate_political	OFFENSIVE	NEUTRAL	HATE	3	NO_MAJORITY	0	1.0
7751	"بوتفليقة" رغم تاريخه العريق ادرك ان الزمن قد تجاوزه فاستقال أما "بلوي فليقة" الذي اتت به صدف التاريخ فانه يصر على ان يقود حملة لإنقاذ البلاد من الإنقاذ #تسقط_بس #مدن_السودان_تنتفض	old_twitter	profanity	NEUTRAL	HATE	OFFENSIVE	3	NO_MAJORITY	0	0.0
7763	حكومة الجوع تسقط بس ولحس الكوع تسقط بس حكومة العسكر تسقط بس الما بتتشكر تسقط بس	old_twitter	revolution_terms	NEUTRAL	HATE	OFFENSIVE	3	NO_MAJORITY	0	1.0
7771	تجمع الصيادلة المهنيين بيان قابيل يا قابيل عبثا تفجر هذا الجبين عبثا تهشم هذي الضلوع فالامنيات السابحات على دمي المسفوك خبثا لن تموت وتحتضر هي جذوة في صدر ثائر لن يدرك الركوع لها سبيل مجزرة17نوفمبر 17 نوفمبر 2021	war_corpus	neutral_news	NEUTRAL	HATE	OFFENSIVE	3	NO_MAJORITY	0	0.892
7779	دي ياها داتها خوة الشلاليف يا جادو لكن نحن كناس قاعدين ساي نرابط الكفاح مع بعض لو انت رضيت يعني	old_twitter	hate_tribal	HATE	NEUTRAL	OFFENSIVE	3	NO_MAJORITY	0	1.0
7786	بابنوسة الصمود _ تم بحمد الله تدمير منصة مسيرات في المحور الغربي وتدمير واستلام ٤٦ عربية وهلاك اكتر من ٣١٧ من ضمنهم القائد خلا عباس جاد الرب القائد خلا عبد الرحمن الناير القائد خلا احمد محمد رامبو زايلي ونعيمكي زايل نصر من الله وفتح قريب بابنوسة	war_corpus	hate_tribal	OFFENSIVE	HATE	NEUTRAL	3	NO_MAJORITY	0	1.0
7805	قوات الدعم السريع نجدد عدم اعترافنا بقرار الحكومة واعلانها بدء اجراءات معيبة لتغيير العملة ضمن مخطط لافقار ملايين السودانيين وتحويل اموالهم لدعم المجهود الحربي للحركة الاسلامية ومنو اتو شان تعترفوا خلاص النهبتو ده خلو معاكم وولعو بيهو الفحم	war_corpus	violence_reporting	NEUTRAL	HATE	OFFENSIVE	3	NO_MAJORITY	0	1.0
7806	نصب المشانق علي فروع الاشجار ستدفع الجميع لتحسس رقابهم وسيفكر الكوز الف مره قبل فعل اي شي لولا تجمع المهنيين السودانيين الذي ارسي فقه السلميه لصنعنا لتقرب الشعب السوداني الي الارض وفكره الوطن بدماء الكيزان #حنبنيهو #السودان #مدن_السودان_تنتفض	old_twitter	hate_political	OFFENSIVE	HATE	NEUTRAL	3	NO_MAJORITY	0	1.0
7816	الرد دا محفظنو للناس الخانقين كلهم ولا شنو	old_twitter	random_no_keyword	NEUTRAL	OFFENSIVE	HATE	3	NO_MAJORITY	0	1.0
7843	البت البتغني في النيل الأزرق دي إن شاء الله تموت هسة	old_twitter	hate_tribal	NEUTRAL	HATE	OFFENSIVE	3	NO_MAJORITY	0	1.0
7856	اي مرتزق ما طلع من الجزيرة في ظرف 48 ساعه اهلو يقنعو منو والله جد نصر من الله وفتح قريب	war_corpus	hate_political	OFFENSIVE	HATE	NEUTRAL	3	NO_MAJORITY	0	1.0
7860	#تسقط_بس الواجب مسؤولية الجميع و التاريخ لا يرحم #سودان_بدون_كيزان #سودان_جديد	old_twitter	hate_political	OFFENSIVE	HATE	NEUTRAL	3	NO_MAJORITY	0	1.0
7864	قناة زول+مؤتمر الشعبي+ مؤتمر الوطني= قطر وضد السعودية والإمارات قناة زول اتجاهها اسلامي كيزاني، لابس ثوب الاعلام ومنتحل شخصية الثائر #تسقط_بس #مليونيات_السلطة_المدنية #مدن_السودان_تنتفض	old_twitter	hate_political	OFFENSIVE	HATE	NEUTRAL	3	NO_MAJORITY	0	0.717
7886	البرهان من كافوري دبلوا ليهم وتلتوا ليهم	war_corpus	profanity	NEUTRAL	OFFENSIVE	HATE	3	NO_MAJORITY	0	0.0
7891	شوف الدعامة المرتزقة بعد نهبوا قروشنا وعرباتنا رجعوا بلادهم وحرقوا الجواز السودانى الاستخرجته ليهم قوات الدعم السريع تابع قناة القوات المسلحة السودانية	war_corpus	hate_political	OFFENSIVE	HATE	NEUTRAL	3	NO_MAJORITY	0	1.0
7906	عناصر من الدعم السريع يتناوبون على اغتصاب امراة حامل تحت تهديد السلاح السودان اليوم_نيوز عاجل اليوم نيوز نافذتك على اخر الاخبار والمستجدات	war_corpus	neutral_news	OFFENSIVE	HATE	NEUTRAL	3	NO_MAJORITY	0	0.598
7910	تسقط بس قبيل خشيت في موكب سغيرون كده في جبره طوالي بقي كبير الناس دي الله أعلم تلتزم بي جدول المهنيين تاني خرمه شديده	old_twitter	revolution_terms	NEUTRAL	HATE	OFFENSIVE	3	NO_MAJORITY	0	1.0
7917	تقديم جرائم المال على جرائم القتل والاغتصاب والاعتداءات اللا-انسانية هو ادعى بأن يجعل من النيابة العامة ليست أهلا لتحقيق العدالة.. ومما لا شك فيه أن الشعب السوداني يسعى باسقاط المجلس الذي اعترف بجرمه على لسان ناطقه الرسمي.. #العداله_الدوليه_للمجزره مطلب شعب #مظاهرات18يونيو	old_twitter	revolution_terms	OFFENSIVE	HATE	NEUTRAL	3	NO_MAJORITY	0	1.0
7919	اشاوس الفاشر جاهزون للتصدي لاي هجوم من قبل مرتزقة الحركات بالمحور الشمال الشرقي RSF in al Fashir declares their readiness to counter any attacks launched by the mercenary movements in north east axes معركة_الديمقراطية حراس_الثورة_المجيدة	war_corpus	violence_reporting	OFFENSIVE	HATE	NEUTRAL	3	NO_MAJORITY	0	1.0
7923	أن شالله طوالي تغزو فيهو وما تمرقو” #الله_يكرمكم	old_twitter	random_no_keyword	NEUTRAL	HATE	OFFENSIVE	3	NO_MAJORITY	0	1.0
7924	ممكن تكوون علاقتنا سلام بس لكن دا م بمنع انك لو جيتي مارة جمبي وانا م شفتك وانتي شفتيني تسلمي	old_twitter	violence_incitement	HATE	NEUTRAL	OFFENSIVE	3	NO_MAJORITY	0	1.0
7927	ياخ ان شاء الله قبل المسيح ما يتولد زاتو دا ما مبرر لوجودها لا قبل الاعتصام لا حسا! وحسا الوضع بقى مهدد اكتر بوجودها ف ليه ياخ نخليها	old_twitter	revolution_terms	NEUTRAL	OFFENSIVE	HATE	3	NO_MAJORITY	0	1.0
7944	اين وصل خيط مصحفك ؟ اتراه ينتقل ام اصابه الهجران ويبقى السؤال المحزن هل لديك مصحف خاص كما لديك هاتف خاص	war_corpus	violence_incitement	HATE	NEUTRAL	OFFENSIVE	3	NO_MAJORITY	0	1.0
7981	والله يا جماعه انا شايف انو لو انت بتكره زول قاعد في حياتك تعال طوالي قول ليهو يا انسان انا وقفتك لكن مافي داعي تختلق مشاكل من مافي وتعمل تصرفات ما بتليق بيك ولا بتليق بمكانتك عند الزول دا عشان تكرهو فيك بالغصب	old_twitter	violence_incitement	HATE	NEUTRAL	OFFENSIVE	3	NO_MAJORITY	0	1.0
7984	ايقونة الثوره برا الاء صلاح برا زفت واقف قدام الموت وتجي واحده لابسه ليها حلق في وتوب ابيض في نهاية الثوره وتسرق الأيقونة لو قلعت التوب دا ساي تاني ما في زول بعرفا #تسقط_بس	old_twitter	revolution_terms	NEUTRAL	HATE	OFFENSIVE	3	NO_MAJORITY	0	1.0
7991	اكيد لا! لانو لو حنتحاسب على احلامنا الناس دي كلها حتخش النار!!	old_twitter	random_no_keyword	NEUTRAL	HATE	OFFENSIVE	3	NO_MAJORITY	0	0.0
8010	الرساله دي من واحد دعامي العمل الخاص نار وشرار جيش_واحد_شعب_واحد دحر_المليشيا معركة_الكرامة	war_corpus	hate_political	OFFENSIVE	HATE	NEUTRAL	3	NO_MAJORITY	0	1.0
8014	#مدن_السودان_تنتفض #مليونيه30يونيو نحن جند الله جند الوطن إن دعا داعي الفداء لم نخن نتحدى الموت عند المحن نشتري المجد بأغلى ثمن هذه الأرض لنافليعش سوداننا علماً بين الأمم يا بني السودان هذا رمزكم يحمل العبء ويحمي أرضكم	old_twitter	violence_reporting	OFFENSIVE	HATE	NEUTRAL	3	NO_MAJORITY	0	1.0
8031	-انت مفتكر انو لمن تعمليها فولو وريتويت كتير حاتقولك بحبك... -طبعاً.	old_twitter	violence_incitement	HATE	NEUTRAL	OFFENSIVE	3	NO_MAJORITY	0	1.0
8059	الجيش يستهدف امدادات عسكرية ل المليشيا بمنطقة الزرق انضم للراى السودانى علي تلغرام عبر الرابط تابع قناتنا على واتساب	war_corpus	hate_tribal	OFFENSIVE	HATE	NEUTRAL	3	NO_MAJORITY	0	1.0
8072	اعتقالات وسط اطباء و طلاب الطب في ولاية القضارف بعد وقفة احتجاجية. الاسماء: دكتور نزار عطا دوكة، محمد سليمان، البراء عبدالقادر و زين العابدين محمود، محمد البدوي، احمد محمد ابراهيم، دكتور ادريس محمد و دكتور معاذ محمد #مدن_السودان_تنتفض	old_twitter	hate_tribal	OFFENSIVE	HATE	NEUTRAL	3	NO_MAJORITY	0	1.0
8116	دفارات مستفه فل داخله علي استاد المريخ. ليست دفارات كجر بل دفارات تحمل أعلام حمراء ترفرف والغنج ظاهر في عيونهم. العجب حشد الثورة وقنطرها في العرضه جنوب #تسقط_بس	old_twitter	revolution_terms	OFFENSIVE	HATE	NEUTRAL	3	NO_MAJORITY	0	1.0
8153	من الجيد تكوين لجان شعبية لتنظيم الاعتصام، والمحافظة على سلامة المعتصمين، وقطع الطريق على المخربين والمندسين #السودان_الاضراب_العام #مدن_السودان_تنتفض	old_twitter	hate_political	OFFENSIVE	HATE	NEUTRAL	3	NO_MAJORITY	0	0.528
8173	اشاوس الدعم السريع من داخل المدرعات يردون على ادعاءات وتضليل ابواق الفلول المهزومين معركة_الديمقراطية حراس_الثورة_المجيدة	war_corpus	violence_reporting	OFFENSIVE	HATE	NEUTRAL	3	NO_MAJORITY	0	1.0
8195	خطاب السيد رئيس مجلس السيادة القائد العام للقوات المسلحة الفريق اول ركن عبدالفتاح البرهان من ودالنورة بولاية الجزيرة ٥ اغسطس ٢٠٢٥م فيديو السودان القوات_المسلحة_السودانية المقاومة_الشعبية تحت قيادة القوات المسلحة نحن في الشدة باس يتجلى حرب_الكرامة RapidSupportIsTerroristMilitia رابط الصفحة علي الفيسبوك	war_corpus	hate_tribal	OFFENSIVE	HATE	NEUTRAL	3	NO_MAJORITY	0	1.0
8204	لانه حقيقة نحن ورلات بالذات قبيل	old_twitter	random_no_keyword	NEUTRAL	HATE	OFFENSIVE	3	NO_MAJORITY	0	1.0
8242	إن كان النفاق بشرا يسير بين الناس فان #حسن (طرحة) يمثله #مدن_السودان_تنتفض #تسقط_بس	old_twitter	revolution_terms	NEUTRAL	HATE	OFFENSIVE	3	NO_MAJORITY	0	0.0
8245	تدوين عشوائ علي محليه كرري الناس تخلي بالها وتاخد الساتر ربنا يلطف بالعباد ويدمر المليشيا تابعونا على الرابط قناة التلغرام _ قناة الواتساب	war_corpus	violence_incitement	OFFENSIVE	HATE	NEUTRAL	3	NO_MAJORITY	0	1.0
8249	يخوانا مساعر الدولب و تهاني سمحات بس مشكلتهم كوزات	old_twitter	hate_political	OFFENSIVE	HATE	NEUTRAL	3	NO_MAJORITY	0	1.0
8269	المقاومة الشعبية تقتل 7 متمردين وتستولى على تاتشر بكامل تسليحها انضم للراى السودانى علي تلغرام عبر الرابط تابع قناتنا على واتساب	war_corpus	hate_political	OFFENSIVE	HATE	NEUTRAL	3	NO_MAJORITY	0	1.0
8271	خلاص يا رب يامن و بينزو و اي زول يتحشر في حياتي يتحرقو	old_twitter	violence_reporting	NEUTRAL	HATE	OFFENSIVE	3	NO_MAJORITY	0	1.0
8283	التحية لنسور الجو اليوم جغم مميز لكل تجمعات الملاقيط بدارفور	war_corpus	dehumanizing	OFFENSIVE	HATE	NEUTRAL	3	NO_MAJORITY	0	1.0
8292	تشوفها في الحقيقة وتشوف صورها هنا بالجد #تسقط__بس	old_twitter	random_no_keyword	NEUTRAL	HATE	OFFENSIVE	3	NO_MAJORITY	0	1.0
8296	رمضان السنة دي مع ناس الكهرباء تحس بالمساكين و تحس بمعاناة ناس العصر الحجري #تسقط_بس و الله الكهرباء دي براها محتاجة ثورة	old_twitter	revolution_terms	NEUTRAL	HATE	OFFENSIVE	3	NO_MAJORITY	0	1.0
8305	تتزكروا لمن قالوا يوم مارس حيعملوا محكمة لأي زول كتب تسقط بس	old_twitter	revolution_terms	NEUTRAL	HATE	OFFENSIVE	3	NO_MAJORITY	0	1.0
8316	كن عينا ساهره ويدا امينه من اجل وطنك بالتبليغ عن اي اجنبي مقيم بصوره غير شرعيه للحد من انتشار الجريمه ومكافحة الخونه والعملاء الوعي_اساس_المرحله خليك_واعي الامن مسؤلية الجميع	war_corpus	profanity	OFFENSIVE	HATE	NEUTRAL	3	NO_MAJORITY	0	1.0
8331	قوات الجيش السوداني تدمر مدرعة كالديوس MCAV 20 تابعة لفلول المليشيا المتمردة الارهابية بالخرطوم بحري نزلنا الفيديو ليها	war_corpus	hate_political	OFFENSIVE	HATE	NEUTRAL	3	NO_MAJORITY	0	1.0
8349	و في الجياشة. الناس ديل حاكمين من سنة حفروا البحر و عندهم مصالح كتيرة مربوطة بالسلطة يعني مافي شيء بخليهم يسلموا السلطة بسهولة. لكن دا ما يعني انو نحنا نبني و نترتب عشان نقلعها منهم بفهم ونختهم في علبهم عشان تاني ما يجو متلبين	old_twitter	random_no_keyword	NEUTRAL	HATE	OFFENSIVE	3	NO_MAJORITY	0	1.0
8368	لي يفرغوا ليهم عشان نحنا مافي مش اخساء	old_twitter	random_no_keyword	NEUTRAL	HATE	OFFENSIVE	3	NO_MAJORITY	0	1.0
8393	بحري تحييد قائد المنطقة في الشعبية التابع للجنجا بحمد الله	war_corpus	profanity	OFFENSIVE	HATE	NEUTRAL	3	NO_MAJORITY	0	1.0
8395	#اطردوا_الوزير_المصري #البشير أهل الشمالية شهدوا #الدرع_الأزرق ومصنع كريمة الذي ينتج الكاتشاب النظيفة والغير ملوثة من طماطم معفنة ومدودة	old_twitter	violence_incitement	HATE	OFFENSIVE	NEUTRAL	3	NO_MAJORITY	0	1.0
8403	رمضان أحلى في الإعتصام.. #تسقط_بس #مواكب_مابتتراجع_تاني #يسقطوا_بس	old_twitter	revolution_terms	NEUTRAL	HATE	OFFENSIVE	3	NO_MAJORITY	0	1.0
8415	قال تعالي ولما برزوا لجالوت وجنوده قالوا ربنا افرغ علينا صبرا وثبت اقدامنا وانصرنا على القوم الكافرين ٢٥٠ البقرة اللهم نصرا عاجلا وفرجا قريبا	war_corpus	religious_sectarian	OFFENSIVE	NEUTRAL	HATE	3	NO_MAJORITY	0	0.709
8416	ليه بتتنمروا على ناس ما أذوكم بأي طريقة بس لمجرد انهم مختلفين عنكم؟ و بعد ده بكل قوة عين و بكل تناقض بتنادوا بالحرية و السلام و العدالة؟	old_twitter	humanitarian	NEUTRAL	HATE	OFFENSIVE	3	NO_MAJORITY	0	1.0
8419	تفاوض منو؟ملاقيط زي ديل ما استحلوا حرمات مواطنين ابرياء عزل؟ حك بس لاخر مليشي مرتزق ابن حرام	war_corpus	hate_political	NEUTRAL	HATE	OFFENSIVE	3	NO_MAJORITY	0	0.576
8420	وتحالفه مع #روسيا وفي نفس الوقت لم تجرؤ على تدخل عسكرى، فارسلت عميلها كيرميت روزفلت حفيد الرئيس الامريكى روزفلت،سافر روزفلت إلى إيران واستطاع أن يجند حفنة من الإيرانيين الخونة و قاموا بتنظيم مظاهرات لم تكن كبيرة العدد لإسقاط مصدق في مقابل مبالغ مالية ضخمة وتم الانقلاب على مصدق	old_twitter	hate_political	HATE	NEUTRAL	OFFENSIVE	3	NO_MAJORITY	0	0.842
8441	السياسي المتدين ذخروصلاح لمكانه ومركزه ومجتمعه، والمتدين السياسي نقمة وفتنه وتحايل وتسلق باسم الدين وتملق قبيح للدكتاتوريه العسكرية وحكم الفرد.تسقط اللحى المشبوهه وتحيا الثورة.#اعتصام_القياده_العامه #تسقط_بس	old_twitter	revolution_terms	NEUTRAL	HATE	OFFENSIVE	3	NO_MAJORITY	0	0.0
8493	حي علي الجهاد عن النبي صلى الله عليه وسلم قال جاهدوا المشركين باموالكم وانفسكم والسنتكم رواه ايضا ابو داود والنسائي والدارمي وصححه الالباني	war_corpus	religious_sectarian	OFFENSIVE	HATE	NEUTRAL	3	NO_MAJORITY	0	1.0
8500	نلعب بنت جماد حيوان نبات بلاد	war_corpus	dehumanizing	OFFENSIVE	NEUTRAL	HATE	3	NO_MAJORITY	0	1.0
8510	ولاية العراق صلاح الدين صورة اسلحة وذخائر اغتنمها جنود الخلافة اثر اشتباكات مع دورية للحشد الرافضي المرتد شمال مدينة العلم	war_corpus	religious_sectarian	OFFENSIVE	HATE	NEUTRAL	3	NO_MAJORITY	0	0.772
8543	الاعتداء على الصحفيين والاعلاميين واقتحام مؤسساتهم نعتمد ونعول بالكامل في معركتنا لهزيمة طغمة المجلس العسكري الانقلابي وقواته ومليشياته الماجورة على شعبنا الباسل وصموده وادواته المجربة في المقاومة السلمية، والنصر حليف القوى الثورية لا محالة، الا اننا ايضا لن نسمح بالتامر	war_corpus	hate_political	OFFENSIVE	HATE	NEUTRAL	3	NO_MAJORITY	0	1.0
8560	نقام لا نساوم الشعب قال كلمته لا ننتظر موافقه المجلس الانقلابي و قوات الجنجكوز علي الإعلان الدستوري علي قحت تحديد مهله زمنيه و بعدها تسقط بس #وقع_بس	old_twitter	hate_political	OFFENSIVE	HATE	NEUTRAL	3	NO_MAJORITY	0	1.0
8580	تسقط بس او حكومة مدنية	old_twitter	revolution_terms	NEUTRAL	HATE	OFFENSIVE	3	NO_MAJORITY	0	1.0
8589	السلام عليكم التحرش في اخواتنا وأمهاتنا طريقة جديدة يتبعها الكيزان لفض الإعتصام والبشوف الزول البعمل الكلام دا يمسكو طوالي دا كوز اعملو حسابكم #تسقط_بس #اعتصام_القيادة_العامة #لم_تسقط_بعد	old_twitter	hate_political	NEUTRAL	HATE	OFFENSIVE	3	NO_MAJORITY	0	0.576
8602	الحلقة الجايه فيها موت السنييين يا انسان	old_twitter	violence_reporting	NEUTRAL	OFFENSIVE	HATE	3	NO_MAJORITY	0	1.0
8621	الجيش جيش السودان الجيش ما جيش كيزان انهاء تعدد الجيوش وتجيير واختطاف قوات الشعب المسلحة من قبل طغمة الفاسدين والمجرمين من جنرالات نظام البشير مليونية6ديسمبر لاتفاوض_لاشراكة_لاشرعية	war_corpus	hate_political	OFFENSIVE	HATE	NEUTRAL	3	NO_MAJORITY	0	0.528
8647	سلامتك من ال ا........ ه	old_twitter	violence_incitement	HATE	OFFENSIVE	NEUTRAL	3	NO_MAJORITY	0	1.0
8649	قبيل سلمت عليك جمب كنت جمب الاكسنن الرمادية وانت جيت ماري بهناك يا مستر اي شفتك كنت لابس قميص ابيض انت صح تسلم يالحبيب	old_twitter	violence_incitement	HATE	NEUTRAL	OFFENSIVE	3	NO_MAJORITY	0	1.0
8660	يا ترى كانت ردة فعل جماعة الاخوان المعارضة الشريفة شنو الاخوان قالوا انو المتظاهرين ديل شوية بلطجية و احنا بنأيد الجيش في الخطوة دي	old_twitter	hate_political	NEUTRAL	HATE	OFFENSIVE	3	NO_MAJORITY	0	1.0
8674	كل القبائل والسحنات والاطياف بمدينة شندي تدافعو وضاقت بهم الميادين الرحيبه والساحات العامة اتو من كل صوب وحدب لنصرة قواتهم المسلحة وتامين مدينتهم الحبيبه حبا و كرامه تحية اجلال وفخر خاصة للفرقة التالتة مشاة شندي وجميع الاجهزة الامنية بالمدينة الله اكبر ولا نامت اعين الجبناء نصر_من_الله_وفتح_قريب	war_corpus	dehumanizing	OFFENSIVE	HATE	NEUTRAL	3	NO_MAJORITY	0	1.0
8719	الناس تنسى فكره تفاوض وكلام فاضي والله بالحصل اليوم دا #تسقط_بس	old_twitter	humanitarian	NEUTRAL	HATE	OFFENSIVE	3	NO_MAJORITY	0	1.0
8721	موسى هلال يصرح قائلا حميدتي قتل كميه كبيره من المحاميد والبني حسين وقتل ابن موسى هلال في احداث مستريحه الان كل من يقف مع حميدتي هو عدو خلافنا مع حميدتي خلاف شخصي	war_corpus	neutral_news	NEUTRAL	HATE	OFFENSIVE	3	NO_MAJORITY	0	1.0
8722	ارتكازات المتمردين في 1 محيط الاذاعة 2 مستشفى الجمارك شارع عبد الله الطيب 3 امام مصنع اليرموك 4 كل ارتكازات المتمردين في طريق جبل اولياء 5 ارتكاز شارع الدوحة المنشية 6 ارتكاز كافوري القنطرة تم نسفها وتدمير كل الياتها والقضاء على القوات الموجودة فيها يوم صعب على الجنجا	war_corpus	hate_tribal	OFFENSIVE	NEUTRAL	HATE	3	NO_MAJORITY	0	1.0
8780	مافي حل الا تسقط بس #موكب18مارس	old_twitter	revolution_terms	NEUTRAL	HATE	OFFENSIVE	3	NO_MAJORITY	0	1.0
8785	لا الموضوع بقى بيوند حاضر ديل عايزنها تقول آمين" #وين_الجبهة	old_twitter	random_no_keyword	NEUTRAL	HATE	OFFENSIVE	3	NO_MAJORITY	0	1.0
8800	كمال بور ترسانة المجاهدين واحد ركائز معركة الكرامة المدرسة التي تخرج من بين يديه مئات المقاتلين المرابطين نظيف الضمير بعيد عن الكاميرا فليعرف هذا الجيل والاجيال القادمة اولائك الابطال الذين دافعوا عن ترابه منذ اول ساعة وحتى هذه اللحظات ما فارقت انوفهم رائحة البارود	war_corpus	violence_reporting	OFFENSIVE	HATE	NEUTRAL	3	NO_MAJORITY	0	1.0
8812	ممكن تثق في مصاص دماء لكن م تثق في مصري	old_twitter	random_no_keyword	NEUTRAL	HATE	OFFENSIVE	3	NO_MAJORITY	0	0.0
8826	ومن يكون هو ودويلتة حتي لا تسمح بالفوضي في السودان اليس من الأفضل له التحدث عن جزر ابو موسي وطندب ام هو الحاكم بمر الله في الارض هذا زمانك يا مهازل فمرحي تبا لكم	old_twitter	threats	NEUTRAL	HATE	OFFENSIVE	3	NO_MAJORITY	0	1.0
8828	بالتوفيق أستاذ خالد و حكومة الغفلة #تسقط_بس #مدن_السودان_تنتفض #موكب6ابريل	old_twitter	revolution_terms	NEUTRAL	HATE	OFFENSIVE	3	NO_MAJORITY	0	0.0
8835	لجنة العمل الميداني بقوى اعلان الحرية والتغيير بيان ها مرة اخرى سنخرج للشوارع شاهرين هتافنا شعبنا الابي انتصرنا عندما اخترنا طريق الثورة، وعندما قررنا ان نزيل طغمة الكيزان من اجل ميلاد جديد وسودان جديد، ولقد كانت المليونيات وساحة الاعتصام هي بداية طريق ثوري طويل	war_corpus	gender_hate	OFFENSIVE	HATE	NEUTRAL	3	NO_MAJORITY	0	0.532
8846	امعانهم في همجيتهم يعني ان نهايتهم قد دنت ولاحت بشائر نصرنا الاكيد مكملين اعلام تجمع المهنيين السودانيين ٩ يونيو ٢٠١٩ العصيان_المدني_الشامل SudanCivilDisobedience	war_corpus	dehumanizing	OFFENSIVE	HATE	NEUTRAL	3	NO_MAJORITY	0	1.0
8871	قلناها من قبل"تسقط بس" دون قيد أو شرط فسقط..المجلس الدموي يسقط الآن وبس	old_twitter	revolution_terms	NEUTRAL	HATE	OFFENSIVE	3	NO_MAJORITY	0	1.0
8879	هو هو كلامك ده منطقي جداً بالنسبه لي لانو بعرف المسيريه عندهم الشعيريه دي حاجه مقدسه لو عريس ما جاب شعيريه لعروستو في الشيله ما بدوها ليه و شفت عادات اغرب من دي	old_twitter	hate_tribal	HATE	NEUTRAL	OFFENSIVE	3	NO_MAJORITY	0	1.0
8887	امدرمان تمكنت قوات العمل الخاص بسلاح المهندسين بفك حصار ضاحية العباسيه با امدرمان بعد حصار دام لفترة من الزمن حيث كبدا ابطال العمل الخاص المليشيا المتمردة عدد كبير في العتاد والارواح جاري احصائيها قريبا باذن الله امدرمان خاليه من التمرد نصرا من الله وفتح قريب	war_corpus	violence_reporting	OFFENSIVE	HATE	NEUTRAL	3	NO_MAJORITY	0	1.0
8914	غنائم المتمرد عبدالعزيز الحلو في كادقلي عدد 3 دبابة حية وتدمير عدد 5 عربة كروزر وعدد القتلا ما يقارب 40 متمرد الله اكبر والنصر للقوات المسلحة	war_corpus	hate_political	OFFENSIVE	HATE	NEUTRAL	3	NO_MAJORITY	0	1.0
8949	تم تدمير عربات قتالية لمليشيات الدعم السريع في مطري الحلفايا كما تم تدمير راجمة في كافوري و تم تدمير راجمة اخرى في ود البشير	war_corpus	violence_reporting	OFFENSIVE	HATE	NEUTRAL	3	NO_MAJORITY	0	1.0
8952	جاينك بالحيل يا بانقا جهزو خنادقكم وطيرانكم كويس	war_corpus	profanity	NEUTRAL	HATE	OFFENSIVE	3	NO_MAJORITY	0	1.0
8957	هم عساكر مخالفين تعليمات و قالوها في فيديوهاتهم تجرد سلاحهم معناها الا تقتلهم اول ما تسوقونا ياخ	old_twitter	violence_reporting	NEUTRAL	HATE	OFFENSIVE	3	NO_MAJORITY	0	1.0
8960	اهل سراقب لا ينامون على ضيم، وهذه السنوات التي مرت وسراقب محتلة، ما نامها الغيارى بهناء ولا فارقهم الشوق الى التحرير قريبا يبزغ فجر الفتح وتعود الجحافل الى دك حصون الطغاة والمحتلين ابو هاشم بن محي الدين بن عبدالله الرفاعي الشامي	war_corpus	hate_tribal	OFFENSIVE	HATE	NEUTRAL	3	NO_MAJORITY	0	1.0
8965	يعني شادننا لغاية وحدة و شوية عشان لجنة تحقيق؟ برضو #شكرا_حمدوك يا كيزان السواد والرماد	old_twitter	revolution_terms	OFFENSIVE	HATE	NEUTRAL	3	NO_MAJORITY	0	1.0
8990	المجلس العسكري استغل تأخر التجمع و قوى الحرية و التغيير في إعلان حكومتهم الإنتقالية، و حشد المنافقين و الجهلاء من تُجار الدين و القبائل و أحزاب ظل المؤتمر الوطني لإعطاء نفسه شرعية و يصنع له أرضية متوهمة #تسقط_بس #لم_تسقط_بعد #إعتصام_القيادة_العامة #تسقط_تالت_وتسقط_رابع	old_twitter	religious_sectarian	OFFENSIVE	HATE	NEUTRAL	3	NO_MAJORITY	0	1.0
8998	قوات العمل الخاص بمنطقة امدرمان العسكرية تهاجم موقعا تتحصن فيه المليشيا المتمردة حيث تم تدمير عدد من العربات القتالية للعدو وقتل العشرات من المتمردين كما تم استرداد عدد من العربات المدنية التي نهبت من المواطنين معركة_الكرامة كرامة_الجيش_كرامة_شعب جيش_واحد_شعب_واحد	war_corpus	hate_political	OFFENSIVE	HATE	NEUTRAL	3	NO_MAJORITY	0	1.0
9004	لو البيان اتاخر الليلة انا و معاي عدد مقدر من الثوار ح ننضم لتيار نصرة الشريعة ضد العلمانية و الجرجرة	old_twitter	religious_sectarian	NEUTRAL	HATE	OFFENSIVE	3	NO_MAJORITY	0	1.0
9041	فكم قد رأينا ظالماً متمرداً يرى النجم تيهاً تحت ظل ركابه فعما قليل وهو في غفلاته أناخت صروف الحادثات ببابه فأصبح لا مال له ولا جاه يرتجى ولا حسنات تلتقي في كتابه وجوزي بالأمر الذي كان فاعلاً وصب عليه الله سوط عذابه #تسقط_بس #حملة_الدعاء_على_العدو	old_twitter	hate_political	NEUTRAL	HATE	OFFENSIVE	3	NO_MAJORITY	0	0.0
9061	امتلك رئة بحجم وطني لكنها متعبة باكسجين الهجرة Moo7a	war_corpus	violence_incitement	HATE	NEUTRAL	OFFENSIVE	3	NO_MAJORITY	0	0.811
9070	مناشدة عاجلة مدني مجموعات متفلتة تحاول فض الاعتصام بموقف الامجاد بالضرب بالعصي والقاء الطوب على المعتصمين، نناشد كل ثوار مدني بالتوافد على ساحة الاعتصام لافشال اي محاولة من فلول واذيال وبقايا النظام السابق لفض اعتصام مدني ونؤكد على السلمية هي سبيلنا وطريقنا لتحقيق غاياتنا لم_تسقط_بعد اعتصام_مدني	war_corpus	hate_political	OFFENSIVE	HATE	NEUTRAL	3	NO_MAJORITY	0	1.0
9076	نيالا _ نسور الجو _ تم تدمير تجمعات مرتزقة المليشيا شرق المدينة وفي مطار نيالا وجنوب شرق السكن الشعبي	war_corpus	hate_political	OFFENSIVE	HATE	NEUTRAL	3	NO_MAJORITY	0	1.0
9078	تم تحرير الازاعة من الاوباش المرتزقة قوات النهب السريع	war_corpus	hate_political	OFFENSIVE	HATE	NEUTRAL	3	NO_MAJORITY	0	1.0
9085	بيان مهاجمة الحشود الثورية السلمية بام درمان يا صارم القسمات يا حي الشعور شعبي هاجمت القوات الامنية حشود الثائرات والثوار السلمية بام درمان امام البرلمان، في خطوة مقصدها الاستفزاز والدفع في اتجاه العنف مليونية21اكتوبر	war_corpus	violence_reporting	OFFENSIVE	HATE	NEUTRAL	3	NO_MAJORITY	0	1.0
9099	واذ نشد على ايدي عضوية اللجنة، فاننا نرجو ان تتحرك اللجنة بوتيرة اسرع وان تحرص على الاستعانة بالكفاءات المطلوبة لضمان التعجيل باعادة الاموال المنهوبة وانهاء افلات فاسدي الانقاذ باموال الشعب لجنه_تفكيك_التمكين ابريل_فجر_الخلاص القومه_للسودان	war_corpus	hate_political	OFFENSIVE	HATE	NEUTRAL	3	NO_MAJORITY	0	1.0
9108	إنها لليلة طويلة علي الطاغية وزبانيته #تسقط_بس	old_twitter	threats	NEUTRAL	HATE	OFFENSIVE	3	NO_MAJORITY	0	1.0
9130	مبرووووك فك حصار العيلفون جيش ابو دليق جووووة العيلفون ناس ام ضوبان والعسيلات ما تنومو ومبروك مقدما ابوعشر خالية من المرتزقة تنتظر فقط ان تتشرف بدخول جحافل الجيش القريبة منهم الطيران يقصف خزان جبل اولياء ويغلق المعبر نهائيا ناصر مختار بابكر تابعونا على الرابط قناة التلغرام _ قناة الواتساب	war_corpus	hate_political	OFFENSIVE	HATE	NEUTRAL	3	NO_MAJORITY	0	0.532
9157	هم بقدرو ازرق والسريحه اولاد الحرام	war_corpus	hate_tribal	NEUTRAL	HATE	OFFENSIVE	3	NO_MAJORITY	0	1.0
9160	ابعدو عن الشربوت لاي اسباب كتيرة دا شهر عظيم الشربوت مرض قبال م يكون مشروب م بفرق من العرقي بشي م تبقو ناس م بتفهمو وتضيعو اجر ااشهر دا وتضيعو متعتو بالمصيبة ديواي زول يمعنع الشفع العندو منو	war_corpus	dehumanizing	NEUTRAL	OFFENSIVE	HATE	3	NO_MAJORITY	0	1.0
9171	ستشهد قريبا عدة مناطق ومحاور احتفالات بالانتصارات بعد تحريرها من مرتزقة مليشيا الدعم السريع الارهابية العمليات بخطط فعالة ومحكمة وباذن الله سيتم تطهيرها بالكامل خلال فترة وجيزة	war_corpus	violence_incitement	OFFENSIVE	HATE	NEUTRAL	3	NO_MAJORITY	0	1.0
9179	السلم وحيو القوات المسلحه وحركات الكفاح المسلح وامن الوالي علي الوقوف وسند القوات المسلحة لانها اساس الدوله فلا بديل للقوات المسلحه وكل من يدعم المتمردين يظلم نفسه جيشا واحد شعبا واحد	war_corpus	hate_political	OFFENSIVE	HATE	NEUTRAL	3	NO_MAJORITY	0	1.0
9180	الجنجويدي الوليد مادبو قال ممكن يمشي بورتسودان بطلب من البرهان عشان يدي كامل ادريس عشان يفهمو الاشكالات في الريف السوداني	war_corpus	hate_tribal	HATE	OFFENSIVE	NEUTRAL	3	NO_MAJORITY	0	1.0
9198	من ضمنهم متهمين بارتكاب الجريمة- إنما هي محاولات لنفي تورطهم في الجريمة البشعة للتنصل من العقاب. لكل ذلك، نرى أن أي تحقيق يجري تحت إشراف ذات المؤسسات التابعة للحكومة والسلطة التي هي الخصم في حادثة اعتقال واغتيال الشهيد غير موثوق بها #موكب8فبراير #مدن_السودان_تنتفض	old_twitter	violence_reporting	OFFENSIVE	HATE	NEUTRAL	3	NO_MAJORITY	0	0.88
9216	انا والله ما برتاح الا جقق النظام ديل يتفجخو و يتفضحو قدامي و لو تطلب الامر فجخ السيد الوالد بما انو خدم في النظام دا و ساعد على تمكينو تسقط حكومة "الانغاز" و تسقط السلطويه الابويه. #تسقط_تالت	old_twitter	hate_political	NEUTRAL	HATE	OFFENSIVE	3	NO_MAJORITY	0	0.0
9219	البنات ديل هظارم كتر خلو بالكم	old_twitter	random_no_keyword	NEUTRAL	OFFENSIVE	HATE	3	NO_MAJORITY	0	1.0
9236	تسقط بس كده بالواضح ما بالدس	old_twitter	revolution_terms	NEUTRAL	HATE	OFFENSIVE	3	NO_MAJORITY	0	1.0
9253	ضربات جوية قوية دمرت تجمعات المليشيا في تخوم النيل الابيض،وتقدم كبير لابطالنا في الجزيرة الساعات القادمة تحمل بشريات باذن الله في محاور الدندر حيث تم القبض على اكثر من 100 مرتزق ومتعاون مع المليشيا اثناء محاولتهم الهروب عبر متحركات وحافلات عزمنا وارادتنا في تصاعد مستمر باذن الله	war_corpus	hate_political	OFFENSIVE	HATE	NEUTRAL	3	NO_MAJORITY	0	1.0
9292	حميدتي و قتلو و عبد الرحيم و جرا فاضل شنو تاني؟	war_corpus	hate_tribal	OFFENSIVE	HATE	NEUTRAL	3	NO_MAJORITY	0	1.0
9312	تصفيةالعميد خلا فضل الله حميد ابو دويه؛ التابع لحركة شجعانك بشرق النيل، و ٨ من افراد اسرته، من ضمنهم ابن اخته موسى حميد	war_corpus	profanity	OFFENSIVE	HATE	NEUTRAL	3	NO_MAJORITY	0	1.0
9318	لكن نرجع ونقول قوة البشير قوة فاسدة حركات حركات #مدن_السودان_تنتفض #تسقط_بس	old_twitter	revolution_terms	NEUTRAL	HATE	OFFENSIVE	3	NO_MAJORITY	0	0.0
9334	قائد قوات درع السودان ابو عاقلة كيكل المتمرد عبد الرحيم سيجدنا امامه في الشمالية ولن يطال قدمه طريقها وعليه وضع السلاح او الذهاب الى الدولة التي تدعمه _انضم للمشهد السودان علي تلغرام عبر الرابط	war_corpus	hate_political	OFFENSIVE	HATE	NEUTRAL	3	NO_MAJORITY	0	1.0
9347	الاضراب السياسي العام ضروري من اجل استرداد كرامتنا، ومن اجل ان نرد دين الشهداء ك الاضراب السياسي العام ضروري من اجل استرداد كرامتنا، ومن اجل ان نرد دين الشهداء كاملا، فقد سلبت كتائب الغدر والخيانة حياة الاكرمين فينا مجزره_القياده_العامه العصيان_المدني_الشامل	war_corpus	hate_political	OFFENSIVE	HATE	NEUTRAL	3	NO_MAJORITY	0	1.0
9354	تذكر انت في الشارع لاجل توفير حياه كريمه لاسرتك لاتسمح لمخلوق بان يعرض مستقبل اسرتك للضياع جميع المتواجدين في الطرقات متحدين ضد خطر العسكر الذي يعبث بمستقبلنا #مليونيه30يونيو #مدنيه_قرار_الشعب #مدن_السودان_تنتفض	old_twitter	violence_reporting	OFFENSIVE	HATE	NEUTRAL	3	NO_MAJORITY	0	1.0
9362	قاليك الكيزان شدة ما بيعملوا لجان وهمية بطلعوا وراها قروش يوم في عفريتة بتاعت بوكسي اتسرقت كونوا ليها لجنة سموها لجنة العفريتة بي حوافزها..	old_twitter	profanity	OFFENSIVE	NEUTRAL	HATE	3	NO_MAJORITY	0	1.0
9376	#اعتصام_القيادة_العامة #لم_تسقط_بعد #مدن_السودان_تنتفض كلام للجيش الزعلان من الإعتصام!! أنتو عارفين الشباب ديل كيف عانو عشان يوصلو هنا ، اربعة شهور مطاردات ، اعتقالات ، ضرب ، انتهاك حرمات بيوت واستشهاد اخوة ، عايز الناس دي بكل بساطة تنسحب؟!	old_twitter	revolution_terms	NEUTRAL	HATE	OFFENSIVE	3	NO_MAJORITY	0	1.0
9387	انباء تفيد ان قوات العمل الخاص في مهمة نوعية اقتحمت احد البيدورمات في حي النزهه وقتلت 31 متمردا واستولت علي كمبيوترات واجهزة اتصال واجهزة تشويش واحد المقتولين مفاجاة للجميع جيش_واحد_شعب_واحد دحر_المليشيا معركة_الكرامة	war_corpus	hate_political	OFFENSIVE	HATE	NEUTRAL	3	NO_MAJORITY	0	1.0
9400	20_الجداد حيكون الوجبة الرئيسية للشعب السوداني!! (عبدالرحمن الخضر).	old_twitter	hate_tribal	OFFENSIVE	NEUTRAL	HATE	3	NO_MAJORITY	0	1.0
9408	رؤيتي للاتفاق في نقاط *احتفاظ المجلس بنسبة في برلمان الانتقاليه اشاره لرهانه على اختلاف (قحت) في داخلها وعوده الممارسه الكيزانيه في شراء الذمم *قصر لجنة التحقيق على شهداء مايو غير مقبول وقد يبني عليه تقادم مسقط مستقبلا #اعتصام_القياده_العامه #تسقط_تالت #تسقط_بس	old_twitter	revolution_terms	OFFENSIVE	HATE	NEUTRAL	3	NO_MAJORITY	0	1.0
9419	يمان دي التانيه اقسم بالله تسقط بس	old_twitter	revolution_terms	NEUTRAL	HATE	OFFENSIVE	3	NO_MAJORITY	0	1.0
9426	الرصيتهم ديل كلهم بيض ...و ما اجمل مني في حاجه	old_twitter	profanity	NEUTRAL	OFFENSIVE	HATE	3	NO_MAJORITY	0	0.0
9442	لا تهاون في الاجراءت الصحية يجب اخضاع هؤلا للحجر الصحي غصبآ عنهم	old_telegram	dehumanizing	NEUTRAL	HATE	OFFENSIVE	3	NO_MAJORITY	0	0.0
9464	وابتسامتك لما تأسر قلبى تحكى عن المحال	old_twitter	violence_incitement	HATE	NEUTRAL	OFFENSIVE	3	NO_MAJORITY	0	1.0
9524	اكتر من كدا مافي شي تاني يعملوهو! بس حيككروا البعملوا فيها! قتل المتظاهرين السلميين، إنتهاك حرمات البيوت، انتهاك حرمات بيوت العزاء، اعتقالات من داخل المنازل، ضرب وتشويه للمتظاهرين السلميين ونقلهم للمعتقلات والسجون ومنع ابسط حقوقهم القانونية! مزيد من العنف يعملو شنو تاني	old_twitter	violence_reporting	NEUTRAL	HATE	OFFENSIVE	3	NO_MAJORITY	0	1.0
9526	تدين لجان مقاومة جنوب الحزام باقسى العبارات هذا النهج الاستبدادي الذي تسلكه السلطة الانقلابية، والذي لم يعد غريبا عليها	war_corpus	hate_political	OFFENSIVE	HATE	NEUTRAL	3	NO_MAJORITY	0	1.0
9530	العقيد خلا ابو ضر يهرب من معارك مدني وهذا العقيد يعتبر من اشرس المقاتلين بهذا المحور ولكن صيج وكبرها بالباب الخلفي مصيركم الهلاك يا اما الاستسلام او دك الشامل	war_corpus	humanitarian	NEUTRAL	HATE	OFFENSIVE	3	NO_MAJORITY	0	0.723
9533	اسر 4 من ضباط الخلا الله اكبر	war_corpus	random_no_keyword	NEUTRAL	HATE	OFFENSIVE	3	NO_MAJORITY	0	1.0
9556	ولاية الشام الخير بتوفيق الله تعالى، استهدف جنود الخلافة دورية للPKK المرتدين، على الطريق الواصل بين بلدتي البو بدران و السوسة امس، بالاسلحة الرشاشة، ما ادى لاعطاب الية رباعية الدفع، وتضرر عربة همر ، واصابة عدة عناصر فيهما، ولله الحمد	war_corpus	religious_sectarian	OFFENSIVE	HATE	NEUTRAL	3	NO_MAJORITY	0	0.772
9567	رسالة للمتمرد كيكل من ابطال القوات المسلحة	war_corpus	hate_political	NEUTRAL	HATE	OFFENSIVE	3	NO_MAJORITY	0	0.0
9570	إن التساهل غير المبرر من سلطات إنفاذ القانون والأجهزة النظامية في حسم مسيرات الزحف الأخضر وبقايا الفلول بل واستمرار استخدامهم لموارد الدولة في مسيراتهم في مقابل لجوء ذات الأجهزة لاستخدام العنف المفرط ضدٌ أبناء وبنات الشعب السوداني استهتاراً بدماء السودانيين	old_twitter	hate_political	OFFENSIVE	HATE	NEUTRAL	3	NO_MAJORITY	0	1.0
9574	الجنجا قال نقوم نمشي وين لكن تمشي ود الحد ما عارف يعني قوم_كنتقدر	war_corpus	gender_hate	NEUTRAL	OFFENSIVE	HATE	3	NO_MAJORITY	0	0.0
9580	اللاذقية تم بفضل الله استعادة السيطرة على الكلية البحرية بعد سيطرة فلول النظام عليها لساعات ومقتل عدد من فلول النظام البائد	war_corpus	hate_political	OFFENSIVE	HATE	NEUTRAL	3	NO_MAJORITY	0	1.0
9593	جيش قوقو جيش واحد شعب واحد معركة_الكرامة خليك_واعي الوعي_اساس_المرحله كلنا_الفاشر	war_corpus	violence_reporting	OFFENSIVE	HATE	NEUTRAL	3	NO_MAJORITY	0	1.0
9628	مدينة_الفاشر صمام امان وحدة السودان كل الشعب الان تهفو روحه لسماع اخبار مبشرة تضامن هذا الشعب الان يفقد دعاة الفرقة والشتات بكافة اطيافهم ساسة وتجار حروب كل اورقهم انها لحظات ميلاد جديد للامة والوطن يكتب بيد الشعب لابيد سلطة او حاكم	war_corpus	violence_incitement	OFFENSIVE	HATE	NEUTRAL	3	NO_MAJORITY	0	0.523
9632	#مليونية_6_أبريل رص العساكر رص الليلة #تسقط_بس	old_twitter	revolution_terms	NEUTRAL	HATE	OFFENSIVE	3	NO_MAJORITY	0	1.0
9639	طيب وين محاكمة من قتلوا وسحلوا وانتهكوا حرمات المنازل #تسقط_بس	old_twitter	violence_reporting	NEUTRAL	HATE	OFFENSIVE	3	NO_MAJORITY	0	1.0
9640	اولاد بري و ودنوباوي محددين موكب موحد سعادتك! -قول والله! #تسقط_بس #مدن_السودان_تنتفض	old_twitter	hate_tribal	NEUTRAL	HATE	OFFENSIVE	3	NO_MAJORITY	0	0.0
9648	#مدن_السودان_تنتفض الرسوم اللي فرضتها عصابة الكيزان على المغتربين شغل رباطة لقلع قروش ناس تعبانة وبتصرف على الملايين جوة البلد.هذه المبالغ ستذهب لجيوب البشير وأهله وعصابته لن تستفيد البلاد ولا العباد منها بشيء.يجب رفض دفع اي رسوم بالعملة الأجنبية داخل البلد #موكب6ابريل #تسقط_بس	old_twitter	hate_political	OFFENSIVE	HATE	NEUTRAL	3	NO_MAJORITY	0	1.0
9674	حاربة نفسها حين بدأت حكمها بالغلظة والبطش وأعملت البندقية على أبناء الجنوب. وتناست قول الله تعالى: ولو كنت فظّا غليظ القلب لانفضوا من حولك #موكب24يناير #مدن_السودان_تنتفض	old_twitter	revolution_terms	NEUTRAL	HATE	OFFENSIVE	3	NO_MAJORITY	0	0.0
9686	اصابة قائد مرتزق قبل قليل ، جا فزع يسعفو بي صرصر انجغم الصرصر ، جات تلاتة عربات تسعفوا انجغمت كلها ، الله اكبر معركة_التحرير_الكبرى	war_corpus	hate_political	OFFENSIVE	HATE	NEUTRAL	3	NO_MAJORITY	0	1.0
9700	فلا تطع الكافرين وجاهدهم به جهادا كبيرا الفرقان 52 عن ابن عباس رضي الله عنهما وجاهدهم به قال بالقران	war_corpus	religious_sectarian	OFFENSIVE	NEUTRAL	HATE	3	NO_MAJORITY	0	1.0
9716	الارض مسطحة و الشعوب كافرة تيار تكفيري جديد يتمدد في الفضاء الالكتروني لقراءة الخبر بالكامل اضغط على الرابط	war_corpus	religious_sectarian	OFFENSIVE	HATE	NEUTRAL	3	NO_MAJORITY	0	1.0
9717	كلامي دا مارد مباشر للهو كاتبو تحت بل لكل الكاتبو في حسابو من تحريم للثورة وزرع الكراهية بين طوائف السوادان اخدليك لفة في حسابو كدي	old_twitter	revolution_terms	NEUTRAL	HATE	OFFENSIVE	3	NO_MAJORITY	0	1.0
9726	اليوم وبكل فخر نضع ياقوتة على جبين ثورتنا العظيمة، ونرسم الطريق معبدا لقطار الحرية والسلام والعدالة كي يسير بكل ثقة ليبلغ غاياته، بتمام دولتنا الديمقراطية التي دفعنا ثمنها دماء ودموعا والاما تعتصر قلوبنا بفقد اعزاء لن تكتمل فرحتنا الا بالقصاص من قاتليهم	war_corpus	hate_tribal	OFFENSIVE	HATE	NEUTRAL	3	NO_MAJORITY	0	0.642
9730	عاجل والشير واجب من داخل غرف المليشيا الخاصه سوف يتم تدوين ام درمان يجب وقف الاحتفالات الان من باب الاحتياط الكلام ده ممكن يتنفذ تحت اي لحظه المليشيا الارهابية لا دين لها	war_corpus	neutral_news	NEUTRAL	HATE	OFFENSIVE	3	NO_MAJORITY	0	1.0
9735	نسور الجوووية دكت معاقل المليشيا المتمردة حول مدينة الفاشر وايضا الطيران الحربي تقصف تجمعات المليشيا المتمردة خول مدينة سنار نصر من الله وفتح قريب قناة كرري الجيش السوداني علي تلغرام	war_corpus	hate_political	OFFENSIVE	HATE	NEUTRAL	3	NO_MAJORITY	0	1.0
9776	فتك ومتك شغل نضيف مشتركة فووووووووق	war_corpus	violence_incitement	HATE	NEUTRAL	OFFENSIVE	3	NO_MAJORITY	0	1.0
9794	اشاوس الفاشر جاهزون للتصدي لاي هجوم من قبل مرتزقة الحركات بالمحور الشمال الشرقي RSF in al Fashir declares their readiness to counter any attacks launched by the mercenary movements in north east axes معركة_الديمقراطية حراس_الثورة_المجيدة	war_corpus	hate_political	OFFENSIVE	HATE	NEUTRAL	3	NO_MAJORITY	0	1.0
9818	والله يخوانا الشيوخ ديل عليهم حتة حكاوي	old_twitter	random_no_keyword	NEUTRAL	OFFENSIVE	HATE	3	NO_MAJORITY	0	1.0
9826	انا في حياتي ما حاكره مخلوقات اكتر منهم	old_twitter	random_no_keyword	NEUTRAL	HATE	OFFENSIVE	3	NO_MAJORITY	0	1.0
9837	قالوا ربنا افرغ علينا صبرا وثبت اقدامنا وانصرنا على القوم الكافرين الدعاء سلاح لا يهزم ، وعدة لا تخذل ، به يستمطر الصبر ويستجلب النصر	war_corpus	religious_sectarian	OFFENSIVE	NEUTRAL	HATE	3	NO_MAJORITY	0	1.0
9838	تقبل الله شهداء قوات درع السودان بمحور جنوب الخرطوم الشهيد انس محمد احمد ود الشلهمة عد بابكر الشهيد الصديق احمد طه ود اب ضلع عد بابكر الشهيد خالد عبد الله خالد قرية سر الكل السدارنة الطريق طويل ومحاط بالمخاطر والتحديات وقوات الدرع تمضي فيه بثبات وبسالة قوات_درع_السودان ملاحم_السودان_الخالدة حزم_ثبات_تضحية	war_corpus	hate_tribal	OFFENSIVE	HATE	NEUTRAL	3	NO_MAJORITY	0	1.0
9844	لمن نلقي الدين بقول ما المتاسلمين الزيك	war_corpus	random_no_keyword	NEUTRAL	HATE	OFFENSIVE	3	NO_MAJORITY	0	1.0
9852	الطيران الحربى يقصف تجمع لمليشيا الجنجا المرتزقة في بحرى قواتنا المسلحة تدمر مدرعة ودبابة و 2 ثنائى تابعة لمليشيا الجنجا المتمردة وتلقى القبض على عدد من الاسرى والجرحى من الناحية الجنوبية للقيادة العامة ومباني جهاز الامن جياشي وكارب قاشي	war_corpus	hate_political	OFFENSIVE	HATE	NEUTRAL	3	NO_MAJORITY	0	1.0
9855	ديل مرتزقة بتعرف شنو مرتزقة ما عندو ليك حاجه مليشيا ما بتعرف سلام ولا اخلاق ضرب الاهداف المحدده دا ما بنفع	war_corpus	hate_political	NEUTRAL	HATE	OFFENSIVE	3	NO_MAJORITY	0	0.576
9860	اهلنا في النيجر مالي تشاد جنوب السودان اثيوبيا لو عندكم متمرد في مدني احسن لله عزاكم	war_corpus	hate_political	NEUTRAL	HATE	OFFENSIVE	3	NO_MAJORITY	0	0.0
9883	ديل معارضة تشادية فى الجزيرة اللهجة البتكلمو بيها لهجة قبائل القرعان وللتاريخ وتوثيق الاجرامية ان الدعم السريع مرتزقة ماجورين	war_corpus	gender_hate	OFFENSIVE	HATE	NEUTRAL	3	NO_MAJORITY	0	1.0
9885	ضربو رصاص حي في عبيد ختم الان وفي مظاهرة كبيرة #تسقط_بس #موكب_6ابريل	old_twitter	hate_tribal	HATE	NEUTRAL	OFFENSIVE	3	NO_MAJORITY	0	0.673
9900	وما ننسى نص شهر فترة البحث عن حلول.. وكت تعبنا من الموت والرؤية بقت ضبابية بعد يأس الناس من خيارات العصيان المدني والإضرابات وخذلان الجيل الفوقنا كل الناس -تقريباً- كانت مجمعة على انو الحل إنقلاب عسكري من صغار الضباط "رتبة عميد وتحت" باعتبار الضباط الكبار كلهم منحازين للبشير	old_twitter	profanity	OFFENSIVE	HATE	NEUTRAL	3	NO_MAJORITY	0	1.0
9916	تكالب قحت على مناصب الدولة، و إحساس بعض النشطاء بالعظمة الزائفة وتفاخرهم باللاشئ! إنما يذكرني بمعركة أُحد حينما ظن المسلمين بأنهم انتصروا في المعركة وإنشغلوا بالغنائم تاركين مواقعهم مكشوفة، إنقض عليهم خالد بن الوليد بمرتدة قلبت كل الموازين في لمحة بصر! المعركة مستمرة #خليك_واعي	old_twitter	religious_sectarian	OFFENSIVE	HATE	NEUTRAL	3	NO_MAJORITY	0	1.0
9932	ابتسامتك هي الباقية يا سيدي ما بدري من عمرك	old_twitter	violence_incitement	HATE	NEUTRAL	OFFENSIVE	3	NO_MAJORITY	0	1.0
9948	الله عليك يا سودان #تسقط_بس	old_twitter	revolution_terms	NEUTRAL	HATE	OFFENSIVE	3	NO_MAJORITY	0	1.0
9956	قائد منطقة الشجرة العسكرية وسلاح المدرعات اللواء د ركن نصر الدين عبد الفتاح يتفقد مطابع سك العملة ويؤكد عودتها للعمل قريبا بعد اكتمال القضاء علي المليشيا المتمردة	war_corpus	hate_tribal	OFFENSIVE	HATE	NEUTRAL	3	NO_MAJORITY	0	1.0
9960	يدعو لمواكب ويتم فيها قتل الشباب وفي نفس اليوم تجلس ق ح ت وتجمع المهنيين من ضمنهم مع #الجنجاكوز عشان تتفاوض معاهم	old_twitter	hate_political	NEUTRAL	HATE	OFFENSIVE	3	NO_MAJORITY	0	0.576
9999	من بدري الناس تتحرك علي القيادة العامة لانو الكلاب حايقفلوا الكباري كلها وحايشكلوا حواجز امنية مشدده اكيد حايكون ف تفتيش شخصي لي الهواتف الناس تعمل حسابها.ي ريت تعملوا اخفاء الملفات والتطبيقات واي شي متعلق بالثورة خليكم جاهزين لي اي شي منهم #تسقط_بس #مليونية6ابريل #الحل_في_البل	old_twitter	dehumanizing	OFFENSIVE	HATE	NEUTRAL	3	NO_MAJORITY	0	1.0
10012	الله اكبر الدراعة يفجرون غضبهم في المرتزقه بصالحة ثارا لكل الشهداء الكرام دراعه_للادب_والطاعه درع_فوق	war_corpus	hate_political	OFFENSIVE	HATE	NEUTRAL	3	NO_MAJORITY	0	1.0
10031	عبد الفتاح البرهان المعركة الحالية هي معركة الشعب السوداني وماضون فيها ولن يتراجع عن دحر التمرد وتامين دولته الشعب السوداني لن يهزم ولن يستسلم وسنثار للقتلى في الفاشر والجنينة والجزيرة _انضم للمشهد السودان علي تلغرام عبر الرابط	war_corpus	hate_political	OFFENSIVE	HATE	NEUTRAL	3	NO_MAJORITY	0	1.0
10032	قواتنا بالفرقة ٢٢ بابنوسة تسحق اليوم هجوما كبيرا ظلت تحشد له مليشيا ال دقلو مرتزقتها وعتادها منذ مدة، ستظل بابنوسة صامدة وعصية باذن الله وتوفيقه ومقبرة لهم ولما يجمعون نصر من الله وفتح قريب تابع قناة السودان علي الواتساب whatsapp com channel 0029VbAeJWtElagyZ8UbnC0E تابع قناة السودان علي تلغرام	war_corpus	hate_political	OFFENSIVE	HATE	NEUTRAL	3	NO_MAJORITY	0	1.0
10055	كان الذين يحذرون من انزلاق البلاد في أتون الحرب الأهلية يعتبرون الحروب في دارفور والنيل الازرق وجبال النوبة تخص شعباً آخر. #تسقط_بس	old_twitter	hate_tribal	OFFENSIVE	HATE	NEUTRAL	3	NO_MAJORITY	0	1.0
10066	تسقط بس اي حكومة تقفل حسابك تسقط	old_twitter	threats	NEUTRAL	HATE	OFFENSIVE	3	NO_MAJORITY	0	1.0
10071	معناتا ما تم حلها وغشونا يا صدر القرار وقبل اجراءات التسليم والتسلم اتمردو وده ما مشكله دايرين سبب التمرد الرئيسي بس ما يقولو لينا مستحقات او خرجو ضد العلمانيه	war_corpus	hate_political	NEUTRAL	HATE	OFFENSIVE	3	NO_MAJORITY	0	1.0
10088	سألتُكِ بعض القصائد من ناظريك فأثرتِ تركي لشُح القصيد وأتقنتِ فن التمنُعِ هجري وكل الصدود	old_twitter	violence_incitement	HATE	NEUTRAL	OFFENSIVE	3	NO_MAJORITY	0	1.0
10095	الدعم السريع تسحق متحرك الصياد ومرتزقة الحركات ب كازقيل جنوب الابيض The RSF crushes al Sayad and the mercenary movements in Kazagail south of El Obeid معركة_الديمقراطية حراس_الثورة_المجيدة	war_corpus	hate_political	OFFENSIVE	HATE	NEUTRAL	3	NO_MAJORITY	0	1.0
10096	ما حاعمل رتيويت ولا لايك لي مزز احلي من فتحته السقف في عربيه والدنيا ربيع عشان لسع منظر دماء شهداء في عيني عشان لسع الكيذان بستهبلو فينا #لم_تسقط_بعد #مدن_السـودان_تنتفض #اعتصام_القياده_العامة	old_twitter	violence_reporting	NEUTRAL	HATE	OFFENSIVE	3	NO_MAJORITY	0	1.0
10102	احد شرفاء الجيش المنضمين للدعم السريع نقاتل من اجل الحرية ورفع الظلم والديمقراطية والمساواة وعلى شرفاء الجيش اتخاذ قرار مغادرة الفلول النصر_قريب انقلاب15_ابريل معركة_الديمقراطية حراس_الثورة_المجيدة اشاوس_الدعم_السريع	war_corpus	hate_political	OFFENSIVE	HATE	NEUTRAL	3	NO_MAJORITY	0	1.0
10138	حتي يعلم الجميع للمعلومية في عام 1998 قام الخائن مبارك الفاضل بتمليك معلومات مغلوطة معلومات تهدد امن الدولة قدمها للولايات المتحدة بان السودان يصن،،ع س،لاح كيماوي و بموجب هذه المعلومات تم قصف مصنع الشفاء للادوية بالخرطوم ،تكرار سيناريو الخيانة للدولة السودانية خليل حسن الضو	war_corpus	hate_political	NEUTRAL	HATE	OFFENSIVE	3	NO_MAJORITY	0	0.576
10153	الحرامية عايزين يسقطو النظام القاعدين يحرقو في المحاصيل ويهربو في الدقيق والسكر والجاز الله لا كسبكم دنيا وآخرة #شكرا_حمدوك	old_twitter	violence_reporting	NEUTRAL	HATE	OFFENSIVE	3	NO_MAJORITY	0	1.0
10176	يقول تعالى ذِكُرُه لنبيِّه محمد حُث مُتّبِعيك ومصدِّقيك على ما جئتهم به من الحق، على قتال من أدبر وتولى عن الحق من المشركين.<a تفسير القرآن لـ الطبري	old_telegram	religious_sectarian	OFFENSIVE	HATE	NEUTRAL	3	NO_MAJORITY	0	1.0
10185	إننا لمنتصرون بإرادة الشعب التي لا تقهر. لقد وقعت قوى عديدة على إعلان الحرية والتغيير حتى اليوم. وتظل دعوتنا مفتوحة لجميع كيانات الشعب السوداني للانضمام للإعلان لنتوحد حول مطالب محددة فصلها الإعلان تبدأ برحيل البشير ونظامه فوراً #موكب6يناير #موكب9يناير #مدن_السودان_تنتفض	old_twitter	profanity	OFFENSIVE	HATE	NEUTRAL	3	NO_MAJORITY	0	1.0
10237	المجموعة الخاصة 1 تعلن استعدادها لتحرير كردفان من مليشيات ومرتزقة البرهان The First Special Group declares its readiness to liberate Kordofan from the grip of the SAF militias and their allied mercenaries معركة_الديمقراطية حراس_الثورة_المجيدة	war_corpus	hate_political	OFFENSIVE	HATE	NEUTRAL	3	NO_MAJORITY	0	1.0
10263	كما ندعو المواطنين ولجان الاحياء تكوين فرق لحماية الاحياء وتقديم الخدمات للمحتاجين من الاهالي تنفيذ العصيان المدني الشامل والاضراب السياسي هو الطريق الى اسقاط طغمة المجلس العسكري الانقلابي المجرم وجهاز امنه وكتائب ظله ومليشيات جنجويده، واستكمال ثورة شعبنا المجيدة	war_corpus	hate_political	OFFENSIVE	HATE	NEUTRAL	3	NO_MAJORITY	0	0.695
10267	اليوم يمضي سعادة العميد عمر النعمان شهيدا باذن الله تعالى اليوم يلحق هذا الفارس بصحبه من لدن الشهيد على عبدالفتاح ومحمد عبدالله خلف الله وصحبه الله اكبر الله اكبر	war_corpus	dehumanizing	OFFENSIVE	HATE	NEUTRAL	3	NO_MAJORITY	0	1.0
10275	عمر محمد الحالي متعاون مع المتمردين سرقة وترويع ساكن شرق نادي بري اخو ناس حنين واحمد صاحب المدعو امبيكي سارقين كمية من العربات	war_corpus	violence_reporting	NEUTRAL	HATE	OFFENSIVE	3	NO_MAJORITY	0	0.0
10361	العميد نبيل عبدالله اكملت قواتنا بفضل الله اليوم تطهير منطقة ابوقوتة ومناطق بشرق النيل و كافوري من شرازم مليشيا ال دقلو الارهابية	war_corpus	violence_incitement	OFFENSIVE	HATE	NEUTRAL	3	NO_MAJORITY	0	1.0
10374	سلمية سلمية ضد الحرامية بعد فض اعتصام القيادة واعتصامات مدن تانية بالقوة هل فكرت في سؤال انو هدف المجلس العسكري القادم هو شنو؟ الشي البيهزم لجنة الكيزان الامنية الف مرة أكتر من الاعتصامات هو سلمية الثورة. #مجزره_القياد_العامه #العصيان_المدني_الشامل	old_twitter	hate_political	OFFENSIVE	HATE	NEUTRAL	3	NO_MAJORITY	0	1.0
10384	درس جديد في موكب جديد سقوط نظام الكيزان العنصري في السودان يعني بداية جديدة نحو مستقبل مشرق لكل الشعب السوداني إذن السبت القادم نحن جميعآ على موعد في شوارع السودان الكبير ونهتف تسقط بس #موكب6ابريل #تسقط_بس #مدن_السودان_تنتفض	old_twitter	hate_political	OFFENSIVE	HATE	NEUTRAL	3	NO_MAJORITY	0	1.0
10386	عبد القادر الامين من قرية الكبر خش مع الدعم السريع ومعاهو كم واحد من الكبر متعاونين قرية الكبر يوسف دكين عبد القادر الامين منذر الامين ود اب كليوة يوسف مبارك بخيت النويري	war_corpus	hate_tribal	OFFENSIVE	HATE	NEUTRAL	3	NO_MAJORITY	0	1.0
10420	ستشهد تحرير مصفاة الجيلي قريبا جدا بخطط وتكتيكات عسكرية استراتيجية مبهرة وتدرس في الكليات العسكرية والحمدلله تمكنت قواتكم قبل قليل من القضاء على العديد من المتحركات القتالية التي تسللت من المليشيا، محققين بذلك هلاك عدد كبير من المرتزقة	war_corpus	hate_political	OFFENSIVE	HATE	NEUTRAL	3	NO_MAJORITY	0	1.0
10468	قوى الحرية والتغيير جماهير شعبنا الابي تعرض موكب رئيس الوزراء عبد الله حمدوك لهجوم ارهابي بمنطقة كوبر بالخرطوم بحري وذلك صباح اليوم الاثنين ٩ مارس ٢٠٢٠ ان هذا الهجوم الارهابي يشكل امتدادا لمحاولات قوى الردة للانقضاض على الثورة السودانية واجهاضها، محاوله_اغتيال_حمدوك	war_corpus	hate_tribal	OFFENSIVE	HATE	NEUTRAL	3	NO_MAJORITY	0	1.0
10480	اشاوس الدعم السريع يرفعون تمام الجاهزية ويحذرون الفلول من الاقتراب من بحري الحصينة معركة_الديمقراطية حراس_الثورة_المجيدة	war_corpus	hate_political	OFFENSIVE	HATE	NEUTRAL	3	NO_MAJORITY	0	1.0
10490	عاجل قوات الدعم السريع الانقلابيون لم يظهروا اي التزام او احترام لاتفاق وقف اطلاق النار ما يؤكد ان الهدنة الانسانية من طرفنا فقط احيي انا انتو بتعرفو انسانية؟ هو حميدتي ما معترف بالانسان كفكرة اخترقتو الهدنة من اول لحظة و نهبتو صك العملة	war_corpus	violence_reporting	NEUTRAL	HATE	OFFENSIVE	3	NO_MAJORITY	0	1.0
10511	اين نحن من محاسبة مرتكبي مجازر القيادة العامة؟! يجب ان تخرج مليونيه للمطالبه بمحاسبة عادلة لرموز النظام السابق على رأسهم عمر البشير على جرائم القتل المرتكبة في دارفور على وجه التحديد وكافة مناطق السودان. #نقاوم_لانساوم #تسقط_بس #تحديات_الفتره_الانتقاليه	old_twitter	violence_reporting	NEUTRAL	HATE	OFFENSIVE	3	NO_MAJORITY	0	1.0
10538	عااااجل _ المصباح ابو زيد ، قائد كتيبة البراء بن مالك، يعلن نجاته من واقعة تفجير مسيرة في افطار كتيبته بعطبرة ، ويتوعد باسقاط الف قتيل مقابل كل من قتل في الافطار	war_corpus	threats	OFFENSIVE	HATE	NEUTRAL	3	NO_MAJORITY	0	0.88
10543	القوات المشتركة التي قدمت من الشمال كسرت عظم الاوغاد اليوم في معركة منطقة مدو التي استمرت تسع ساعات و فعلت المشتركة الشيء نفسه في محلية جبل مون الف مبروك للشعب السوداني بهذا النصر المؤزر و تقبل الله الشهداء و عجل بشفاء الجرحى د جبريل ابراهيم وزير المالية	war_corpus	violence_reporting	OFFENSIVE	HATE	NEUTRAL	3	NO_MAJORITY	0	1.0
10569	رسالة طمانينة من المدينة عرب جنوب الجزيرة بعد اكتساح المرتزقة الانجاس	war_corpus	hate_political	OFFENSIVE	HATE	NEUTRAL	3	NO_MAJORITY	0	1.0
10594	الفرقة الخامسة مشاة الهجانة الابيض تطارد المليشيا المتمردة غرب الابيض وتكبدهم خسائر فادحة في المعدات والافراد وتستلم عددا من المركبات القتالية والاسلحة اين_الهالك_حميدتي جيش_واحد_شعب_واحد	war_corpus	hate_political	OFFENSIVE	HATE	NEUTRAL	3	NO_MAJORITY	0	1.0
10610	دكتور حمدوك يشكل لجنة التحقيق المستقلة في فض اعتصام القيادة العامة وتتكون من: أ/نبيل أديب..رئيساً أ/عثمان محمد عثمان.. كبير الاستشاريين العقيد/عصمت عبد الله..عضواً الأستاذ/محمد زين الماحي..عضواً الأستاذ/أحمد الطاهر النور..عضواً #اوقفوا_عبث_الكيزان #تحديات_الفتره_الانتقاليه	old_twitter	hate_political	OFFENSIVE	HATE	NEUTRAL	3	NO_MAJORITY	0	1.0
10636	و ماف شي اسمو التنظيم السري للاخوان" دي حاجة قديمة في مصر و انتهت ايام عبد الناصر. جماعة الاخوان شغالة علنياً في اي دولة موجودين فيها.. مقرهم في السودان شمال شرق السوق المركزي و موجودين و شغالين. محور الخليج قعد يحاول يخلق بعبع و يشيطن الجماعة دي لأسبابهم السياسية المعروفة.	old_twitter	profanity	OFFENSIVE	HATE	NEUTRAL	3	NO_MAJORITY	0	1.0
10662	بين فوستر: الحل في البل.. اطلعو الشارع كلنا برا.. #موكب6ابريل	old_twitter	profanity	NEUTRAL	HATE	OFFENSIVE	3	NO_MAJORITY	0	0.0
10715	نشرت صفحة حركة العدل والمساواة البوست اعلاه ثم هرعوا لحذفه ظنوا انهم بمسحهم سيخفون الحقيقة ولكننا لهم بالمرصاد نكشف اكاذيبهم ونفضح مؤامراتهم لحظة بلحظة معركتنا مع الباطل مستمرة ولن تمروا	war_corpus	gender_hate	OFFENSIVE	HATE	NEUTRAL	3	NO_MAJORITY	0	1.0
10717	تاني مابنخسر فيكم سلاح فرارات بس يا عيال ام كعوك لستم امنين	war_corpus	random_no_keyword	NEUTRAL	HATE	OFFENSIVE	3	NO_MAJORITY	0	1.0
10729	نقطة نظام.. اذا ما بتطلع الشارع عليك الله ما تنظر للناس البطلعو وتملانا فقر. #تسقط_بس	old_twitter	revolution_terms	NEUTRAL	HATE	OFFENSIVE	3	NO_MAJORITY	0	1.0
10731	الحاجه دي ما حركت فيني شعره من شعر حواجبي تفتكرو انا قاسي ولا حواجبي فيها مشكله	old_twitter	violence_incitement	HATE	NEUTRAL	OFFENSIVE	3	NO_MAJORITY	0	1.0
10733	انا لله وانا اليه راجعون الشريف الصديق الشريف عبدالله ودالابيض ارتقى شهيدا مدافعا عن ماله وارضه وعرضه هجمت فجر اليوم الثلاثاء 2024 4 23م قوه من المليشيا الارهابية مسيد الشيخ الشريف عبدالله ود الابيض وتصدى لها الاهل مدافعين عن مالهم وارضهم وعرضهم	war_corpus	hate_tribal	OFFENSIVE	HATE	NEUTRAL	3	NO_MAJORITY	0	1.0
10754	لا حول ولا قوة إلا بالله إنا لله و إنا إليه راجعون الحساب كتِّر شديد يا كيزان #اعتصام_القيادة_العامة #مدن_السودان_تنتفض #الثورة_الآن #نبض_الحدث #الجزيرة_مباشر #العربية_نت	old_twitter	hate_political	OFFENSIVE	HATE	NEUTRAL	3	NO_MAJORITY	0	1.0
10762	شباب في القروب التاني ح نبداء تنفيذ الهجمات على البلابسة	war_corpus	profanity	NEUTRAL	HATE	OFFENSIVE	3	NO_MAJORITY	0	1.0
10772	ماتركه المتمرد علي يعقوب في الدنيا جهاز استارلينك جهاز تشويش علي الطيران جهاز ثريا واخر مكالمات صادرة وكفن	war_corpus	hate_political	NEUTRAL	HATE	OFFENSIVE	3	NO_MAJORITY	0	0.0
10777	متحرك فزع الفاشر اتحرك عليكو جاكم بلو راسكم	war_corpus	profanity	NEUTRAL	HATE	OFFENSIVE	3	NO_MAJORITY	0	1.0
10778	اهم حاجة هل يدرك حفيد التعايشي انو جدو غتس حجر البلد وقتل الدولة المهدية من الداخل قبل الغزو الخارجي ولا مفتخر بي تاريخ اسرتو وشايف انها عملت حاجة عظيمة؟	old_twitter	violence_reporting	NEUTRAL	HATE	OFFENSIVE	3	NO_MAJORITY	0	1.0
10780	سائق #مجري يحاول دهس لاجئين بشاحنته منظر يجسد ما وصلت اليه الانسانية	old_twitter	violence_reporting	NEUTRAL	HATE	OFFENSIVE	3	NO_MAJORITY	0	1.0
10851	إننا كشعب نجهل واجباتنا تجاه الوطن ونجهل ماذا نفعل لنحافظ على كيان هذه الدولة ونمنعها من السقوط لهذا استطاع الكيزان التحكم لـ29 سنة ولا زلنا نتحدث عن الدولار (طار) ونضحك حين يبكينا الامل ونحن بذات النمط الروتيني أما آن أن نقود التغيير #الشعب_يقود_التغيير	old_twitter	hate_political	OFFENSIVE	HATE	NEUTRAL	3	NO_MAJORITY	0	1.0
10855	ولم أفهم بعد كيف يُختصر نهرٌ في عرق يدك النافر وكيف تُختصر مدينة بانعكاس اضواءها في بريق ابتسامتك.	old_twitter	violence_incitement	HATE	NEUTRAL	OFFENSIVE	3	NO_MAJORITY	0	1.0
10857	موكب ود نوباوي حاجه تانيه #تسقط_بس #موكب14مارس	old_twitter	hate_tribal	NEUTRAL	HATE	OFFENSIVE	3	NO_MAJORITY	0	0.0
10885	خريطة الطرق المستهدفة مرفقة مع الموجهات. خروجك غداً وفي كل يوم وتنظيمك للاحتجاج في كل المناطق هو تعبيرك الحقيقي عن رفضك للتعذيب والقتل وضد نظام البطش والتنكيل والقهر ورفض طوارئ النظام. قوى إعلان الحرية والتغيير مارس #موكب7مارس #مدن_السودان_تنتفض	old_twitter	violence_reporting	OFFENSIVE	HATE	NEUTRAL	3	NO_MAJORITY	0	1.0
10893	مقتل القيادي المرتزق ابوعبير في ابوقوتة	war_corpus	hate_political	OFFENSIVE	HATE	NEUTRAL	3	NO_MAJORITY	0	1.0
10895	مايتم تداوله عن تورط اطراف هو عمل مليشيا موجه لاتقع في الفخ، يعملون على تعميق الخلافات واذكاءها من اجل تشتيت الانتباه عن الهدف الاساسي وهو تقدم القوات ومواصلة ضرب المليشيا في كل مواقعها المعركة مستمرة والمليشيا مبلولة شيرك_وعي	war_corpus	gender_hate	OFFENSIVE	HATE	NEUTRAL	3	NO_MAJORITY	0	1.0
10900	الله اكبر الله اكبر كيكل دقس الدعم السريع تم استلام كيكل واسر سفيان بريمة واكثر من 160 مقاتل مرتزق و 70 عربية	war_corpus	hate_political	OFFENSIVE	HATE	NEUTRAL	3	NO_MAJORITY	0	1.0
10904	ادوات التصعيد المهني من وقفات و الاضراب الجزئي ووصولا العصيان المدني الشامل كما نؤكد في تجمع المهنييين تمسكنا بلاءات الشارع الثلاثة لا تفاوض مع الانقلابين لا شراكة مع المؤسسة العسكرية لا مساومة في العدالة ومحاسبة الانقلابيين لضمان مبدا عدم الافلات من العقاب	war_corpus	threats	OFFENSIVE	HATE	NEUTRAL	3	NO_MAJORITY	0	0.87
10906	#السودان بعد رفع الحصار الاقتصادي #الامريكي علي جمهورية #السودان يجب رفع الحصار #الكيزاني علي الشعب السوداني	old_twitter	hate_political	OFFENSIVE	HATE	NEUTRAL	3	NO_MAJORITY	0	1.0
10923	الشعب يريد: التخلص من بقايا نظام الانقاذ حكومة انتقالية مدنية بحماية من الجيش اعتقال رموز الكيزان محاكمة القتلة إرجاع حقوق الشعب #اعتصام_القياده_العامه #مدن_السودان_تنتفض	old_twitter	revolution_terms	OFFENSIVE	HATE	NEUTRAL	3	NO_MAJORITY	0	1.0
10927	ثورة وعي وح نصلح كل الحاجات السمحة الانتهى منها النظام الكيزاني الفاسد	old_twitter	revolution_terms	OFFENSIVE	HATE	NEUTRAL	3	NO_MAJORITY	0	1.0
10938	جرائم_الدعم_السريع الصحفية اماني جحا نادية احدى ضحايا جرائم الدعم_السريع التي وصلت حد الاستعباد الجنسي الامر الذي دفع البعثة الاممية لتقصي الحقائق في السودان ان تتهم الدعم السريع صراحة بارتكاب معظم جرائم الاغتصاب تابعونا على الرابط قناة التلغرام _____ قناة الواتساب	war_corpus	violence_reporting	OFFENSIVE	HATE	NEUTRAL	3	NO_MAJORITY	0	1.0
10940	يعني هسه في رأيك انو ايلا حاكم البلد دي؟ و لا حكومته و وزرائها ديل بيحلو و لا بيربطو؟ يا زول قول كلام غير دا... ورينا الحاكم الحقيقي فهمو شنو؟ الدولة العميقة و كدا #تسقط_بس #عصيان13مارس #مدن_السودان_تنتفض	old_twitter	revolution_terms	NEUTRAL	HATE	OFFENSIVE	3	NO_MAJORITY	0	1.0
10944	بحري صواريخ موجهه تضرب مدفع 120 داخل مدارس المجلس الافريقي واخرى تستهدف مقر سكني للعدو بالقرب من ويتا هلاك اكثر من 85 متمرد	war_corpus	hate_political	OFFENSIVE	HATE	NEUTRAL	3	NO_MAJORITY	0	1.0
10951	قوة تتبع للمتمرد الطاهر حجر قادمة من منطقة طويلة ومعها رتل من العربات المسروقة برفقة عوائلهم كانت في طريقها الي كبكابية اشتبكت اليوم مع قوة تتبع لمليشيا التمرد السريع المتحالف معها اشتباك المتحالفين اسفر عن مقتل 20 شخصا بينهم نساء واطفال وتم نهب وحرق العربات عبد الماجد عبد الحميد	war_corpus	hate_political	OFFENSIVE	HATE	NEUTRAL	3	NO_MAJORITY	0	1.0
10985	نحن انتقلنا من مرحلة شائعات عن مقتل حميدتي الى شائعات عن مقتل عبد الرحيم شكلنا ح نقعد كدا قتلو قتلو قتلو لحد يلحق اخو	war_corpus	violence_reporting	OFFENSIVE	HATE	NEUTRAL	3	NO_MAJORITY	0	1.0
10991	كل من سخر مما قاله القائد الاعلى لقوات الشعب المسلحه الفريق اول ركن عبدالفتاح البرهان وقتها سيعرف ان الجيش كان صاحيا فقط اضطر لاتخاذ سياسات عسكريه تكسر بها شوكة المليشيا باتخاذ سياسة النفس الطويل وقد كانت الان النتائج ماثلة امام اعيننا نصر من الله وفتح قريب	war_corpus	hate_tribal	OFFENSIVE	HATE	NEUTRAL	3	NO_MAJORITY	0	1.0
10998	تجمع المهنيين يقطع الطريق أمام أي محاولات لتسليم الجيش المرحلة الانتقالية ويصر على: حكومة انتقالية مدنية مهمة الجيش: حماية المتظاهرين الإنحياز للشعب سحب يده من الحكومة غير الشرعية التواصل مع القوى لاكمال تسليم السلطة #اعتصام_القياده_العامه #مدن_السودان_تنتفض	old_twitter	revolution_terms	OFFENSIVE	HATE	NEUTRAL	3	NO_MAJORITY	0	1.0
11001	الجيش طرد كلاب الامن من شارع القيادة بالكامل #مدن_السودان_تنتفض #اعتصام_القيادة	old_twitter	revolution_terms	OFFENSIVE	HATE	NEUTRAL	3	NO_MAJORITY	0	1.0
11043	لا تؤجل عمل اليوم إلى الغد وكله لأحد عبيدك و أنعم عليه بوجبتان إضافيتان	old_twitter	hate_tribal	HATE	OFFENSIVE	NEUTRAL	3	NO_MAJORITY	0	0.673
11068	العقيد خلا مليشي محمد عبدالرحمان لقيت المدرعات كيف جغمه خفيفه واستلام دبشق جيش_واحد_شعب_واحد نصرة_الجيش_السوداني	war_corpus	hate_tribal	OFFENSIVE	HATE	NEUTRAL	3	NO_MAJORITY	0	1.0
11078	حرس الوزير هى الجهة التى اوعزت للمستشفى ودا عادى من ضمن تغول الامن على الحياة المدنية وتواطؤ ادارة المستشفى المهزوزة	old_twitter	humanitarian	NEUTRAL	HATE	OFFENSIVE	3	NO_MAJORITY	0	1.0
11080	قتل ودهس واقتحام للمنازل واعتقال النساء والفتيات وتعذيب للمعتقلين وارهاب للمواطنين ثم يدعون الاسلام منهجا لهم عن اي اسلام تتحدثون؟؟ تسقط_بس	war_corpus	violence_reporting	NEUTRAL	HATE	OFFENSIVE	3	NO_MAJORITY	0	1.0
11096	نحييكم تحية الشرف والصف الواحد والهم المشترك مع شعبنا الباسل المقدام والمشرئب للحرية والعدالة، ونفيدكم بأن واصل اليوم الحقل الطبي في وحدة صف مشهودة الإنضواء تحت راية الشعب الرافض لتعدي القوات النظامية على المتظاهرين #موكب22يناير #مدن_السودان_تنتفض	old_twitter	dehumanizing	OFFENSIVE	HATE	NEUTRAL	3	NO_MAJORITY	0	1.0
11129	تشييع جثمان الشهيد احمد عبدالوهاب مقتل طالب مقتل امة تشييع جثمان الشهيد احمد عبدالوهاب مقتل طالب مقتل امة الابيض_تنزف مواكب_انتقال_السلطه	war_corpus	hate_tribal	OFFENSIVE	HATE	NEUTRAL	3	NO_MAJORITY	0	1.0
11135	#تسقط_بس #مدن_السودان_تنتفض #موكب8مارس القصيدة التي تحولت لهتاف الطلقة ما بتقتل..بقتل سكات الزول ﺑﻔﻮﺭ..لما	old_twitter	revolution_terms	NEUTRAL	HATE	OFFENSIVE	3	NO_MAJORITY	0	1.0
11145	أيضا هذاالجوع وراهو الكيزان شكرا حمدوك المجرمين الي لاهاي	old_twitter	hate_political	NEUTRAL	HATE	OFFENSIVE	3	NO_MAJORITY	0	0.576
11178	ياسر العطا من المدرعات رباعيتنا البنعرفها هي بل بس ابراهيم_السيدح هدنة_بتاع_فنيلتك الامارات_تقتل_السودانيين	war_corpus	humanitarian	NEUTRAL	HATE	OFFENSIVE	3	NO_MAJORITY	0	1.0
11192	تجمع المهنيين السودانيين ولاية وسط دارفور بيان مهم في البدء التحية لشهدائنا الابرار الذين جعلوا المستحيل ممكنا، والتحية لنضالات الشعب السوداني العظيم شرفاء بلادي ظللتم تتابعون ما يقوم به ازلام النظام البائد بالتعاون مع الحاكم العسكري المكلف للولاية التشريعي_رقيب_الثوره	war_corpus	neutral_news	OFFENSIVE	HATE	NEUTRAL	3	NO_MAJORITY	0	1.0
11198	نفسي اجرب نفسي برة #اسباب_للهجره_من_بلدك	old_twitter	violence_incitement	HATE	NEUTRAL	OFFENSIVE	3	NO_MAJORITY	0	1.0
11205	يخوانا سلمو الارهابيين ديل للجنائية برضو	old_twitter	random_no_keyword	NEUTRAL	HATE	OFFENSIVE	3	NO_MAJORITY	0	1.0
11230	محيط الاذاعة نسور الجو نهار اليوم يقومون بدك معاقل واليات المرتزقة شارك قناة انصار القوات المسلحة السودانية علي التلغرام	war_corpus	hate_political	OFFENSIVE	HATE	NEUTRAL	3	NO_MAJORITY	0	1.0
11244	ده حقيقة، لكن مافارق صراحة مدام بتعمل البيرضي ضميرك ويريحك، بعداك مافارقة فعلاً المهم تكون متصالح مع نفسك	old_twitter	hate_tribal	HATE	NEUTRAL	OFFENSIVE	3	NO_MAJORITY	0	0.929
11257	حميدتي ياريت لو اتمردنا من يوم فض الاعتصام كان وريناك الكي والقرض الني والمابتصفق ان شاء الله ما تعرس هيييي وتاني هييييي ردحي عجيب	war_corpus	hate_political	NEUTRAL	HATE	OFFENSIVE	3	NO_MAJORITY	0	1.0
11275	ظهور جديد للقائد الثاني لمليشيا الجنجويد عبدالرحيم دقلو ظهور الغرض منه رفع الروح المعنويه لماتبقي من المرتزقه لكن هيهات	war_corpus	hate_political	OFFENSIVE	HATE	NEUTRAL	3	NO_MAJORITY	0	0.587
11313	الاحرار الثوار فى لندن يتوجهون الى سويسرا فى مسيرة دعا اليها السودانين بى اوربا لى مقر مكتب حقوق الإنسان بى سويسرا لى التنديد بى انتهاكات كتايب الظل وكلاب قوش ثقافة الثورة عمت كل مطارات وموانى ومحطات المترو والقطارات فى العالم جيل لم يهزم حتي الطيار بيهتف #تسقط_بس	old_twitter	violence_reporting	OFFENSIVE	HATE	NEUTRAL	3	NO_MAJORITY	0	1.0
11360	يجيني الزوله دي امسكوها يخوانا	old_twitter	random_no_keyword	NEUTRAL	OFFENSIVE	HATE	3	NO_MAJORITY	0	1.0
11362	شكلو الايام الجايه في مجموعه من الكيزان حا ترجع لي منصاب وترقيات واقالات وتصفية حسابات	war_corpus	hate_political	OFFENSIVE	HATE	NEUTRAL	3	NO_MAJORITY	0	1.0
11365	مليشيا التمرد تغتال الشيخ عبدالرحمن محمد عيسي عضو الامانة العامة لجماعة انصار السنة المحمدية بمدينة سنجة تقبله الله بواسع رحمته وحسبنا الله ونعم الوكيل وعند الله تجتمع الخصوم	war_corpus	hate_tribal	OFFENSIVE	HATE	NEUTRAL	3	NO_MAJORITY	0	1.0
11384	عن اقناعي باني غلطت عندما سلمتك قلبي دون ضمان ودون تردد وقمت بالمقابل بحشوه وجعا مريرا دون مبالاة	war_corpus	violence_incitement	HATE	NEUTRAL	OFFENSIVE	3	NO_MAJORITY	0	1.0
11399	كاريكاتير الافعى حميدتي يبدل جلده على حساب دماء السودانيين	war_corpus	threats	NEUTRAL	HATE	OFFENSIVE	3	NO_MAJORITY	0	0.0
11417	ذلكم وان الله موهن كيد الكافرين مضعف كل مكر وكيد يكيدون به الاسلام واهله وجاعل مكرهم محيقا بهم	war_corpus	religious_sectarian	OFFENSIVE	NEUTRAL	HATE	3	NO_MAJORITY	0	0.755
11440	عاجل جهاز التشبيح العام يعتقل المتطوع في الدفاع المدني عبدالقادر الاحمد بتهمة العمالة للنظام جمعة اعتقال_فابعاد_متى_الكرامة_تستعاد	war_corpus	hate_tribal	OFFENSIVE	HATE	NEUTRAL	3	NO_MAJORITY	0	1.0
11444	ولهذا أخذت غالبية كوادر الكيزان من المؤتمر الوطني والشعبى وغواصاتهم فى القوى السياسية إجازات من العمل لفترات تتراوح مابين شهرين وثلاثة أشهر قبل حوالى أسبوعين من لحظة الصفر.	old_telegram	hate_political	OFFENSIVE	HATE	NEUTRAL	3	NO_MAJORITY	0	1.0
11449	الله بدي الجنَّة ياخ افتكر شدييييييد كمان	old_twitter	violence_incitement	HATE	NEUTRAL	OFFENSIVE	3	NO_MAJORITY	0	1.0
11450	مؤسسة الفرقان محرم 1436 ولو كره الكافرون جودة 480 جماعة التوحيد والجهاد 2003 تنظيم قاعدة الجهاد في بلاد الرافدين 2004 مجلس شورى المجاهدين 2006 حلف المطيبين 2006 دولة العراق الاسلامية 2006 الدولة الاسلامية في العراق والشام 2013 الدولة الاسلامية 2014	war_corpus	religious_sectarian	OFFENSIVE	HATE	NEUTRAL	3	NO_MAJORITY	0	0.755
11455	ب_تاريخ_اليوم___المصفاه__ شياطين_الكدرو_العسكرية_كمين_مان_الطريق_الي المصفاة نصر_من_الله وفتح قريب	war_corpus	dehumanizing	OFFENSIVE	HATE	NEUTRAL	3	NO_MAJORITY	0	1.0
11456	سـنة من الكذب بأسم الدين سـنة من الفشل و التمكين سـنة من الاتجـار بقوت الموطن المسكين سـنة وماذال هنالك من يقـفـون في الحياد سـنة حقا من أين أتي هـولاء يوم يوم وحتي النصر #موكب21مارس #مدن_السودان_تنتفض #الشارع بس #تسقط بس	old_twitter	hate_political	NEUTRAL	HATE	OFFENSIVE	3	NO_MAJORITY	0	0.0
11471	صبرنا كتير وماف أي حل غير تسقط بس في سبت البل فترنا من ناس المرور والغَمِت ورشوة النظام العام وضياع الوَكِت زلة العساكر لينا والخوف والخَبِت دا كلو بسقط بس في يوم السبت نطلع كلنا سوداني سودانية ونجيب حقنا ومسيرة مليونية والجيش حقنا ونسايسو بالفنية نقعد للصباح ونسوي كمونية	old_twitter	revolution_terms	NEUTRAL	HATE	OFFENSIVE	3	NO_MAJORITY	0	0.0
11476	ولاية غرب افريقية 8 قتلى وجرحى من جيش النيجر المرتد ومقتل صليبي بهجوم لجنود الخلافة قرب ديفا	war_corpus	violence_reporting	OFFENSIVE	HATE	NEUTRAL	3	NO_MAJORITY	0	0.772
11484	القبائل الشمالية كانت أتباع لسنار و لملوك الكيرا في كردفان ، الفونج في احتفالاتهم السنوية كانوا يقيموا معركة تمثيلية ترمز لانكسار العبدلاب	old_twitter	hate_tribal	OFFENSIVE	HATE	NEUTRAL	3	NO_MAJORITY	0	1.0
11503	للاسف الشديد لم يقوم المجلس العسكري بمهام رد الجميل للوطن بل يريد ان يسحق الثوّار وارادتهم وقتل الثورة لمصالحهم #تسقط_بس #اعتصام_القياده_العامه	old_twitter	violence_reporting	NEUTRAL	HATE	OFFENSIVE	3	NO_MAJORITY	0	1.0
11566	الله اكبر الله اكبر البنك العقاري خالي من التمرد نهايه المليشيا بامدرمان نصر من الله وفتح قريب	war_corpus	hate_political	OFFENSIVE	HATE	NEUTRAL	3	NO_MAJORITY	0	1.0
11571	بدو بس الحكومه تسقط بس بعبدا خط أحمر	old_twitter	hate_tribal	OFFENSIVE	HATE	NEUTRAL	3	NO_MAJORITY	0	1.0
11594	رسالة حرة من حرائر الشام تعري المنظمات النسوية في المحرر و توجه رسالة لرجال الشام نعم هؤلاء هم نساء الشام وليس السلافع المتمردات على شرع الله ردع الجاسوسية الرسمية	war_corpus	humanitarian	NEUTRAL	HATE	OFFENSIVE	3	NO_MAJORITY	0	1.0
11604	عشان كدا موضوع البطل ما غريب، الكيزان لسه حاسين انهم و من حقهم المناصب دي و الوزارء مفروض يكونوا رادعين اكتر من كدا	old_twitter	hate_political	OFFENSIVE	HATE	NEUTRAL	3	NO_MAJORITY	0	1.0
11606	اين انتم من هذا اوليس للبشر حق في المعيشة اوليس من حق البشر العيش بسلام ارجو منكم النظر في مجزرة حكومة الرئيس عمر حسن احمد البشير #تسقط_بس	old_twitter	revolution_terms	NEUTRAL	HATE	OFFENSIVE	3	NO_MAJORITY	0	1.0
11608	الدجل والتضليل من كبيرهم #تسقط_بس	old_twitter	revolution_terms	NEUTRAL	HATE	OFFENSIVE	3	NO_MAJORITY	0	1.0
11614	شارع القصر الجمهوري تدمير عربة كروزر بها ١٢ مرتزق واتنين موتر في شارع القصر الجمهوري نصر من الله وفتح قريب	war_corpus	hate_political	OFFENSIVE	HATE	NEUTRAL	3	NO_MAJORITY	0	1.0
11618	أهل #نيرتيتي حتما سوف ننساكم كما نسينا انفصال دولة جنوب السودان كما نسينا وفاة محمود عبدالعزير	old_twitter	hate_tribal	OFFENSIVE	HATE	NEUTRAL	3	NO_MAJORITY	0	1.0
11642	لو لم تكن إلا هذه التغريدة في حسابك لكفتك طاب مساؤك	old_twitter	violence_incitement	HATE	NEUTRAL	OFFENSIVE	3	NO_MAJORITY	0	1.0
11647	انا م حصل اتعرفت على زول عشان ماديات ولا حصل صاحبت انسان عشان مصلحه ،،،، ولا حصل ارتبطت بزول عشان استفيد منو عمري م عاينت لي للعندك او الناقصك انا يوم عرفتك عرفتك عشان شخصيتك Moo7a	war_corpus	violence_incitement	HATE	NEUTRAL	OFFENSIVE	3	NO_MAJORITY	0	1.0
11651	مناوي نتفاوض مع من بالتحديد؟ هل مع المرتزقة التشاديين ام مع المرتزقة الليبيين؟ ام مليشيا الدعم السريع المجرمة الارهابية؟	war_corpus	hate_political	NEUTRAL	HATE	OFFENSIVE	3	NO_MAJORITY	0	0.576
11668	اعلنت حكومة ولاية الخرطوم، تخطيطها لانعقاد ورشة لاعمار الولاية في منتصف اغسطس المقبل وكشف منسق مشروع الاعمار والتعافي، سيف الدين مختار، عن مشاركة مجلسي السيادة والوزراء في الورشة، بجانب ولاة الولايات ومنظمات المجتمع المدني والخبراء والاتحادات الاخرى وتعرضت مؤسسات ولاية الخرطوم لتدمير ممنهج نفذته المليشيا المتمردة على مدى شهور	war_corpus	violence_reporting	OFFENSIVE	HATE	NEUTRAL	3	NO_MAJORITY	0	1.0
11687	والله تسقط بس يا أمي	old_twitter	revolution_terms	NEUTRAL	HATE	OFFENSIVE	3	NO_MAJORITY	0	1.0
11689	القايدات الابطال في الفاشر داخل الميدان طردو مليشيات النهب المسلح المرتزقة	war_corpus	hate_political	OFFENSIVE	HATE	NEUTRAL	3	NO_MAJORITY	0	1.0
11690	فضلت انت يا بشة... #تسقط_بس	old_twitter	revolution_terms	NEUTRAL	HATE	OFFENSIVE	3	NO_MAJORITY	0	1.0
11691	#15_ابريل #سقطت #اعتصام_القيادة_العامة #مدن_السودان_تنتفض #تسقط_بس #رمضان_بدون_كيزان #السودان #سودان_بدون_كيزان #بحري #سوداني#sudan #بنات_السودان #شباب_السودان #ضحك #اكسبلور #سوداني_وافتخر #مليونية6ابريل #تسقط_بس	old_twitter	hate_political	OFFENSIVE	HATE	NEUTRAL	3	NO_MAJORITY	0	1.0
11710	مرتزقة حركة فاكت التشادية يقاتلون في صفوف ميليشيات ال دقلو في ضواحي مدينة الفاشر عاصمة ولاية شمال دارفور قناة كرري علي تلغرام	war_corpus	hate_political	OFFENSIVE	HATE	NEUTRAL	3	NO_MAJORITY	0	1.0
11713	حظيت الحملة التي تطالب بمحاسبة الامارات بانتشار واسع، وبحسب كتابات المشاركين فيها، فان ما يحدث لم يعد اختلافا في السياسات، بل انكشاف لنهج خارجي يقوم على زرع الفوضى باسم الاستقرار، وتمويل الحروب واشعالها تحت راية السلام كيف اشعلت مجازر الفاشر شرارة غضب ضد الامارات؟	war_corpus	humanitarian	NEUTRAL	HATE	OFFENSIVE	3	NO_MAJORITY	0	1.0
11724	#شكرا_حمدوك استشهاد شهيد بمحلية الميرم منطقة القرنتي غدراً نتيجة الهجوم الذي نفذه الجيش الشعبي لجنوب السودان علي مواطنين عزل	old_twitter	violence_reporting	OFFENSIVE	HATE	NEUTRAL	3	NO_MAJORITY	0	1.0
11725	عشم البنيات في الضراع الفات.. وكت حر الكفت #تسقط_بس #مدن_السودان_تنتفض	old_twitter	revolution_terms	NEUTRAL	HATE	OFFENSIVE	3	NO_MAJORITY	0	0.0
11726	إنتقل سيدنا رسول الله صل الله عليه وسلم ولم يسقط الاسلام فكيف تقنعني انه بسقوط البشير سيسقط الاسلام لماذا تضللون الشعب ياتجار الدين.. من هو البشير كي يسقط الاسلام بسقوطه هو وحزبه؟؟؟؟ الكلام دا طبعاً للناس الماسكة في موضوع علمانية وما علمانية *#تسقط_بس*	old_twitter	religious_sectarian	NEUTRAL	HATE	OFFENSIVE	3	NO_MAJORITY	0	0.723
11753	نحن ياخوانا نجابه في الحياة قهر وعنصرية بطالين شديد خلاس	old_twitter	random_no_keyword	NEUTRAL	HATE	OFFENSIVE	3	NO_MAJORITY	0	1.0
11772	#اعتصام_القياده_العامه #مدن_السودان_تنتفض استبدال احمد ب حاج احمد خدعه مكشوفه من الاخوان المسلمين بالمنطق كده شنو قبضو قريب الميه نفر من رؤوس النظام فس اقل من سبعه ساعات يعني مرتبين تقبضوهم ومشيتو ليهم في بيوتم ولقيتوهم جاهزين منتظرنكم #عوض_بن_عوف_كازب	old_twitter	revolution_terms	NEUTRAL	HATE	OFFENSIVE	3	NO_MAJORITY	0	1.0
11784	جرائم الحرب والمجازر البشعة التي ترتكب في الفاشر وفي انحاء السودان تكشف عن عداء رهيب للانسانية، وحقد شيطاني اسود على البشرية، لن يفلت هؤلاء المجرمون ومن يدعمهم من العقاب، وان اخذتهم سكرة الاجرام وغفلة ذوي الباس عنهم، فالله لا يغفل وقد توعد الظالمين بعقابه في الدنيا والاخرة احمد_منصور	war_corpus	violence_reporting	OFFENSIVE	HATE	NEUTRAL	3	NO_MAJORITY	0	1.0
11788	رسالة من فدائي جيش_واحد_شعب_واحد دحر_المليشيا معركة_الكرامة ده_جيش_بتداوس	war_corpus	violence_reporting	OFFENSIVE	HATE	NEUTRAL	3	NO_MAJORITY	0	1.0
11823	منو القال ليك مستحيل؟ انت بس قوي عزيمتك وح تقدر والله اعقلها وتوكل	war_corpus	violence_incitement	HATE	NEUTRAL	OFFENSIVE	3	NO_MAJORITY	0	1.0
11836	انجنا يا رب من هذه الحكومه الفاسقه #تسقط_بس	old_twitter	revolution_terms	NEUTRAL	HATE	OFFENSIVE	3	NO_MAJORITY	0	1.0
11847	#موكب21مارس في عيد الام نعتذر لكل أم تعبت وربت ولدها وطلع كوز #تسقط_بس	old_twitter	hate_political	OFFENSIVE	HATE	NEUTRAL	3	NO_MAJORITY	0	1.0
11886	تصحيح ولاية الشام حوران بتوفيق الله تعالى، استهدف جنود الخلافة الية للجيش النصيري المرتد على الطريق الرابط بين منطقتي ازرع و الشيخ مسكين يوم الاثنين الماضي، بتفجير عبوة ناسفة، ما ادى لاعطابها ومقتل ضابط و3 عناصر كانوا على متنها، ولله الحمد والمنة	war_corpus	religious_sectarian	OFFENSIVE	HATE	NEUTRAL	3	NO_MAJORITY	0	1.0
11897	على جموع الشعب السوداني الاستمرار في التوافد الى مقر #اعتصام_القياده_العامه وأن يواصل الثوار الأحرار اعتصامهم لأنها #لم_تسقط_بعد وذلك حتى تتكون رؤيه واضحه بتحقيق جميع المطالب المنصوصه في بيان إعلان الحريه والتغيير #مدن_السودان_تنتفض	old_twitter	revolution_terms	OFFENSIVE	HATE	NEUTRAL	3	NO_MAJORITY	0	1.0
11905	الذي قال لها كوني و تكون سيمنحك سعادة لا حلمت ولا تحلم بها فقظ قول له انا تحت رحمتك فارحمني رب المستحيل والاطمئنان	war_corpus	dehumanizing	HATE	NEUTRAL	OFFENSIVE	3	NO_MAJORITY	0	0.82
11910	لاحظوا لكلمة الجدل فهذا بالفعل ما يفعلونه في اوساط الناس، بالقاء بعض الشبه لاثارة الجدل، وفي النهاية التسويق لافكارهم العلمانية الهدامة الاسلام_الديمقراطي_المدني	war_corpus	religious_sectarian	NEUTRAL	HATE	OFFENSIVE	3	NO_MAJORITY	0	1.0
11924	قوات العمل الخاص تعتقل 4 قاده ميدانيين تابعين لمليشا الدعم_السريع اثناء محاولة تهريبهم الي مزرعة في شمال بحري على راسهم القائد حسام على كرار، وتحييد افراد من المتمردين اثناء الاشتباكات جيش_واحد_شعب_واحد دحر_المليشيا معركة_الكرامة	war_corpus	hate_political	OFFENSIVE	HATE	NEUTRAL	3	NO_MAJORITY	0	1.0
11936	#اعتصام_القياده_العامه #مدن_السودان_تنتفض مكان امن وطمئنينه لمن قتل شعب اعزل وحرق وتنر وشرد الشعب السوداني كيف يكون امن وكيف يكون مطمئن يتم تسليمه الي محكمة العدل الدوليه فورا كيف مكان امن......	old_twitter	revolution_terms	OFFENSIVE	HATE	NEUTRAL	3	NO_MAJORITY	0	1.0
11945	قالو وحده من الاغتصبوهم في القياده العامه انتحرت	old_twitter	violence_incitement	HATE	NEUTRAL	OFFENSIVE	3	NO_MAJORITY	0	1.0
11950	رئيس حركة تحرير السودان عبد الواحد محمد نور يكشف دور تنسيقية حمدوك وقوى الحرية والتغيير المجلس المركزي في اشعال الحرب في السودان عبر الاتفاق الاطاري السودان حرب_السودان	war_corpus	hate_tribal	OFFENSIVE	HATE	NEUTRAL	3	NO_MAJORITY	0	1.0
11952	القائد من داخل الميدان ماعندنا كلام عندنا متك بس وري ياسياتك	war_corpus	violence_incitement	HATE	NEUTRAL	OFFENSIVE	3	NO_MAJORITY	0	1.0
11958	لم تكن الاذاعة مجرد قطعة ارض او بضع بنايات او اجهزة لكنها عند السودانيون تاريخهم وارثهم ووجدانهم المشترك لذلك كان تحريرها يوم عيد ويوم فرح وانتصار له مدلولاته الاستراتيجية والعاطفية التحية للذين دخلوا الاذاعة دقشا بدري وحرروها من مرتزقه مليشيا ال دقلو واليوم اتنين رمضان وقولوا واحد ام_وضاح	war_corpus	dehumanizing	OFFENSIVE	HATE	NEUTRAL	3	NO_MAJORITY	0	1.0
11960	احنا عايشين في مجتمع ضاغط ، اللي يتصرف فيه بانسانية وبساطة وتلقائية يفتكروه مجنون احمد زكي، هيستريا ١٩٩٨	war_corpus	violence_incitement	HATE	NEUTRAL	OFFENSIVE	3	NO_MAJORITY	0	1.0
11983	#مدن_السودان_تنتفض #تسقط_بس #موكب14مارس و تأتي الاخبار من ارض السُمُر ان الثوار في الشوارع لاسقاط نظام وزراء الدجل و النفاق و التملق و الجهل بلا نظافة بلا عصيان الشارع بس	old_twitter	profanity	NEUTRAL	HATE	OFFENSIVE	3	NO_MAJORITY	0	0.0
12024	الموكب لقد كتمت فيك كتمة العدو اللهم دعوة كل يوم اكتمها في بشه	old_twitter	revolution_terms	NEUTRAL	HATE	OFFENSIVE	3	NO_MAJORITY	0	0.0
12051	بشتنة شديدة في استرداد الحساب دا كلو عشان قاعد في السودان المهم #تسقط_بس #مدن_السودان_تنتفض	old_twitter	threats	NEUTRAL	HATE	OFFENSIVE	3	NO_MAJORITY	0	1.0
12055	تسقط بس قدام الجزائر أولا ثم يليه السودان	old_twitter	revolution_terms	NEUTRAL	HATE	OFFENSIVE	3	NO_MAJORITY	0	1.0
12086	تجدد المعارك الان في محيط مطار الفاشر وعدد من المناطق في الجزء الغربي للمدينة الدعاء بالنصر علي مرتزقة الامارات	war_corpus	violence_reporting	OFFENSIVE	HATE	NEUTRAL	3	NO_MAJORITY	0	1.0
12094	بيان من حكومة ولاية سنار ولجنة امن الولاية سبعة سيارات قتالية حاولت الالتفاف ومهاجمة المدينة واطلقوا ثلاثة دانات واحدثوا ربكة تم التصدي لهم والان هم في جهنم ان تاتي متاخرا خير من الا تاتي شكرا لهذا التنوير	war_corpus	neutral_news	OFFENSIVE	HATE	NEUTRAL	3	NO_MAJORITY	0	1.0
12124	غايتو القال للبنات شجعن كورة واتكلمن في السياسة دا ما عمل فينا خير يا جماعة المراة حدها تختار لون التوب بعد يجيبو ليها الراجل في بيتها ولا الاكل ذايد ملح ولا ناقص وتشوف تربية اولادها على العموم المراة مكانه المطبخ وشكرا	war_corpus	random_no_keyword	NEUTRAL	HATE	OFFENSIVE	3	NO_MAJORITY	0	1.0
12135	جهز عديل كفنك يا انت يا وطنك المجد للشهداء #اعتصام_القياده_العامه #لم_تسقط_بعد #تسقط_بس	old_twitter	violence_reporting	NEUTRAL	HATE	OFFENSIVE	3	NO_MAJORITY	0	1.0
12163	احلى جمله نحنا الحكومه #تسقط_بس	old_twitter	revolution_terms	NEUTRAL	HATE	OFFENSIVE	3	NO_MAJORITY	0	1.0
12173	رئيس مجلس السيادة عبد الفتاح البرهان كلما تمادت ميليشيا ال دقلو الارهابية في سفك دماء المواطنين الابرياء، ازدادت عزيمة الشعب السوداني على مقاومتهم، ان انتهاك القانون الدولي الانساني والجرائم ضد الانسانية لن تمر دون عقاب، وتجعل من غير الممكن التسامح مع هذه الميليشيا الارهابية سما_السودان	war_corpus	hate_tribal	OFFENSIVE	HATE	NEUTRAL	3	NO_MAJORITY	0	1.0
12180	رئيس مجلس النواب الامريكي الجمهوري مايك جونسون كمسيحيين، نعتقد ان الكتاب المقدس يعلمنا بوضوح شديد انه يجب علينا الوقوف الى جانب اسرائيل دين ده ولا ما دين يا بتوع العلمانية والليبرالية، يا اللي بتقولو الدولة والسياسة ما عندهم علاقة بالدين؟؟ ولا بس لما تجي لدينا الاسلامي الكلام بختلف؟؟	war_corpus	religious_sectarian	NEUTRAL	HATE	OFFENSIVE	3	NO_MAJORITY	0	1.0
12186	العميد مامون طابور خامس وليس اسير وهو الباع الباقير للجنجا وسلمهم المدرعات الهسي شغالين بيها هجوم على مواقع الجيش ورسالة لاسرته ولدكم باع الجيش مافي اسير بدو مرتبة وحفاظة وشاحن تلفون اسير ولا عريس منقول من صفحة الشرطي ابراهيم	war_corpus	violence_reporting	OFFENSIVE	HATE	NEUTRAL	3	NO_MAJORITY	0	1.0
12188	مواطنين اقليم النيل الازرق يؤكدون وقوفهم خلف القوات المسلحة لدحر اي هجوم علي الاقليم اللهم نصرك الذي وعدت المكتب الاعلامي لقيادة الفرقة الرابعة مشاة الدمازين ساعة_الحسم معركة_الكرامة اسود_الفرقة_الرابعة جيش_واحد_شعب_واحد الجزيره مدني	war_corpus	hate_tribal	OFFENSIVE	HATE	NEUTRAL	3	NO_MAJORITY	0	1.0
12197	ستسعى قوى الظلام من جميع انحاء العالم الى وأد الثورة السودانية العظيمة لان نجاحها يعني إعادة تشكيل العالم من جديد ثورة شعبية تهز مضاجع الدكتاتوريات #اعتصام_القياده_العامه #تسقط_بس	old_twitter	revolution_terms	OFFENSIVE	HATE	NEUTRAL	3	NO_MAJORITY	0	1.0
12208	ظهور العميل الاماراتي، طه عثمان الحسين خلال زيارة الرئيس التشادي لشيطان العرب في ابوظبي	war_corpus	hate_political	HATE	OFFENSIVE	NEUTRAL	3	NO_MAJORITY	0	0.842
12227	القوات المشتركة بعد طرد، وجغم المرتزقة من خزان قولوا بتاريخ اليوم يرسلون البشريات للشعب السوداني؛ ويؤكدون هروب المرتزق السافنا بل_بس	war_corpus	hate_political	OFFENSIVE	HATE	NEUTRAL	3	NO_MAJORITY	0	1.0
12230	اطفالنا اكبادنا في قلوبنا الموت الي الكوز له سنة فجر الحرية قرب #تسقط_بس	old_twitter	hate_political	OFFENSIVE	HATE	NEUTRAL	3	NO_MAJORITY	0	1.0
12231	قال تعال: (و جعلنا من الماء كل شيء حي) الكيزان في السودان حتى بالموية عاوزين يقتلو الشعب #الكوليرا_في_السودان	old_twitter	hate_political	OFFENSIVE	HATE	NEUTRAL	3	NO_MAJORITY	0	1.0
12236	مقتل قائد متحرك النهب السريع في امدرمان عبد الله النيل	war_corpus	hate_tribal	OFFENSIVE	HATE	NEUTRAL	3	NO_MAJORITY	0	1.0
12245	كوبري المنشية الجنجا لمو في البحر خبت ردموهو زخيرة جد حليل السمك قال ليك في غواصة في البحر	war_corpus	random_no_keyword	NEUTRAL	OFFENSIVE	HATE	3	NO_MAJORITY	0	1.0
12249	في ظل المعارك الضاريه التي نخوضها الان ليس لدينا متسع من الوقت لفتح معسكرات جديده لكن المتدرب الجاهز وبيعرف يضرب نار يبلغ معسكرنا في سنار كتيبة عبد الله جماع 2 نصر من الله و فتح قريب	war_corpus	hate_tribal	OFFENSIVE	HATE	NEUTRAL	3	NO_MAJORITY	0	1.0
12262	منو القال ليك اني جاي أدافع عن أخوي؟ هو دايسك ودايس اسيادك سنيين.! ما شاء الله ربنا ينصره مامحتاج دفاعي وانت زي جداده ملكوه معلومات خاطئه وجا"فرحان" يحاول تشويه صورة هشام. متعودين عليكم ولكنك "دقست شدييد"لمن اتطاولت وحاولت الإساءه لعِرضي. (تصبر بس) زي تسقط بس وهي مسألة وقت وحتشوف	old_twitter	revolution_terms	NEUTRAL	HATE	OFFENSIVE	3	NO_MAJORITY	0	1.0
12296	مليشيا التمرد تقوم بعمليات نهب وسرقة واسعة داخل مدينة النهود عصابات المليشيا تغادر المدينة بعد النهب والسرقات وتصفية عدد من رموز وابناء النهود الصحفي عبد الماجد عبد الحميد	war_corpus	hate_political	OFFENSIVE	HATE	NEUTRAL	3	NO_MAJORITY	0	1.0
12308	العلاقة شنو؟ كتر خيركم المرة الفاتت سكتو لينا من تعدينا على ورث اهلكم دا احتراما للشهيد يعني؟	old_twitter	violence_reporting	NEUTRAL	HATE	OFFENSIVE	3	NO_MAJORITY	0	1.0
12364	انا عرسي في العيد لو عزمتك حتجي!لو حتجي حجيك دي ام عايزك تلمي صحباتك كلهم وتجيني عشان احسك اختي انا صحباتي… ياعمري انتي ايوا حجي والله الله يسعدك ياربي ويتم ليك علي خير تعالي لي دي ام وعيوني ليك وحوقف معاك زي اختك…	old_twitter	violence_incitement	HATE	NEUTRAL	OFFENSIVE	3	NO_MAJORITY	0	1.0
12386	الناس بدت تنسى، ف للتذكير: ما بنـرجع مـا بنتغـشى ما لـم يتحـاسب بشــة يتحـاسب بشـة و نائبـه عـلي عثمـــان و كتائـبه و جهـاز الأمـــن و نافـع السفكــوا دم الشـــافع #تسقط_بس #تسقط_صح	old_twitter	revolution_terms	NEUTRAL	HATE	OFFENSIVE	3	NO_MAJORITY	0	0.0
12391	الله اكبر الله اكبر الله اكبر الله نبشركم قبل ساعة نزلت المسيرات بعد تعامل ناجح في نيالا استهداف المالية اثناء صرف المرتبات وهلاك عدد من العمد والنظار وكمية كبيرة الحمد لله من الدعامة تزيد عند ٢٠٠ محمد عبدالجبار القنصل	war_corpus	hate_tribal	OFFENSIVE	HATE	NEUTRAL	3	NO_MAJORITY	0	1.0
12399	شوارع وسط الخرطوم القصر والجامعة والجمهورية تمتلئ بالمئات من جثث المليشيا في هذه اللحظات بعد تدمير الجيش لعدد كبير من المركبات القتالية والمواتر التي حاولت الانسحاب من قلب العاصمة واسر عدد من المرتزقة احياء ومحاولات الهروب من الحصار الخانق مستمرة بطريقة عشوائية د مزمل ابوالقاسم	war_corpus	hate_political	OFFENSIVE	HATE	NEUTRAL	3	NO_MAJORITY	0	1.0
12413	الآن وضحت لكم الصورة.. أظنكم فهمتوا اللعبة محاولات الإقصاء والتشكيك هدفها تهيئة المسرح لسراق الثورة دعونا نكمل المشوار معاً ، وهناك أسرار مؤجلة سيأتي يوم كشفها. #مدن_السودان_تنتفض #اعتصام_القياده_العامة #تسقط_بس	old_twitter	profanity	OFFENSIVE	HATE	NEUTRAL	3	NO_MAJORITY	0	1.0
12414	اي تفاوض مرفوض تسقط الحكومة العميله تسقط بس	old_twitter	humanitarian	NEUTRAL	HATE	OFFENSIVE	3	NO_MAJORITY	0	0.576
12424	دا وين متك بس القوات_المسلحة_السودانية	war_corpus	violence_incitement	HATE	NEUTRAL	OFFENSIVE	3	NO_MAJORITY	0	1.0
12429	الله اكبر الله اكبر الله اكبر منصورين باذن الله تعالي الله ناصرنا ولا ناصر لهم جغم المرتزقة المبارك انتهت الاقامه يادعامه حيا الله الابطال عاشت القوات المسلحة السودانية	war_corpus	profanity	OFFENSIVE	HATE	NEUTRAL	3	NO_MAJORITY	0	1.0
12451	وما بنفع تستخدم كلمة كفر او كفار عشان دا معناه انك داعشي	old_telegram	religious_sectarian	HATE	OFFENSIVE	NEUTRAL	3	NO_MAJORITY	0	0.671
12478	استدعت هيئة علماء السودان الداعية السلفي مزمل فقيري وعقدت لقاء مغلقا ضرب عليه جدارا من التكتم والسرية بين نائب الأمين العام للهيئة عثمان النضيف ومزمل على خلفية إساءات بالغة للرئيس العام لأنصار السنة إسماعيل عثمان ونعته بأوصاف على شاكلة(يا مجرم يا مبتدع يا كذاب يا مضل) التيار	old_twitter	random_no_keyword	NEUTRAL	HATE	OFFENSIVE	3	NO_MAJORITY	0	0.0
12482	من مكتب الجنجويدي المجغوم عبدالله يعقوب عبدالله	war_corpus	hate_tribal	HATE	NEUTRAL	OFFENSIVE	3	NO_MAJORITY	0	0.944
12544	ومابين ومدينة ومدينة في بلادي وعدٌ وعهد.. ليس كعهد (الكيزان) إنما عهد للوطن فالأحرار لا يخونون عهودهم.. وقد تعاهدنا أن يسقط وبس تلك الآيقونة التي باتت لسان حال كل صدوق يحمل هم وطنه بين جنباته.. وها هي الشكابة شاع الدين #موكب3فبراير #مدن_السودان_تنتفض	old_twitter	hate_political	OFFENSIVE	HATE	NEUTRAL	3	NO_MAJORITY	0	1.0
12567	قوى النظام البائد في سعي دؤوب لوأد ثورتنا وإعادة إنتاج نظام الإنقاذ في ثوبٍ جديد، وكما العهد بكم ومعكم أن نستكمل ثورتنا من أجل الحرية، السلام والعدالة، فنصف ثورة ليست بثورة، والرجوع إلى الوراء خيانة لدماء الشهداء. شرفاء الكوادر الطبية والصحية جماهير شعبنا المرابطة والصامدة	old_twitter	hate_political	OFFENSIVE	HATE	NEUTRAL	3	NO_MAJORITY	0	0.528
12569	استشهاد البطل خالد عبدالقادر هارون مدافعا عن منزله في جبرة على يد عصابات الكدمول الارهابية قتل منهم اتنين قبل استشهاده له الرحمة والمغفرة صلاح عوض شريف شارك قناة انصار القوات المسلحة السودانية علي التلغرام	war_corpus	violence_reporting	OFFENSIVE	HATE	NEUTRAL	3	NO_MAJORITY	0	1.0
12575	دي سخرية بشكل مباشر ضد الاجهزة الشرطية ، والامن والامان و قانون النظام العام، ثورية اكتر من كدة الا بعد يحكي النكتة يحرق لستك	old_twitter	violence_reporting	NEUTRAL	HATE	OFFENSIVE	3	NO_MAJORITY	0	1.0
12598	القائد بقوات الدعم السريع العقيد عبدالله شغب يبعث برسائل مهمة لقبيلة الزغاوة RSF Commander Colonel Abdullah Shagab sends important messages to Zagawa tribe معركة_الديمقراطية حراس_الثورة_المجيدة	war_corpus	hate_tribal	OFFENSIVE	HATE	NEUTRAL	3	NO_MAJORITY	0	1.0
12622	تحيتنا لشعبنا والدنا ومعلمنا الذي ظل يقدم الدرس تلو الدرس والتضحية تلو التضحية وهاهو الان عبر مكوناته الثورية يضيئ اخر الدروب حتى نرعوي ونعود للدنيا صحاحا واثقين لم يتاخر فصيلنا عن ركب الوطن واوجاعه يوما، فقد ظل التشكيليون عين ثورتنا المستبصر وقلبها الجمالي النابض	war_corpus	dehumanizing	OFFENSIVE	NEUTRAL	HATE	3	NO_MAJORITY	0	1.0
12627	حساب جديد ونية واصلة في اسقاط النظام #تسقط_بس	old_twitter	revolution_terms	NEUTRAL	HATE	OFFENSIVE	3	NO_MAJORITY	0	1.0
12628	ماشه في امان الله اول م القى تاتشر اقول تسقط بس	old_twitter	revolution_terms	NEUTRAL	HATE	OFFENSIVE	3	NO_MAJORITY	0	0.0
12681	المرتزقة ماتو موت الضان امس في بحري تابع قناة القوات المسلحة السودانية مرحبا	war_corpus	hate_political	OFFENSIVE	NEUTRAL	HATE	3	NO_MAJORITY	0	1.0
12686	ما لم نغلب المصلحه العامه و الحق العام على المصلحه و الفائده الفرديه ما حنتقدم شبر و ما لم ان الاغلبيه الصامته دي تفهم ان وصلنا مرحلة التعاطف بالقلب و تسكت و تعيش حياتك عادي (تجازفها) معناها انت مع القتله تعرف ولا ما تعرف بقى مافي حته في النص #تسقط_بس	old_twitter	violence_reporting	NEUTRAL	HATE	OFFENSIVE	3	NO_MAJORITY	0	1.0
12704	انباء غير مؤكده تفيد المعلومات اصابت المتمرد قجة في كمبو حمير وتم نقل المصاب الي مستشفي طابت وهلك داخل المستشفى وتم تصفية تيم المستشفى	war_corpus	violence_reporting	OFFENSIVE	HATE	NEUTRAL	3	NO_MAJORITY	0	1.0
12711	هم عارفين مافي مشكلة بتحل في يوم واحد ولا سنه ، لكن شغل كيزان زي ما قلت	old_twitter	hate_political	OFFENSIVE	HATE	NEUTRAL	3	NO_MAJORITY	0	1.0
12783	الله اكبر وم النصر الا من عند الله سيهزمون الفلول ويولوون الدبر عما قرييب جاهزيه فجر وعشيه جاهزيه من اجل القضيه جاهزيه من اجل العدل والمساواة والديمقراطيه	war_corpus	hate_political	OFFENSIVE	HATE	NEUTRAL	3	NO_MAJORITY	0	1.0
12792	وبالذات الكيزان المختفين داخل المؤسسات	old_twitter	hate_political	OFFENSIVE	HATE	NEUTRAL	3	NO_MAJORITY	0	1.0
12818	عقبال ما اكون في قائمتك يا اب راس	old_twitter	violence_incitement	HATE	NEUTRAL	OFFENSIVE	3	NO_MAJORITY	0	1.0
12823	صباح الخير على العطاله الخريجين والما خريجين صباح الخير علي ماسحين وماسحات السيراميك على ناس قوم غسل العدة على المفلسين قروش واحاسيس علي العزابه والسناقل والتعابه طابخي الطعام وصباح الخير خصيصا لجيل التسعينات الله يديكم ويرضيكم ويجعل بهدلتكم في البلد دي كفاره لذنوبكم	war_corpus	religious_sectarian	HATE	OFFENSIVE	NEUTRAL	3	NO_MAJORITY	0	0.671
12832	الكيزان حبايبنا الله يديهم العافيييه	old_twitter	hate_political	OFFENSIVE	NEUTRAL	HATE	3	NO_MAJORITY	0	1.0
12853	الان البشير ليست لديه سلطة ليسلمها، هو قد فقد السلطة، وما عليه سوى اختيار مصير فقدانه للسلطة، وعلى هذا الاختيار سوف يتحدد نوعية المصير الذى ينتظره، اما الرضوخ لرغبة الشعب واما الرضوخ لصرخات المهلوعين من بقايا حكومة الكيزان #مدن_السودان_تنتفض	old_twitter	hate_political	OFFENSIVE	HATE	NEUTRAL	3	NO_MAJORITY	0	1.0
12865	كوز في سفارة السودان بالرياض يشعل جدلا واسعا السودان اليوم_نيوز عاجل اليوم نيوز نافذتك على اخر الاخبار والمستجدات	war_corpus	hate_political	HATE	OFFENSIVE	NEUTRAL	3	NO_MAJORITY	0	0.966
12877	امتحان التجريبي بتاع الليله العربي قالو ليهم اكتب عن عدم استقرار الامن في السودان والحكومه،، قال ليك م خلو كوز م كتبو عنو وفي نهايه الورقه الهاشتاقات كلها تسقط بس #تسقط_بس	old_twitter	hate_political	OFFENSIVE	HATE	NEUTRAL	3	NO_MAJORITY	0	1.0
12919	ان الله بكره "قتلوك ولا جوك جوك"	old_twitter	violence_reporting	NEUTRAL	HATE	OFFENSIVE	3	NO_MAJORITY	0	1.0
12924	و برضو الإخوان بتاجرو بالدين!!	old_twitter	random_no_keyword	NEUTRAL	HATE	OFFENSIVE	3	NO_MAJORITY	0	1.0
12941	دونه لا يروقنا حسن لو هجرناه فالقلوب به ولها في ربوعه سكن #السودان	old_twitter	violence_incitement	HATE	NEUTRAL	OFFENSIVE	3	NO_MAJORITY	0	1.0
12945	ديل هم البوليس حتي لو ما كانو بوليس هل هذا هو القانون البشير افتعل الطوارئ لكي يحلل عمل هؤلا العصبجيه الغير قانوني لكل ظالم نهايه #تسقط_بس	old_twitter	revolution_terms	NEUTRAL	HATE	OFFENSIVE	3	NO_MAJORITY	0	0.0
12956	اشتباكات شرق الابيض جاري تنفيذ معركة شيكان الجزء الثاني شريا ي هكس باشا عرد كان تقدر الابيض عصية عليكم ياجنجا هجانه ساس الجيش الفدائي هجام	war_corpus	violence_reporting	OFFENSIVE	HATE	NEUTRAL	3	NO_MAJORITY	0	1.0
12961	انا قايلو ده انت من قبييل	old_twitter	random_no_keyword	NEUTRAL	HATE	OFFENSIVE	3	NO_MAJORITY	0	1.0
13007	ألبس كمامتك أولا" ثم أفتح الفيديو تموت ضحك مع ترامب الشيخ محمد مصطفى عبد القادر متعه الله بالصحة عبر	old_twitter	hate_tribal	HATE	NEUTRAL	OFFENSIVE	3	NO_MAJORITY	0	0.811
13033	اهالي حربنوش الاحرار يخرجون بمظاهرة ضد راس العمالة بعد صلاة التراويح	war_corpus	hate_political	OFFENSIVE	HATE	NEUTRAL	3	NO_MAJORITY	0	1.0
13034	ازعجتهم تقريرات احمد رحال المصورة عن مظاهرات الاحرار لكشفها كذب الاعلام الرديف فسلطوا سفهائهم عليه وعلى راسهم الطبل لص الثلاثين الف دولار حرامي الدعم نعيد لشهود الزور مقاطع مصورة لتغطية احمد رحال للحراك الثوري	war_corpus	neutral_news	NEUTRAL	HATE	OFFENSIVE	3	NO_MAJORITY	0	1.0
13036	نحنا جيل عظيم والله حنحقق الحقوقه جدودنا علي مدي جيلين، في انتفاضتين سقطوا عبود ونميري. نحنا حنسقط حكومتين في سنه واحده قدام وراء خربان تسقط تاني #تسقط_بس #اعتصام_القياده_العامه	old_twitter	revolution_terms	OFFENSIVE	HATE	NEUTRAL	3	NO_MAJORITY	0	1.0
13064	#الوهابية لم ولن ينكروا على ولي الأمر حتى لو تعرض للثوابت الشرعية ويقدمون الطاعة له على إثارة الفتنة رأينا الإختلاط وتهميش الهيئة والحفلات واستحلال الآثار وقيادة المرأة إلخ سترونهم ينتفضوا للدفاع عن الشريعة فقط لو سقطت الحكومة اتعظوا من فرعكم بالسودان #تسقط_بس	old_twitter	revolution_terms	NEUTRAL	HATE	OFFENSIVE	3	NO_MAJORITY	0	0.0
13092	لجان المقاومة سنجة رضينا بلا قرن ننساق وحين نحرن جبل يا ساق جماهير سنجة الشرفاء،،، صارت قيمة الانسان في بلادي أرخص الأشياء، هي تمثل اليوم آخر اهتمامات الساسة حيث أن موت الإنسان لا قيمه له فهو لا يدخل إلى جيوبهم فلس واحد. #كلنا_لجان_الاحياء #تحديات_الفتره_الانتقاليه	old_twitter	violence_reporting	NEUTRAL	HATE	OFFENSIVE	3	NO_MAJORITY	0	1.0
13123	عمليه نوعيه ناجحه من ابطال الفرقه ٢٢ ببانوسه اثمرت عن تحييد عدد ١٠ من مرتزقة المليشيا وعربه قتاليه بكامل طاقمها لستم امنين طوفان كردفان فك حصار الفاشر	war_corpus	hate_political	OFFENSIVE	HATE	NEUTRAL	3	NO_MAJORITY	0	1.0
13137	نؤيد و نوقع على ما جاء في إعلان الحرية والتغيير إيمانا منا بضرورة وحدة الصف للعمل معا على إسقاط هذا النظام الفاشي، حتى نحقق كل ما يتطلع إليه شعبنا من إعادة بناء الوطن و ترسيخ مبدأ دولة المواطنة و القانون و العدالة الإجتماعية #موكب17فبراير #مدن_السودان_تنتفض	old_twitter	revolution_terms	OFFENSIVE	HATE	NEUTRAL	3	NO_MAJORITY	0	1.0
13138	مجموعة النزهة القائد الميداني العقيد خلا عبدالله جوقدي تم قتله في القوز اللهم زد المنشية استهداف تجمع للمتمردين يضم قيادات وهلاك العشرات وتدمير عدد من العربات ابراهيم محمد المصطفى	war_corpus	violence_reporting	OFFENSIVE	HATE	NEUTRAL	3	NO_MAJORITY	0	1.0
13146	أن شاء الله اكلهم رخيص	old_twitter	random_no_keyword	NEUTRAL	OFFENSIVE	HATE	3	NO_MAJORITY	0	1.0
13148	كل قيادات الكيزان وهساكرهم كانوا هم المتحكمين في الموقف	war_corpus	hate_political	OFFENSIVE	HATE	NEUTRAL	3	NO_MAJORITY	0	1.0
13157	بعض شهداء ام_صميمة لهم الرحمة والمغفرة والعتق من النار يارب رفضو الانسحاب رغم انو المرتزقة هجمو بي اكثر من 300 عربة الاغلبية ثنائيات وعدد عرباتهم لا يتجاوز ال21 ومجرد دوشكات سجلتو_تاريخ في كردفان	war_corpus	hate_political	OFFENSIVE	NEUTRAL	HATE	3	NO_MAJORITY	0	1.0
13158	في المهندسين الايام دي الامنجية شغالين شغل نضيف تحقيقات و بسالو من ناس معيين و بيحاولو يدردقو البشر عشان يقولو اي معلومة حتى في المساجد بسط الامن الفي مربع كان مهجور ليه فترة طويلة فتحوه و شغلوه و بقو لافين في الحلة مشركين للناس #تسقط_بس	old_twitter	religious_sectarian	OFFENSIVE	HATE	NEUTRAL	3	NO_MAJORITY	0	1.0
13168	ههههههههه كائنات الترضاهو-لأختك لسا ماانقرضوا	old_twitter	random_no_keyword	NEUTRAL	HATE	OFFENSIVE	3	NO_MAJORITY	0	1.0
13171	حتى لا ننسى: المجلس العسكري هو العدوّ.	old_twitter	revolution_terms	NEUTRAL	HATE	OFFENSIVE	3	NO_MAJORITY	0	1.0
13179	الحمدلله نفذت قواتنا كمينا محكما لمليشيا الدعم السريع الارهابية جنوب موقف شندي في محاور وسط بحري وبفضل الله وثم التخطيط المحكم والتنفيذ الدقيق، تمكنت قواتنا من تدمير عدد من المتحركات وتصفية عدد من مرتزقة المليشيا وقائدهم نصر_من_الله_وفتح_قريب	war_corpus	violence_reporting	OFFENSIVE	HATE	NEUTRAL	3	NO_MAJORITY	0	1.0
13209	صحبي سال خطيبتو يجيب ليها شنو معاهو من السفر قالت ليهو ما عاوزه حاجه والله غير سلامتك قال لي عارف يا على البنت لما تكون قنوعه بتخليك عاوز تجيب اي شي وبتحس الجنه شويه قصادها Ali Abass	war_corpus	violence_incitement	HATE	NEUTRAL	OFFENSIVE	3	NO_MAJORITY	0	1.0
13211	العثور على مستندات مرتزقة كولومبيين بمنطقة صالحة بعد تحريرها من مليشيا الدعم السريع للمزيد من الاخبار تابع قناة الخرطوم مقبرة الجنجويد على واتساب عبر الرابط الخرطوم_مقبرة_الجنجويد	war_corpus	profanity	OFFENSIVE	HATE	NEUTRAL	3	NO_MAJORITY	0	0.587
13216	نقيب شرطة ابوزيد عبدالله يخرج من صمته ويفضح النظام في مجازر دارفور#تسقط_بس عبر	old_twitter	revolution_terms	OFFENSIVE	HATE	NEUTRAL	3	NO_MAJORITY	0	1.0
13226	دم الشهيد بي كم ولا السؤال ممنوع... #تسقط_بس	old_twitter	violence_reporting	NEUTRAL	HATE	OFFENSIVE	3	NO_MAJORITY	0	1.0
13272	هلاك المتمرد القائد خلا بالمليشيا غرب النوير محور كردفان دنيا زايلي وزايل نعيمكي	war_corpus	hate_political	NEUTRAL	HATE	OFFENSIVE	3	NO_MAJORITY	0	0.0
13318	عايزين العلمانيه والفساد والزنا وترك الدين	war_corpus	religious_sectarian	NEUTRAL	HATE	OFFENSIVE	3	NO_MAJORITY	0	1.0
13393	هوي ي ناس الني للنار م نقعد نكذب قوه الحريه والتغير وحمدوك فشلوا عدييييل والبلد دي مصيرها مجهول وم حلوا ولا مشكله من مشاكل الاقتصاد وبي العكس كمان زادوا الطين بله وعلي العلي بطبلوا للدعم السريع هوي ي ناس بعدا فعلوا الهاشتاق #تسقط_بس و #تسقط_تالت	old_twitter	revolution_terms	NEUTRAL	HATE	OFFENSIVE	3	NO_MAJORITY	0	1.0
13405	الدعاء سلاح المؤمنين الصادقين المخلصين وهي العسكر الذي لا يغلب والجند الذي لا يهزم فاكثروا من الدعاء الدعاء الدعاء لقواتكم المسلحة في كافة الثغور والجبهات وباذن الله نصر الله قريب جيش_واحد_شعب_واحد المقاومة_الشعبية_المسلحة كلنا_جيش سند_الجيش معركة_الكرامة ملوك_القل الجيش_سلاحه_عمر	war_corpus	violence_reporting	OFFENSIVE	HATE	NEUTRAL	3	NO_MAJORITY	0	1.0
13408	الان البحصل في جنوب الجزيرة نفس الحصل في جنوب الخرطوم اذلال كبار السن والاطفال بالضرب والتهديد بالاغتصاب للنساء اذا لم يعطوهم الاموال والدهب والعربات	war_corpus	gender_hate	OFFENSIVE	HATE	NEUTRAL	3	NO_MAJORITY	0	1.0
13419	خلافات شخصية بين مرتزقة مليشيا الدعم السربع تؤدي الى حرق سوق فتابرنو بولاية شمال دارفور	war_corpus	violence_reporting	OFFENSIVE	HATE	NEUTRAL	3	NO_MAJORITY	0	1.0
13426	كما تنحى بوتفليقة... سيتنحى النشف ريقة..(البشير) وسنغنى مع الدوش.. كواريك للسما السابع.... #عصيان13مارس #موكب11مارس #تسقط_بس	old_twitter	revolution_terms	NEUTRAL	HATE	OFFENSIVE	3	NO_MAJORITY	0	0.0
13429	حنوريهم الويل لا حظر تجوال لا قفيل #اعتصام_القيادة_العامة #مدن_السودان_تنتفض #ثوار_الليل	old_twitter	revolution_terms	NEUTRAL	HATE	OFFENSIVE	3	NO_MAJORITY	0	0.0
13472	الدعامة ديل زى الفشار كل ما تديهم نار يزيدو	war_corpus	hate_political	NEUTRAL	OFFENSIVE	HATE	3	NO_MAJORITY	0	0.0
13474	بيــــــــــان حول تعيين مولانا عبدالقادر محمد أحمد رئيساً للقضاء. إلى جماهير الشعب السوداني الثائر على الظلم والفساد. إنّ اللجنة التمهيدية لأسر شهداء ثورتكم المجيدة الذين قدموا أرواحهم ودماءهُم غاليةً لأجل أنْ ننعم بوطن خالٍ من الآلام والجراحات #تحديات_الفتره_الانتقاليه	old_twitter	hate_tribal	OFFENSIVE	HATE	NEUTRAL	3	NO_MAJORITY	0	1.0
13479	#تسقط_بس️ #مدن_السودان_تنتفض الدم كله غالي ويجب ان يدفع القتله والمجرمين ثمن اراقة الدماء والفساد	old_twitter	violence_reporting	NEUTRAL	HATE	OFFENSIVE	3	NO_MAJORITY	0	1.0
13485	وخلق اوسع اجماع على اهداف هذه المقاومة، بعيدا عن اي صراعات مفتعلة حول القيادة، جسد واحد والف راس تخبط الانقلابيين ووحشيتهم وعزلتهم المتزايدة يؤكدون انهم قفزوا في هاوية، ولن يسمح لهم شعبنا ان يستديروا في الهواء قوى الشارع حددت موقفها مسبقا، لا عودة للوراء	war_corpus	dehumanizing	OFFENSIVE	HATE	NEUTRAL	3	NO_MAJORITY	0	1.0
13495	على حسب الفهمتو انو القنوات دي كلها كانت شغاله في السودان بدون تصريح كلو شغل تحت الطربيزه عشان كده وقفوها كلها!!! ماعشان هي اسلاميه ولا بتقدم شنو!	old_twitter	humanitarian	NEUTRAL	HATE	OFFENSIVE	3	NO_MAJORITY	0	1.0
13506	المهم انت جايب طربيزة فيها ناس "حرفياً ملقطهم من اطراف الارض" واحتمال كبير يكونو ما اتلاقو لفترات طويلة وملعبهم ضد ناس ساكنّها مع بعض من شبابهم او حتى لو ما اتلاقو بيجمعهم واحد احتمالية يسيّكوهم في قبولهم حتحصل كتير يلا قحت المهنيين خطتهم شنو لتصدير القرارات عبر السيادي؟	old_twitter	threats	OFFENSIVE	NEUTRAL	HATE	3	NO_MAJORITY	0	1.0
13510	يا جماعة اشتقنا لي أغنية ثورة من أيمن ماو الشعب يريد عودة أيمن ماو الى القيادة لعمل حفلة جماهيرية #تسقط_بس #اعتصام_القياده_العامه	old_twitter	revolution_terms	OFFENSIVE	HATE	NEUTRAL	3	NO_MAJORITY	0	1.0
13533	غير قابل للنفي مليشيا التمرد تطالب الوسطاء الدوليين بفتح باب للتفاوض مع الحكومة السودانية لتنفيذ مقررات اتفاق منبر جدة تاباها مملحة تاكلها قروض عبدالماجد_عبدالحميد	war_corpus	hate_political	OFFENSIVE	HATE	NEUTRAL	3	NO_MAJORITY	0	0.642
13534	من يتامل في حال نساء المسلمين في سجون الكافرين، ثم ينظر لاستماتة المجاهدين لتحريرهن من قيد الاسر، يعرف حقيقة مكانة المراة في الاسلام، وحقيقة هوانها عند غيره من الديانات والمعتقدات لن تجد امة تستنفد كل ما تملك لاجل تحرير امراة مثل امة الاسلام، وفي التاريخ والحاضر الدليل والعبرة	war_corpus	religious_sectarian	OFFENSIVE	HATE	NEUTRAL	3	NO_MAJORITY	0	0.776
13548	للأسف الكيزان زرعو مفاهيم في الناس صعب تتشال بين يوم وليله	old_twitter	hate_political	OFFENSIVE	NEUTRAL	HATE	3	NO_MAJORITY	0	1.0
13552	مافي زول فارض عليك تكون مسلم ولا مسيحي ولا شيوعي ولا ملحد القرار ملكك تماما لنفسك وبس وايا كان قرارك ما بيديك الحق انك تقلل من معتقدات زول او تهين وتشكك وتنقص منو	old_twitter	religious_sectarian	HATE	NEUTRAL	OFFENSIVE	3	NO_MAJORITY	0	0.671
13575	ناس اجتماعات يوغندا، ما تفتكرو الناس ما عارفة بتعملو في شنو	war_corpus	violence_incitement	HATE	NEUTRAL	OFFENSIVE	3	NO_MAJORITY	0	1.0
13585	اسمعوا ماذا يقول الصليبيون في الخلافة اعزها الله ؟ مؤسسة_الغلام_الدولاوي	war_corpus	religious_sectarian	NEUTRAL	HATE	OFFENSIVE	3	NO_MAJORITY	0	0.0
13594	رمضانا في الميدان يا اتفضلو انتو معانا #تسقط بس	old_twitter	revolution_terms	NEUTRAL	HATE	OFFENSIVE	3	NO_MAJORITY	0	0.0
13654	هلاك القائد الميداني للمليشيا المتمردة عبدالرحيم دنيا زايلي ونعيمكي زايل	war_corpus	hate_tribal	OFFENSIVE	HATE	NEUTRAL	3	NO_MAJORITY	0	1.0
13657	لا الحسابين الحول فيهم ديل برضو ضحية فى النصب	war_corpus	dehumanizing	NEUTRAL	OFFENSIVE	HATE	3	NO_MAJORITY	0	1.0
13672	يا ناس الزول دا مصيبه دا منو #تسقط_بس #تسقط_تاني #مدن_السودان_تنتفض	old_twitter	revolution_terms	NEUTRAL	HATE	OFFENSIVE	3	NO_MAJORITY	0	1.0
13694	الكيزان الآن يرتجفون من الخوف ، شعب عظيم و ثورة سلمية، يوم ابريل ان شاء الله سيكون يوم مسطر في تاريخ نضال الشعب السوداني الطيب البسيط. يا رب يا حي يا قيوم انصر الثورة #موكب6ابريل #تسقط_بس #مدن_السودان_تنتفض	old_twitter	revolution_terms	OFFENSIVE	HATE	NEUTRAL	3	NO_MAJORITY	0	1.0
13703	حاولوا دفننا و لم يعلموا أننا بذور... جيفارا.. #مدن_السودان_تنتفض المجد للشهداء	old_twitter	dehumanizing	OFFENSIVE	HATE	NEUTRAL	3	NO_MAJORITY	0	1.0
13711	وانتو خلو شغلتكم واقعدوا اعملوا حركات المشاطات دي دا اكد ودا نفي ودا مشي ودا جاء ودا رقد ودا سقط #مليونية6أبريل #تسقط_بس #مدن_السودان_تنتفض	old_twitter	revolution_terms	NEUTRAL	HATE	OFFENSIVE	3	NO_MAJORITY	0	0.0
13717	و لمن يقول ليك التحفظ على رأس النظام في مكان آمن.. يعني أموره طيبه و رايقه و الناس في الشارع قلبها محروق و دايرين الدم الراحة دا يروح هدر و دا انقلاب برعاية مصر و السعوديه و الإمارات #اعتصام_القياده_العامه #مدن_السودان_تنتفض	old_twitter	violence_reporting	NEUTRAL	HATE	OFFENSIVE	3	NO_MAJORITY	0	1.0
13722	6.الذهب سيضيع بين التعدين الاهلي وشركات الحكومة واغلب الشركات الاهلية يمتلكها الكيزان او يساهمو فيها والمتبقي يهرب الي خارج السودان	old_twitter	hate_political	OFFENSIVE	HATE	NEUTRAL	3	NO_MAJORITY	0	1.0
13723	ميتيييين الاحفاد المانعه البنات يخشو الجامعه	old_twitter	random_no_keyword	NEUTRAL	HATE	OFFENSIVE	3	NO_MAJORITY	0	1.0
13724	ما عرفتك في الأول هههه	old_twitter	violence_incitement	HATE	OFFENSIVE	NEUTRAL	3	NO_MAJORITY	0	1.0
13725	وهو ماض في صمود وقوة منقطعتي النظير نحو تحقيق اماله وطموحاته المشروعة نؤكد في تجمع المهنيين السودانيين على تمسكنا وشعبنا الابي واستمرارنا في تنفيذ وتفعيل العصيان المدني الشامل والاضراب السياسي العام حتى اسقاط المجلس العسكري الانقلابي ومليشياته،	war_corpus	hate_political	OFFENSIVE	HATE	NEUTRAL	3	NO_MAJORITY	0	1.0
13728	بالله عليكم الله لمن ننتفض و نغير النظام ان شاء الله اكون حاضره بس مأمون حميده ده اعدموه حرقا	old_twitter	violence_reporting	NEUTRAL	HATE	OFFENSIVE	3	NO_MAJORITY	0	1.0
13732	وائل محمد الحسن، حذيفة عادل، انس رضوان، سبت ودا، الفاتح المبارك، علاء الدين عبدالله من دخول مباني التلفزيون نهائيا، في اعقاب الوقفة الاحتجاجية التي دعا لها تجمع الاعلاميين السودانيين امام مباني التلفزيون بامدرمان، الاربعاء الماضي، حيث اعتقلوا واخضعوا الى احتجاز غير مشروع	war_corpus	hate_tribal	OFFENSIVE	HATE	NEUTRAL	3	NO_MAJORITY	0	1.0
13743	المقاومة الشعبية بل ياسحبي نرجو عدم الاشتباك المباشر والتركيز علي الكمائن والتمركز علي اسطح المباني عاوزين منكم يا فدائيين تبلوهم بفهم البدخل ما يطلع قناة الانصرافي علي التلغرام صرفة في الارجاء	war_corpus	violence_reporting	OFFENSIVE	HATE	NEUTRAL	3	NO_MAJORITY	0	1.0
13749	المراة كلها عورة الا وجهها و كفيها	old_telegram	random_no_keyword	NEUTRAL	HATE	OFFENSIVE	3	NO_MAJORITY	0	1.0
13788	قشعريرة بدن ياااااخ الله ينصركم! #موكب9يناير	old_twitter	revolution_terms	NEUTRAL	HATE	OFFENSIVE	3	NO_MAJORITY	0	1.0
13801	كلهم نفسيات من وليد كنه لحدي خالد جبلي	old_twitter	profanity	NEUTRAL	OFFENSIVE	HATE	3	NO_MAJORITY	0	1.0
13818	التصعيد في الوقت الحالي مافي مصلحتنا ابدا ، الكيزان حيقاتلو لآخر قطره دم ممكن ينزفوها، العاطفه متحكمه على كتير من الناس بس للتصعيد حيخرب اي اتفاق ممكن يتوصلوا ليه و هو الحيوصلنا لمحاكمات و تحقيقات عادله..	old_twitter	hate_political	OFFENSIVE	HATE	NEUTRAL	3	NO_MAJORITY	0	1.0
13831	كنت قايل مظاهرات الكيزان هي اسواء حاجة في يوم الليلة لحدي ما سمعت اغنية احمد امين	old_twitter	hate_political	OFFENSIVE	HATE	NEUTRAL	3	NO_MAJORITY	0	1.0
13836	ماشيك و عارفك يا حريق في يوم غمامتك بجن فرهد غيابك اغنيات ظلت اراضي اللقيا بور بلقاك يا كل الطيور مسجونة و الحرية سور	war_corpus	violence_incitement	HATE	NEUTRAL	OFFENSIVE	3	NO_MAJORITY	0	1.0
13841	اللواء ركن عبد العزيز سكر شتت قائد الفرقة العاشرة ابوجبيهة يستقبل اشارة تحرير منطقة خور الدليب، وطرد مليشيات الدعم السريع ومليشيات الحلو وهذه ثاني هزيمة للتحالف بعد طردهم من قاعدة السلك باقليم النيل الازرق الله اكبر ولله الحمد تابع	war_corpus	hate_tribal	OFFENSIVE	HATE	NEUTRAL	3	NO_MAJORITY	0	1.0
13848	ولاية العراق ديالى بتوفيق الله تعالى، اشتبك جنود الخلافة مع دورية للجيش الرافضي المرتد اثناء حملة عسكرية لهم، في منطقة جبال حمرين امس، بالاسلحة الرشاشة، ما ادى لمقتل 3 عناصر واصابة اخرين، ولله الحمد	war_corpus	religious_sectarian	OFFENSIVE	HATE	NEUTRAL	3	NO_MAJORITY	0	0.772
13862	جمهور ريال مدريد ما شين يحرقوا مبنى اتحاد الكورة تيمناً بالازرق الأمدرماني	old_twitter	hate_tribal	NEUTRAL	OFFENSIVE	HATE	3	NO_MAJORITY	0	1.0
13867	امبارح حلمت بي مستقبل شركات الطيران الفي عالم كلها و ما شفتك لكن شفت منو! ارشد سايق طياره لي شركه شكرا حمدوك	old_twitter	violence_incitement	HATE	NEUTRAL	OFFENSIVE	3	NO_MAJORITY	0	1.0
13880	الاخ يقتل اخوه لعنة الله عليكم	war_corpus	violence_reporting	NEUTRAL	HATE	OFFENSIVE	3	NO_MAJORITY	0	1.0
13909	اخر مرة تم رؤيتها في شارع عبيد ختم لكن السودان مسكين ما عندو برادو	old_twitter	hate_tribal	HATE	NEUTRAL	OFFENSIVE	3	NO_MAJORITY	0	0.673
13911	الغلط التشكيك بوجود المرض في السودان وعبدالرحمن وبقية الكيزان عندهم بوستات كتيرة بتشكك في وجود المرض في السودان	old_twitter	hate_political	OFFENSIVE	HATE	NEUTRAL	3	NO_MAJORITY	0	1.0
13928	عبد الفتاح البرهان المعركة الحالية هي معركة الشعب السوداني وماضون فيها ولن يتراجع عن دحر التمرد وتامين دولته الشعب السوداني لن يهزم ولن يستسلم وسنثار للقتلى في الفاشر والجنينة والجزيرة _انضم للمشهد السودان علي تلغرام عبر الرابط	war_corpus	hate_tribal	OFFENSIVE	HATE	NEUTRAL	3	NO_MAJORITY	0	1.0
13949	رابعاً: دعوتنا للنظام للتنحي الآن وحقن دماء السودانيين والسودانيات، وللقوات النظامية للكف عن حماية نظام فقد مشروعيته وبانت عزلته وأن تنحاز لجماهير شعبنا في قضاياهم العادلة وتتوقف عن الولوغ في دماءهم. #موكب13فبراير #مدن_السودان_تنتفض	old_twitter	revolution_terms	OFFENSIVE	HATE	NEUTRAL	3	NO_MAJORITY	0	1.0
13955	كيزان الصندوق القومي للتأمين الاجتماعي	old_telegram	hate_political	OFFENSIVE	HATE	NEUTRAL	3	NO_MAJORITY	0	1.0
13965	محاولة التعرض للحر شريف ابو عبد الهادي في مدينة سرمدا من قبل قطعان جهاز الامن العام	war_corpus	hate_tribal	OFFENSIVE	HATE	NEUTRAL	3	NO_MAJORITY	0	1.0
13966	بنواحي_السميح القائد الحاقد خلا قرنق غارة جوية اسكتته والي الابد ايهاب السر	war_corpus	violence_reporting	NEUTRAL	HATE	OFFENSIVE	3	NO_MAJORITY	0	1.0
13970	بدأ ديسمبر بفاجعة #حريق_سوق_امدرمان فهل سينتهي معلنا نهاية حقبة الكيزان؟! #المقاومه_المدنيه_خلاص_السودان	old_twitter	hate_political	OFFENSIVE	HATE	NEUTRAL	3	NO_MAJORITY	0	1.0
13976	ثريد التغطية الأعظم لموكب ابريل بعنوان "السودان الوطن الواحد"، إحياءا لذكرى انتفاضة ابريل وإطاحة شعبنا العظيم بدكتاتورية نميري: انهد كتف المقصلة والسجن ترباسه إنخلع تحت انفجار الزلزلة والشعب بي أسره اندلع حرر مساجينه و طلع قرّر ختام المهزلة #موكب6ابريل #تسقط_بس	old_twitter	revolution_terms	OFFENSIVE	HATE	NEUTRAL	3	NO_MAJORITY	0	1.0
13983	RT تحالف قوى التغيير الجذري بيان التسوية مع القتلة شراكة في جرائمهم تابعوا من شئتمو او طاوعوا من خفتمو فالزاحفون الى الفجيعة انتمو فقط افهموا الا وثيقة او وفاق ولا حقيقة او نفاق تخفي عن الاطفال عورة من دفنتم من رجال	war_corpus	violence_reporting	NEUTRAL	HATE	OFFENSIVE	3	NO_MAJORITY	0	1.0
13989	يارب زي ما مشو يرجعو يارب ماينقصو نفر ويارب بدون موت #موكب20يناير️ #تسقط_بس️	old_twitter	violence_reporting	NEUTRAL	HATE	OFFENSIVE	3	NO_MAJORITY	0	0.0
14015	بحمد الله تم القبض علي بدور ياسين بت صالحة بطاقة تعريفية الاسم بدور ياسين، اللقب بت حبه السكن بري امتداد ناصر متعاونة، وكانت تصنع الاكل في منزلها للمرتزقة اولادها دعامة، وهي ام عمر كركبة، ومؤيد خرشه سرقوا معظم بيوت البراري كويس نحنا قاعدين ستيك صاحي لستم امنين	war_corpus	hate_political	OFFENSIVE	HATE	NEUTRAL	3	NO_MAJORITY	0	1.0
14023	يلا عشان حركاتكم دي دايرين يرحلوكم..	old_twitter	random_no_keyword	NEUTRAL	HATE	OFFENSIVE	3	NO_MAJORITY	0	1.0
14024	ساقو الناس بالخلا و ندموهم	old_twitter	random_no_keyword	NEUTRAL	HATE	OFFENSIVE	3	NO_MAJORITY	0	1.0
14032	انتو ناس عنصرين وحراميه تسوق عربات الناس وتقول ليهو ادفعوا قروش	war_corpus	random_no_keyword	NEUTRAL	HATE	OFFENSIVE	3	NO_MAJORITY	0	1.0
14046	العميد الركن عمرعبدالله يقود دبابة بنفسه ويدمر ٢ مدرعة للعدو وتولي البقية هاربة اجمالي العربات اللاند التي دمرت حتى الان ١٢ عربيةوعدد ٣ مدرعةو٢صرصر الذخيره الحمدلله استلمنا عدد ٢ بوكس وعربه توسان ومقتل اكثر من ١٠ افراد من العدو الله اكبر شارك قناة انصار القوات المسلحة السودانية علي التلغرام	war_corpus	violence_incitement	OFFENSIVE	HATE	NEUTRAL	3	NO_MAJORITY	0	1.0
14047	نحن مواطنين وبنحب بلدنا الدمرتوها وشردتونا حسبنا الله ونعم الوكيل فيكم	war_corpus	violence_incitement	NEUTRAL	HATE	OFFENSIVE	3	NO_MAJORITY	0	1.0
14059	نحنا ماشين نفرض سيطرتنا علي القصر الجمهوري وانا اول المرشحين ل نفسي	old_twitter	random_no_keyword	NEUTRAL	HATE	OFFENSIVE	3	NO_MAJORITY	0	1.0
14060	وسط استقبال المواطنين وفرحتهم القوات المسلحة بالدلنج التابعة للفرقة الرابعة عشرة مشاة كادوقلي بجنوب كردفان تدمر مجموعة كبيرة من مرتزقة المليشيا المملوكة لاسرة دقلو وتستلم اسلحة ومسيرات الدلنج ٢٥ يونيو ٢٠٢٥م فيديو السودان القوات_المسلحة_السودانية المقاومة_الشعبية تحت قيادة القوات المسلحة نحن في الشدة باس يتجلى حرب_الكرامة RapidSupportIsTerroristMilitia على الفيسبوك	war_corpus	violence_incitement	OFFENSIVE	HATE	NEUTRAL	3	NO_MAJORITY	0	1.0
14064	ثريد منظم شديد دا كدة اسمه رد واحسن بمليار مرة من بس التريقة فاضل الجزء بتاع مؤتمر الحزب الخامس ويكون رد متكامل واعتقد نصار حيرد عليه	old_twitter	violence_incitement	HATE	NEUTRAL	OFFENSIVE	3	NO_MAJORITY	0	1.0
14090	قائد ميداني بمليشيا الدعم السريع يهدد رسميا حركة عبد الواحد محمد نور بعد تحالفها عسكريا مع الجيش وطرد المستوطنين الاجانب من دولتي النيجر وتشاد من نيرتتي وخور رملة لصالح السكان الاصليين هذه_الارض_لنا بل_بس	war_corpus	hate_tribal	OFFENSIVE	HATE	NEUTRAL	3	NO_MAJORITY	0	1.0
14103	شاركت مبادرة سودانيات من اجل الوطن ،، اقليم النيل الازرق مع اللجنة العليا لمساندة ودعم القوات المسلحة شاركت في قافلة العزة والكرامة التي ضمت كل مكونات واعراق النيل الازرق وقد عبرت المراة التي شاركت بكثافة عن فرحتها بانتصارات القوات المسلحة ووقوفها بجانبها حتى يحسم التمرد نهائيا	war_corpus	hate_political	OFFENSIVE	HATE	NEUTRAL	3	NO_MAJORITY	0	1.0
14149	كتائب الشهيد عبد القادر الحسيني نبارك عملية نابلس البطولية والتي جاءت في سياق ردع العدوان وتاكيدا على ان دماء شهداء لن تذهب هدرا وستبقى المقاومة في الخندق الامامي للدفاع عن شعبنا وقضيتنا	war_corpus	hate_tribal	OFFENSIVE	HATE	NEUTRAL	3	NO_MAJORITY	0	1.0
14171	ناس الانمي احرق ليكم مسلسل كيميتسسو نو ييابه ولا كيف	war_corpus	violence_incitement	HATE	NEUTRAL	OFFENSIVE	3	NO_MAJORITY	0	1.0
14173	يا جماعة رجال الوطنية بيضربوا لناس الأمن بيقولوا ليهم احنا كاتمنها مالكم ما جيتوا #تسقط_بس #اعتصام_الجامعة_الوطنية #موكب10مارس	old_twitter	revolution_terms	NEUTRAL	HATE	OFFENSIVE	3	NO_MAJORITY	0	0.0
14186	ياخ الفيدو بتاع مسجد النور دا ريحني للدين ..ذكرني فيديو في بدايت المظاهرات لما صرخ شافع واحد جوا الجامع #تسقط_بس وقال اكتلو ياخ الليله البقول تسقط بس اكتر من نفر في الجامع لما صاحبنا اتخارج بالباب الخلفي يوم غيرت حاجات كتيرة والله #موكب6ابريل	old_twitter	revolution_terms	NEUTRAL	HATE	OFFENSIVE	3	NO_MAJORITY	0	1.0
14189	ود عوض انا ما حصل ما استلمتك	old_twitter	violence_incitement	HATE	OFFENSIVE	NEUTRAL	3	NO_MAJORITY	0	1.0
14194	"يوم لم ينجو احد" لن ننسى و لن نغفر. #مجزرة_القيادة_العامة	old_twitter	violence_reporting	NEUTRAL	HATE	OFFENSIVE	3	NO_MAJORITY	0	1.0
14202	فاشر السلطان متك و فتك هنا_الفاشر	war_corpus	violence_incitement	HATE	NEUTRAL	OFFENSIVE	3	NO_MAJORITY	0	1.0
14208	اولاد الجنوبي لمن يجو قاشرين في اسبوع مهندس	old_twitter	random_no_keyword	NEUTRAL	OFFENSIVE	HATE	3	NO_MAJORITY	0	1.0
14210	اي عشق ابدي بين هذا الشعب النبيل وجيشه الجسور وشائج مهرها الفداء والتضحية المواطنون في بحري يقدمون الطعام والزاد مما يحبون لمن يحبون جنود القوات المسلحة بحري 1 اكتوبر 2024م فيديو السودان القوات_المسلحة_السودانية المقاومة_الشعبية تحت قيادة القوات المسلحة نحن في الشدة باس يتجلى حرب_الكرامة RapidSupportIsTerroristMilitia	war_corpus	dehumanizing	OFFENSIVE	HATE	NEUTRAL	3	NO_MAJORITY	0	1.0
14220	الجيش هو سببا في كل ماحدث طيله64عاما فلولاه لما جاءت الانقاذ وانفصل الجنوب وانهيار البلاد لنعيد تكوين الجيش علي اسس سليمه اساسها المواطن اولآ هو مفرده مكونه لمجتمعات الوطن لاوطن بلا مواطن لكن هناك وطن بلا عسكر بلا جندي المواطن هو ساس الوطن! #حنبنيهو #تسقط_بس #مدن_السودان_تنتفض	old_twitter	revolution_terms	OFFENSIVE	HATE	NEUTRAL	3	NO_MAJORITY	0	1.0
14239	من شغل السوخوي حق اليوم عينك علي الدعامي جمب العربية بقي مندي نصرة_الجيش_السوداني	war_corpus	violence_incitement	HATE	NEUTRAL	OFFENSIVE	3	NO_MAJORITY	0	0.936
14244	معركة اليوم قدمنا ثلة من الشهداء قدموا لنا باجسادهم الطاهرة الطريق نحو التقدم الي داخل الارتكازات المرتزقة لا تبخل بالدعاء لشهدائنا	war_corpus	violence_reporting	OFFENSIVE	HATE	NEUTRAL	3	NO_MAJORITY	0	1.0
14245	سلاح الجو السوداني يضرب مطار نيالا ويقتل عشرات المرتزقة الكولومبيين فور وصولهم بطائرة خاصة، في عملية استخباراتية دقيقة	war_corpus	violence_reporting	OFFENSIVE	HATE	NEUTRAL	3	NO_MAJORITY	0	1.0
14254	كان زمان اسي فصلتهم كلهم	old_twitter	random_no_keyword	NEUTRAL	HATE	OFFENSIVE	3	NO_MAJORITY	0	1.0
14256	متحرك الشهامة يدخل الخدمة ويسقط عدد من مسيرات الفلول بام درمان ويتعهد بملاحقة مليشيا البرهان في كل مكان Al Shahama Division enters the service successfully downs a number of the SAF s drones in Omdurman and pledges to pursue the SAF militia everywhere معركة_الديمقراطية حراس_الثورة_المجيدة	war_corpus	hate_political	OFFENSIVE	HATE	NEUTRAL	3	NO_MAJORITY	0	1.0
14259	يوم بتناقش مع واحده علمانيه ،قالت الاسلام دين عنف غير انساني ،سألتها ما الذي اوصلكي لهكذا استنتاج.. رد: حد الزنا مثلا اسكتتني بدماكتها	old_twitter	religious_sectarian	NEUTRAL	HATE	OFFENSIVE	3	NO_MAJORITY	0	1.0
14268	لا مهادنة مع القتلة تسقط بس	old_twitter	revolution_terms	NEUTRAL	HATE	OFFENSIVE	3	NO_MAJORITY	0	1.0
14278	غنائم عمارة الضرائب وبنك فيصل كوم صواريخ كورنيت ، ووجود علم دويلة الشر مافيا الامارات كوم تاني الجيش_صاحي الجيش_سلاحه_عمر جيش_واحد_شعب_واحد المقاومة_الشعبية_المسلحة كلنا_جيش سند_الجيش معركة_الكرامة ملوك_القل قناة انصار القوات المسلحة السودانية	war_corpus	violence_reporting	OFFENSIVE	HATE	NEUTRAL	3	NO_MAJORITY	0	1.0
14281	ثورة الوعي حين يشهد ثائر ضد اخيه الكوز المنافق #اعتصام_القياده_العامه #مدن_السودان_تنتفض	old_twitter	religious_sectarian	OFFENSIVE	HATE	NEUTRAL	3	NO_MAJORITY	0	1.0
14301	وان نؤكد على جاهزيتنا للحفاظ على مكتسبات الشعب في مؤسسة الكهرباء بالعمل الدؤوب والجهد والمثابرة لمنع اي محاولات تخريبية او مكائد تحاك بواسطة فلول النظام البائد والمنتفعين، ونشدد على دعمنا ووقوفنا مع الشعب مقاومة ووادا للثورة المضادة وذلك باستخدامنا لشتى طرق المقاومة السلمية	war_corpus	hate_political	OFFENSIVE	HATE	NEUTRAL	3	NO_MAJORITY	0	1.0
14306	الأمنجية بوروهم الصور دي و بقولو ليهم الأولاد الفي الشارع ديل كلهم كدا و ببررو ليهم الضرب و السجن و القتل بالصور دي و غيرها... اللواطة بتاعتكم دي أعملوها بعد الثورة تنجح و يكون في حرية حقيقية.. #تسقط_بس #مدن_السودان_تنتفض	old_twitter	violence_reporting	NEUTRAL	HATE	OFFENSIVE	3	NO_MAJORITY	0	1.0
14316	أفتكر أكبر خطأ كان اعطاء شارة القيادة لفيديتش على حساب فيرديناند ، ريو كان الأجدر و الأحق بها	old_twitter	threats	HATE	NEUTRAL	OFFENSIVE	3	NO_MAJORITY	0	1.0
14321	ديل اخطر من تجار الدين	old_twitter	random_no_keyword	NEUTRAL	HATE	OFFENSIVE	3	NO_MAJORITY	0	1.0
14326	لقيط زي اللقيط استلام واحد من المتمردين الهاربين من الهجوم الفاشل على مدني	war_corpus	hate_political	NEUTRAL	HATE	OFFENSIVE	3	NO_MAJORITY	0	1.0
14378	أتذكرون فتوى الامام مالك التي خرج بها حميدتي إلينا بعد خلع المخلوع.. هاهو اليوم ينفذها في #مجزره_القياده_العامه التي أعمل فيها الحرق والتقتيل.. أرأيتم كيف كان يفعل هذا المختل حين أباد قرى دارفور..؟!	old_twitter	violence_reporting	NEUTRAL	HATE	OFFENSIVE	3	NO_MAJORITY	0	1.0
14388	عضو مؤتمر وطني شاب، يتحصل على مقابل مادي ثابت (مرتب) نظير كتابة تقارير أمنية (الأنشطة السياسية المكفولة بالدستور) عن أبناء الحي. ما حكمك على هذا الشخص؟ #تسقط_بس	old_twitter	revolution_terms	NEUTRAL	HATE	OFFENSIVE	3	NO_MAJORITY	0	1.0
14429	اسي الواحد لو مشى الدكان يجيب رصيد ورجع سريع اضرابه بطل ولا يواصل عادي ولا عليه كفارة؟ #تسقط_بس #اضراب5مارس	old_twitter	revolution_terms	HATE	NEUTRAL	OFFENSIVE	3	NO_MAJORITY	0	0.671
14430	عاجل قوات الجيش تتقدم وتحرر قريه مزيقيله على بعد كيلومترات من الحاج عبد الله شيرو الاخبار من صفحتنا على الفيسبوك كل ما يخص التحويلات المالية للسودانيين في مكان واحد اشترك في قناة زوليفري الخرطوم_مقبرة_الجنجويد	war_corpus	neutral_news	OFFENSIVE	HATE	NEUTRAL	3	NO_MAJORITY	0	0.695
14441	بعد نجاح الاستنفار العسكري نبدا باذن الله الاستنفار الامني الشعبي اخي الفدائي عليك مراقبة اي غريب او قادم جديد الي الحي او القرية او السوق او حركة مريبة من اشخاص يقطنون بالقرب منك وافدين او سكان جدد او عابرين يقظتك هي جدار الحماية للوطن	war_corpus	dehumanizing	OFFENSIVE	HATE	NEUTRAL	3	NO_MAJORITY	0	1.0
14486	ياجماعة اليلة السناجل يعفو لي جاهم تحجر في المشاعرنحنا المتحجرين م بنقبل بالبحصل دا	old_telegram	profanity	NEUTRAL	OFFENSIVE	HATE	3	NO_MAJORITY	0	0.0
14502	سلااامتك يا قلبي و انا كرامتك	old_twitter	violence_incitement	HATE	OFFENSIVE	NEUTRAL	3	NO_MAJORITY	0	1.0
14521	ولاية الجزيرة الحضراااااء متك وفتك والبل وجغم تقيل التكينة وام مفد نسور الجوووية شغال يشفي الصدور	war_corpus	violence_incitement	HATE	NEUTRAL	OFFENSIVE	3	NO_MAJORITY	0	0.811
14551	كل التقدير لي لجان مقاومه مدني واذاعه صوت الثوره انشروا التسجيل ي جماعه بتاعهم عن موكب يوم الخميس في اي مكان يوم الخميس يوم مدني يوم الخميس موكب مدني يوم الخميس ترقبوا مدني ارح مارقه موت وحياه بقت م فارقه قدامك غناء الميدان وشمس الامل في مدني شارده #تسقط_بس #مدن_السودان_تنتفض	old_twitter	revolution_terms	OFFENSIVE	HATE	NEUTRAL	3	NO_MAJORITY	0	1.0
14564	ولله يا صحبي انت احسن شخصية في تويتر و رافع راسنا نحن الزنوج لاكين شوية تويتاتك بقت حبة ليه يااخ؟؟ تسم يالحبيب, التويتات حبة لانو الشغل والدوامات عصارة فتجبرك تركز مع شويتين	old_twitter	hate_tribal	HATE	OFFENSIVE	NEUTRAL	3	NO_MAJORITY	0	1.0
14575	حاولت المليشيا الهجوم على سلاح المهندسين بما تبقى من قواتها الاساسيه ولكنها منيت بهزيمة ساحقه وهلك عدد كبير من المهاجمين وهذا هو سبب التسجيل الصوتي للمجرم الكبير فهم كانوا يدفعون بالمستنفرين والمرتزقه وعادة لايهتموا لهلاكهم ولكن المهندسين بحمدالله حققوا نصرا كبيرا وقتلوا منهم عدد كبير قشم كبك بس بل_بس	war_corpus	hate_political	OFFENSIVE	HATE	NEUTRAL	3	NO_MAJORITY	0	1.0
14604	اتخيلت قاعة الصداقة ذات عشرات المدرجات للجلوس وشعبنا المبدع كتب مسرحية لاحداث الاعتصام ضد الكيزان حتسقط وهنصلح هنبني وهنعمر #اعتصام_القياده_العامه	old_twitter	profanity	OFFENSIVE	HATE	NEUTRAL	3	NO_MAJORITY	0	1.0
14627	اللهم آمين و يرحم مامتك برضو	old_twitter	violence_incitement	HATE	OFFENSIVE	NEUTRAL	3	NO_MAJORITY	0	1.0
14635	#عصينا لن يخاف المنتفع والمنافق على هذا الوطن مدام لا يسمع صوت الوطنيّة #المساجد_30ديسمبر_سلمية #ماتدفع #قاطعوا_كريستال	old_twitter	religious_sectarian	OFFENSIVE	HATE	NEUTRAL	3	NO_MAJORITY	0	1.0
14655	عشان ظرافتك دي أنا حأصدق الخبر و اي خبر تاني حتى لو بدون مصدر موثوق او توثيق	old_twitter	violence_incitement	HATE	NEUTRAL	OFFENSIVE	3	NO_MAJORITY	0	1.0
14663	يازهرا انا في خطر يازهرا ااااه من العصر يازهرا الموت في القصر يازهرا جنس فجخ وكسر يازهرا جيشم مابينقدر يازهرا الجنجاوي مابينستر يازهرا حفرونا حفر يازهرا خلو بالابره الحفر تابعونا على الرابط قناة التلغرام _ قناة الواتساب	war_corpus	profanity	NEUTRAL	OFFENSIVE	HATE	3	NO_MAJORITY	0	0.0
14673	من شغل السوخوي حق اليوم عينك علي الدعامي جمب العربية بقي مندي نصرة_الجيش_السوداني	war_corpus	hate_political	HATE	NEUTRAL	OFFENSIVE	3	NO_MAJORITY	0	0.936
14681	اللخو شاقي الصف برضو!! والله صحي البلد دي م بتعرف الصادق من الكذاب.. بتقول علي المعتصمين :(معارضين)!؟ تسقط انت وكل امثالك في الصحافه الصفراء #المدنية_اصبحت_واقع #تسقط_بس	old_twitter	revolution_terms	NEUTRAL	HATE	OFFENSIVE	3	NO_MAJORITY	0	1.0
14697	الفينا مشهودة عارفانا المكارم انحنا بنقودا والحاره بنخوضا #مدن_السودان_تنتفض #تسقط_بس	old_twitter	revolution_terms	NEUTRAL	HATE	OFFENSIVE	3	NO_MAJORITY	0	0.0
14705	للهِ درُكَ قد هزمت سعادتي وغلبتني حتّى هجرتَ حياتي و ذهبت في درب الفراقِ مودعاً و تركتني لبقيّتي و رفاتي	old_twitter	violence_incitement	HATE	NEUTRAL	OFFENSIVE	3	NO_MAJORITY	0	1.0
14727	كل الشعب مترقب نتيجة قرار المجلس العسكري في حين انو المجلس العسكري بيتمدد في السلطات و الفوز الداخلي و الخارجي... و محاولات فض الاعتصامات ابتداءاً من المدن و انتهاء بالخرطوم و في رحلة اعداة تفعيل النظام القديم. #اعتصام_القيادة_العامة #تسقط_بس	old_twitter	revolution_terms	OFFENSIVE	HATE	NEUTRAL	3	NO_MAJORITY	0	1.0
14731	حركة ازمة الجاز دي اشفت حركة من الكيزان علشان ما نفكُر للدولار الجُمركي وأثره على المعيشة والاسعار.. يقوم فوق ويصفق	old_twitter	hate_political	OFFENSIVE	HATE	NEUTRAL	3	NO_MAJORITY	0	1.0
14756	وهي وسائل وأدوات شرعية وقانونية تقر بها وتحميها المواثيق الدولية. سنستمر في تسيير المواكب والتظاهرات وإصدار جداول العمل الثوري السلمي المقاوم ولن تثنينا مخططات جهاز أمن النظام الغادرة وخفافيش ظلامه وفلول كتائب ظله. #الابيض_تنزف #مليونيه_القصاص_العادل	old_twitter	hate_political	OFFENSIVE	HATE	NEUTRAL	3	NO_MAJORITY	0	1.0
14789	عبيد ختم حاليا لستكين سخنات و هتافات ظريفة #تسقط_بس	old_twitter	hate_tribal	HATE	NEUTRAL	OFFENSIVE	3	NO_MAJORITY	0	0.673
14812	في الاخر ح تعرس لي شايقيه مكتنها اسود من السواد و مسمكره	old_twitter	hate_tribal	NEUTRAL	OFFENSIVE	HATE	3	NO_MAJORITY	0	0.0
14815	السنة دى نهاية التمرد #كذبة_انقاذ	old_twitter	hate_political	NEUTRAL	HATE	OFFENSIVE	3	NO_MAJORITY	0	1.0
14833	اللهم باعد بيننا وبين الفسباكه	old_twitter	random_no_keyword	NEUTRAL	OFFENSIVE	HATE	3	NO_MAJORITY	0	1.0
14837	ما تضرب البنات ياخ البنات ما بضربوهم عشان دي ما اخلاقنا كسودانيين الشهيد محجوب لن_ننسي_ولن_نغفر	war_corpus	violence_reporting	NEUTRAL	HATE	OFFENSIVE	3	NO_MAJORITY	0	1.0
14852	و ستر عليها مرة أخرى عندما اكتشف تلك الخيانة و طلقها فكان جزاءه مرضه الشديد و فشل في عضلة قلبه	old_telegram	hate_political	HATE	NEUTRAL	OFFENSIVE	3	NO_MAJORITY	0	0.911
14868	سلاح الطيران يفاجئ العدو، ودويلة الشر، وينفذ عملية متقنة فجر اليوم الخميس؛ ويدمر طائرة عقب هبوطها في مطار مدينة نيالا؛ لجلب اسلحة دمار، وذخائر قتل الشعب السوداني بحمد الله اشتعلت النيران في الطائرة، وتم تدميرها بالكامل، وهلك كل من كان بالقرب منها في المطار الله اكبر ولله الحمد	war_corpus	violence_incitement	OFFENSIVE	HATE	NEUTRAL	3	NO_MAJORITY	0	1.0
14914	الله اكبر من داخل اوكار الملاقيط استلام مدفع	war_corpus	random_no_keyword	NEUTRAL	HATE	OFFENSIVE	3	NO_MAJORITY	0	1.0
14948	لجان_المقاومة تفعيل بروتوكول قوات الشعب السلمية كل ثائر ياخد مقعده الانتباه والانتظام التام التبليغ والتواصل بين لجان المقاومة التواصل الامن التامين الشخصي والالكتروني الالتزام باهداف وخطة اللجنة الوعي اساس المرحلة كلنا متفقين ومتحدين على قلب امراة واحدة اي كوز ندوسو دوس مليونيه30يونيه	war_corpus	hate_political	OFFENSIVE	HATE	NEUTRAL	3	NO_MAJORITY	0	1.0
14949	يااا أنتُم إنتهى إلى مَزبلة التَاريخ زَمنْ التَوالي والتَجْنيب و فِقه الضَرورة والتَحلُل إنْتهى الدُوسْ يا غَبي. و #تسقط_بس هشام الكتاب} #موكب6ابريل	old_twitter	profanity	NEUTRAL	HATE	OFFENSIVE	3	NO_MAJORITY	0	0.0
14953	الهجانة كالعهد به تضيف سطرا جديد في سفر الانتصارات تضرب الخونة وتؤمن المواطنين بحول الله وقوته ننتصر قناة كرري الجيش السوداني علي تلغرام	war_corpus	hate_political	OFFENSIVE	HATE	NEUTRAL	3	NO_MAJORITY	0	1.0
14954	الله يستر كمية الانتهاكات الحصلت في الهلالية حسب شهود عيان لا توصف بسبب التعتيم الاعلامي لم يسمعها احد لكن كله سينكشف و ربنا يكضب الشينة يعني دا شنو البتعملو فيو دا يا الدعامة الله يعدمكم نفاخ النار	war_corpus	hate_political	NEUTRAL	HATE	OFFENSIVE	3	NO_MAJORITY	0	1.0
14955	بلد كانت ماشيه براحتها (الجردان) غشو القطيع وساقوه بشعار تسقط بس اللساتك مولعًا ، اها ولعتها تعال أطفئها جو الجردان التعايشي أردول تاور جردان وشيوعية الشيوعي السوداني عاوز يبني مجده من جديد بـ الشحدة	old_twitter	hate_tribal	NEUTRAL	HATE	OFFENSIVE	3	NO_MAJORITY	0	0.0
14969	لا تتراجع حتى اسقاط طغمة المجلس العسكري الانقلابي وانتزاع السلطة للقوى الثورية الحية لاستكمال مهام ثورة شعبنا المجيدة اعلام التجمع ١٢ نوفمبر ٢٠٢١م مليوينة13نوفمبر ما_بتحكمونا لاتفاوض_لاشراكة_لاشرعية	war_corpus	humanitarian	OFFENSIVE	HATE	NEUTRAL	3	NO_MAJORITY	0	0.642
14986	الجيش قواتنا دمرت 13 عربة قتالية تابعة لمليشيا الدعم السريع المتمردة بعد محاولتها الالتفاف بمصفاة الجيلي شمال الخرطوم بحري مافي ليك طريقة يا جنجا فلم الاذاعة بس دبل بس حرب بس كسح ومسح بس بل حتى النخاع	war_corpus	violence_reporting	NEUTRAL	HATE	OFFENSIVE	3	NO_MAJORITY	0	1.0
14993	المرحلة الثالثة الان في عمليات الخرطوم ستصطدم ب طيبة والجبل وجنوب الخرطوم ثلاثة مناطق استراتيجية لتطهير مدينة الخرطوم تماما ب اذن الله سيكثر صياح القحاطة ومن عاونهم كثيرا كثيرا كثيرا	war_corpus	violence_incitement	OFFENSIVE	HATE	NEUTRAL	3	NO_MAJORITY	0	1.0
15029	يعني اغتصبها ولا برضاها؟ فاذا اغتصبها اكيد مافي ظن فيرجم اما غير ذلك يعذر لعدم وعيه التام ويعاقب عقوبه تعذيريه و الله اعلم.. بس بالجد مبالغه مقارنه بمستوى المقرر والتعليم والمعلمين	old_twitter	violence_incitement	HATE	NEUTRAL	OFFENSIVE	3	NO_MAJORITY	0	1.0
15030	لا كيف يعني عاملين هاشتاق معاً لمنع قيادة البنت السودانية, يعني في الشارع الناس تحقر وتعصر منو؟!!	old_twitter	random_no_keyword	NEUTRAL	HATE	OFFENSIVE	3	NO_MAJORITY	0	0.0
15060	تقول الاسطورة انو لمن تلبس شراب ما داير زول يشوفه، العالم بيضطرك تقلع جزمتك.	old_twitter	violence_incitement	HATE	NEUTRAL	OFFENSIVE	3	NO_MAJORITY	0	1.0
15094	نداء قوات ومليشيات الاحتلال التابعة للمجلس العسكري الانقلابي ترتكب مجزرة في حق شعبنا الشامخ بحملاتها الهمجية والانتقامية في مواجهة الثائرات والثوار السلميين العزل في مليونية17يناير ٢٠٢٢م، لاتفاوض_لاشراكة_لاشرعية	war_corpus	threats	OFFENSIVE	HATE	NEUTRAL	3	NO_MAJORITY	0	0.704
15096	يرحل بشة ومعاه كردنة..تسقط بس	old_twitter	revolution_terms	NEUTRAL	HATE	OFFENSIVE	3	NO_MAJORITY	0	1.0
15123	ماقلت انو حزب الأمة بيدعمهم. قلت في كيزان ممكن يكونوا شايفين حزب الأمة بيمثلهم في معركتهم المزعومة ضد العلمانية	old_twitter	religious_sectarian	OFFENSIVE	HATE	NEUTRAL	3	NO_MAJORITY	0	1.0
15159	وشيوعي كمان اي شي احمر انا معاه	old_twitter	random_no_keyword	NEUTRAL	HATE	OFFENSIVE	3	NO_MAJORITY	0	1.0
15174	ولاية خراسان بتوفيق الله تعالى، استهدف جنود الخلافة قاضيا لميليشيا طالبان المرتدة، في الناحية 2 بمدينة جلال اباد ، بطلقات مسدس، ما ادى لمقتله، ولله الحمد	war_corpus	religious_sectarian	OFFENSIVE	HATE	NEUTRAL	3	NO_MAJORITY	0	1.0
15229	إذا أراد "القراي" أن يموت على دين شيخه الخصي فله ذلك والله	old_twitter	violence_reporting	NEUTRAL	HATE	OFFENSIVE	3	NO_MAJORITY	0	0.0
15312	نشيد السودان: طلع الفقر علينا بعدما اشتد الصراع وجب الموت علينا في منازلنا جِياع أيها المسؤول فينا لم يعد أمرك مطاع انت أغرقت السفينة أنت مزقت الشراع قد شربنا كأس ذل حين دمرت البلاد فستحلونا حفاة واستباحونا الرعاع ايها الانصار يكفي الوطن ياناس ضاع مـوتنا حـقآٌ ولكــن موت أ خداع	old_twitter	violence_incitement	NEUTRAL	HATE	OFFENSIVE	3	NO_MAJORITY	0	1.0
15331	متحرك الشهيد عرديب استلام هاون 120و 2 مدفع كورنيت بعلم دويلة الشر وتدمير 2 عربه قتالية للعدو	war_corpus	threats	OFFENSIVE	HATE	NEUTRAL	3	NO_MAJORITY	0	1.0
15342	لا تحلموا بعالم سعيد ما لم يسقط آخر كوز وآحر طالب حكم ويلا نواصل الاعتصام قدااااااااااااااااااااااااااااااااام ورا ضلام مطالبنا لسه في محلها ما دايرين أحزاب وجلاكين مكنكشين دايرين حكومة خبراء تكنوقراط #اعتصام_القياده_العامه #مدن_السودان_تنتفض	old_twitter	hate_political	OFFENSIVE	HATE	NEUTRAL	3	NO_MAJORITY	0	1.0
15345	التاجر ده الببيع ويشتري فاذا الكيزان اشترو الدين انت داير تبيعو يعني برضو تاجر تسقط بس اها تاني عندك شنو	war_corpus	hate_political	OFFENSIVE	HATE	NEUTRAL	3	NO_MAJORITY	0	1.0
15359	لي لي ﻳﺎ ﻣﺠﺎﻫﺪ ﻣﺎ ﺗﺘﻘﺪم ﻟﻠﺤﻮر و اﻟﺠﻨﺔ ﺗﻜﺴﺐ ﺗﻐﻨﻢ ﻟﻜﺘﺎﺏ اﻟﻠﻪ ﺍﻗﺮى و اﻓﻬﻢ ﻗﻮﻡ ﻟﻴﻠﻚ ﺑﺎﻛﺮ ﻛﻰ ﻻ ﺗﻨﺪم ﻻﺯﻡ ﺍذﻛﺎرك ﺑﻴﻬﺎ ﺍﺗﻜﻠﻢ ﻟﺮﺳﻮﻟﻚ ﺻﻠﻰ ﻳﻨﺰﺍﺡ الهم لي كلاشنكوفك والجيم افهم في الراس تنشينك لا لا ترحم	war_corpus	random_no_keyword	NEUTRAL	HATE	OFFENSIVE	3	NO_MAJORITY	0	0.0
15380	اي مذبحة اتمنى لو خبَّرتنا المزيد ، اكون ممتنة شاكرة #تسقط_بس	old_twitter	revolution_terms	NEUTRAL	HATE	OFFENSIVE	3	NO_MAJORITY	0	0.0
15453	ابناء الماهرية داخل مدني يعتقلون قائد مسيري ويعتدون علية بالضرب المبرح لعدم تنفيذ اوامر قائد رزيقي وشتم قائد اخر ماهري	war_corpus	hate_tribal	NEUTRAL	HATE	OFFENSIVE	3	NO_MAJORITY	0	0.0
15464	كتاحه بعنوان ، م تنظفوا بيوتكم الفتره دي	war_corpus	violence_incitement	HATE	NEUTRAL	OFFENSIVE	3	NO_MAJORITY	0	1.0
15486	المكنة الأمنية الحمت معسكر الشر ال30 سمة الفاتت مكنة كبيرة وتقيلة جدا... نفس المكنة القاعد تجيب في اجله هسي. الناس دي عاثت في السودان فسادا ودمروا الاقتصاد لمرحلة ما لاقيين قروش يدورا بيها حمياتهم حاليا. حيدفعوا من جيوبهم؟ لا، الحرامي ما بدفع من جيبه. نواصل ضغط قرربنا #تسقط_بس	old_twitter	violence_incitement	NEUTRAL	HATE	OFFENSIVE	3	NO_MAJORITY	0	1.0
15521	الله اكبر الله اكبر الله اكبر منصورين باذن الله تعالي الله ناصرنا ولا ناصر لهم جغم المرتزقة المبارك انتهت الاقامه يادعامه حيا الله الابطال عاشت القوات المسلحة السودانية	war_corpus	hate_political	OFFENSIVE	HATE	NEUTRAL	3	NO_MAJORITY	0	1.0
15534	موسيقا عظيمة جداً كناوة موسيقى العبيد مثلاً	old_twitter	hate_tribal	HATE	NEUTRAL	OFFENSIVE	3	NO_MAJORITY	0	0.673
15573	والله نفس الاحساس اول شي حساب جديد وتاني شي شغال فرنسي وتالت شي ما فضل الا يقولو بكرة الحكومة حتجيب شياطين و يضربونا بيهم	old_twitter	dehumanizing	OFFENSIVE	HATE	NEUTRAL	3	NO_MAJORITY	0	1.0
15608	قروش البترول السوداني الذي لم يخضع لمراجعة وما خفي أعظم تجار الدين شعارهم،،، لا لدنيا قد عملنا نحن للدين فداء يابرهان اضبط حرامي كبير والدة كان صاحب (كارو) في قري الشايقية والكارو هدية وليس ملك حر #لم_تسقط_بعد #تسقط_بس	old_twitter	hate_tribal	NEUTRAL	HATE	OFFENSIVE	3	NO_MAJORITY	0	0.0
15646	لحظة تاريخية ان شئنا او ابينا من هذا لحظة اتاكدت تماما هذا نهاية كيزان و سيسقطون بدون رجعة و هذا الثورة منتصر منتصر تحيه لجميع الثوار و تحيه خاسة خاسة لثوار عطبر الذين حرقو وكر الكيزان و زرعو الثقة في نفوس باقي الثوار ثورة_مستمرة_حتي_تحقيق_جميع_اهداف_الثورة	war_corpus	gender_hate	OFFENSIVE	HATE	NEUTRAL	3	NO_MAJORITY	0	1.0
15660	ناس صالحه هجيليجه اعملوا حسابكم جاييكم تاتشر غير بكاسي الأمن ربنا يعينكم #موكب14مارس #تسقط_بس	old_twitter	revolution_terms	NEUTRAL	HATE	OFFENSIVE	3	NO_MAJORITY	0	1.0
15694	#يحدث_الآن اشتباكات بين كلاب الامن ومتظاهرين خرجو للشوارع يهتفو باخذ الثار للشهداء #السودان_ينتفض #جمعة_الشهداء #أبينا	old_twitter	revolution_terms	OFFENSIVE	HATE	NEUTRAL	3	NO_MAJORITY	0	1.0
15701	بمبان نرجعو ليه طوب نرجمو بي تاتشر نقلبو بي بنطلون نقلعو ليه درقه نكسرو ليه حكومه نسقطو ليه #تسقط بس	old_twitter	profanity	NEUTRAL	HATE	OFFENSIVE	3	NO_MAJORITY	0	0.0
15714	تطقوهم و تلموههم كيمان كيمان يعدك دبلو ليهم	war_corpus	profanity	NEUTRAL	OFFENSIVE	HATE	3	NO_MAJORITY	0	1.0
15728	لا يجوز للطالب المسلم الحصول على علامات كامله فى الامتحان	old_telegram	random_no_keyword	NEUTRAL	OFFENSIVE	HATE	3	NO_MAJORITY	0	0.0
15732	قوات العمل الخاص بمنطقة امدرمان العسكرية بالقوات المسلحة السودانية تطهر محور سوق قندهار من مليشيا اسرة دقلو الارها_بية وتؤمن المتاجر والممتلكات العامة والخاصة محور جنوب و غرب امدرمان ١٥ ابريل ٢٠٢٥م فيديو السودان القوات_المسلحة_السودانية المقاومة_الشعبية تحت قيادة القوات المسلحة نحن في الشدة باس يتجلى حرب_الكرامة الذكرى_٦٩_للاستقلال RapidSupportIsTerroristMilitia على الفيسبوك	war_corpus	violence_incitement	OFFENSIVE	HATE	NEUTRAL	3	NO_MAJORITY	0	1.0
15755	ما شغلتك افتكر اخش لايف مع منو	old_twitter	violence_incitement	HATE	NEUTRAL	OFFENSIVE	3	NO_MAJORITY	0	1.0
15776	انت_فاهمني ابطال العمل الخاص المدرعات في احد المحاور نجحوا في تطهير الاحياء حتى منطقة الدباسين من مرتزقة المليشيا، وهم الان متقدمون بثبات وبسالة نحو الكلاكلات نصر_من_الله_وفتح_قريب امن_يا_جن	war_corpus	hate_political	OFFENSIVE	HATE	NEUTRAL	3	NO_MAJORITY	0	1.0
15797	بعد خشينا منطقية ملكن المرتزقه العفن ديل جو هاجمين علينا لكن بحمد الله وتوفيقه وعزم الرجال وثباتهم اخوانكم صدو الهجوم والغنايم 12عربيه وموت بالجمله تابع قناة السودان علي الواتساب whatsapp com channel 0029VbAeJWtElagyZ8UbnC0E تابع قناة السودان علي تلغرام	war_corpus	violence_reporting	OFFENSIVE	HATE	NEUTRAL	3	NO_MAJORITY	0	1.0
15806	مليشيا الدعم السريع بدات في تفجير و تدمير مصفاة الجيلي من الداخل ، باحراق خزان استقبال الخام من هجليج في وحدة التقطير الجوي ملايش مرتزقة قناة كرري علي تلغرام	war_corpus	hate_political	OFFENSIVE	HATE	NEUTRAL	3	NO_MAJORITY	0	1.0
15829	الاستنفار_لدحر_الاستعمار تسليح_المستنفرين_مطلب_شعبي لا_تفاوض_على_دماء_الشهداء الناس تنشر الهاشتاق دي في اي مكان عاوزنوا يصل الي كل العالم	war_corpus	violence_reporting	OFFENSIVE	HATE	NEUTRAL	3	NO_MAJORITY	0	1.0
15836	يكفي أنكم بليتوا السودان بحكومة الانقاذ وانتم طرف أصيل به وانتم سبب في قتل الشهداء تسقط بس	old_twitter	violence_reporting	NEUTRAL	HATE	OFFENSIVE	3	NO_MAJORITY	0	1.0
15842	قيل لإعرابي هنالك حريق بالقصر الجمهوري قال لهم والله ما همني ذلك لو رأيت الترابي طلع من قبره وحرق لستك في القصر ، موكب بكرة قائم قائم طبعا الاعرابي من المارقين الشيوعيين البعثيين فازلين جيلسرين #تسقط_بس #الشارع_بس #بكرة_الموكب	old_twitter	violence_reporting	NEUTRAL	HATE	OFFENSIVE	3	NO_MAJORITY	0	1.0
15852	مداهمة اوكار للسحرة من قبل رجال الحسبة قال تعالى واتبعوا ما تتلوا الشياطين على ملك سليمان وما كفر سليمان ولكن الشياطين كفروا يعلمون الناس السحر وما انزل على الملكين ببابل هاروت وماروت وما يعلمان من احد حتى يقولا انما نحن فتنة فلا تكفر قال رسول الله حد الساحر ضربة بالسيف	war_corpus	dehumanizing	OFFENSIVE	HATE	NEUTRAL	3	NO_MAJORITY	0	1.0
15865	شباب الترس: يا كوز يا كوز هنلاقيك #اعتصام_القيادة_العامة #لم_تسقط_بعد #مدن_السـودان_تنتفض	old_twitter	hate_political	OFFENSIVE	HATE	NEUTRAL	3	NO_MAJORITY	0	1.0
15871	عاهدتني ان لا تميل عن الهوى وحلفت لي يا غصن ان لا تنثني هب النسيم ومال غصن مثله اين الزمان واين ما عاهدتني جاد الزمان وانت ما واصلتني يا باخلا بالوصل انت قتلتني واصلتني حتى ملكت حشاشتي ورجعت من بعد الوصال هجرتني	war_corpus	violence_incitement	HATE	NEUTRAL	OFFENSIVE	3	NO_MAJORITY	0	0.82
15883	احمد ادورب الناطق العسكري لمليشيات مناوي عندما قبضو الدعامة في معركة قوز دنقو واطلقو سراحة 2020 وجهاز والجيش قتلوا كل اسرى الحركات المرتزقة ولكن اخلاق الدعم السريع اطلقت كل اسرى مليشيات مناوي وجبريل في احتفال بحضور حميدتي والهادي ادريس ومناوي 2020 في امدرمان سجن الهدي	war_corpus	hate_political	OFFENSIVE	HATE	NEUTRAL	3	NO_MAJORITY	0	1.0
15905	لتتم إعادة أفراده للعمل ضمن نفس القسم سيء السمعة والأفعال مرة أخرى رغما عن الجميع بقرار وزاري صادر من وكيل الوزارة في تصرف ينم عن إصرار الثورة المضادة على الحفاظ على أسلحتها وعتادها لتقويض خطى الثورة الماضية في طريق الحرية والعدالة والسلام. #حكومه_حمدوك #تحديات_الفتره_الانتقاليه	old_twitter	profanity	OFFENSIVE	HATE	NEUTRAL	3	NO_MAJORITY	0	1.0
15915	الاشاوس من امام القصر الجمهوري يرسلون البشريات للشعب السوداني ويتوعدون بحسم جيش الحركة الاسلامية The valiant soldiers of the RSF extend their greetings to the Sudanese people from the Republican Palace emphasizing their commitment to resolve the army of the Islamic movement معركة_الديمقراطية حراس_الثورة_المجيدة	war_corpus	threats	OFFENSIVE	HATE	NEUTRAL	3	NO_MAJORITY	0	0.876
15928	الما بيقعد في بيتو كوز الما بيغسل يدينو بالصابون اقل شيء ل٢٠ ثانية كوز الما بيخت مسافة بينو و بين الناس كوز الما بياخد الوباء ده بجدية كوز الشايف انو أشفت من انو تجيهو كورونا كوز بليد بلادة الجن استهتارك فيهو خطر ليك و للحوليك #كورونا_السودان	old_twitter	profanity	HATE	OFFENSIVE	NEUTRAL	3	NO_MAJORITY	0	0.842
15932	لا سلم الله دويلة الشر الامارات لاسلم_الله_الامارات	war_corpus	threats	NEUTRAL	HATE	OFFENSIVE	3	NO_MAJORITY	0	1.0
15940	رئيس مجلس السيادة عبد الفتاح البرهان المعركة التي يشارك فيها كل الشعب السوداني ستنتهي بهزيمة التمرد وحلفائه السياسيين لن نسامح التمرد على جرائمه التي ارتكبها بحق الشعب السوداني قناة كرري علي تلغرام	war_corpus	hate_political	OFFENSIVE	HATE	NEUTRAL	3	NO_MAJORITY	0	1.0
15946	بمشاركة نائب رئيس مجلس السيادة الانتقالي الالية الاقليمية لمراقبة الاتفاق الاطاري للامن والسلم متضامنون مع الشعب السوداني في الحرب التي شنتها المليشيا المتمردة ونرفض التدخلات الخارجية في الشان السوداني فضلا عن ضرورة وقف تسريب وتمرير السلاح والمرتزقة للسودان واستهداف المنشات والمدن السودانية بالمسيرات	war_corpus	hate_political	OFFENSIVE	HATE	NEUTRAL	3	NO_MAJORITY	0	1.0
15953	(نص معلقة شاي كده )في البالون والخل في القروره (وما تكتري الخل )تختي الفوهه بتاعت البالون في القارورة كده الكربونات بتنزل في الخل وبتنفخ البالون امسكي واربطي وفكي ..ح نكتب شنوطيب ..شعارات الثورة ..اعلان للمواكب ...اي شيء ...الموعد بكرة الساعه منقول من منبرشات #تسقط_بس	old_twitter	revolution_terms	NEUTRAL	HATE	OFFENSIVE	3	NO_MAJORITY	0	1.0
15956	الجيش جيش السودان الجيش ما جيش كيزان انهاء تعدد الجيوش وتجيير واختطاف قوات الشعب المسلحة من قبل طغمة الفاسدين والمجرمين من جنرالات نظام البشير مليونية6ديسمبر لاتفاوض_لاشراكة_لاشرعية	war_corpus	humanitarian	OFFENSIVE	HATE	NEUTRAL	3	NO_MAJORITY	0	0.528
15985	الفاسدين اصحاب المصالح والمنتفعين الوالغين في الفساد والاجرام ، فيتم حصر كل هذه البشاعة والاجرامية في مبالغ مالية وجدت بغرفة داخل قصره اننا من موقع الشعور الوطني، وبحق اهلنا من الضحايا والنازحين والمشردين والمهجرين، وتضحيات الشباب الثائر، ووفاء للشهداء ورفاقهم واسرهم؛	war_corpus	violence_incitement	HATE	NEUTRAL	OFFENSIVE	3	NO_MAJORITY	0	1.0
15997	ده شاف تقاليد الاسلام الحقيقية في ساحة الاعتصام البترغب في الدين السماحة ، مش دين الكيزان القتل والسرقة والتعزيب #اعتصام_القيادة_العامة #مدن_السودان_تنتفض	old_twitter	hate_political	NEUTRAL	HATE	OFFENSIVE	3	NO_MAJORITY	0	0.576
16038	ولاية العراق ديالى صور جانب من حرق منازل واليات للرافضة المشركين بهجوم لجنود الخلافة قرب خانقين	war_corpus	religious_sectarian	OFFENSIVE	HATE	NEUTRAL	3	NO_MAJORITY	0	0.772
16047	لو كنت مطلعكم كيزان ما كان قلت ليكم انا معاكم بس خارج نطاق التحزب	war_corpus	hate_political	OFFENSIVE	HATE	NEUTRAL	3	NO_MAJORITY	0	1.0
16061	بوت التعليقات اريد عمره رمضان قالو دعوه اربعين شخصا مستجابه حلفتكم ادعو لي Br o o يارب يارب يارب يارب ربنا يكتبها ليك وانا عاوزة عمرة رجب	war_corpus	violence_incitement	HATE	NEUTRAL	OFFENSIVE	3	NO_MAJORITY	0	1.0
16068	الاشاوس من الخرطوم افشلنا مغامرات الفلول اليائسة وسنحطم كافة معاقل الارها ب The brave RSF soldiers from Khartoum We thwart the desperate attempts of the remnants and we will dismantle all strongholds of terr orism معركة_الديمقراطية حراس_الثورة_المجيدة	war_corpus	violence_reporting	OFFENSIVE	HATE	NEUTRAL	3	NO_MAJORITY	0	1.0
16075	التمكين الذي غطس حجر البلد #تسقط_بس	old_twitter	hate_political	NEUTRAL	HATE	OFFENSIVE	3	NO_MAJORITY	0	1.0
16096	تواصلت الوقفات الاحتجاجية لموظفي شركة الخدمات المصرفية الالكترونية EBS رفضا للانقلاب العسكري و دعما للوقفة الاحتجاجية لموظفي بنك الخرطوم، الذين فقدوا زميلهم الشهيد محمد عبد الرحيم اثر رصاصة حية في احداث انقلاب 25 اكتوبر ٤ نوفمبر الردة_مستحيلة SudanCoup SudanBlackout	war_corpus	dehumanizing	OFFENSIVE	HATE	NEUTRAL	3	NO_MAJORITY	0	1.0
16127	ولاية خراسان بتوفيق الله تعالى، فجر جنود الخلافة عبوة ناسفة داخل محل لجاسوس للاستخبارات الافغانية المرتدة، في مدينة كابل امس، ما ادى لمقتله، ولله الحمد	war_corpus	religious_sectarian	OFFENSIVE	HATE	NEUTRAL	3	NO_MAJORITY	0	1.0
16133	حين يحدثك الكوز عن الإنسانية فأعلم أنه عجز عن قتلك... وحين يستجدي مشاعرك فأعلم أنه فشل في إرهابك... وحين يكلمك عن الشرعية فثق أنه فشل سياسيا. #الثوره_مستمره #مليونية18أبريل #اعتصام_القياده_العامه #مدن_السودان_تنتفض	old_twitter	hate_political	OFFENSIVE	HATE	NEUTRAL	3	NO_MAJORITY	0	1.0
16134	عنوان الله اكبر قوات المقاومة الشعبية في شرق الجزيرة تدخل بقوة الى ساحة طوفان الجزيرة، لتكتب الفصل الاخير في المعركة بخطط استراتيجية دقيقة وتكتيكات تحمي المدنيين وسط المليشيا، التقدم مستمر نحو تطهير كامل باقل تكلفة النصر قريب باذن الله ،	war_corpus	violence_incitement	OFFENSIVE	HATE	NEUTRAL	3	NO_MAJORITY	0	1.0
16139	أحلام الشعب لا يمكن أن تضيع ولن تضيع لكن الذي يريد أو يقصد شيئ يقوله بوضوح بعيدا عن تجريم الأبرياء وتحميل الضحايا وزر السفّاحين والمجرمين #الثوره_مستمره #تسقط_بس #مدن_السودان_تنتفض	old_twitter	profanity	OFFENSIVE	HATE	NEUTRAL	3	NO_MAJORITY	0	1.0
16142	افتكر اكثر وقت الناس بفكروا فيه في الانتحار لمن يكونوا معصورين في الشغل....	old_twitter	violence_incitement	HATE	NEUTRAL	OFFENSIVE	3	NO_MAJORITY	0	1.0
16143	هجمت صباح اليوم الحركه الشعبيه علي الكويك ٣٠كيلو من كادقلي تم بحمدالله دحرهم وتدمير دبابه واستلام عربه قتاليه كامله وسليمه وخلفت ورائهم ٨٠ قتيل كما تعامل نسور الجو مع الهاربين منهم نصر من الله وفتح قريب بحول الله وقوته ننتصر	war_corpus	violence_reporting	OFFENSIVE	HATE	NEUTRAL	3	NO_MAJORITY	0	1.0
16160	اكتر قوات قامت بي إبادات عرقية هي الجيش.. الفي اول تغريدة انت طالبت اوروبا يقدم ليهم الدعم في المهام ديك بعد الجيش بجي جنجويد موسى هلال ثم بعديهم بجي الدعم السريع وكتائب الدفاع الشعبي وهيئة العمليات وشرطة الإحتياط المركزي ودي كلها قوات نظامية يعني وما زالت تعمل..	old_twitter	hate_tribal	OFFENSIVE	HATE	NEUTRAL	3	NO_MAJORITY	0	0.695
16163	يا جماعه الود دا كنتو ظالمو ياخ الود متصور مع صقور يااخ	old_twitter	random_no_keyword	NEUTRAL	OFFENSIVE	HATE	3	NO_MAJORITY	0	1.0
16165	الاولى بالمحاربة هم اكلى المال العام وزبانية الفساد وظاهرة بنات الليل يمكن حلها بتوفير العيش الكريم للمواطنين	old_twitter	profanity	NEUTRAL	HATE	OFFENSIVE	3	NO_MAJORITY	0	0.0
16178	لقد تعبنا ياصديقي لكن لا أحد يستطيع الإستلقاء أثناء المعركة الف رحمه ونور على جميع شهداء بلادي #لم_تسقط_بعد #إعتصام_القيادة_العامة #تسقط_بس	old_twitter	violence_reporting	OFFENSIVE	HATE	NEUTRAL	3	NO_MAJORITY	0	1.0
16221	الجيش وقف معه الشعب ضد البشير والكيزان وبعدين مافي سوداني قلبو على بلدو يخون جيش بلدو ومافي داعي نتاجر باسم الشهداء نحنا لمن طلعنا مظاهرات من اول يوم قاعدين نقول تسقط بس وحرية سلام وعدالة وحتى الشهداء ماماتو وكانو بيقولو قوى الحرية والتغير تحكم البلد	old_twitter	humanitarian	OFFENSIVE	NEUTRAL	HATE	3	NO_MAJORITY	0	0.528
16240	دي تصرفات بعض النااس الما عاجبه الضباط الله يرضى عليكم احترموا أهل الشهداء و الضباط ديل شير للتويته دا لأي زول بشوفهاا وعوا النااس عليك الله #مدن_السودان_تنتفض #اعتصام_القيادة_العامة	old_twitter	threats	NEUTRAL	HATE	OFFENSIVE	3	NO_MAJORITY	0	1.0
16245	مطعم القوات المسلحة ادارة الفريق اول ركن عبدالفتاح البرهان جيش_واحد_شعب_واحد دحر_المليشيا معركة_الكرامة	war_corpus	hate_tribal	OFFENSIVE	HATE	NEUTRAL	3	NO_MAJORITY	0	1.0
16248	الابيض اب قبة فحل الديوم. #مليونيه30يونيو	old_twitter	profanity	NEUTRAL	HATE	OFFENSIVE	3	NO_MAJORITY	0	1.0
16270	يلا يا جيش قدام مافي حاجه بتشغلنا من تحرير النهود و بارا	war_corpus	random_no_keyword	NEUTRAL	OFFENSIVE	HATE	3	NO_MAJORITY	0	1.0
16286	رمضان كريم عليكم كلكم ، وينعاد علينا وعليكم بالصحه والعافيه وسودان حُر خالي من الكيزان أن شاء الله	old_telegram	hate_political	OFFENSIVE	HATE	NEUTRAL	3	NO_MAJORITY	0	1.0
16305	شكراً عبدالله ، ممكن نسجل في عضوية الحزب عشان نسقط الامام في المؤتمر القادم	old_twitter	profanity	OFFENSIVE	HATE	NEUTRAL	3	NO_MAJORITY	0	1.0
16315	القوات المسلحة تصد هجوما مزدوجا من مليشيا الحركة الشعبية الحلو والجنجويد على منطقة كيقا الخيل بولاية جنوب كردفان ، تم حصر 84 قت يل من مرتزقة الحلو والجنجويد هربوا وتركوا العشرات من جرحاهم وعتادهم ومركباتهم قشم فووووق	war_corpus	hate_political	OFFENSIVE	HATE	NEUTRAL	3	NO_MAJORITY	0	0.587
16330	حكومه الكوز تسقط بس حكومه العسكر تسقط بس حكومه الجوع تسقط بس #تسقط_بس	old_twitter	hate_political	NEUTRAL	HATE	OFFENSIVE	3	NO_MAJORITY	0	0.576
16335	المرتزق الرائد خلا حامد كوماي قائد القوة التي تم سحقها من قبل ابطال الهجانة في الهجوم على الابيض اليوم هجانة_ابريش	war_corpus	hate_political	OFFENSIVE	HATE	NEUTRAL	3	NO_MAJORITY	0	1.0
16365	#الأن جمب مستشفى امدرمان التعليمي يوجد أكثر 20تاتشر و الامنجية حايمين برجولهم تسقط بس	old_twitter	revolution_terms	NEUTRAL	HATE	OFFENSIVE	3	NO_MAJORITY	0	1.0
16366	ابادة كميات من الزبادى منتهى الصلاحية بعد تلاعب الشركة المنتجة فى ديباجة الصلاحية. #الفساد_في_السودان	old_twitter	violence_incitement	HATE	NEUTRAL	OFFENSIVE	3	NO_MAJORITY	0	0.811
16375	ولاية العراق كركوك بتوفيق الله تعالى، كمن جنود الخلافة لعناصر من الحشد العشائري المرتد، قرب قرية الحوايج بمنطقة العباسي اول امس، واستهدفوهم بالاسلحة الرشاشة، ما ادى لمقتل 3 منهم واصابة 2 اخرين بجروح، ولله الحمد	war_corpus	violence_reporting	OFFENSIVE	HATE	NEUTRAL	3	NO_MAJORITY	0	1.0
16379	لساتك مولعة في شارع المطار بالقرب من منزل الشهيد محجوب #موكب26مارس	old_twitter	revolution_terms	NEUTRAL	HATE	OFFENSIVE	3	NO_MAJORITY	0	1.0
16406	هؤلاء يرون سبب ازماتنا الاخلاقية والاقتصادية والسياسية فى ملابس النساء	old_twitter	random_no_keyword	NEUTRAL	HATE	OFFENSIVE	3	NO_MAJORITY	0	0.0
16413	اسي محجوب كان يكون راجع البيت وشايل لي امو هديةوعبد العظيم بي ضحكتو السمحة ديك راقد مع امو في الحوش ويتونسووهزاع يغني لي امو...وسنهوري قالد امو وراقد جمبها في السريروالفاتح يشرب شاي المغرب معاهاواحمد الخير يحكي ليها عن المدارس ودورها في الحراكتسقط بس يا حارق حشا الامهات #تسقط_بس	old_twitter	hate_tribal	OFFENSIVE	HATE	NEUTRAL	3	NO_MAJORITY	0	1.0
16432	يوسف عبدالمنان يكتب لماذ هم قطيع اجرب السودان اليوم_نيوز عاجل اليوم نيوز نافذتك على اخر الاخبار والمستجدات	war_corpus	neutral_news	OFFENSIVE	HATE	NEUTRAL	3	NO_MAJORITY	0	1.0
16470	متوقعين شنو من اخت بلادي ومتاكد ٩٠ في المئة حيزعلوا من اي كلام عن تعامل هذه الدويلة الصليبية	war_corpus	religious_sectarian	NEUTRAL	HATE	OFFENSIVE	3	NO_MAJORITY	0	1.0
16485	و دي الحالة بقبضو في الكيزان بس و البلد حالها واقف لسا الناس ما بدت شغل	old_twitter	hate_political	OFFENSIVE	HATE	NEUTRAL	3	NO_MAJORITY	0	1.0
16495	ويظنون انك منطفئ، وانت جمر ان اشتدت الريح احرقت ظنهم	war_corpus	violence_incitement	HATE	NEUTRAL	OFFENSIVE	3	NO_MAJORITY	0	1.0
16513	النائب العام يصدر اوامر قبض في مواجهة مريم الصادق وعبدالله حمدوك وياسر عرمان وخالد سلك واخرون بتهمة اثارة الحرب ضد الدولة والتعاون مع المليشيا	war_corpus	hate_tribal	OFFENSIVE	HATE	NEUTRAL	3	NO_MAJORITY	0	1.0
16514	في الساعات الاخيرة من الليل ، قامت قواتنا الجوية بسلسلة من الغارات المركزة ضد تجمعات وتمركزات ميليشيا الدعم السريع الارهابية في كبكابية والاجزاء الشمالية و الشرقية من الفاشر نتج عن ذلك تدمير عدد من مركبات الميليشيا و قتل العشرات من المرتزقة	war_corpus	hate_political	OFFENSIVE	HATE	NEUTRAL	3	NO_MAJORITY	0	1.0
16521	الثريد دا الليله حيونسني شديد	old_twitter	random_no_keyword	NEUTRAL	OFFENSIVE	HATE	3	NO_MAJORITY	0	1.0
16533	قوات العمل الخاص في منطقة الكدرو العسكرية تستمر في حصار مرتزقة العدو وتنفذ عمليات نوعية وتدمر مركبات قتالية وتستلم مركبة وتقت_ل العشرات في الكدرو وشارع الجيلي	war_corpus	hate_political	OFFENSIVE	HATE	NEUTRAL	3	NO_MAJORITY	0	1.0
16552	والله رجالة يستقبلوهم مع علي كيف زول٠ وبعدين هم م بينزحوا لانو السودان دا حق الكل سواء مسيرية رزيقات حوازمة جعلية شوايقة ٠ الخ الخ	war_corpus	hate_tribal	NEUTRAL	HATE	OFFENSIVE	3	NO_MAJORITY	0	0.0
16570	السوخوي بدات ضرب من غير هوادة دعواتكم	war_corpus	violence_incitement	HATE	NEUTRAL	OFFENSIVE	3	NO_MAJORITY	0	1.0
16572	يحدث الان الشرارة الاولى لندن من امام رئاسة الوزراء سبت_الغضب_للفاشر الامارات_تبيد_شعب_السودان تابع قناة المراسل السوداني علي الواتساب whatsapp com channel 0029VbAeJWtElagyZ8UbnC0E تابعنا في التلغرام	war_corpus	neutral_news	OFFENSIVE	HATE	NEUTRAL	3	NO_MAJORITY	0	1.0
16579	كفارة تقول تسقط بس خمسين مرة	old_twitter	religious_sectarian	HATE	NEUTRAL	OFFENSIVE	3	NO_MAJORITY	0	0.639
16585	جماهير الشعب السوداني ترفض وتقاوم الانقلاب العسكري اغلاق الشوارع الرئيسية والفرعية بالمتاريس واعلان العصيان_المدني_الشامل والدعوة الى مليونية30اكتوبر شمبات، الخرطوم بحري 27 اكتوبر 2021 العصيان_المدني_الشامل انتهاكات_ومجازر_الانقلابيين	war_corpus	violence_reporting	OFFENSIVE	HATE	NEUTRAL	3	NO_MAJORITY	0	1.0
16608	بتكلم مع بت قلت ليها مفكر اسوي كورسات هندسية وبتاع, قالت لي موفق.. زعلت جنس زعل افتكرتها قاصدة موفق الوهمي ههههههههههه	old_twitter	violence_incitement	HATE	NEUTRAL	OFFENSIVE	3	NO_MAJORITY	0	1.0
16613	حرمت علي الكيزان اربعين عاما ناس تموت في شارع مدني سنه ولا مره وزير قدم استقاله ناس تموت في مستشفيات ولا مره وزير قدم استقاله ناس تموت بالمتفجرات لا سؤال ولاحساب ناس دفنوا ضحي في مقابر شمبات ولا سؤال دفنوا احياء ولا اموات مافي اعتلاف مع تجار الدين تسقط بس	old_twitter	hate_political	NEUTRAL	HATE	OFFENSIVE	3	NO_MAJORITY	0	0.576
16624	و ثبت لي بالدليل القاطع انه لا وجود للصوص في مناطق الدعم السريع و انما هم الدعامة نفسهم	war_corpus	hate_political	NEUTRAL	HATE	OFFENSIVE	3	NO_MAJORITY	0	0.0
16633	الى نسور الجو ٢٣ شاحنه محمله بالذخائر والاسلحه الثقيله تحركت من العاصمه التشاديه اليوم والان فى معبر ادرى ويريدون استعمالها لدخول الفاشر ويجب التعامل معها فورا شير خلوها تصل لى نسور الجو	war_corpus	profanity	OFFENSIVE	HATE	NEUTRAL	3	NO_MAJORITY	0	1.0
16639	كلمة خالد عمر يوسف عن ابوي هل ما بحق لي افتخر بفتخر والله انا ابن المناضل عبد القيوم وافتخر و بشدة سنة واكثر من حياتو قضاها من اجل الوطن #تسقط_بس	old_twitter	revolution_terms	OFFENSIVE	HATE	NEUTRAL	3	NO_MAJORITY	0	1.0
16685	الحزب الشيوعي بالسودان ندين ونستنكر المجازر البشعة التي ارتكبتها ميليشيا الدعم السريع والحملة الانتقامية الشرسة ضد سكان مناطق شرق الجزيرة مما اسفر عن مقتل عدد من المواطنين بجانب ممارسة التعذيب والاغتصابات والتهجير قسري والاختطاف مقابل فدية	war_corpus	threats	OFFENSIVE	HATE	NEUTRAL	3	NO_MAJORITY	0	0.88
16693	خللوا العيش لخبازو و ارحلوا #تسقط_بس	old_twitter	revolution_terms	NEUTRAL	HATE	OFFENSIVE	3	NO_MAJORITY	0	1.0
16702	الطيران الحربي رصد غاندي ابراهيم قصف عصر ومساء اليوم تجمعات المليشيا في عاصمة الجزيرة مدني وعدد كبير من مناطق محلية جنوب الجزيرة الحوش والحاج عبدالله كما قصف تجمعات المليشيا في محيط مصنع سكر سنار اللهم سدد الرمي ونصر من الله وفتح قريب	war_corpus	hate_tribal	OFFENSIVE	HATE	NEUTRAL	3	NO_MAJORITY	0	1.0
16718	العصيان ما عندو عددية معينة عشان نقول ناجح، وما بيتكسر حتى لو في ناس نزلوا الشغل، حنضغط المجلس العسكري بالقدر الكافي وحناثر عليه، ما معنى الكلام دا تكسر الحنك لكن لو شفت زول متكشط ماشي الشغل ما تقول فشل، حيمشي ويلقى الشغل كله مردوم عليه وبكرة حيقد سلك العصيان_المدني_الشامل	war_corpus	threats	HATE	NEUTRAL	OFFENSIVE	3	NO_MAJORITY	0	1.0
16734	انتصر شعبنا اليوم في معركة ميدان القندول وفي سنار وفي حلفا الجديدة وود مدني، ولا زال للقصة بقية.. سيلتقي شعبنا بأعداء الحرية والكرامة في ميدان تظاهرات اليوم المسائية إحياءً لرأس السنة الميلادية، سنغني في الشوارع غناء الحرية والوطن #موكب_31ديسمبر #مدن_السودان_تنتفض	old_twitter	revolution_terms	OFFENSIVE	HATE	NEUTRAL	3	NO_MAJORITY	0	1.0
16770	على اجنحة الفجر ترفرف فوق أعلامك ومن بينات اكمامك تطلع شمس أعراسك يا شعباً لهبك ثوريتك إنت تلقى مرادك والفى نيتك وعمق احساسك بى حريتك يبقى ملامح فى ذريتك #موكب6ابريل #تسقط_بس #مليونية6ابريل	old_twitter	revolution_terms	OFFENSIVE	HATE	NEUTRAL	3	NO_MAJORITY	0	1.0
16773	تسقط تسقط تسقط بس كدا بالواضح ما بالدس	old_twitter	revolution_terms	NEUTRAL	HATE	OFFENSIVE	3	NO_MAJORITY	0	1.0
16778	تدمير مخزن للزخيرة اعلان_التعبئة_العامة كلنا_جيش مدني_لازم_ترجع والمعانا يصبر هذه_الارض_لنا نصر_الله_قواتنا_المسلحة بل_بس	war_corpus	violence_reporting	OFFENSIVE	HATE	NEUTRAL	3	NO_MAJORITY	0	1.0
16782	ملخص بيان البرهان الدعم السريع برئ من قتل المتظاهرين الثورة لم تعد سلمية بدافع عن القاتل عيني عينك تسقط بس يامنافق	old_twitter	religious_sectarian	NEUTRAL	HATE	OFFENSIVE	3	NO_MAJORITY	0	0.736
16810	كنس الجرذان المخانيث اكسح_امسح كيكلاب زخيرة تراب تحرير_ولاية_الجزيرة تحرير_غرب_البطانة بل_بس تابعونا على الرابط قناة التلغرام _ قناة الواتساب	war_corpus	dehumanizing	OFFENSIVE	HATE	NEUTRAL	3	NO_MAJORITY	0	1.0
16846	قتلوا مواطن سوداني مشكلة للحكومة برضو الله يرضى عليكم طلعوا الناس دي من المعادلة ولو مؤقتاً لو عايزين تجنو ثمار وبلدكم تمشي قدام وإي زول بقول عنصري ده انسان مابتهمو مصلحة السودان #اعتصام_القياده_العامه #مدن_السودان_تنتفض	old_twitter	revolution_terms	NEUTRAL	HATE	OFFENSIVE	3	NO_MAJORITY	0	1.0
16851	الاستباح الدماء في شهر رمضان ياهو زاتو البستبيح الدماء في اي وقت! عن اي دين وعن اي انسانية تتحدثون	old_twitter	humanitarian	NEUTRAL	HATE	OFFENSIVE	3	NO_MAJORITY	0	0.0
16865	رسائل لكل جنود وضباط الجاهزية بخصوص ظهورهم في لايفات ابواق مليشيات جيش الكيزان	war_corpus	hate_political	OFFENSIVE	HATE	NEUTRAL	3	NO_MAJORITY	0	1.0
16875	مولانا نعمات رئيس القضاء #تسقط_بس جات وجعة في خاصرة ثورة مهرها دم شباب اطهار تطهير القضاء والنيابات مطلب ثوري	old_twitter	violence_incitement	NEUTRAL	HATE	OFFENSIVE	3	NO_MAJORITY	0	0.0
16879	الليله تسقط بس قلناها للامنجيةجوة زنازينهم	old_twitter	revolution_terms	NEUTRAL	HATE	OFFENSIVE	3	NO_MAJORITY	0	1.0
16880	س رايا القدس مجموعات قباطية مجاهدونا يستهدفون تمركز لقوات الاحتلال على محيط دوار الشهداء بصليات كثيفة من الرصاص والعبوات المتفجرة	war_corpus	violence_reporting	OFFENSIVE	HATE	NEUTRAL	3	NO_MAJORITY	0	1.0
16915	بعد تنفيذ عمليات نوعية وتطهير اوكار المليشيا في العيلفون من المرتزقة، يخوض ابطال العيلفون الان معارك ضارية بشرق النيل لتطهير المناطق لربط العيلفون بحطاب خلال الفترة القادمة وقريبا، سيتم ايضا ربط الكدرو بالحلفايا والجيلي باذن الله ، بالاضافة لسلاح الاشارة	war_corpus	violence_reporting	OFFENSIVE	HATE	NEUTRAL	3	NO_MAJORITY	0	1.0
16925	لا لا لا دا بل بختلف من الصباح الشغل في ١٣ محور الطيران المدفعية ما ينوم سحق حشرات الجري السريع نصر من الله وفتح قريب	war_corpus	dehumanizing	OFFENSIVE	HATE	NEUTRAL	3	NO_MAJORITY	0	1.0
16949	لا يمكن الجلوس مع القتله و الفصيل السياسي	war_corpus	violence_reporting	NEUTRAL	HATE	OFFENSIVE	3	NO_MAJORITY	0	1.0
16957	فقال رسول الله الله أكبر ، خربت خيبر ، إنا إذا نزلنا بساحة قوم فساء صباح المنذرين	old_telegram	random_no_keyword	NEUTRAL	OFFENSIVE	HATE	3	NO_MAJORITY	0	0.0
16966	القحاطه في شهر 1 2024 طلعو بتصريح صحفي بتحديد الناطقين لتقزم 3 العميل علاء الدين نقد الليله نكروهو حطب	war_corpus	hate_political	OFFENSIVE	HATE	NEUTRAL	3	NO_MAJORITY	0	1.0
16979	ماقصص بطولات تقال في الشهداء او المصابين لكن "عمر الطيب" كان الإنسان الوحيد البيحسسني بالخجل عديل من البيعمل فيه ايام الثوره "توزيع منشورات" كتابه على الحيط يمشي يعمل مظاهرات في المناطق الناسها خاملين (عادي يمشي مواكب في مناطق مختلفه" ولو ماف موضوع يقول ليك ارح نحرق لينا لستكين	old_twitter	violence_reporting	HATE	NEUTRAL	OFFENSIVE	3	NO_MAJORITY	0	1.0
16999	هذا المستوي القمعي الذي يمارس علي الثوار في الخرطوم ماهو الا رساله واضحه ان الجموع قد لمست الجرح العقيق اخر مقل للكيزان واخر وسيله للاستيلاء علي السلطه #ثوره #تسقط_بس #هيكله_القوات_المسلحه	old_twitter	hate_political	OFFENSIVE	HATE	NEUTRAL	3	NO_MAJORITY	0	1.0
17002	الفرملة جلت قلبك قوي ما تشوف لمتابعة كافة اخبار السودان والتغطيات اولا باول من مصادر موثوقة وبتحديثات فورية تابع قناة الاخبار على الواتساب من الرابط الخرطوم_نيوز الخرطوم_مقبرة_الجنجويد السودان	war_corpus	neutral_news	HATE	OFFENSIVE	NEUTRAL	3	NO_MAJORITY	0	1.0
17003	الدم قصاد الدم م بنقبل الديه	old_telegram	profanity	NEUTRAL	HATE	OFFENSIVE	3	NO_MAJORITY	0	1.0
17007	هدف ثورتنا واضح وهو التغيير الجذري بتفكيك بنية الشمولية والتمكين، وبناء دولة القانون والمؤسسات والتي ينعم فيها كل السودانيون بدون فرز بالحرية والسلم الوطيد والعدالة الإجتماعية... إعلام التجمع يناير #نناضل_لا_نساوم	old_twitter	hate_political	OFFENSIVE	HATE	NEUTRAL	3	NO_MAJORITY	0	1.0
17008	نفس عمر البشير لمن قال تسقط بس	old_twitter	revolution_terms	NEUTRAL	HATE	OFFENSIVE	3	NO_MAJORITY	0	1.0
17010	#تسقط_بس #مدن_السودان_تنتفض مندسين مين الفاعل معروف لجميع منىحصر المذبحه بس سؤال هو ليه بيضرب في اتجاه معين مش عشوائي	old_twitter	violence_reporting	OFFENSIVE	HATE	NEUTRAL	3	NO_MAJORITY	0	1.0
17035	ثم ماذا بعد علي عبداللطيف متمرد علي النظام رفع الدعم وفشل الموسم الزراعي وعيساوي #تسقط_بس لم يتبقي لنا الكثير ربما يومًا تنقص أو تزيد قليلا ويحكم الكيزان قبضتهم الأمنية علينا مرة اخري...	old_twitter	profanity	OFFENSIVE	HATE	NEUTRAL	3	NO_MAJORITY	0	1.0
17036	القوات المسلحة والحركات المسلحة بالمحور الشرقي الفاو تتقدم بعد معارك عنيفة استمرت لساعات والجيش يدمر الدفاعات الامامية والمتقدمة للمرتزقة بالكامل مما دفعهم للهروب والانسحاب لداخل الشبارقة	war_corpus	violence_incitement	OFFENSIVE	HATE	NEUTRAL	3	NO_MAJORITY	0	1.0
17041	انا اصلا حجيبو ليكوم فلبيني عشان تفهمو حاجة! لا شايقي لا جعلي لا غيرو. اها!	old_twitter	hate_tribal	NEUTRAL	HATE	OFFENSIVE	3	NO_MAJORITY	0	0.0
17048	القوات المسلحة والقوات المساندة تتقدم على محور الخوي وتكبد مليشيا اسرة دقلو الارها_بية خسائر فادحة في الارواح والعتاد وتطهر المنازل والاعيان المدنية من رجس المليشيا محلية الخوي ١١ مايو ٢٠٢٥م فيديو السودان القوات_المسلحة_السودانية المقاومة_الشعبية تحت قيادة القوات المسلحة نحن في الشدة باس يتجلى حرب_الكرامة الذكرى_٦٩_للاستقلال RapidSupportIsTerroristMilitia على الفيسبوك على تويتر	war_corpus	violence_incitement	OFFENSIVE	HATE	NEUTRAL	3	NO_MAJORITY	0	1.0
17051	ذلك بما قدمت ايديكم وان الله ليس بظلام للعبيد 51 الانفال	war_corpus	hate_tribal	HATE	NEUTRAL	OFFENSIVE	3	NO_MAJORITY	0	0.673
17063	اﻷغنيه الفلانيه عجبتك وسمعتيها ونزلتيها في الاستوري وعجبت صاحبتك وشالتها منك وصاحبتك شالتها منها صاحبتها وهكذا ذنوب جارية في صحيفتك الي يوم القيامة ان لم تحذفيها وترجعي لله	war_corpus	violence_incitement	HATE	NEUTRAL	OFFENSIVE	3	NO_MAJORITY	0	1.0
17082	والله لا عشان عربي لا بتاع	old_twitter	random_no_keyword	NEUTRAL	HATE	OFFENSIVE	3	NO_MAJORITY	0	1.0
17093	مامظلومين في البلد دي الا العساكر المساكين ديل!!!!	old_twitter	profanity	NEUTRAL	HATE	OFFENSIVE	3	NO_MAJORITY	0	1.0
17125	أولاد قلبها حتى لو لاجئين بنقلبها..	old_twitter	violence_reporting	NEUTRAL	HATE	OFFENSIVE	3	NO_MAJORITY	0	1.0
17155	مقتل المواطن راشد عبدالله على يد الشرطة السودانية في خلاف على قطعة أرض مع مواطن آخر #تسقط_بس	old_twitter	hate_tribal	OFFENSIVE	HATE	NEUTRAL	3	NO_MAJORITY	0	1.0
17163	بعض شذاذ الآفاق و المأجورين يحاولون إثارة الشغب لمحاولة التشويه على حفل تنصيب الرئيس و قوات الأمن تحسمهم. #ترامب_رئيسي ولا عزاء للخونة..	old_twitter	hate_political	OFFENSIVE	NEUTRAL	HATE	3	NO_MAJORITY	0	1.0
17172	المحاضره ح تطير تم نومتك ساي	old_twitter	violence_incitement	HATE	NEUTRAL	OFFENSIVE	3	NO_MAJORITY	0	1.0
17212	مازالت المعركة لم تبدا بعد، ستتحول الجبهة الشمالية للجزيرة شرق الجزيرة الى ثقب اسود، وطاحونة تلتهم المرت،زقة تباعا ما يحدث الان هو عملية احماء ليس الا، ستتهاوى لها قدراتنا العسكرية ونكشف عن وجهنا القبيح في الحروب بعد قليل داجو مدني	war_corpus	violence_reporting	NEUTRAL	HATE	OFFENSIVE	3	NO_MAJORITY	0	1.0
17213	الكبري آمن وفاتح للثوار تعالوا استلموا وردية الصباح كل الارتاحوا يجو يستلو (الليلة ما بنسكت الا البشير يسقط)	old_twitter	revolution_terms	NEUTRAL	HATE	OFFENSIVE	3	NO_MAJORITY	0	0.0
17215	اعتقلت قوات الحركة الشعبية المعارضة في جنوب السودان التي يقودها د رياك مشار العقل المدبر لتجنيد النوير في صفوف الدعم السريع جبريل تاب وتم اعتقال تاب بمنطقة ربكونا مع عدد من الجنود الذين يتبعون له وينتسبون للمليشيا وتم ترحيله منفردا لموقع تابع لقوات مشار	war_corpus	gender_hate	OFFENSIVE	HATE	NEUTRAL	3	NO_MAJORITY	0	1.0
17284	مدفعية مرتزقة النوير بعيدة المدى بجنوب الخرطوم وتموضع غريب جدا تحت سقف خرصاني تم الاستلام وهذه المرة بمعية اللواء الخفي شخصيا الحمد لله تحكم وسيطرة الخرطوم فووووق الله غالب تابعونا على الرابط قناة التلغرام _ قناة الواتساب	war_corpus	hate_political	OFFENSIVE	HATE	NEUTRAL	3	NO_MAJORITY	0	1.0
17292	الطيران الفلول بجنوب الخرطوم الجويه والبل بالكمية تابع قناة القوات القوات السودانية	war_corpus	profanity	OFFENSIVE	HATE	NEUTRAL	3	NO_MAJORITY	0	1.0
17295	تم جغم اخو الجوفاني في عملية نوعية تم فيها مداهمة اوكار قيادات المتمردين فيها قتل قيادات ميدانية واسر البعض منهم	war_corpus	hate_political	OFFENSIVE	HATE	NEUTRAL	3	NO_MAJORITY	0	1.0
17297	مرصد مشاد مقتل اكثر 18 مدنيا واصابة العشرات بجروح خطيرة بجانب نهب وتدمير واسع لممتلكات المواطنين جراء انتهاكات الدعم السريع بقرية ام شاوة التابعة لمحلية شيكان جنوب مدينة الابيض _انضم للمشهد السودان علي تلغرام عبر الرابط	war_corpus	neutral_news	OFFENSIVE	HATE	NEUTRAL	3	NO_MAJORITY	0	1.0
17304	لا بالله اكتشفت الذره تبيه للغافل وانت محتااج قافل (بنيه) في وشك دا التحيه للشباب القادوا المظاهرات ؛ نعم التحيه ليهم بس الموت ليك (قطع راس) #تسقط_بس #مدن_السودان_تنتفض	old_twitter	violence_reporting	NEUTRAL	HATE	OFFENSIVE	3	NO_MAJORITY	0	1.0
17319	المعركة مستمرة ومشروع تطهير العاصمة من التمرد مستمر باتفاق او بدونه، سدد الله رمي الابطال المقاومة_الشعبية	war_corpus	hate_political	OFFENSIVE	HATE	NEUTRAL	3	NO_MAJORITY	0	1.0
17337	عندي لستة ما تفتكر حنسى حنسى كنكشة هاها	old_twitter	violence_incitement	HATE	NEUTRAL	OFFENSIVE	3	NO_MAJORITY	0	1.0
17356	المجتمع بيستمد قوته دي من القوانين الختوها الكيزان القوانين تتشال المجتمع بيتشل عن التدخل في خصوصيات الناس بسيتة	old_twitter	hate_political	OFFENSIVE	HATE	NEUTRAL	3	NO_MAJORITY	0	1.0
17363	نرفض اي محاولة للتمويل الخارجي للجان المقاومة او لاي مكون من مكونات الثورة الاخرى ونؤمن ان مسار التغيير في السودان يجب ان يستكمل بالارادة السودانية الخالصة كلنا_لجان_الاحياء تحديات_الفتره_الانتقاليه	war_corpus	threats	OFFENSIVE	HATE	NEUTRAL	3	NO_MAJORITY	0	1.0
17401	مطارة مليشيات الدعم السريع الفارين اليرموك	war_corpus	dehumanizing	HATE	NEUTRAL	OFFENSIVE	3	NO_MAJORITY	0	0.614
17413	غطايه الزير دى شايلا داير تحارب بيها‍	old_telegram	random_no_keyword	NEUTRAL	OFFENSIVE	HATE	3	NO_MAJORITY	0	1.0
17436	تتذكروا اخر ايام البشير ماخلى زقاق مازاره ولا ناس قاعدين فى جبنة مشى هرتل قدامهم ورقص،خلو حميدتى يسوى اليسوى فيه والتجمع شغال وحينزل جدواله وتعود مياه الثورة الى حلوق الثوار ممزوجة بالخل والبمبان.	old_twitter	humanitarian	NEUTRAL	HATE	OFFENSIVE	3	NO_MAJORITY	0	1.0
17443	طوالي سافهننا كده يا صفاء #تسقط_بس #موكب6ابريل	old_twitter	revolution_terms	NEUTRAL	HATE	OFFENSIVE	3	NO_MAJORITY	0	1.0
17448	اقبلونا كما نحن او اتركونا كما نحن ؛فلا انتم تملكون حق تعديلنا ولا نحن نملك رغبة التبرير قلتووووو_وبتحمل_مسؤوليتوووو srooo	war_corpus	profanity	NEUTRAL	HATE	OFFENSIVE	3	NO_MAJORITY	0	0.0
17451	مقتل المرتزق جدو، نجل عمدة قبيلة اولاد راشد بتشاد، خلال هجوم للمليشيا على الفاشر قراءة التفاصيل	war_corpus	hate_political	OFFENSIVE	HATE	NEUTRAL	3	NO_MAJORITY	0	1.0
17479	قوات الدعم السريع تمنع الدراجات البخارية بام روابة وتواجه المواطنين بنشاط المجرمين وفلول المؤتمر الوطني وتتعهد بتامين مناطق شمال كردفان معركة_الديمقراطية حراس_الثورة_المجيدة	war_corpus	hate_political	OFFENSIVE	HATE	NEUTRAL	3	NO_MAJORITY	0	1.0
17486	الله اكبر ولله الحمد قواتنا الباسلة تواصل تقدمها الحاسم، متوغلة في اخر محاور وسط شرق النيل، سيطرت على احياء الشليخة والنمر بحلة كوكو، وتتقدم الان لسحق ما تبقى من مرتزقة دقلو المعركة تقترب من نهايتها، والنصر باذن الله حتمي دعواتكم للابطال معركة_الكرام	war_corpus	hate_political	OFFENSIVE	HATE	NEUTRAL	3	NO_MAJORITY	0	1.0
17527	لذا أقول دوما كلنا عنصريين لا إستثني أحد	old_twitter	random_no_keyword	NEUTRAL	HATE	OFFENSIVE	3	NO_MAJORITY	0	1.0
17577	قامت ادارة الفيس بوك بحذف صفحة المتمرد الجنجويدي عبد المنعم الربيع	war_corpus	hate_tribal	HATE	OFFENSIVE	NEUTRAL	3	NO_MAJORITY	0	0.944
17579	الحادثة معروفة وموثقة وعدم معرفتك بها لايعنس انكارها ، ابحث ونقب في كتب التاريخ	old_twitter	violence_incitement	HATE	NEUTRAL	OFFENSIVE	3	NO_MAJORITY	0	1.0
17598	ربنا ينتقم منكم و يضوقكم اضعاف مضاعفة يا حثالة المجتمع #تسقط_بس	old_twitter	revolution_terms	NEUTRAL	HATE	OFFENSIVE	3	NO_MAJORITY	0	0.0
17600	ميتين مدير المستشفى الحيفوتني الموكب زاتو ، شكلو كده كوز #موكب14مارس #تسقط_بس	old_twitter	hate_political	NEUTRAL	HATE	OFFENSIVE	3	NO_MAJORITY	0	0.576
17619	تحقق اهداف ثورة شعبنا في بناء وطن خير ديمقراطي، ونهزم من خلالها القوي المضادة للثورة من اللجنة الامنية للنظام الانقلابي وشركائه المدنيين، ونغلق الباب امام كل مشاريع الانقلابات العسكرية والتبعية للخارج	war_corpus	profanity	OFFENSIVE	HATE	NEUTRAL	3	NO_MAJORITY	0	1.0
17655	خلاص ارجل ونضف بلدك وخلي الجرسه البتعمل فيها دي	war_corpus	profanity	NEUTRAL	OFFENSIVE	HATE	3	NO_MAJORITY	0	1.0
17688	الشيطان من نار فكيف يوم القيامة راح ينحرق من النار لو لقيت زول مشى هناك و جا راجع أسأله	old_twitter	violence_incitement	HATE	NEUTRAL	OFFENSIVE	3	NO_MAJORITY	0	0.82
17725	بطلوا حركات و حرب المصالح و الخساسات دي و ركزوا و أدعموا و نظموا الحراك الشعبي الحاصل ده لأنو حالياً الغضب موجه ناحية حكومة المؤتمر الوطني، موضوع إسقاط النظام ده طويل و موضوع (الحساب ولد)البعدو حيكون أطول كمان و ما معروف يشمل منو	old_twitter	dehumanizing	OFFENSIVE	HATE	NEUTRAL	3	NO_MAJORITY	0	1.0
17734	انت ما فهمتني لسه ما حتضرهم عشان عادات وتقاليد الزول المقتنع انها عادات وتقاليد حيضر اولاده عشان الشرف في العادات والتقاليد اهم من الضرر	old_twitter	random_no_keyword	NEUTRAL	HATE	OFFENSIVE	3	NO_MAJORITY	0	1.0
17748	ماتم الترويج عنه في شندي بواسطة ابواق مليشيا دقلوا اخوان وجناحها السياسي لا اساس له من الصحة ،،قواتكم المسلحة صاحية تؤدي واجباتها كما ينبغي،،مسيرة صغيرة تشبه البلومة ونزلوها بي نبلة طير وبس يعني	war_corpus	dehumanizing	NEUTRAL	HATE	OFFENSIVE	3	NO_MAJORITY	0	0.0
17792	قام جهاز الامن الوطنى باعتقال الاستاذة رنا عبد الغفار المحامية اثناء تأدية عملها وبسبب دفاعها بالقانون عن حقوق احد معتقلى الرأى لدى الجهاز بالرغم عن انف القانون والدستور الذى يكفل للمتهم حتى لو كان قاتل حق الدفاع امام ساحات العدالة! #الحرية_لرنا_عبدالغفار	old_twitter	dehumanizing	OFFENSIVE	HATE	NEUTRAL	3	NO_MAJORITY	0	1.0
17816	شهدت مدينة الشواك بولاية القضارف، فجر اليوم السبت، هجوما بطائرات مسيرة انتحارية استهدف المحطة التحويلية للكهرباء، مما ادى الى انقطاع كامل للتيار الكهربائي في الولاية ارهاب مرتزقة ال دقلو استهداف المواطن في الاساس	war_corpus	hate_political	OFFENSIVE	HATE	NEUTRAL	3	NO_MAJORITY	0	1.0
17821	في واحد قبل كدة قال "والله دة شعب دين عكس كيف" وكان ذلك من اصدق ما قرأت	old_twitter	profanity	OFFENSIVE	HATE	NEUTRAL	3	NO_MAJORITY	0	1.0
17827	استمرارية العصيان مع توعية المواطن البعيد عن السياسية أمر مهم لسقوط الكيزان #عصينا	old_twitter	hate_political	OFFENSIVE	HATE	NEUTRAL	3	NO_MAJORITY	0	1.0
17842	حصاد الجنجويد ٤ مسيرات القوات المسلحة تحصد مركبات واليات ومرتزقة مليشيا ال دقلو الارها_بية لطردهم من داخل المنازل والاعيان المدنية مع الحفاظ على الممتلكات العامة والخاصة وحماية المدنيين ١٥ مارس ٢٠٢٤م السودان القوات_المسلحة_السودانية المقاومة_الشعبية تحت قيادة القوات المسلحة نحن في الشدة باس يتجلى معركة_الكرامة مليشيا_حميدتي_منظمة_ارها_بية جيش_واحد_شعب_واحد sudan SudanNews Conflict_in_Sudan sudan_war	war_corpus	hate_tribal	OFFENSIVE	HATE	NEUTRAL	3	NO_MAJORITY	0	0.587
17843	جغم فزع جنوب الجزيرة لنجدة قواتهم المحاصرة بجبل موية وهلاك القوة التي يقودها المقدم خلا حاتم عبدالرحمن انقرى ابن عم المتمرد ابو شوتال نصرمن الله وفتح قريب قشم فوق	war_corpus	hate_tribal	OFFENSIVE	HATE	NEUTRAL	3	NO_MAJORITY	0	1.0
17873	وهل بتقارن البشير وعصابته بأهل الكرم	old_twitter	revolution_terms	NEUTRAL	HATE	OFFENSIVE	3	NO_MAJORITY	0	1.0
17900	سقطت والله رص العساكر رص بكره تسقط بس #موكب6ابريل	old_twitter	revolution_terms	NEUTRAL	HATE	OFFENSIVE	3	NO_MAJORITY	0	0.0
17904	بكره الموكب موكب العمال الساعه 1ظ تسقط بس	old_twitter	revolution_terms	NEUTRAL	HATE	OFFENSIVE	3	NO_MAJORITY	0	1.0
17911	الله اكبر ولله الحمد نسور الجو تدمر عربة zs تحمل براميل عند مخرج الخزان مما سبب هلع ورعب وسط المغادريين من المليشيا انا لكم بالمرصاد	war_corpus	violence_incitement	OFFENSIVE	HATE	NEUTRAL	3	NO_MAJORITY	0	1.0
17913	مصفحة عبدالرحيم دلقو في قبضة المشتركة ، غنائم معركة 19 1 2025م	war_corpus	violence_reporting	OFFENSIVE	HATE	NEUTRAL	3	NO_MAJORITY	0	1.0
17927	الزول ده لو ما لقيتو لابس سفنجة كل فردة من بلد وعراقيهو مكرمش زي الاكرديون ومقدود في ضهرو وسنونو صفر مابقول سقطت تب الا يسقط تاني	old_twitter	profanity	NEUTRAL	OFFENSIVE	HATE	3	NO_MAJORITY	0	1.0
17967	في إرهاب أكثر من ال بيعملوا فيه ناس المؤتمر اللاوطني ده؟؟؟ #تسقط_بس	old_twitter	revolution_terms	NEUTRAL	HATE	OFFENSIVE	3	NO_MAJORITY	0	0.0
17972	تسقط بس صاح يا شيوعي؟ لكن لمن نلقاك اوعك تعمل فيها راجل عشان ح نوريك الرجاله الجد جد يا شيوعي تسقط بس اي و الرجاله ما في كيوريس كات ي معلم تعال لي عدييل و بنشوف الرجاله	old_twitter	revolution_terms	NEUTRAL	HATE	OFFENSIVE	3	NO_MAJORITY	0	1.0
17975	قالت الخارجية السودانية، ان ترويج الناطق باسم الحكومة الكينية لتقسيم السودان باشارته لما يسمى بالحكومة الموازية التابعة لمليشيا الدعم السريع بوصفها حكومة السلام ، يمثل تهديدا جديا للامن والاستقرار الاقليميين ولوحدة اراضي الدول الافريقية _انضم للمشهد السودان علي تلغرام عبر الرابط	war_corpus	threats	OFFENSIVE	HATE	NEUTRAL	3	NO_MAJORITY	0	0.876
17984	مليشيا حميدتي تواصل تدميرها للبنية التحتية بمستودعات مصفاة الجيلي ، كانوا بصدد تعبئة وقود ل تانكر مسروق وعربات قتالية مما ادى الى انفجار التنكر واشتعال النار في عرباتهم	war_corpus	violence_reporting	OFFENSIVE	HATE	NEUTRAL	3	NO_MAJORITY	0	1.0
17998	قبل قليل نفوق الارهابي الامريكي الذي طعن طفل فلسطيني حتى الموت في ولاية الينوي الامريكية عام 2023 بدافع كراهية المسلمين مات باحد سجون ولاية الينوي الامريكية بعد شهرين من دخوله السجن الذي يفترض ان يقضي فيه عقوبة الحبس لمدة 53 عام	war_corpus	violence_reporting	OFFENSIVE	HATE	NEUTRAL	3	NO_MAJORITY	0	1.0
18025	#اعتصام_القيادة_العامة #مدن_السودان_تنتفض لو استطاع اي انسان ان يخبرني بعملية واحدة فقط قام بها جهاز الامن لحماية وخدمة الوطن فانا مع تركه ومتبرع بكل ما املك لدعمه. هذا الجهاز بكل من فيه هو فقط لقتل وقمع المعارضين ونشر الشائعات وتسميم الاجواء #يحل_بس وتحاكم قياداته كلها	old_twitter	violence_reporting	NEUTRAL	HATE	OFFENSIVE	3	NO_MAJORITY	0	1.0
18033	"و اللّوالي في إبتسامتك يحكوا أسرار المحار"	old_twitter	violence_incitement	HATE	NEUTRAL	OFFENSIVE	3	NO_MAJORITY	0	1.0
18037	الرحمه والمغفره لشهداء بلادي التحيه لكم ثوار بلادي الشرفاء لا نستسلم لهذا الحكم الدكتاتور الي ان تكون بلادنا بلاد #الحريه_السلام_عداله .كل شخص يعامل تعامل انه ابن البلد وليس تعاملهم العنصري و الطائفي و القبلي و الهمجي #مدن_السودان_تنتفض #تسقط_بس	old_twitter	humanitarian	OFFENSIVE	HATE	NEUTRAL	3	NO_MAJORITY	0	1.0
18059	لمن الناس طلعت قبل سنه قالت تسقط بس ، وأي كوز ندوس دوس فماتجي تقولي حل المؤتمر الوطني ده عشان يشغلو الناس من مشاكل تانيه #حل_المؤتمر_الوطني	old_twitter	hate_political	OFFENSIVE	HATE	NEUTRAL	3	NO_MAJORITY	0	1.0
18086	ابوقردة المحايدون اكثر جبنا من الذين يدعمون التمرد تابعنا علي تلغرام	war_corpus	hate_political	OFFENSIVE	HATE	NEUTRAL	3	NO_MAJORITY	0	1.0
18089	المدرجات تغلي كالرشيد بدوي عبيد -مِرجل..	old_twitter	hate_tribal	HATE	NEUTRAL	OFFENSIVE	3	NO_MAJORITY	0	0.673
18093	انا ما حرقتني الا جملة استلمنا السودان لو كان بلدك كان بتقول استلمنا البلد من قلت السودان كدا معناها انت عارف انك اجنبي محتل	war_corpus	violence_reporting	NEUTRAL	HATE	OFFENSIVE	3	NO_MAJORITY	0	1.0
18107	هؤلاء او اغلبهم ليسوا سفهاء لكنهم تجرعوا كاسات المر من سوء ادارتكم للبلاد لثلاث عقود خلت، معليش استحملهم او اختفي من هذا المنبر ونقول لك وكل الطاقم تسقط بس #تسقط_بس️ #مليونية6ابريل	old_twitter	revolution_terms	NEUTRAL	HATE	OFFENSIVE	3	NO_MAJORITY	0	0.0
18174	المسيرية عارفين م بيقدرو لينا عشان كدي م تبحبت	war_corpus	hate_tribal	NEUTRAL	HATE	OFFENSIVE	3	NO_MAJORITY	0	0.0
18176	الواحد ما يظلمهم ياخ إحتمال إفتكروا الحبيب بن توريه مصاب	old_twitter	violence_incitement	HATE	NEUTRAL	OFFENSIVE	3	NO_MAJORITY	0	1.0
18196	من سوء ادارة وفساد وتمكين لاذيال النظام السابق بالجامعات كما جرى الحال في جامعة بحري التي كان مديرها بابكر محمد محجوب ورئيس مجلسها طه علي البشير نموذجين للفساد والاستبداد وامتدادا لادارة النظام البائد، اليوم تاتي قرارات الجنرال الانقلابي متممة لاختطاف القرار وضربا في	war_corpus	hate_political	NEUTRAL	HATE	OFFENSIVE	3	NO_MAJORITY	0	1.0
18198	كلامك صح للاسف الحال الحاصل يحزن واغلب الشعب فاكرين انو السودان ماشي صح وعلى طريق إصلاح وانو مسكوهو لي ناس خايفين على البلد وناوين الإصلاح لكن للاسف غلطانين شديد مابفرقو حاجه من الكيزان وعلى أسواء والشعب يردد مقولته المشهوره سير سير يا البشير عفوا أقصد شكرا حمدوك	old_twitter	hate_political	OFFENSIVE	HATE	NEUTRAL	3	NO_MAJORITY	0	0.532
18313	انا من قبيل بمشي فيك ساي	war_corpus	random_no_keyword	NEUTRAL	HATE	OFFENSIVE	3	NO_MAJORITY	0	1.0
18324	طيب وين محاكمة من قتلوا وسحلوا وانتهكوا حرمات المنازل #تسقط_بس	old_twitter	revolution_terms	NEUTRAL	HATE	OFFENSIVE	3	NO_MAJORITY	0	1.0
18334	رسالة الي المتخاذلين والمرجفين والمنافقين نقول لكم هذا الجيش لن ينكسر بحول الله وقوته وباذنه الله اكبر معنويات فوق شارك قناة انصار القوات المسلحة السودانية علي التلغرام	war_corpus	religious_sectarian	OFFENSIVE	HATE	NEUTRAL	3	NO_MAJORITY	0	1.0
18353	ما عارف والله.. مجمدين عمل النقابات كلها ونظام دايرين يجو يعملو هجمة مرتدة يقلعوها من الكيزان.. لكن متين وكيف	old_twitter	religious_sectarian	OFFENSIVE	HATE	NEUTRAL	3	NO_MAJORITY	0	1.0
18366	احنا متنمريين وقليلين ادب وصعاليق ما زيكم المثاليين جداً	old_twitter	random_no_keyword	NEUTRAL	HATE	OFFENSIVE	3	NO_MAJORITY	0	0.0
18377	جا الوقت النتلم فيو النختار فيو ونعيش احرار نهتف احرار نقاتل احرار نقاتل لحقوقنا نقاتل لحياتنا لمستقبلنا نقاتل لامتنا لانسانيتنا جا الوقت النمنع العنف ونمنع العبوديه ونمنع الفساد والدكتاتوريه نحنا الحنختار وخيارنا تسقط بس نهتف نقاتل نموت عشان حريه سلام وعدالة فجر الخلاص قرب	old_twitter	humanitarian	OFFENSIVE	HATE	NEUTRAL	3	NO_MAJORITY	0	0.642
18395	مني اركو مناوي لقد استمعت الى اعلان حكومة ما تسمى التاسيس لم اجد فيه شيئا جديدا يستدعي التعليق ، سوى ان مليشيا الدعم السريع تقوم بتوزيع الجرائم والانتهاكات التي ارتكبها بالتساوي مع حلفائه	war_corpus	violence_reporting	NEUTRAL	HATE	OFFENSIVE	3	NO_MAJORITY	0	1.0
18419	الان الحاح يوسف تخرج بمظاهرات الجاح فان سم الكيزان #مدن_السودان_تنتفض #تسقط_بس	old_twitter	revolution_terms	OFFENSIVE	HATE	NEUTRAL	3	NO_MAJORITY	0	1.0
18446	صباح العصيان!! في ناس معتمدة تماما على دخل اليوم في حياتا ف اكيد العصيان بأثر عليهم جدا!. عشان كدة بنقول دة شغل للجان الاحياء. لما تقنع الفئة دي باهمية العصيان لازم تخت في بالك انك قادر تقيف معاهم تماما.. وديل ناس شمباات ؛احيييكم وحتسقط بإذن الله #عصيان13مارس #تسقط_بس	old_twitter	revolution_terms	NEUTRAL	HATE	OFFENSIVE	3	NO_MAJORITY	0	1.0
18449	تعرضت احياء بابنوسة لقصف عشوائي من قبل مليشيا الدعم السريع الارهابية، ما اسفر عن مقتل والدة احد افراد نفس المليشيا من المسيرية وتضم المليشيا في صفوفها عددا من مرتزقة من القبيلة نفسها، وتعد سكان بابنوسة غالبيتهم من المسيرية	war_corpus	violence_reporting	OFFENSIVE	HATE	NEUTRAL	3	NO_MAJORITY	0	1.0
18455	لقاء لجنة المعلمين بمدير مدرسة اسامة بن زيد ولجان مقاومة جنوب الحزام لحل مشاكل خروج التلاميذ بتحريض لقاء لجنة المعلمين بمدير مدرسة اسامة بن زيد ولجان مقاومة جنوب الحزام لحل مشاكل خروج التلاميذ بتحريض ممنهج من فلول النظام البائد وتامينا للمعلمين والتلاميذ تحقيق_اهداف_ثورتنا تحديات_الفتره_الانتقاليه	war_corpus	hate_political	OFFENSIVE	HATE	NEUTRAL	3	NO_MAJORITY	0	1.0
18470	الإعتقالات والتعذيب كانت موجهة للحركة الطلابية والفنانين بهدف كسرهم وتشريدهم	old_twitter	violence_reporting	NEUTRAL	HATE	OFFENSIVE	3	NO_MAJORITY	0	1.0
18500	اعلنت الرئاسة السودانية انه لن يحضر #البشير أجبن من أن يحضر أصلا و #تسقط_بس	old_twitter	revolution_terms	NEUTRAL	HATE	OFFENSIVE	3	NO_MAJORITY	0	1.0
18511	اتحركت ضربتني المنشيز قمت طلعت كيس بتاع وبديت اكل بعد شوية ركزت انه الحلاوة شكلها زي تمثال مريم وحامل وعيسى ظاهر! لما قلت عاين الكفار ديل بلعبوا بامخاخ للشفع كيف! طبعا واصلت اكل	old_twitter	religious_sectarian	HATE	OFFENSIVE	NEUTRAL	3	NO_MAJORITY	0	0.545
18514	اشاوس الجنينة بقيادة اللواء عبد الرحمن جمعة يرفعون تمام الجاهزية لتحرير بورتسودان من داخل الفرقة 15 مشاة بولاية غرب دارفور معركة_الديمقراطية حراس_الثورة_المجيدة دارفور_تتعافى	war_corpus	violence_reporting	OFFENSIVE	HATE	NEUTRAL	3	NO_MAJORITY	0	1.0
18516	و باشد العبارات هذا التعدي ندين كافة انواع العنف والقتل المستمر للمدنيين العزل ونطالب باطلاق سراح كافة المعتقلين ونحمل الانقلابيين مسؤولية كل جرم واعتداء على مكتسبات الثورة والثوار مصطفين تجاه الحق نناضل لبناء سوداننا الجديد باسقاطكم من سدة الحكم لمصلحة اشهار دولتنا المدنية	war_corpus	hate_political	OFFENSIVE	HATE	NEUTRAL	3	NO_MAJORITY	0	1.0
18519	رصد عبدالرحيم دقلو هو من يقود الهجمات علي الفرقة ١٦ مشاة نيالا استخدام لاسلحة نوعية حديثة وطيران مسير لم يكن من ضمن تسليح الدعم السريع قبل تمرده اعداد كبيرة جدا من مرتزقة دول الجوار وجوار الجوار تشارك في الهجوم استبسال بطولي للفرقة ١٦في صد الهجوم السودان دارفور	war_corpus	hate_tribal	OFFENSIVE	HATE	NEUTRAL	3	NO_MAJORITY	0	1.0
18544	ترتيبات العودة و افشال خطة العملاء ضد الجيش و الشعب السوداني الانصرافي اليوم السودان اليوم	war_corpus	hate_political	OFFENSIVE	HATE	NEUTRAL	3	NO_MAJORITY	0	1.0
18548	شكرا حمدوك قلناها للكيزان القالوا ;حمدوك مالو؟ ، حمدوك سكران ، الجابو منو؟ جابو العلمان; وقالوا حمدوك;	old_telegram	hate_political	OFFENSIVE	HATE	NEUTRAL	3	NO_MAJORITY	0	1.0
18573	الحمدلله تم تنفيذ غارات جوية مدمرة من قبل طائراتنا الحربية على امدادات الاسلحة والمرتزقة لمليشيا الدعم السريع الارهابية في جنوب غرب امدرمان وتم ايضا استهداف تجمعات المليشيا في جنوب الجزيرة ولا تزال العمليات الجوية مستمرة دعواتكم	war_corpus	violence_reporting	OFFENSIVE	HATE	NEUTRAL	3	NO_MAJORITY	0	1.0
18575	عبد الحي يوسف :يحرصون علي مد الفترة الانتقالية لتفكيك الجيش والقوات الامنية لتكمين القوات المتمردة والحكم بالعلمانية وتبديل القوانين.	old_twitter	hate_tribal	OFFENSIVE	HATE	NEUTRAL	3	NO_MAJORITY	0	1.0
18604	اللهم اكفنا شر الضيوف العندهم شفع و المرتهم شنافة و الأبوهم لعلاع و أولادهم شينين.	old_twitter	random_no_keyword	NEUTRAL	OFFENSIVE	HATE	3	NO_MAJORITY	0	0.0
18606	يلا برنامج تجمع المهنيين السودانيين ما كان فيهو تفاوض خالص مع الحكومة إلا تسقط_بس و ماكان في جهة بتطلع برنامج غيرو أسي ممكن يدخلو الاعتصام و يخلقو الجسم الموازي ده بي حجة الرأي و الرأي الآخر و يقسمو جزء من ناسنا يخدمو بيهم خط الكيزان من غير ما يحسو زاتو	old_twitter	hate_political	NEUTRAL	HATE	OFFENSIVE	3	NO_MAJORITY	0	0.576
18632	ولاية خراسان بتوفيق الله تعالى، هاجم جنود الخلافة عنصرين من ميليشيا طالبان المرتدة في الناحية 2 من مدينة جلال اباد ، بالاسلحة الرشاشة، ما ادى لمقتلهما، ثم عادوا الى مواقعهم سالمين، ولله الحمد والمنة	war_corpus	religious_sectarian	OFFENSIVE	HATE	NEUTRAL	3	NO_MAJORITY	0	1.0
18670	حركة المقاومة الشعبية ندين ونستنكر العدوان والتصعيد الصهيوني عبر غارة صهيونية استهدفت مباني سكنية في حارة حريك بالضاحية الجنوبية لبيروت	war_corpus	profanity	OFFENSIVE	HATE	NEUTRAL	3	NO_MAJORITY	0	1.0
18676	مؤسسة الفرقان محرم 1436 ولو كره الكافرون جودة 480 جماعة التوحيد والجهاد 2003 تنظيم قاعدة الجهاد في بلاد الرافدين 2004 مجلس شورى المجاهدين 2006 حلف المطيبين 2006 دولة العراق الاسلامية 2006 الدولة الاسلامية في العراق والشام 2013 الدولة الاسلامية 2014	war_corpus	humanitarian	OFFENSIVE	HATE	NEUTRAL	3	NO_MAJORITY	0	0.755
18687	ولاية خراسان بتوفيق الله تعالى، استهدف جنود الخلافة عنصرا من ميليشيا طالبان المرتدة في الناحية 5 من مدينة كابل اول امس، بسلاح مسدس، ما ادى لمقتله، ولله الحمد والمنة	war_corpus	religious_sectarian	OFFENSIVE	HATE	NEUTRAL	3	NO_MAJORITY	0	1.0
18697	ونؤكد ان الذي بيننا وبين حكومتنا ميثاق وعهد كتب بدماء الشهداء الذين ضحوا بارواحهم من اجل ان ينعم هذا الشعب بالحرية والسلام والعدالة؛ فلن نسمح باي تراخي او اي افلات من العقاب لمرتكبي فض الاعتصامات ولن نقبل اي تسويف	war_corpus	humanitarian	OFFENSIVE	HATE	NEUTRAL	3	NO_MAJORITY	0	0.895
18711	بلا حميدتي بلا زفت الطين دايرننا نتورط تاني يسقط حميدتي و حكم العسكر #تسقط_بس	old_twitter	revolution_terms	NEUTRAL	HATE	OFFENSIVE	3	NO_MAJORITY	0	1.0
18712	حاسة انو فيروس كورونا هو الحينضف لينا السودان من الكيزان الكبارات ديل بلا م نوسخ يدينا فيهم	old_telegram	hate_political	OFFENSIVE	HATE	NEUTRAL	3	NO_MAJORITY	0	1.0
18733	النفرين او التلاتة البركبو في الكريز للتمويه علشان الناس تركب ديل اسوأ من حكومة الانقاذ..	old_twitter	random_no_keyword	NEUTRAL	HATE	OFFENSIVE	3	NO_MAJORITY	0	0.0
18745	ضع كرامتك فوق راسك، وقلبك تحت قدميك، ليبقي من يبقي وليرحل من يرحل، لا تلتفت للوراء، ان كان حضورهم شيء فكرامتك كل شيء	war_corpus	violence_incitement	HATE	NEUTRAL	OFFENSIVE	3	NO_MAJORITY	0	1.0
18746	اذا ما اخر العلاج الكي مراويدك حُمُر صمي مراويدك حُمُر.. #تسقط_بس	old_twitter	revolution_terms	NEUTRAL	HATE	OFFENSIVE	3	NO_MAJORITY	0	0.0
18752	ديل الرجال يا قحاته يا سجم عندما لبي ندا الوطن وجدهم رجال صدقو انهم ابنا الحركه الاسلاميه تاريخ عريض ومجد تليد هم الوطنين الان في الميدان اين ناسكم يا خونه	war_corpus	humanitarian	NEUTRAL	HATE	OFFENSIVE	3	NO_MAJORITY	0	0.723
18763	عاش فقيراً ومات فقيراً درعه مرهونة عند يهودي	old_telegram	random_no_keyword	NEUTRAL	OFFENSIVE	HATE	3	NO_MAJORITY	0	1.0
18766	لن يترك الله تعالى كل هذا يمضي دون عقاب فويل للقاتل وويل لمن اعانه وويل لمن رضي بفعله وويل للشامت وويل للساكت	war_corpus	threats	OFFENSIVE	HATE	NEUTRAL	3	NO_MAJORITY	0	1.0
18782	يا جماعة في ناس غيروا اسمهم من دعم الجيش ومعركة الكرامة الى دعم ولاية معينة خليهم يكلموكم انتو قاعدين متابعين معركة الكرامة البتشمل السودان كلو، ولا متابعين ولاية واحدة؟ اردموهم في قنواتهم وصفحاتهم الوهم ديل	war_corpus	violence_reporting	NEUTRAL	HATE	OFFENSIVE	3	NO_MAJORITY	0	1.0
18813	الا انهم وبعد ان هموا بالخروج من الموقع ابت انفسهم المريضة الا ان تستخدم العنف والقمع دون مبرر يذكر، حيث قاموا باطلاق قنابل الغاز المسيل للدموع بكثرة في الشوارع وداخل المنازل دون مراعاة للاطفال والنساء وكبار السن اليوم_العالمي_للمفقودين2019 تحديات_الفتره_الانتقاليه	war_corpus	profanity	OFFENSIVE	HATE	NEUTRAL	3	NO_MAJORITY	0	1.0
18826	خبر تواصل مع شيخنا الشيخ عبد الرزاق المهدي عدد من الاخوة وبعضهم من جنود الهيئة واخبروا الشيخ عبد الرزاق المهدي بضرورة خروجه من المنزل فورا لان قوة امنية من الهيئة ستقوم باعتقاله والظاهر ان الشيخ استجاب فخرج حسبنا الله ونعم الوكيل	war_corpus	hate_tribal	OFFENSIVE	HATE	NEUTRAL	3	NO_MAJORITY	0	1.0
18831	ماركوني سلاح الاشارة لي اي فارة سدد الله رميهم وجعل النصر حليفهم	war_corpus	dehumanizing	OFFENSIVE	NEUTRAL	HATE	3	NO_MAJORITY	0	1.0
18837	مظاهرة حاشدة بقيادة الشيوخ و انصار السنة و الكيزان بعد انباء عن زيادة كيلو الباسطة و وصوله جنيه	old_twitter	hate_political	OFFENSIVE	HATE	NEUTRAL	3	NO_MAJORITY	0	1.0
18852	والله يا مؤمن كلام منطقي جدا والبقولوا يبقي كوز ..نفس العقليه بس زمان كان البتكلم شيوعي كل ما لينا ماشين لي أسوأ ولسه الناس بتقول شكرا حمدوك ولو اتكلمت حيقولوا يعني نرجع لي الأسلاميين تاني نفس العقلية بس زمان كان البديل منو	old_twitter	hate_political	NEUTRAL	HATE	OFFENSIVE	3	NO_MAJORITY	0	0.576
18894	مروان الشيخ انتهاكات مليشيات الامارات ضد المواطنين الابرياء في اختطاف مدير المستشفى التركي بمدينة نيالا الدكتور الرشيد محمد احمد عبدالله عبدالله في يوم الاحد الساعه السادسة مساءا ولم نتمكن من الحصول عليه حتى الان ربنا يجمع بيهو و يطمنا عليهو يا قادرا يا كريم	war_corpus	hate_tribal	OFFENSIVE	HATE	NEUTRAL	3	NO_MAJORITY	0	0.642
18900	ابدااااع الصراحة سودان بدون كيزان #اعتصام_القيادة_العامة #تسقط_بس #تجمع_المهنين_السودانين	old_twitter	hate_political	OFFENSIVE	HATE	NEUTRAL	3	NO_MAJORITY	0	1.0
18925	الاخ الطاهر ، القضية قضية أمة فلندعي للخالق بالفرج ،وتطهير السودان من الأيدي الغير مسالمة ،فالسودان بلدا يستحق اكثر من مجرد #تسقط_بس فلتسقط أجلا ام عاجلا الان او بعد قرن ،فلتسقط حتي في القلوب #تسقط_بس	old_twitter	violence_incitement	NEUTRAL	HATE	OFFENSIVE	3	NO_MAJORITY	0	1.0
18933	اخوكم من السودان واحب اطمنكم دي بداية نهاية الظالم #تسقط_بس_ياسيسي واذا ضربت فاوجع فان العاقبة واحدة #كفاية_بقي_ياسيسي يارب_مصر	old_twitter	revolution_terms	NEUTRAL	HATE	OFFENSIVE	3	NO_MAJORITY	0	0.0
18953	مصير كل من يتمرد علي الدولة	war_corpus	threats	NEUTRAL	HATE	OFFENSIVE	3	NO_MAJORITY	0	1.0
18960	ما شالله اللهم زد وبارك بنات زايد يشترو ونحن نقلع ونركب ونركب الدعامي والقحاتي والمتعاون حلال علينا وعلي الشعب نصر من الله وفتح قريب	war_corpus	hate_political	OFFENSIVE	HATE	NEUTRAL	3	NO_MAJORITY	0	1.0
18974	الهتافات الهابطة يا جماعة الاغاني و الحفلات الغير ثورية المشاغلات المجموعة بتاعت يا الخالطين الحصة وطن لمن تكون مع بنت ناس صباح الخير وين "الشعب يريد اسقاط النظام" وين "حرية سلام عدالة" وين "تسقط بس" وين "اي كوز ندوسو دوس"	old_twitter	hate_political	OFFENSIVE	HATE	NEUTRAL	3	NO_MAJORITY	0	0.717
18980	لم يسقط البشير ولا نظامه بعد.. إن كان سقط فعليا لما هتفت جموع بعائد عائد يا بشير على مرأى ومسمع من قالوا زورا وبهتانا بأنهم انحازوا للثورة. ولما وجهت للبشير تهمة واحدة.. ولما ظلّ اللاوطنيين الاسلامويين يمارسون حياتهم بصورة طبيعية وحزبهم مازال نشطا. #مليونيه_القصاص_العادل	old_twitter	revolution_terms	NEUTRAL	HATE	OFFENSIVE	3	NO_MAJORITY	0	1.0
18994	الشعب السودان لم يعترف باي سلطة الانقلابية والعسكرية @@####اعتصام لازلا مستعمر ###تسقط بس###	old_twitter	hate_political	OFFENSIVE	HATE	NEUTRAL	3	NO_MAJORITY	0	1.0
19013	عربيه جات الشيخ جرا حلواني العبد ما أجملا باسطتطتنا دي باسطات سلا صينينه جات الشيخ اكل نحن ناس بنحب السفسفه باسطتنا دي ما تلمسا بسبوسه دي ما اروعا وكنافه دي ست الحلا ود المرا يجي يقلعه #كتر_كبابي_الشاي_زيد_الباسطة_زبيب #الباسطة_مابتقتل_بقتل_ملاح_الرووووب #تسقط_بس	old_twitter	revolution_terms	OFFENSIVE	NEUTRAL	HATE	3	NO_MAJORITY	0	1.0
19036	بيان المجلس الإنقلابي الجنجويتي كل يوم بي شكل جديد يااااااخ كفايه كذب وضلال #تسقط_بس	old_twitter	revolution_terms	NEUTRAL	HATE	OFFENSIVE	3	NO_MAJORITY	0	1.0
19040	ثلاث غارات مسائية غادرة اسقطت اكثر من 220 جثة علي محيط الفرقة 16 مشاة بنيالا حتي الساعة العاشرة مساء والمناوشات مستمرة ، مخدوعين بالديموقراطية ومتعصبين للقبيلة يحمل وزرهم عبدالرحيم دقلو ، وابطال الفرقة يتسائلون هل من مزيد	war_corpus	gender_hate	OFFENSIVE	HATE	NEUTRAL	3	NO_MAJORITY	0	1.0
19043	ولاية خراسان عدة قتلى وجرحى بعملية استشهادية على تجمع لميليشيا طالبان المرتدة في كابل	war_corpus	religious_sectarian	OFFENSIVE	HATE	NEUTRAL	3	NO_MAJORITY	0	1.0
19054	ولاية العراق ديالى بفضل الله تعالى، استهدف جنود الخلافة ثكنة للجيش الرافضي المرتد شمال منطقة العظيم امس، بالاسلحة الرشاشة، ما ادى لاصابة عنصر وتدمير كاميرا حرارية، ولله الحمد والمنة	war_corpus	religious_sectarian	OFFENSIVE	HATE	NEUTRAL	3	NO_MAJORITY	0	0.772
19099	ي بنتي الداير يتبرج دا برضو الله يهديهو وينور طريقو ويرجع م يتبرج ويقطع شلاليفو التي تدعو للقبل #امين	old_twitter	hate_tribal	HATE	OFFENSIVE	NEUTRAL	3	NO_MAJORITY	0	1.0
19112	السفير الروسي لدى السودان اندريه تشيرنوفول دعوة تنسيقية حمدوك الى الجيش السوداني للاستستلام لقطاع الطرق و المرتزقة الذين ارتكبوا مجزرة ود النورة تشبيه لرعاتهم لان الامريكان قاموا باحتلال اليابان بعد رمى القنابل النووية على هيروشيما ونجازاكي السودان حرب_السودان	war_corpus	hate_political	OFFENSIVE	HATE	NEUTRAL	3	NO_MAJORITY	0	1.0
19150	تعرض منزل الشهيد عبدالسلام كشة الى هجوم غادر من فلول النظام البائد، وتعدي على والدة الشهيد الحاجة امنة بالضرب والسب واصابة العم كشة في القدم واصابة احد الثوار في الظهر نتيجة القذف المتواصل بالحجارة على المنزل ومحاولات التصدي من العم كشة وعدد قليل من الثوار	war_corpus	hate_political	OFFENSIVE	HATE	NEUTRAL	3	NO_MAJORITY	0	0.528
19157	اسي الخواجات ديل كملو الدياثة بمفهمومنا عرسان السرور	old_twitter	random_no_keyword	NEUTRAL	OFFENSIVE	HATE	3	NO_MAJORITY	0	1.0
19167	بيت المال اللهم زد وبارك يوم جهجه للكجر ، السوق العربي ثم جبرة وودنوباوي وبيت المال #تسقط_بس	old_twitter	hate_tribal	NEUTRAL	HATE	OFFENSIVE	3	NO_MAJORITY	0	0.0
19225	الآن بدء تقدم التاشرات نحو كبري الحديد وعودة الكهرباء في شارع النيل في نفس الوقت. الاستنفار وسط الثوار في أقصى مستوى. "الموت بي ويييين الموت بي جاي" "سلمية سلمية" #اعتصام_القيادة_العامة	old_twitter	humanitarian	OFFENSIVE	HATE	NEUTRAL	3	NO_MAJORITY	0	1.0
19227	علاوة على الاختفاء القسري الذي تعرض له عدد كبير من الثوار والذين لا يعرف مصيرهم كما طالت حملات الميليشيات المجرمة عددا من العاملين بالمصارف وشركات الكهرباء والمطار والطيران المدني وقطاعات حيوية اخرى بالملاحقة والاعتقال والتهديد في محاولة لكسر العصيان المدني الشامل والاضراب	war_corpus	humanitarian	OFFENSIVE	HATE	NEUTRAL	3	NO_MAJORITY	0	1.0
19246	وماف اسوأ من انه الابناء والبنات يطلعوا بلومو في روحهم بلا سبب دا تدمير لشخصيتهم عديل حيكبر ويطلع شخصيته ضعيفة او يطلع متسلط ومفتكر انه اي مشكله حلها الضرب	old_twitter	violence_incitement	HATE	NEUTRAL	OFFENSIVE	3	NO_MAJORITY	0	1.0
19264	التدافع نحو المقاومة الشعبية في السودان اربك كل الحسابات والخطط الخفية الداخلية والخارجية التي تقودها دول ومخابرات وعملاء لا يصرفوكم عن قضيتكم الاساسية التي خلطت الاوراق واجهضت الخطط تمسكوا بالمقاومة الشعبية، واحموا انفسكم واموالكم ومناطقكم، ولن تهزمكم اي جهة داخلية او خارجية خالد الاعيسر الخميس 28 ديسمبر 2023م	war_corpus	hate_political	OFFENSIVE	HATE	NEUTRAL	3	NO_MAJORITY	0	1.0
19273	الصائمون في بلادي يفطرون علي الرصاص لا الأذان يدخل في جوفهم البارود لا الطعام #اعتصام_القياد_العامه #تسقط__بس	old_twitter	profanity	NEUTRAL	HATE	OFFENSIVE	3	NO_MAJORITY	0	0.0
19286	الشعب السوداني طلع عشان عايز بلدو تبقي علمانيه؟؟؟ الوزير ده بالذات ماعندو اي اهداف غير تمكين العلمانيه	war_corpus	religious_sectarian	OFFENSIVE	HATE	NEUTRAL	3	NO_MAJORITY	0	1.0
19296	جماهير شعبنا الوالد ظللنا نتابع بفخر شديد نضالات الرفاق في الشركة السودانية لتوزيع الكهرباء ووقفتهم الصلبة في وجه أركان النظام البائد جنبا إلى جنب مع جماهير الشعب الباسلة، كما تابعنا بإهتمام جهودهم الثورية النبيلة في إنتزاع حقوقهم وتطهير إداراتهم ومرافقهم الحيوية #حكومه_حمدوك	old_twitter	violence_incitement	OFFENSIVE	HATE	NEUTRAL	3	NO_MAJORITY	0	1.0
19302	انحنا م زيكم الا يحنكو لينا ناس	old_twitter	random_no_keyword	NEUTRAL	HATE	OFFENSIVE	3	NO_MAJORITY	0	1.0
19324	مشتاقة لشوفتك ياخ اظهري اديني الحضن دا	old_twitter	violence_incitement	HATE	NEUTRAL	OFFENSIVE	3	NO_MAJORITY	0	1.0
19350	انَتْيَ كِمٌانَ يَ غًالُيَُه مٌ تْْعتْبّرَيَ كِلُ الُاوَلُادِ وَاحُـدِ لُانَوَ وَرَبّيَ دُِه مٌفَُهوَمٌ ٌخاطِـيَ شِـدِيَدِ ايَ زُوَلُ رَبّنَا ادِاُهوَ ْعقًلُ وَفَكِرَ بّرَاُهوَ وَالُشِيَ وَكِـوَنَوَ انَـا وَلُـدِ بّنَصّحُكِ احُزُرَيَ مٌنَُهمٌ لُانَوَ فَيَ الُْعايَذَ يَلُْعبّ فَيَُهمٌ وَلُاقًوَنَيَ كِتْيَرَ فَيَ اصّحُابّـيَ	old_telegram	profanity	OFFENSIVE	HATE	NEUTRAL	3	NO_MAJORITY	0	1.0
19356	الدوله المدنيه هي ان يودع الافراد في سجون الدوله الرسميه المتعارف عليها هي ان تحمي حريه الافراد ولايعتقل مدني الاباذنها وعلمها بمكان تواجده!! حل المؤسسه السعكريه التي لاتتجاوز الف فرد سيخفف من معاناه الشعب السوداني يجب ان يتوقف حكم الزنديه مهما كان الثمن #حنبنيهو #تسقط_بس	old_twitter	revolution_terms	OFFENSIVE	HATE	NEUTRAL	3	NO_MAJORITY	0	1.0
19361	عاجل ولاية سيناء بتوفيق الله تعالى، استهدف جنود الخلافة الية للجيش المصري المرتد غرب ما يسمى مدينة رفح الجديدة ، بتفجير عبوة ناسفة، ما ادى لاحتراقها ومقتل واصابة من كان على متنها، وشوهدت سيارة الاسعاف تهرع الى مكان الاستهداف لنقل القتلى والمصابين، ولله الحمد والمنة	war_corpus	religious_sectarian	OFFENSIVE	HATE	NEUTRAL	3	NO_MAJORITY	0	0.524
19363	اهجر قيل وقال فعندك من الاعمال كالجبال	war_corpus	violence_incitement	HATE	NEUTRAL	OFFENSIVE	3	NO_MAJORITY	0	1.0
19384	الفاشر مورال فوق فتك ومتك جغم المبارك تم جغم بالنجاح	war_corpus	violence_incitement	HATE	NEUTRAL	OFFENSIVE	3	NO_MAJORITY	0	0.811
19387	ده شنو الحصل في قاعة الصداقة؟ يا جماعة الأحزاب القاعده في السودان دي اكبر مرض على البلد و الله	old_twitter	dehumanizing	NEUTRAL	HATE	OFFENSIVE	3	NO_MAJORITY	0	1.0
19390	نسور الجو فجر اليوم ضربات جوية في محاور سنار في كبرى ود الحداد، سجلت الضربات احترافية ادت الى مقتل العشرات وتدمير معداتهم كما شهدت محاور الجزيرة اشتباكات عنيفة بين مرتزقة المليشيا، ما اسفر عن مقتل عدد منهم، بينهم مدنيون ابرياء نصر_من_الله_وفتح_قريب امن_يا_جن	war_corpus	hate_political	OFFENSIVE	HATE	NEUTRAL	3	NO_MAJORITY	0	1.0
19398	الجيش التشادي يغدر ب حجر وعبدالواحد السودان اليوم_نيوز عاجل اليوم نيوز نافذتك على اخر الاخبار والمستجدات	war_corpus	neutral_news	OFFENSIVE	HATE	NEUTRAL	3	NO_MAJORITY	0	1.0
19411	عاجل الرجاء عدم نشر احداث وفيديوهات قرية سليم كونوا عوننا لهم ولا تكونوا خصما عليهم حيا الله رجال سليم حفظ الله الابطال رعاكم الله وثبت اقدامكم	war_corpus	neutral_news	OFFENSIVE	HATE	NEUTRAL	3	NO_MAJORITY	0	1.0
19415	ادلة وشواهد استخدام الحركات المرتزقة لمعسكر زمزم قاعدة عسكرية والمدنيين دروعا بشرية Evidence demonstrates mercenary movements use of Zamzam camp as a military base and civilians as human shields معركة_الديمقراطية حراس_الثورة_المجيدة	war_corpus	hate_political	OFFENSIVE	HATE	NEUTRAL	3	NO_MAJORITY	0	1.0
19419	بيان هي دي انتي ماعرفتك الا من صورتك	old_twitter	violence_incitement	HATE	NEUTRAL	OFFENSIVE	3	NO_MAJORITY	0	0.564
19421	ما بنقيف مع الاخوان ولكن ايضا لا نقيف مع عملاء الصهاينة و الامريكان	old_telegram	hate_political	OFFENSIVE	NEUTRAL	HATE	3	NO_MAJORITY	0	1.0
19439	اب يقتل ابنه بالركض رياضة تفتك بحياة طفلك دون ان تعرف تابعنا علي تلغرام	war_corpus	violence_incitement	HATE	NEUTRAL	OFFENSIVE	3	NO_MAJORITY	0	1.0
19457	المتاسلمين لن يسلم منهم الوطن الذي مساحته مليون ميل وفكيف يسلم القصر الذي يحرقه غردون المستعمر فمن هو المستعمر؟؟؟ #تسقط_بس	old_twitter	violence_reporting	NEUTRAL	HATE	OFFENSIVE	3	NO_MAJORITY	0	1.0
19506	يبدو ان الموقف التفاوضي للمجلس العسكري ضعيف جدا و ما اضعفه هو انجراره خلف تكتيكات الكيزان التي اكل عليها الدهر و شرب. تهتم و تاه دليلكم. #اعتصام_القياده_العامه #مدن_السودان_تنتفض #مدنيه_قرار_الشعب	old_twitter	revolution_terms	OFFENSIVE	HATE	NEUTRAL	3	NO_MAJORITY	0	0.717
19523	وطن كما نهوي #تسقط_بس #موكب6ابريل	old_twitter	revolution_terms	NEUTRAL	HATE	OFFENSIVE	3	NO_MAJORITY	0	1.0
19539	حبيبي انا وين انت امبارح... وكفاره لصديقتكم	old_twitter	religious_sectarian	HATE	NEUTRAL	OFFENSIVE	3	NO_MAJORITY	0	0.671
19540	نازل مع الجنيه، خليها #تسقط_بس	old_twitter	revolution_terms	NEUTRAL	HATE	OFFENSIVE	3	NO_MAJORITY	0	1.0
19541	"هجر الأحبة ذُلٌ ما احتملناه"	old_twitter	violence_incitement	HATE	NEUTRAL	OFFENSIVE	3	NO_MAJORITY	0	1.0
19562	سلام يادعامه خلاص لكم الويل ان شاء الله لايجوز منكم احد اني بلقته فشهد	war_corpus	threats	NEUTRAL	HATE	OFFENSIVE	3	NO_MAJORITY	0	1.0
19582	إبتسامتك هي الباقية يا سيدي، ما بدري من عمرك؟	old_twitter	violence_incitement	HATE	NEUTRAL	OFFENSIVE	3	NO_MAJORITY	0	1.0
19591	والله ناس ديل لمن امتحانتهم تبدا بقلبوا شيوخ درجة...	old_twitter	random_no_keyword	NEUTRAL	HATE	OFFENSIVE	3	NO_MAJORITY	0	0.0
19593	تحالف قوات الدعم السريع والجيش الشعبي بالنيل الازرق يحسم التضامن ويعلن الزحف الى الدمازين The RSF and SPLM N alliance in the Blue Nile liberate Al Tadamon and announces advancement towards Ad Damazin معركة_الديمقراطية حراس_الثورة_المجيدة	war_corpus	hate_tribal	OFFENSIVE	HATE	NEUTRAL	3	NO_MAJORITY	0	1.0
19594	اشاوس المجموعة 41 مستعدون لتحرير كردفان من فلول ومرتزقة البرهان The valiant RSF soldiers of Group 41 express readiness to liberate Kordofan from the remnants and SAF allied mercenaries معركة_الديمقراطية حراس_الثورة_المجيدة	war_corpus	hate_political	OFFENSIVE	HATE	NEUTRAL	3	NO_MAJORITY	0	1.0
19598	امشوا شوفوا مشاكلكم الحقيقية جاية من ياتو جهة بالضبط و استخدموا نفس نظرياتكم و حقدكم ده عشان تحلوها معاهم. الله لا جاب باقيكم.	old_twitter	random_no_keyword	NEUTRAL	HATE	OFFENSIVE	3	NO_MAJORITY	0	1.0
19603	يامواطن ياسوداني أدي نفسك يوم عشان تعيش عزيز كريم في سعادة وهنا باقي عمرك وباقي أيامك اللي اتلوثت من النظام الطاغي وخليك جزء من ثورة شعبية تكون بعدها كتبت نفسك جزء من تاريخ عريق. #٦أبريل #تسقط_بس	old_twitter	revolution_terms	OFFENSIVE	HATE	NEUTRAL	3	NO_MAJORITY	0	1.0
19630	هعيط مع زميلي في الشغل وافتكر احزاني	old_twitter	violence_incitement	HATE	OFFENSIVE	NEUTRAL	3	NO_MAJORITY	0	1.0
19636	الله اكبر النصر لقواتنا المسلحة والشعب السوداني الصابر العباسية الموردة اب كدوك بانت حي الضباط انتهت المعركة الحمد لله وانتصر جيشنا	war_corpus	violence_reporting	OFFENSIVE	HATE	NEUTRAL	3	NO_MAJORITY	0	1.0
19650	الفاشر مكتب التذاكر تحيد جربيع المجموعه 513 المحور الغربي هلاك القائد خلا ميداني مهدي ابراهيم اشقري وباقي الفطائس والمرتزقه قائد العمليات التشادي محمد بشير الشاويش 19جربوع من جمعتو ذالك هلاك القائد ميداني علي صابون	war_corpus	hate_political	OFFENSIVE	HATE	NEUTRAL	3	NO_MAJORITY	0	1.0
19664	معاً لنشر ثقافة أنـا واحـد مـن مـلـيـونـيـة ابـريـل كلم غيرك إنت الاعلان كلم غيرك إنت الاعلان كلم غيرك إنت الاعلان كلم غيرك إنت الاعلان #تسقط_بس	old_twitter	revolution_terms	NEUTRAL	HATE	OFFENSIVE	3	NO_MAJORITY	0	0.0
19684	ولاية العراق ديالى بفضل الله تعالى، استهدف جنود الخلافة الية للجيش الرافضي المرتد شمال منطقة العظيم اول امس، بتفجير عبوة ناسفة، ما ادى لاعطابها واصابة من كان على متنها، ولله الحمد والمنة	war_corpus	religious_sectarian	OFFENSIVE	HATE	NEUTRAL	3	NO_MAJORITY	0	1.0
19698	تسجيل دخول لشمبات تدمير 23 عربية لمليشيات الدعم السريع تابعونا على الرابط قناة التلغرام _ قناة الواتساب	war_corpus	violence_reporting	OFFENSIVE	HATE	NEUTRAL	3	NO_MAJORITY	0	1.0
19755	قبيل بالصدفة مريت بالآية دي وَأَلَّفَ بَيْنَ قُلُوبِهِمْ لَوْ أَنْفَقْتَ مَا فِي الْأَرْضِ جَمِيعاً مَا أَلَّفْتَ بَيْنَ قُلُوبِهِمْ وَلَكِنَّ اللَّهَ أَلَّفَ بَيْنَهُمْ إِنَّهُ عَزِيزٌ حَكِيمٌ خلونا من اتباع النظام والمحايدين، "تسقط بس" ما قادرين يستحملوا بعض	old_twitter	revolution_terms	NEUTRAL	HATE	OFFENSIVE	3	NO_MAJORITY	0	0.0
19764	مش نحنا الجيش الي قتل	war_corpus	violence_reporting	NEUTRAL	HATE	OFFENSIVE	3	NO_MAJORITY	0	1.0
19770	انا ما حرقتني الا جملة استلمنا السودان لو كان بلدك كان بتقول استلمنا البلد من قلت السودان كدا معناها انت عارف انك اجنبي محتل	war_corpus	gender_hate	NEUTRAL	HATE	OFFENSIVE	3	NO_MAJORITY	0	1.0
19771	نار وشرار جيش_واحد_شعب_واحد دحر_المليشيا معركة_الكرامة	war_corpus	violence_reporting	OFFENSIVE	HATE	NEUTRAL	3	NO_MAJORITY	0	1.0
19775	ولاية العراق ديالى بفضل الله تعالى، استهدف جنود الخلافة عربة همر للجيش الرافضي المرتد شمال غرب منطقة حمرين ، بتفجير عبوة ناسفة، ما ادى لاعطابها، ولله الحمد والمنة	war_corpus	religious_sectarian	OFFENSIVE	HATE	NEUTRAL	3	NO_MAJORITY	0	1.0
19783	كلنا غنينا يا اوكامبو شيل قرارك بره	old_twitter	random_no_keyword	NEUTRAL	HATE	OFFENSIVE	3	NO_MAJORITY	0	1.0
19799	ما عندي اخو انا الاخواني الصغار بيقشرو بيها	old_twitter	hate_political	NEUTRAL	HATE	OFFENSIVE	3	NO_MAJORITY	0	1.0
19820	تزامنا مع اصدار اوامر قبض في حق مجموعة العملاء المرتزقة ،يجري الان المؤتمر الصحفي لتدشين مبادرة محامو الكرامة، هذه المبادرة التي ستكون في طليعة الدفاع عن جميع السودانيين الذين تعرضوا لانتهاكات من قبل المليشيا واذرعها السياسية وابواقها الاعلامية وتقديم العون القانوني للاجهزة العدلية بالدولة	war_corpus	violence_reporting	OFFENSIVE	HATE	NEUTRAL	3	NO_MAJORITY	0	1.0
19831	مستشفي كوستي الاجهزة الامنية هناك تضع يدها على هدف مهم بداخلها تعظيم سلام ع الشغل دا يا اسود خيانة ابناء الوطن تم القبض طبيب شاحن مسيرات فى كراتين ادويه بشرية عن كوستي اتحدث امن ياجن	war_corpus	hate_political	NEUTRAL	HATE	OFFENSIVE	3	NO_MAJORITY	0	0.576
19836	تجمع المهنيين السودانيين يوجه الدعوة لجماهير الشعب السوداني للخروج إلى الشارع الآن والتجمع والاحتشاد أمام المستشفى الدولي بالخرطوم بحرى،حيث يرقد شقيق الشهيد مؤيد طريح الفراش وللوقوف بجوار أم الشهيد والتخفيف على مصابها ومصابنا. #مويد_مات_كتلو_الكيزان #مواكب_التحدى	old_twitter	hate_political	OFFENSIVE	HATE	NEUTRAL	3	NO_MAJORITY	0	0.528
19857	الدولة الكيزانية ماقادرة تصبر اكتر ورجعت بنفس الاسلوب الرخيص #السودان_التصعيد_الثوري #اعتصام_القياده_العامه	old_twitter	hate_political	OFFENSIVE	HATE	NEUTRAL	3	NO_MAJORITY	0	1.0
19858	يتواصل إضراب العاملين بمصنع سكر النيل الابيض علي التوالي إعتراضآ على الفصل التعسفي لبعض الموظفين والاستقطاعات المالية غير القانونية من الرواتب حتى بعد حل النقابة القديمة للكيزان #تحقيق_اهداف_ثورتنا #تحديات_الفتره_الانتقاليه	old_twitter	hate_political	OFFENSIVE	HATE	NEUTRAL	3	NO_MAJORITY	0	1.0
19891	أبو قردة: لن نستثني مناطق التمرد في دارفور من أدوية الإسهالات	old_telegram	hate_political	OFFENSIVE	HATE	NEUTRAL	3	NO_MAJORITY	0	1.0
19937	بعد خشينا منطقية ملكن المرتزقه العفن ديل جو هاجمين علينا لكن بحمد الله وتوفيقه وعزم الرجال وثباتهم اخوانكم صدو الهجوم والغنايم بالعشرات وموت بالجمله	war_corpus	profanity	OFFENSIVE	HATE	NEUTRAL	3	NO_MAJORITY	0	1.0
19940	لا لمجلس سيادة بالمناصفة لااتفاق مع القتلة بالنصف في مجلس السيادة مدنيااااااااااااو كمية تسقط بس	old_twitter	violence_reporting	NEUTRAL	HATE	OFFENSIVE	3	NO_MAJORITY	0	1.0
19965	رغم تجاهلك المستمر لنداء الصلاة وهجرك للقران لازلت تتنفس الى الان و ما زال الله رحيم بك استقم	war_corpus	violence_incitement	HATE	OFFENSIVE	NEUTRAL	3	NO_MAJORITY	0	1.0
19971	ولاية خراسان بتوفيق الله تعالى، استهدف جنود الخلافة الية لميليشيا طالبان المرتدة في الناحية 8 من مدينة جلال اباد ، بتفجير عبوة ناسفة، ما ادى لاعطابها ومقتل واصابة من كان على متنها، ولله الحمد والمنة	war_corpus	religious_sectarian	OFFENSIVE	HATE	NEUTRAL	3	NO_MAJORITY	0	1.0
19994	بحمد الله وتوفيقه تم حظر الصفحة الشخصية للمدعو القونى حمدان دقلو صفحات وحسابات اخرى مهمة يجرى حظرها الان ايضا كمبال الله اكبر تجديد الميثاق قحت_لا_تمثلني بل_بس لا_هدنة_لا_اتفاق_لا_تفاوض شارك قناة انصار القوات المسلحة السودانية علي التلغرام	war_corpus	threats	OFFENSIVE	HATE	NEUTRAL	3	NO_MAJORITY	0	1.0
20008	عاجل شهود عيان احتراق جيب عسكري صهيوني جراء تفجيره بعبوة ناسفة في مخيم جنين	war_corpus	neutral_news	OFFENSIVE	HATE	NEUTRAL	3	NO_MAJORITY	0	1.0
20028	عاطف خيري قال يا كنا نبيعك يا نسرق إخترنا النار الضلها بحرق فأظن لخص الحكاية أفتكر	old_twitter	violence_reporting	HATE	NEUTRAL	OFFENSIVE	3	NO_MAJORITY	0	1.0
20033	الله اكبر الله اكبر الله اكبر قواتنا الباسلة من داخل القيعة صالح؛ وجثث بالجملة لمرتزقة المليشيا الارهابية المتمردة نصر من الله، وفتح قريب	war_corpus	hate_political	OFFENSIVE	HATE	NEUTRAL	3	NO_MAJORITY	0	1.0
20053	#تسقط_بس مجوع شعب باكملة وواقف ينكت ابن الفقرية مأكل ناسوا)	old_twitter	revolution_terms	NEUTRAL	HATE	OFFENSIVE	3	NO_MAJORITY	0	0.723
20094	احداث_اليوم تم ضرب ١٦ عربة zs قادمة للخرطوم كامداد من قبل الطيران اليوم كل الطيران من ميج وسخوى وانتوف اشتغل فى الخلا حاليا يوجد عدد من الجرحى فى مدينة بارا وفى عدد منهم عاد من حيث اتى الله اڪبر ولا نامت اعين الجبناء	war_corpus	dehumanizing	OFFENSIVE	HATE	NEUTRAL	3	NO_MAJORITY	0	1.0
20104	جماهير شعبنا الباسل تابعنا جميعا مواكب الزحف الاخضر التي قام بها فلول النظام البائد في الايام السابقة وهي مظاهرات لاحداث بلبلة في المشهد السياسي حتي يتم التقاضي عن جرائمهم التي ارتكبوها طيلة الثلاثين عاما تحت مسمى حرية التعبير	war_corpus	hate_political	OFFENSIVE	HATE	NEUTRAL	3	NO_MAJORITY	0	1.0
20152	الحمدلله قامت قواتنا بتنفيذ عمليات حاسمة ومتنوعة عبر الطيران والمدفعية وقوات العمل الخاص في محاور الخرطوم بحري هذه العمليات ادت الى تدمير مواقع استراتيجية للمليشيا ومقتل العشرات من مرتزقتها واصابة اعداد كبيرة ، مما جعلها ليلة قاسية على المليشيا بل_بس فجخ_بس وشكرااااااااانين	war_corpus	hate_political	OFFENSIVE	HATE	NEUTRAL	3	NO_MAJORITY	0	1.0
20160	لك تحية يا ابني الوطن تسقط بس	old_twitter	dehumanizing	NEUTRAL	HATE	OFFENSIVE	3	NO_MAJORITY	0	1.0
20203	بل على المباشر ولاية الجزيرة فتك ومتك العمل الخاص	war_corpus	violence_incitement	HATE	NEUTRAL	OFFENSIVE	3	NO_MAJORITY	0	1.0
20217	رأى قانونى فى امر العفو الذى صدر بحق بروفسير مضوى. #محن_كيزانية	old_twitter	hate_political	OFFENSIVE	HATE	NEUTRAL	3	NO_MAJORITY	0	1.0
20229	الجويه في اتم الجاهزية لدك حصون التمرد اللعين جويه يامطر الحصو جيش_واحد_شعب_واحد دحر_المليشيا معركة_الكرامة ده_جيش_بتداوس	war_corpus	hate_political	OFFENSIVE	HATE	NEUTRAL	3	NO_MAJORITY	0	1.0
20240	انا شفتهم و اعتقلوني واشتبهو فيني و خوفوني ونهبوني و هددوني وجزء منهم صاحبوني و في الختام في دعامه دخلو علينا ف البيت وسرقونا ربنا ينتقم من الظالمين منهم لانو ماكلهم كعبين والله ودي حاجه بسالني منها ربنا	war_corpus	violence_reporting	OFFENSIVE	HATE	NEUTRAL	3	NO_MAJORITY	0	1.0
20244	ولاية غرب افريقية بتوفيق الله تعالى، ضمن الحرب الاقتصادية، تمكن جنود الخلافة من احراق برج اتصال للحكومة النيجيرية المرتدة، في بلدة ماموري بمنطقة برنو اول امس، ولله الحمد والمنة	war_corpus	religious_sectarian	OFFENSIVE	HATE	NEUTRAL	3	NO_MAJORITY	0	1.0
20251	أصبح الصبــــح فلا السجن ولا السجان باق. صباح التصــــــعيد الثوري في كل مكان لاسقاط المجـــــلس الانقلابي الكيزانــــي #تسقط_بس	old_twitter	revolution_terms	OFFENSIVE	HATE	NEUTRAL	3	NO_MAJORITY	0	1.0
20261	اقدمت عصابات التمرد بنيالا علي تصفية ابراهيم وادي ابراهيم موسي مادبو ابن عم ناظر الرزيقات محمود موسي مادبو المليشيا اقتادت القتيل في وقت سابق من منزله بالضعين علي خلفية رفضه التعاون مع مايسمى بالادارة المدنية بالضعين عبد الماجد عبدالحميد	war_corpus	hate_political	OFFENSIVE	HATE	NEUTRAL	3	NO_MAJORITY	0	1.0
20269	#تزوجها_شايقية عشان اصلا ما تفلس	old_twitter	hate_tribal	NEUTRAL	OFFENSIVE	HATE	3	NO_MAJORITY	0	0.0
20270	ال2% يا دبدوب جايينك مكمليييين ومنتصرين بإذن الله #تسقط بس #موكب21مارس	old_twitter	revolution_terms	NEUTRAL	HATE	OFFENSIVE	3	NO_MAJORITY	0	1.0
20280	خبر القبض على المرتزق الجوفاني اشاعه من غرف القحاطة لكن ان شاء الله قريب	war_corpus	hate_political	OFFENSIVE	HATE	NEUTRAL	3	NO_MAJORITY	0	1.0
20319	ولاية العراق كركوك بتوفيق الله تعالى، استهدف جنود الخلافة ثكنة للبيشمركة المرتدين قرب منطقة التون كوبري على طريق كركوك اربيل امس، بالاسلحة الرشاشة، ما ادى لمقتل 3 عناصر واصابة اخرين، ولله الحمد	war_corpus	religious_sectarian	OFFENSIVE	HATE	NEUTRAL	3	NO_MAJORITY	0	0.772
20322	جبل اولياء اليوم المعارك من الصباح وانتهت قبل قليل بانتصار قواتكم المسلحة لليوم الرابع على التوالي على فلول مليشيا خدم وعبيد ال دقلو الارهابية المتمردة التفاصيل لاحقا الله اكبر ولا نامت اعين الجبناء نصر من الله وفتح قريب رسلو رابط القناة	war_corpus	hate_political	OFFENSIVE	NEUTRAL	HATE	3	NO_MAJORITY	0	0.587
20331	المدفعية الاستراتيجية تستهدف عدة مناطق للمرتزقه	war_corpus	hate_political	OFFENSIVE	HATE	NEUTRAL	3	NO_MAJORITY	0	1.0
20336	بيان شعبنا الابي منذ تشكيل حكومة الفترة الانتقالية ظل فلول النظام البائد والمحلول شعبيا وقانونيا وواجهاتهم من قوى الردة يعملون من اجل عرقلة عملية الانتقال والتحول الديمقراطي تارة بتخريب الاقتصاد الوطنى وتارة بخلق الفوضى ومحاولة تاليب الشارع ضد حكومة الثورة القومه_للسودان	war_corpus	hate_political	OFFENSIVE	HATE	NEUTRAL	3	NO_MAJORITY	0	1.0
20380	ونحن ندعو لجان الاحياء وقوى الثورة كافة لرفع درجة التنظيم والاستعداد لمجابهة كل السيناريوهات التي تسعى للنكوص عن مستحقات شعبنا التي بذل من اجلها دماء الشهداء وغالي التضحيات هيكلة_المؤسسات_الامنيه اعلام التجمع 14 يناير 2020	war_corpus	violence_reporting	OFFENSIVE	HATE	NEUTRAL	3	NO_MAJORITY	0	1.0
20397	هوووي يا جلابة ارح حولوا لي رصيد عشان نصدقكم	old_twitter	random_no_keyword	NEUTRAL	HATE	OFFENSIVE	3	NO_MAJORITY	0	1.0
20428	البرهان لن نضع البندقية الا بنهاية اخر متمرد البرهان قريبا سنصل الفاشر وبابنوسة	war_corpus	hate_political	NEUTRAL	HATE	OFFENSIVE	3	NO_MAJORITY	0	0.0
20451	نداء لجماهير شعبنا الظافرة: الثورة مستمرة واعتصام الثوار البواسل أمام القيادة العامة لقوات شعبنا المسلحة لن ينفض حتى تحقيق أهداف وتطلعات ثورتنا المشروعة بتسليم السلطة لحكومة انتقالية مدنية وفقاً لإعلان الحرية والتغيير الذي تواثقت عليه جماهير #الشارع_بس #لم_تسقط_بعد	old_twitter	revolution_terms	OFFENSIVE	HATE	NEUTRAL	3	NO_MAJORITY	0	1.0
20455	القحاته الحقو اعمل ليكم عمره والله سيدكم بعد دا بطرد حنانكم زاتو ما شغالين معاهو كويس	war_corpus	random_no_keyword	NEUTRAL	HATE	OFFENSIVE	3	NO_MAJORITY	0	1.0
20500	انا محمد عبدالله مهندس الا تلت وكسور و رتوش تجمع المهنيين السودانين يمثلني ،نقابة اطباء السودان الشرعية تمثلني ، نقابة المهندسين السودانين التابعه للنظام الساقط لا تمثلني ودي بزات #تسقط_بس اما تجمع استعادة نقابة المهندسين السودانين تمثلني #موكب17يناير	old_twitter	hate_tribal	OFFENSIVE	HATE	NEUTRAL	3	NO_MAJORITY	0	1.0
20503	عاجل مقتل المتمرد احمد دهرين الي جهنم	war_corpus	hate_political	NEUTRAL	HATE	OFFENSIVE	3	NO_MAJORITY	0	1.0
20507	هذا هو موقف الجيش الصلب الأبي القوي الذي من رحم أبناء الشعب السوداني أي كوز (أخواني) ندوسه دوس ترى ألم يسقط بعد ذلك مجلس ابن عوف وقوش وحميدتي لعبة الدومينو تسقط الفرحة النهائية تقترب #اعتصام_القياده_العامه #مدن_السودان_تنتفض	old_twitter	hate_political	OFFENSIVE	HATE	NEUTRAL	3	NO_MAJORITY	0	1.0
20515	والله دي اهانة للبلد وسيادتها، ومفروض الدولة تصعد الموضوع دبلوماسيا لحين رجوع اي مواطن تم خداعه، ومحاسبة كل مرتزق بتخييره بين العودة (ثم المساءلة القانونية)، او نزع الجنسية السودانية. ده تحدي حقيقي ويجب انه الناس ما تتهاون فيه #مدن_السودان_تنتفض	old_twitter	hate_political	NEUTRAL	HATE	OFFENSIVE	3	NO_MAJORITY	0	0.576
20516	اجي يا خوانا #موكب6ابريل #تسقط_بس	old_twitter	revolution_terms	NEUTRAL	HATE	OFFENSIVE	3	NO_MAJORITY	0	1.0
20536	التحية لابناء قبيلة الرشايدة الابطال وهم يعلنون مساندتهم ووقوفهم مع الجيش السوداني، ودعم المقاومة الشعبية ضد ميليشيا الدعم السريع الارهابية المتمردة المقاومة الشعبية الخيار الحاسم	war_corpus	hate_tribal	OFFENSIVE	HATE	NEUTRAL	3	NO_MAJORITY	0	1.0
20538	وابتسامتك لمّا تأسر قلبي تحكي عن المُحال	old_twitter	violence_incitement	HATE	NEUTRAL	OFFENSIVE	3	NO_MAJORITY	0	1.0
20575	كفاية! زهجنة من السياسيين البتكلموا عن الشريعة في نطاق السياسة! الشريعة منهج و منبع للاخلاق وهي من تقود السياسة وليست السياسة من تقودها!!!!	old_twitter	random_no_keyword	NEUTRAL	HATE	OFFENSIVE	3	NO_MAJORITY	0	0.0
20580	ترس شوارعك واحمي ابطالك تكتيكات المقاومة السلمية متعددة نعرفها جيدا ونطورها بتماسكنا جنبا الى جنب ندعو جماهير شعبنا المنتفض الى مواصلة التتريس في كل الشوارع الرئيسية والفرعية وشل الحياة العامة ماعدا الحالات الطارئة والصحية وسط المواطنين، مجزرة17يناير الخرطوم_تترس_بس	war_corpus	dehumanizing	OFFENSIVE	HATE	NEUTRAL	3	NO_MAJORITY	0	1.0
20609	معاودة الهجوم مجددا من قبل المليشيا الارهابية ولكن الفاشر عبارة عن صخرة صماء وعصية باذن الله تعالى نصر من الله وفتح قريب	war_corpus	violence_reporting	OFFENSIVE	HATE	NEUTRAL	3	NO_MAJORITY	0	1.0
20620	أساتذة جامعة الخرطوم:مدير الجامعة اختطف مبادرتنا التي تهدف إلى تنحي النظام بأخرى مهادنة له. #اعتصام13مارس	old_twitter	revolution_terms	OFFENSIVE	HATE	NEUTRAL	3	NO_MAJORITY	0	1.0
20629	المجلس الانقلابي، وعليه ومن باب المسئولية والوطنية نهيب بكل المصرفيين الالتزام بمواصلة العصيان المدني حفظا للارواح دام نضال الشعب السوداني تجمع المصرفيين السودانيين لاستعادة النقابة المركزية 10 يونيو 2019 العصيان_المدني_الشامل SudanCivilDisobedience	war_corpus	hate_political	OFFENSIVE	HATE	NEUTRAL	3	NO_MAJORITY	0	1.0
20645	موكب حداد على الشهداء و تسليم السلطة للشعب ولا حاجة زي كدا	old_twitter	violence_reporting	OFFENSIVE	HATE	NEUTRAL	3	NO_MAJORITY	0	1.0
20658	قوات الدعم السريع تسحق مرتزقة الحركات وتضع يدها على كميات ضخمة من الاسلحة والذخائر بشمال دارفور معركة_الديمقراطية حراس_الثورة_المجيدة	war_corpus	hate_political	OFFENSIVE	HATE	NEUTRAL	3	NO_MAJORITY	0	1.0
20680	كتائب الظل لبسو لبس الدعم السريع وهاجموا المعتصمين العزل بحجة اقفال حركة السير والفوضى وفتحو عليهم ذهيرة حية	old_twitter	dehumanizing	NEUTRAL	HATE	OFFENSIVE	3	NO_MAJORITY	0	0.0
20688	الفرقة الخامشة بالابيض تكبد مليشيا ومرتزقة الدعم السريع خسائر في الارواح واستلام عدد من السيارات والاسلحة	war_corpus	hate_political	OFFENSIVE	HATE	NEUTRAL	3	NO_MAJORITY	0	1.0
20716	في الخزام والشيخ والبراح #تسقط_بس	old_twitter	revolution_terms	NEUTRAL	HATE	OFFENSIVE	3	NO_MAJORITY	0	1.0
20732	عبد الرحيم دقلو قال عايز يخلص السودان من العصابات والنهب والدولة الجديدة دولة سلام وعدالة اللهم اني صايم 16	war_corpus	hate_tribal	OFFENSIVE	HATE	NEUTRAL	3	NO_MAJORITY	0	0.642
20753	كشف بسمما سمح بنشره، وما خفي اعظم جيش_واحد_شعب_واحد المقاومة_الشعبية_المسلحة كلنا_جيش سند_الجيش معركة_الكرامة ملوك_القل	war_corpus	violence_reporting	OFFENSIVE	HATE	NEUTRAL	3	NO_MAJORITY	0	1.0
20812	كيف بتقول متمردين وهم كانو ضد الحركه الاسلاميه الفاشله وضد المؤتمر الوطني وضد عمر البشير ديل ثوار وعلشان وقفتم دي القرار الصح انو يمهلم وقت يفكرو ويراجعو حساباتم علشان كذا شكرا حمدوك ما عايز مشاكل عايز سلام لاكن بفهم	old_twitter	hate_political	NEUTRAL	HATE	OFFENSIVE	3	NO_MAJORITY	0	1.0
20814	المؤامرة الكبري بقيادة حمدوك عميل الامارات السودان اليوم_نيوز عاجل اليوم نيوز نافذتك على اخر الاخبار والمستجدات	war_corpus	neutral_news	OFFENSIVE	HATE	NEUTRAL	3	NO_MAJORITY	0	1.0
20821	لجان احياء امدرمان الكبرى بيان مشترك هوي يا كيزان اقسم اقسم حنجيب التار بالدم بالدم بالدم ظلت الانباء تتوارد طوال فترة الثورة عن استهداف لجان المقاومة وافرادها قبل السقوط وقبل الاتفاق ولكن اخذت الامور منحى خطيرا الوعى_اساس_المرحله	war_corpus	hate_political	OFFENSIVE	HATE	NEUTRAL	3	NO_MAJORITY	0	1.0
20872	مع البشير كلمتين بس #تسقط_بس بدون قيود أو شروط والناس البتقول نستنى المدنية تحاكم المجلس ده.. انتو متوقعين فعلاً انهم ح يقعدو يستنوكم كدا لحدي ما تعملو لجنه وتجو تحاكموهم.بدون ما يعملو اي حاجة اكيد لا. ورحم الله شهداء الوطن	old_twitter	violence_reporting	NEUTRAL	HATE	OFFENSIVE	3	NO_MAJORITY	0	1.0
20890	يا حفيد إليزابيث يا محتل أرسل لنا شحنة دواء عاجلة و إن أسلمت زوجناك وزيرة الدولة بالصحة سمية إدريس إن هي قبلت..	old_twitter	humanitarian	NEUTRAL	HATE	OFFENSIVE	3	NO_MAJORITY	0	1.0
20903	ربنا ولا تحملنا ما لا طاقة لنا به و اعف عنا و اغفر لنا و ارحمنا انت مولانا فانصرنا على القوم الكافرين #غرد_بالخير	old_twitter	religious_sectarian	OFFENSIVE	NEUTRAL	HATE	3	NO_MAJORITY	0	1.0
20904	و علي سبيل السسعادة جواز احد بلاد الكفار الاوربية	old_twitter	religious_sectarian	HATE	NEUTRAL	OFFENSIVE	3	NO_MAJORITY	0	0.671
20924	وجنوحه للتضييق وكبت الحريات، كما نحمله مسؤولية سلامة كل اعضاء تجمع المهنيين والصحفيين الذين كانوا بالمقر نؤكد اننا ماضون في طريق الثورة بثبات، وان مليونية ٣٠ يونيو ستكون ردا قويا على هذا السلوك الدكتاتوري الهمجي اعلام التجمع ٢٩ يونيو ٢٠١٩ مليونيه30يونيو StandWithSudan	war_corpus	dehumanizing	OFFENSIVE	HATE	NEUTRAL	3	NO_MAJORITY	0	1.0
20959	مقتل وهلاك اللواء خلاء عبدالله الحاج الامام الرزيقي قائد قوات المرتزقة في بحري، بنيران الدعم السريع	war_corpus	hate_political	OFFENSIVE	HATE	NEUTRAL	3	NO_MAJORITY	0	1.0
20979	آه يا بلد مكلوم! سرقوك وما عارف قابع على الطوريه غشوك بنهج الدين نايم في ضل ضحويه كل البلد في صفوف من بنك للطعميه انفض رقادك قوم عطٌشنا ظلمك حيل! ونيلك يسوق يوميه! ود جفون~ #مدن_السودان_تنتفض #موكب3ابريل #موكب6ابريل الله غالب!	old_twitter	revolution_terms	NEUTRAL	HATE	OFFENSIVE	3	NO_MAJORITY	0	0.0
20984	الشي البديهي انو المتحرش ده مريض تفتكري اللوم ممكن يعالجو ماعندو حل غير يتمسك ويتعاقب انت المتضرر وانت الواعي وعارف البتعمل ليك ده غلط حاول انقذ نفسك ولو في لحظتها بس لانو الفرق بينك وبين المتحرش هو شايف بعمل في حاجه صح وانت الشايفها غلط.	old_twitter	violence_incitement	HATE	NEUTRAL	OFFENSIVE	3	NO_MAJORITY	0	1.0
21005	يوجد امامك احد الخيارين اما ان تحيا عبدا للقوى المستكبرة في الارض واما ان تقف عزيزا في مواجهة هذه القوى ، ولا خيار لنا الا ذلك ، ليس من منطلق ديني فحسب ، بل منطلق العقل والواقع والضمير امن_ولايتك_بي_بالملتوف_و_السلاح الحشد_الشعبي_العام	war_corpus	hate_tribal	OFFENSIVE	HATE	NEUTRAL	3	NO_MAJORITY	0	1.0
21025	و بالمناسبة حتى لو في طرف اغتصب و اتحرش بالقوة خاشي في الموضوع ..و دا ما معناها إني ببريء فيو او ببرر ليو الناس تسد منافذ الغلط..بس.	old_twitter	violence_incitement	HATE	NEUTRAL	OFFENSIVE	3	NO_MAJORITY	0	1.0
21029	وللاسف دي ديكتاتوريه عالميه بتمني الناس تفرق بين السودان والكيزان عشان توضح الصوره	old_twitter	hate_political	OFFENSIVE	HATE	NEUTRAL	3	NO_MAJORITY	0	1.0
21042	جغم زي الجغم المصفاة والله دا مصيركم كلكم	war_corpus	threats	OFFENSIVE	NEUTRAL	HATE	3	NO_MAJORITY	0	1.0
21058	وكمان سايقة اصحابها كلهم من تويتر هنا وممنشناهم ويشيلوا ويدعوا ليها ويشيلوا ويتونسوا معاها خسارة رصيد ودعاوي ساي	old_twitter	violence_incitement	HATE	NEUTRAL	OFFENSIVE	3	NO_MAJORITY	0	1.0
21079	قوى اعلان الحرية والتغيير برنامج العمل الجماهيري التنويري والتحضير للتصعيد الثوري شعبنا الابي؛ تنتظم من جديد خطى ثورتكم الظافرة في المدن والقرى والارياف، مجددين العهد لشهداءنا الكرام الذين احتقروا الموت فعاشوا فينا ابدا نناضل_لا_نساوم العداله_الدوليه_للمجزره	war_corpus	violence_reporting	OFFENSIVE	HATE	NEUTRAL	3	NO_MAJORITY	0	1.0
21102	قوات هيئة العمليات ونسور الاحتياطي المركزي الان شغالين شغل يسر البال في امدرمان مداهمات وتنظيف لجيوب التمرد السودان الخرطوم القوات_المسلحة_السودانية جيش_واحد_شعب_واحد الدعم_السريع_يرتكب_جرائم_حرب	war_corpus	hate_political	OFFENSIVE	HATE	NEUTRAL	3	NO_MAJORITY	0	1.0
21111	مونكس،البربراوي الجعلي الوحيد في الجنوبي صاحب المقولة المشهورة "ده هي ليهو" و معناها"هذا هو" اررجل زول	old_twitter	hate_tribal	HATE	NEUTRAL	OFFENSIVE	3	NO_MAJORITY	0	0.929
21130	ابطال الفرقة الرابعة مشاة والقوة المشتركة تطهر جبل دبكيتو جنوب النيل الازرق من دنس فلول ومرتزقة دقلو ومرتزقة جوزيف توكا، وتستولي على عتاد عسكري كبير الفاشر_لن_تقاتل_وحدها فك_حصار_الفاشر دارفور_لازم_ترجع دارفور_كلنا كل_القوة_دارفور_جوة معركه_المليون_جندي متحركات_تحرير_دارفور كل_القوة_الفاشر_جوة القوات_المسلحة_السوانيه_تمثلني كل_الدعم_للجيش_السوداني	war_corpus	hate_political	OFFENSIVE	HATE	NEUTRAL	3	NO_MAJORITY	0	1.0
21145	مادام قوش وابن عوف وكل الكيزان احرار والأمن الشعبي والطلابي وغيرهم من ازيال النظام البائد يبقى النظام #لم_تسقط_بس وواجب على الشعب يواصل #اعتصام_القياده_العامه	old_twitter	hate_political	OFFENSIVE	HATE	NEUTRAL	3	NO_MAJORITY	0	1.0
21147	انا كمهندس ضليع بفضّل انو مرسيدس لمن تجي تسوي اختبار الثبات ونظام التعليق والمساعدات تجي تسويهو لي شارع عبيد ختم..	old_twitter	hate_tribal	HATE	NEUTRAL	OFFENSIVE	3	NO_MAJORITY	0	0.673
21148	ابناء الشريط النيلي لم يقدمه حتي عشرات من الشهداء نحن نعرفهم جيد الحصل في الانتفاضة ديسمبر فقط اختطاف الشرعية الثورية من الذين يهتفون تسقط بس على هرولة في اقتسام الشرعية الثورية مع اللجنة الأمنية البشير و يريدون خداع المجتمع السوداني و المجتمع الدولي ولكن الكل عارف ماذا يدور	old_twitter	violence_reporting	OFFENSIVE	HATE	NEUTRAL	3	NO_MAJORITY	0	1.0
21177	#مويد_مات_كتلو_الكيزان اوامر البطش المفتوحة التى اصدرها البشير تحت مسمى قانون الطوارئ هى المحرك لالة القمع الامنى والضامن لعدم محاسبة الرباطة. #موكب28فبراير	old_twitter	hate_political	OFFENSIVE	HATE	NEUTRAL	3	NO_MAJORITY	0	1.0
21179	مقتل مرتزقه من جنوب السودان	war_corpus	violence_reporting	OFFENSIVE	HATE	NEUTRAL	3	NO_MAJORITY	0	1.0
21205	كلمة القائد الاعلى لقوات الشعب المسلحه الفريق اول ركن عبدالفتاح البرهان رئيس المجلس السيادي نؤكد ان حرب الكرامة معركة الشعب السوداني و نثق في ان هذا الشعب لن يهزم وقريبا سينتصر على هذه المليشيا وعلى داعميها من دول الاستعمار	war_corpus	violence_reporting	OFFENSIVE	HATE	NEUTRAL	3	NO_MAJORITY	0	1.0
21243	ترامب استثنى السودانيين والتنزانيين "بس" من اللوتري	old_twitter	random_no_keyword	NEUTRAL	OFFENSIVE	HATE	3	NO_MAJORITY	0	1.0
21254	ما يقوله عبد الموساد البرهان البرهان الجيش عازم على تعزيز قواته وتمكينها من اداء واجبها ما تراه في الواقع	war_corpus	hate_political	OFFENSIVE	HATE	NEUTRAL	3	NO_MAJORITY	0	1.0
21280	وخلق اوسع اجماع على اهداف هذه المقاومة، بعيدا عن اي صراعات مفتعلة حول القيادة، جسد واحد والف راس تخبط الانقلابيين ووحشيتهم وعزلتهم المتزايدة يؤكدون انهم قفزوا في هاوية، ولن يسمح لهم شعبنا ان يستديروا في الهواء قوى الشارع حددت موقفها مسبقا، لا عودة للوراء	war_corpus	hate_political	OFFENSIVE	HATE	NEUTRAL	3	NO_MAJORITY	0	1.0
21316	معركة اليوم بين ابناء القريات والمرتزقة غرب امدرمان ٤ ٧ ٢٠٢٤	war_corpus	hate_political	OFFENSIVE	HATE	NEUTRAL	3	NO_MAJORITY	0	1.0
21337	يشفي صدور قوم مؤمنين هي ترا انت في حلم و منو جهنم وبئس المصير	war_corpus	threats	NEUTRAL	OFFENSIVE	HATE	3	NO_MAJORITY	0	0.0
21357	مطلب الشارع السوداني انتقاليه مدنيه مدتها سنوات يمثل فيها الجيش بمقعدين فقط لماذا مدنيه لقطع الطريق علي المال الخليجي الذي يسعي الي صنع اخر في السودان لماذا مدنيه للتحول الديمقراطي ومحاسبه المرتزقه وسن قانون العزل السياسي وتصنيف الحركه الاسلاميه كتنظيم ارهابي #تسقط_بس	old_twitter	humanitarian	NEUTRAL	HATE	OFFENSIVE	3	NO_MAJORITY	0	0.576
21364	ما تنبز اللوايطه لأنهم لوايطه اصلاً	old_twitter	random_no_keyword	NEUTRAL	OFFENSIVE	HATE	3	NO_MAJORITY	0	1.0
21382	احذروهم فهم لا يعرفون للانسانية معنى.. كل المسميات والحركات التي نبتت بعد الجد والاجتهاد كثورة مضادة انما هي زوبعة آثم في كأس شهوة.. لا يعنيهم الوطن ومكانه بقدر ما تعنيهم جيوبهم ومكانتهم.. المتاجرون باسم الدين والوطن سيماهم في وجوههم من أثر الظهور الكثيف #اعتصام_القياده_العامه	old_twitter	revolution_terms	NEUTRAL	HATE	OFFENSIVE	3	NO_MAJORITY	0	0.0
21431	من هسي خطة ما فيها فرتقة زفت الدعم السريع و ما بتحل ك جذور المشكلة و بتاجل الحرب و بتجيب عبد الرحيم طاحونة العاصمة تاني انا شخصيا ما بدعمها	war_corpus	hate_tribal	OFFENSIVE	HATE	NEUTRAL	3	NO_MAJORITY	0	1.0
21456	تم القبض على مرتزقة من النيجر يعمل في صفوف مليشيات الدعم السريع في منطقة امدرمان معركة_الكرامة الخرطوم_مقبرة_الجنجويد كرامة_الجيش_كرامة_شعبد	war_corpus	hate_political	OFFENSIVE	HATE	NEUTRAL	3	NO_MAJORITY	0	0.587
21470	الجزيرة ت_دمير راجمة دفار ذخيرة ثلاثة عربة ملاكي	war_corpus	dehumanizing	OFFENSIVE	NEUTRAL	HATE	3	NO_MAJORITY	0	1.0
21480	في توفير الايرادات للنظام الانقلابي نرجو كذلك الابتعاد عن ارسال اي اموال او تحاويل عبر البنوك او النوافذ التي تصب في خزينة النظام صفا واحدا كالنيل وقلبا حار، داخل وخارج السودان لحين تحقيق مطالبنا ونجاح عصياننا العام اعلام التجمع ٨ يونيو ٢٠١٩ العصيان_المدني_الشامل	war_corpus	threats	OFFENSIVE	HATE	NEUTRAL	3	NO_MAJORITY	0	1.0
21504	عفارم عفارم يا شعبا مسالم يا حر الارادة تحية الصمود والمحبة لكل الشعب السوداني الصبور تحية المجد والانتصار القادم لا محالة تحية لكل لجان المقاومة التى نادت وستظل تنادي بحقوق الشعب تحية لحركات الكفاح المسلح للتمسك بقضايا الوطن وتسليم الجناة للمحكمة الجنائية	war_corpus	dehumanizing	OFFENSIVE	HATE	NEUTRAL	3	NO_MAJORITY	0	1.0
21514	يحكى ان قوات الدعم السريع قبل عدة ايام قامت بنهب بيت محمد حمدان دقلو في نيالا المؤكد انهم نهبو بيت عبد الرحيم في الخرطوم	war_corpus	hate_tribal	OFFENSIVE	HATE	NEUTRAL	3	NO_MAJORITY	0	1.0
21529	قبل ما تقول الحريه تنتهي في حدود الدين ...حابي ازكرك بقبايل الانقسنا في ولايه النيل الازرق ...الوقفت مع الثوره اها ما حتحترم حريتهم في عدم الحجاب و لا ديل في رايك الضعيف بستحقو التحرش و ما محترمات	old_twitter	hate_tribal	NEUTRAL	HATE	OFFENSIVE	3	NO_MAJORITY	0	1.0
21564	١٣-ممارسات الكيزان القمعيه والقتل بسهوله والابادات الجماعيه في دارفور كفيله انها تخليك تقول تسقط بس..لانه الروح حرم الله قتلها لاي سبب ١٤-لازم تعرف انه البيت الملك والعربيه والوظيفه والعلاج المجاني والتعليم باحدث الوسائل حق من حقوقك وليس رفاهيه	old_twitter	violence_reporting	OFFENSIVE	HATE	NEUTRAL	3	NO_MAJORITY	0	1.0
21590	خلاص بديت أخلص من بحث لي آلية تمكنك من تحديد حجم البوتي من رؤيتك للشلاليف بس..	old_twitter	hate_tribal	HATE	NEUTRAL	OFFENSIVE	3	NO_MAJORITY	0	1.0
21625	يرتكز عمل كتائب الجداد الالكترونى على تكذيب الناشطين والاستمرار فى تخوينهم وجرهم الى معارك جانبية بهدف صرف النظر عنهم وتشتيت جهودهم فى جانب اخر بث التطمينات للمواطنين من خلال تبشير بتحسن الوضع المعيشى اما من خلال ودائع مليارية دولارية او مفاجأت رئاسية	old_twitter	violence_reporting	NEUTRAL	HATE	OFFENSIVE	3	NO_MAJORITY	0	1.0
21634	اولادنا بمدينة النهود يتقدمون بثبات،تدمير عددا من العربات القتالية للمرتزقة، وتحيد عددا من افرادهم، وقلة حدة الاشتباكات بحول الله، وقوته ننتصر كردفان_الغرة	war_corpus	violence_reporting	OFFENSIVE	HATE	NEUTRAL	3	NO_MAJORITY	0	1.0
21673	ثوار كوستي يتجهون نحو ساحة الاعتصام امام القيادة العامة لقوات شعبنا المسلحة ثوار كوستي يتجهون نحو ساحة الاعتصام امام القيادة العامة لقوات شعبنا المسلحة مليونيه_السلطه_المدنيه اعتصام_القياده_العامه	war_corpus	profanity	OFFENSIVE	HATE	NEUTRAL	3	NO_MAJORITY	0	1.0
21675	الخارجية: خلايا لحركة عبد الواحد وراء أحداث (كلمة)	old_telegram	hate_tribal	OFFENSIVE	HATE	NEUTRAL	3	NO_MAJORITY	0	1.0
21677	البسمه من دونك حزن الحظة في غيابك تقول الوحشة في بعدك سجن اللهفة في شوفتك جنون	old_telegram	dehumanizing	HATE	NEUTRAL	OFFENSIVE	3	NO_MAJORITY	0	0.82
21680	المرتزقه الجنوبيين عردوا من بارا بحجة تاخر الرواتب تابع قناة المراسل السوداني علي الواتساب whatsapp com channel 0029VbAeJWtElagyZ8UbnC0E تابعنا في التلغرام	war_corpus	hate_political	OFFENSIVE	HATE	NEUTRAL	3	NO_MAJORITY	0	1.0
21713	حاله غضب تعتري المليشي حسين برشم بمنطقة المجلد حاملا مايكرفون داعيا بالاستنفار بصفوف مجموعته التي تعاني نقص الافراد بعد هروبهم وعزوفهم عن القتال	war_corpus	dehumanizing	OFFENSIVE	HATE	NEUTRAL	3	NO_MAJORITY	0	1.0
21726	ولو خشيت معاكم في حوار عن الناس ديل بنمشي لي كلام عنصري اصلو ده م وقتو	war_corpus	random_no_keyword	NEUTRAL	HATE	OFFENSIVE	3	NO_MAJORITY	0	0.0
21740	وردنا الان الله اكبر الله اكبر الله اكبر بحمد الله تمكنت قواتكم المسلحة الباسلة اليوم من تحرير شارع ال ٤٠ ام درمان بالكامل والارتكاز حتي محطة سنادة وتم قتل قائد قوات الدعم في العباسية واستلام ٣ عربات فتح من الله ونصر قريب	war_corpus	violence_reporting	OFFENSIVE	HATE	NEUTRAL	3	NO_MAJORITY	0	1.0
21750	مافي ضغط ياولدنا القاعد يحصل ده هجوم على المواطن من قبل مليشيات ارهابية بتفويض من المجلس العسكري	old_twitter	revolution_terms	OFFENSIVE	HATE	NEUTRAL	3	NO_MAJORITY	0	1.0
21752	لا لغناء هدي عربي و غيرها بالقيادة لا لغناء هدي عربي و غيرها بالقيادة لا لغناء هدي عربي و غيرها بالقيادة لا لغناء هدي عربي و غيرها بالقيادة حن ما شلنا الرقاص عشان تجيبوا لينا الرقاصة #اعتصام_القياده_العامه #اعتصام_القياده_العامه #تسقط_بس	old_twitter	revolution_terms	NEUTRAL	HATE	OFFENSIVE	3	NO_MAJORITY	0	1.0
21756	شاهد كاميرا القوات المسلحة توثق استغلال منازل المواطنين والاعيان المدنية وتحويلها الى منصات للمدفعية وثكنات عسكرية بواسطة مليشيا ال دقلو الارها_بية اضافة للتدمير والنهب والسرقة لهذه الممتلكات العامة والخاصة الاحد ٧ ابريل ٢٠٢٤م فيديو السودان القوات_المسلحة_السودانية المقاومة_الشعبية تحت قيادة القوات المسلحة نحن في الشدة باس يتجلى	war_corpus	violence_reporting	OFFENSIVE	HATE	NEUTRAL	3	NO_MAJORITY	0	1.0
21792	ولاية العراق الانبار بتوفيق الله تعالى، كمن جنود الخلافة لالية للجيش الرافضي المرتد، قرب الحدود مع جزيرة العرب غرب الانبار اول امس، واستهدفوها بالاسلحة الرشاشة، ما ادى لمقتل واصابة من فيها، ثم استهدفوا عربة همر قدمت الى المكان، بالاسلحة الثقيلة، ما ادى لمقتل عنصر، ولله الحمد	war_corpus	religious_sectarian	OFFENSIVE	HATE	NEUTRAL	3	NO_MAJORITY	0	0.772
21804	لكن الناس تغنج قنج تقيل	war_corpus	random_no_keyword	NEUTRAL	OFFENSIVE	HATE	3	NO_MAJORITY	0	1.0
21812	الشعب الواعي تاماً ومدرك لكل الصعوبات التي تواجه الفترة الانتقالية وحاضنتها السياسية ومرحب بكل جهد مخلص لكل الشرفاء الذين يضعون الوطن فوق كل اعتبار شخصي ولا عزاء للشامتين امثالك #شكراً_حمدوك	old_twitter	revolution_terms	OFFENSIVE	HATE	NEUTRAL	3	NO_MAJORITY	0	1.0
21819	لهذه المواقع الوزارية نتيجة لهذا القصور ان عملية الترشيحات واحدة من معارك عديدة قدر لشعبنا ان يخوضها في طريق استكمال ثورته المجيدة، وحمولة الثلاثين عاما من دكتاتورية نظام المؤتمر الوطني ثقيلة، وتحتاج لجهود كل شرفاء وشريفات الشعب السوداني للتخلص منها	war_corpus	gender_hate	OFFENSIVE	HATE	NEUTRAL	3	NO_MAJORITY	0	1.0
21862	عبد الله؛ كدا لمن اصل السودان اشوف البحصل شنو يلا في امان الله	old_telegram	hate_tribal	OFFENSIVE	NEUTRAL	HATE	3	NO_MAJORITY	0	1.0
21876	للأسف الناس حتنشغل بالصدمات والازمات والكيران حيمشو بهناك يحققو مشارعهم لاستمرار التمكين عبر انتخابات ودا ياهو زاتو #الصدمه_تضليل_وتجهيل	old_twitter	hate_political	OFFENSIVE	HATE	NEUTRAL	3	NO_MAJORITY	0	1.0
21900	دُعاء الجمعة "اللهم يا مقلب الأحوال أقلب عبدك عمر البشير وجميع من معه" #مدن_السودان_تنتفض #تسقط_بس	old_twitter	hate_tribal	OFFENSIVE	HATE	NEUTRAL	3	NO_MAJORITY	0	1.0
21901	ضاربني بي رصاص حارق قليب امي قايلني بسكت ليك والله ما بسكت والله بس تسقط تسقط سقوط الموت ي والده اندهي لي انا ما بسيب حقي حق الشهيد غالي دم الشهيد دمي ام الشهيد امي #اعتصام_القيادة_العامة #السودان_التصعيد_الثوري #تسقط_بس	old_twitter	violence_reporting	NEUTRAL	HATE	OFFENSIVE	3	NO_MAJORITY	0	1.0
21935	خارج السودان من الذين أعرفهم الفريق عطا ومصطفى عثمان اسماعيل وكمال حسن علي،يبقى تقريبا معظم الكيزان موجودين داخل السودان ،نحمل المجلس العسكري مسؤولية هروب أي أحد منهم،لذلك نطالب من المجلس نشر قائمة المقبوض عليهم #مدن_السودان_تنتفض #لم_تسقط_بعد #اعتصام_القياده_العامه	old_twitter	hate_political	OFFENSIVE	HATE	NEUTRAL	3	NO_MAJORITY	0	1.0
21957	ياربااه لو بس وضعت النية انك تعدي بجيك رباط صليبي	old_twitter	religious_sectarian	NEUTRAL	HATE	OFFENSIVE	3	NO_MAJORITY	0	0.0
21962	تجمع المهنيين السودانيين يمثلني#تسقط بس	old_twitter	revolution_terms	NEUTRAL	HATE	OFFENSIVE	3	NO_MAJORITY	0	1.0
21977	من وجهة نظري تقريباً عشان اكثر حزب ضامي فئة الناس الكبار اللي هم ما بتحركو الا يقول ليهم الصادق المهدي #تسقط_بس	old_twitter	profanity	NEUTRAL	HATE	OFFENSIVE	3	NO_MAJORITY	0	1.0
21990	دعواتكم الان مهمه شديد اللهم سدد الرمي وثبت الاقدام اللهم نستودعك السودان واهله نصر من الله وفتح قريب كلنا_جيش شعب_واحد_جيش_واحد الاستنفار_لدحر_الاستعمار السودان_يتعرض_للغزو_الخارجي تسليح_المستنفرين_مطلب_شعبي لا_تفاوض_علي_دماء_الشهداء	war_corpus	humanitarian	OFFENSIVE	HATE	NEUTRAL	3	NO_MAJORITY	0	1.0
22025	هينين ديل ما تحنك بس وشوفهم بسوو شنو	old_twitter	random_no_keyword	NEUTRAL	HATE	OFFENSIVE	3	NO_MAJORITY	0	1.0
22029	و اخيرا حقول ليكم اذا كانت منفعتهم دي ضروريه لما اهلكم الله	old_twitter	random_no_keyword	NEUTRAL	HATE	OFFENSIVE	3	NO_MAJORITY	0	1.0
22045	مليشيات حركات النهب المسلح المرتزقة الماجورين اتباع مناوي اتبلو بل نجيض في الفاشر اليوم 1 6 2024	war_corpus	hate_political	OFFENSIVE	HATE	NEUTRAL	3	NO_MAJORITY	0	1.0
22050	الطيران الحربي يستهدف المرتزقه جنوب غبيش	war_corpus	hate_political	OFFENSIVE	HATE	NEUTRAL	3	NO_MAJORITY	0	1.0
22058	المنطقة Xيوما بعد يوم يضيق عليكم الخناق يا ملاقيط	war_corpus	random_no_keyword	NEUTRAL	HATE	OFFENSIVE	3	NO_MAJORITY	0	1.0
22078	كلامك صاح قحت انتهت و الاحزاب عندها اجندة و عمله و خونة بس نصيحة لوجه الله الجيش احسن يتفرغ لمهامه المنوطه به حماية الارض و العرض و الدستور	war_corpus	profanity	HATE	NEUTRAL	OFFENSIVE	3	NO_MAJORITY	0	0.911
22093	و هنا نقطة قوة ق ح ت و ضعف الكيزان و من هو معهم الكيزان أهون مما تظن و أظن أنك بتكون شفت 'مليونية' ناس الشريعة و عبدالحي القوة الكبرى هنا هي ل ق ح ت و هو ما سيظهر جليا في اليومين القادمين #اعتصام_القياده_العامه #مدن_السودان_تنتفض #تجمع_المهنيين_يمثلني	old_twitter	hate_tribal	OFFENSIVE	HATE	NEUTRAL	3	NO_MAJORITY	0	1.0
22104	نهاية معركة الجزيرة انتصار قواتنا في المحاور الشرقية، حيث تم تحرير العديد من القرى من مرتزقة مليشيا الدعم السريع الارهابية تقدم قواتنا المستمر بخطط وتكتيكات عسكرية يضمن تطهير الولاية بشكل كامل قريبا باذن الله قناة كرري الجيش السوداني علي تلغرام	war_corpus	hate_political	OFFENSIVE	HATE	NEUTRAL	3	NO_MAJORITY	0	1.0
22116	مقتل عبد الله حسين اليوم خسارة كبيرة للمليشيا، حيث يعتبر من اهم القادة الميدانيين القدماء من اصحاب الخبرة العسكرية	war_corpus	hate_tribal	OFFENSIVE	HATE	NEUTRAL	3	NO_MAJORITY	0	1.0
22119	بجانب مليشيا الدعم السريع وعناصر امن الانقاذ، وهي جرائم لا تسقط بالتقادم ولن يفلت مرتكبوها من العقاب، حيث شاركت قوات من شرطة الاحتياطي المركزي بفعالية في مجزرة 17 نوفمبر 2021 بمدينة بحري والمستمرة حتى الان،	war_corpus	threats	OFFENSIVE	HATE	NEUTRAL	3	NO_MAJORITY	0	0.88
22120	الجيش يلقي القبض على مرتزقة من دولة جنوب السودان يعملون على اطلاق قذائف المدفعية بامدرمان ومقتل عدد كبير من المرتزقة الليبيين والاثيوبيين كانوا يعملون كقناصة للمليشيا المتمردة بمحور سوق امدرمان نصر من الله وفتح قريب	war_corpus	hate_political	OFFENSIVE	HATE	NEUTRAL	3	NO_MAJORITY	0	1.0
22152	اطلق عدد من الناشطين على منصات التواصل الاجتماعي دعوة لمق اطعة الامارات العربية المتحدة احتجاجا على دعمها لميليشيا الدعم السريع التي ترتكب انتهاكات بحق الشعب السوداني مجزرة_الفاشر الامارات_تقتل_السودانيين ELFASHIRMASSACRE	war_corpus	violence_reporting	OFFENSIVE	HATE	NEUTRAL	3	NO_MAJORITY	0	1.0
22156	بقياد الامير عوض الجيد النعيمه فزع الكواهله يدحر العدو بولاية الجزيره المحور الغربي واستلام عدد واحد عربه بوكس و عدد ٣ موتر وعدد من الاسلحه والزخائر وياثر عدد من المرتزقه الاجانب	war_corpus	violence_reporting	OFFENSIVE	HATE	NEUTRAL	3	NO_MAJORITY	0	1.0
22203	قال تعالى في سورة الاسراء(وَقُلْ جَاءَ الْحَقُّ وَزَهَقَ الْبَاطِلُ إِنَّ الْبَاطِلَ كَانَ زَهُوقًا قناة سودان بكرة عصا التجمع التي ستلقف حبال سحرة الكيزان وقنوات الكذب والدجل والخداع ونشر الباطل. #مدن_السودان_تنتفض #تسقط_بس #موكب6ابريل	old_twitter	hate_political	OFFENSIVE	HATE	NEUTRAL	3	NO_MAJORITY	0	1.0
22208	قوات العمل الخاص وابطال الاحتياطي المركزي منطقة امدرمان العسكرية تقوم بهجوم علي مخابئ مليشيا الدعم السريع غرب المسالمة والسوق الشعبي اسفرت عن مقتل 21 متمرد وتغنيم عدد من الاسلحة وعدد 8 موتر اليوم الاحد 30 7 2023م	war_corpus	profanity	OFFENSIVE	HATE	NEUTRAL	3	NO_MAJORITY	0	1.0
22229	لا يوجد بيت مدمر، او حجر مبعثر، او يد مبتورة، او ام ثكلى، او امة مشوهة، الا وستجد للولايات المتحدة الامريكية اثرا فيه هو تشي منه	war_corpus	violence_incitement	NEUTRAL	HATE	OFFENSIVE	3	NO_MAJORITY	0	1.0
22255	جائي يطلب هدنة لانقاذ المرتزقة الملاقيط الكاهن قال ليهو بل بس	war_corpus	hate_political	NEUTRAL	HATE	OFFENSIVE	3	NO_MAJORITY	0	0.576
22259	تعرفها البيت والدكاكين و اموال الناس شرعك النهب والسرقه	war_corpus	violence_reporting	NEUTRAL	HATE	OFFENSIVE	3	NO_MAJORITY	0	1.0
22263	ولاية سيناء 6 قتلى واصابة اخرين من الجيش المصري المرتد بهجوم لجنود الخلافة على ثكنة في سيناء	war_corpus	religious_sectarian	OFFENSIVE	HATE	NEUTRAL	3	NO_MAJORITY	0	0.772
22330	لا خلاص فهمتك م ترسلي باليز	old_twitter	violence_incitement	HATE	NEUTRAL	OFFENSIVE	3	NO_MAJORITY	0	1.0
22335	وهي تصدر دون خجل بيانا بالرفض وتقوم بمامورياتها النقابة في تحدي سافر للقانون عمالنا وموظفينا الاماجد فعليه قد قرر تجمعكم كتابة مذكرة وتسليمها لمسجل تنظيمات العمل يطالب فيها اعمال قانون تفكيك نظام الانقاذ القاضي بحل النقابة وحصر اوصولها وتجميد حساباتها	war_corpus	threats	NEUTRAL	HATE	OFFENSIVE	3	NO_MAJORITY	0	1.0
22337	عبدالماجد عبدالحميد انشقاق خطير في مليشيا التمرد السريع مجموعات من جنود المليشيا ترفض المشاركة في قتال الخرطوم وتتمسك بالمغادرة الي دارفور وكردفان المقاومة_الشعبية البلد_نيوز السودان الخرطوم القوات_المسلحة_السودانية	war_corpus	hate_tribal	OFFENSIVE	HATE	NEUTRAL	3	NO_MAJORITY	0	1.0
22338	فاشرنا بكرة هتنور بيك ي حمدوك #تسقط_بس	old_twitter	revolution_terms	NEUTRAL	HATE	OFFENSIVE	3	NO_MAJORITY	0	1.0
22367	اجلاء المواطنين من احياء بحري شارع المؤسسه الطريق الى كنس المرتزقه من عموم بحري نصر من الله وفتح قريب بحري تتعافى	war_corpus	hate_political	OFFENSIVE	HATE	NEUTRAL	3	NO_MAJORITY	0	1.0
22388	ترفضه بس عشان لونه او شكله	old_twitter	random_no_keyword	NEUTRAL	HATE	OFFENSIVE	3	NO_MAJORITY	0	1.0
22391	سوري شنو ده جعلي من الدامر سوداني اكتر مني و منك	old_twitter	hate_tribal	NEUTRAL	HATE	OFFENSIVE	3	NO_MAJORITY	0	0.0
22409	اقدل يا اويس ملك المسيرات ما لا تعرفه عن هذا الشاب الصغير له الفضل الكبير في قيادة تيم المسيرات وضرب الاهداف من الجو منذ معارك الاذاعة وجبل موية الى تحرير مدني	war_corpus	violence_reporting	NEUTRAL	HATE	OFFENSIVE	3	NO_MAJORITY	0	1.0
22431	الكباري كلها فاتحة ونقاط تفتيش الامن بعيد مابيسألوا اي زول -التفتيش في عبيد ختم بداية الشرقي بس وبيسالوا العربات الفيها براميل موية ي زول وقفوهو يورينا تحت ضروري #اعتصام_القيادة_العامة	old_twitter	hate_tribal	OFFENSIVE	NEUTRAL	HATE	3	NO_MAJORITY	0	0.695
22446	الشعب خرج عشان يغير الكيزان ما عشان يغير الإسلام. د. مهران #اعتصام_القيادة_العامة #تسقط_بس #سلمية	old_twitter	hate_political	OFFENSIVE	HATE	NEUTRAL	3	NO_MAJORITY	0	0.717
22456	معدل التضخم وصل ولسه البشير عندو دم يسوي اجتماع مع اعوانو ويطبلو لي بعض يقعدو. #موكب6ابريل #مدن_السودان_تنتفض	old_twitter	revolution_terms	NEUTRAL	HATE	OFFENSIVE	3	NO_MAJORITY	0	0.0
22457	لن_ننسى_ولن_نغفر فقد كذبت الشرطة من قبل، ولفقت، وكذبت على الدم السوداني الجنرالات الذين يحتلون السودان لم يسقطوا بعد وليعلم الضباط الذين يكذبون في سبيل خدمة جنرالات الدم والمليشيات ان العدالة لن تخطؤهم ابدا المحاسبة والعدالة لن توقفها اكاذيبكم ايها المجرمون القائمون على خدمة الطواغيت القصاص_العادل القصاص_للشهداء	war_corpus	violence_reporting	NEUTRAL	HATE	OFFENSIVE	3	NO_MAJORITY	0	1.0
22459	حكم الرده انا متفق جدا مع هذا القرار وفعلا هو لا يستند الا علي حروب الرده والتي كانت في الاصل حرب سياسيه للمحافظه علي الامن القومي للدوله بعد امتناع المرتدون عن دفع الزكاة والدعوة للانفصال عن الدوله.	old_twitter	religious_sectarian	OFFENSIVE	HATE	NEUTRAL	3	NO_MAJORITY	0	1.0
22478	قصة قصيرة عندما تم جغم احمد حسن خدام ابن العمدة حسن خدام في بداية المعارك بين القوات المسلحة والمليشيا ، قرر شقيقة الاصغر جدو التحرك من زالنجي والانتقام لاخيه في الخرطوم ، وبالفعل وصل الي العاصمه وانخرط في صفوف المليشيا وتم جغمه اليوم بام درمان	war_corpus	threats	OFFENSIVE	HATE	NEUTRAL	3	NO_MAJORITY	0	1.0
22479	قائد ثاني يقود جنوده في الميدان حسم الانقلابيين قريبا ولا عودة ل الكيزان النصر_قريب انقلاب15_ابريل معركة_الديمقراطية حراس_الثورة_المجيدة اشاوس_الدعم_السريع	war_corpus	hate_political	OFFENSIVE	HATE	NEUTRAL	3	NO_MAJORITY	0	1.0
22500	مرتزق يمني في قبضة قواتكم المسلحه سودنا	war_corpus	hate_political	OFFENSIVE	NEUTRAL	HATE	3	NO_MAJORITY	0	1.0
22504	الظاهر د. اكرم التوم ضغط على أجهزة الفساد في المنظومة الصحية في البلد دي وكان لابد من حملة عليه طول ما الكيزان ديل في حرية السودان ده ما ح يشوف خير اصلا #كلنا_اكرم_التوم	old_twitter	dehumanizing	OFFENSIVE	HATE	NEUTRAL	3	NO_MAJORITY	0	1.0
22516	اللاجئين السودانين في جاكرتا يطالبون انها البشير تسقط بس	old_twitter	violence_reporting	NEUTRAL	HATE	OFFENSIVE	3	NO_MAJORITY	0	1.0
22529	لنحول الساحة الخضراء الي محاكم لمحاكمة التنظيم #تسقط_بس	old_twitter	revolution_terms	NEUTRAL	HATE	OFFENSIVE	3	NO_MAJORITY	0	1.0
22563	الابطال وهم يتقدمون لدحر المليشيا المتمردة يملؤهم الحماس والروح المعنوية العالية كلمات النقيب سر الختم السالمابي جيش_واحد_شعب_واحد دحر_المليشيا معركة_الكرامة	war_corpus	profanity	OFFENSIVE	HATE	NEUTRAL	3	NO_MAJORITY	0	1.0
22594	بورتسودان القبض على جنجويدي شغال بائع ساعات في بورتسودان	war_corpus	hate_political	HATE	OFFENSIVE	NEUTRAL	3	NO_MAJORITY	0	1.0
22606	الله يجازي كل من كان سبب ما كيزان بس	old_twitter	hate_political	OFFENSIVE	HATE	NEUTRAL	3	NO_MAJORITY	0	1.0
22622	البس بوتك المجلد ماتفوتك للمزيد من الاخبار تابع قناة الخرطوم مقبرة الجنجويد على واتساب عبر الرابط الخرطوم_مقبرة_الجنجويد	war_corpus	hate_tribal	HATE	NEUTRAL	OFFENSIVE	3	NO_MAJORITY	0	0.613
22654	احتفالنا بتحرير مدينة الميرم واللواء 92التابع للفرقة 22بابنوسة وتم طرد مليشيات مرتزقة ايتام دويلة 56 المحتليين بنجاح هذا التراث يسمى النقارة لقبائل المسيرية و ولاضمهم الحوازمة في كردفان الكبرى الزحف_لتحرير_شندي_ومروي_ودنقلا	war_corpus	hate_tribal	OFFENSIVE	HATE	NEUTRAL	3	NO_MAJORITY	0	1.0
22674	مبرووووك فك حصار العيلفون جيش ابو دليق جووووة العيلفون ناس ام ضوبان والعسيلات ما تنومو ومبروك مقدما ابوعشر خالية من المرتزقة تنتظر فقط ان تتشرف بدخول جحافل الجيش القريبة منهم الطيران يقصف خزان جبل اولياء ويغلق المعبر نهائيا ناصر مختار بابكر	war_corpus	hate_political	OFFENSIVE	HATE	NEUTRAL	3	NO_MAJORITY	0	0.532
22683	يثيرون كل غرابتي كيف يجدون ملايين التبريرات للقتل و يسلون سيوفهم نذيرا بالحرب عند رؤية امرأة اسدلت غطاء رأسها	old_twitter	violence_reporting	NEUTRAL	HATE	OFFENSIVE	3	NO_MAJORITY	0	1.0
22699	#موكب6ابريل #تسقط_بس كلهم نفر الطلعو الليله	old_twitter	revolution_terms	NEUTRAL	HATE	OFFENSIVE	3	NO_MAJORITY	0	1.0
22712	في المجتمعات العلمانية ينظر اليك كانسان بينما في مجتمعاتنا العربية والاسلامية ينظر اليك كمسلم او كافر او يهودي او مسيحي او شيعي او سني او ابن حاكم او غني او فقير او حرمة او عاهرة والقائمة تطول حتى يغيب فيها النظرة اليك كانسان عبدالعزيز القناعي صوت_الجمهورية	war_corpus	religious_sectarian	OFFENSIVE	HATE	NEUTRAL	3	NO_MAJORITY	0	0.83
22736	سلام عليكم يا ثوار عطبرة اي زول يشوف المنشوردا يا يعلق او يعمل لايك بكرة عايزين نكون في المكب #تسقط بس	old_twitter	revolution_terms	NEUTRAL	HATE	OFFENSIVE	3	NO_MAJORITY	0	1.0
22751	الله اكبر كبري الاربعين ما بطلع كلب ان شاءالله نصر من الله وفتح قريب	war_corpus	dehumanizing	OFFENSIVE	HATE	NEUTRAL	3	NO_MAJORITY	0	1.0
22752	يستمر التوثيق في جريمة جديدة مليشيا الدعم السريع تقتحم مستشفى طابت جنوب الحصاحيصا بولاية الجزيرة وتقوم بنهب اموال المرافقين والمرضى بالمستشفي تحت تهديد السلاح وتسرق السيارة الادارية الوحيدة بالمستشفى	war_corpus	humanitarian	OFFENSIVE	HATE	NEUTRAL	3	NO_MAJORITY	0	0.778
22768	الكبك من داخل منزل المعرد البيشي سيطرة تامه والبيشي الان قاعد مع الحلو بفتش لي تحالف جديد بعد الفلول كملو قواتو	war_corpus	hate_political	OFFENSIVE	HATE	NEUTRAL	3	NO_MAJORITY	0	1.0
22769	قالو اسمو علي عبد اللطيف أمن طلابي و كوز من رفاعة	old_twitter	hate_tribal	OFFENSIVE	HATE	NEUTRAL	3	NO_MAJORITY	0	1.0
22806	صورة شيوخك ديل اصلا خربانه مافي زول تاني بشتغل بيهم غير الدواعش	old_twitter	random_no_keyword	NEUTRAL	HATE	OFFENSIVE	3	NO_MAJORITY	0	1.0
22816	الي عنايه استخبارات الفرقه 18 استخبارات ربك عندك لكونده عبدالعال جمب بنك امدرمان الوطني في ربك مليان احباش كميات كبيره هؤلاء يمثلون خطر على ولايه النيل الابيض يا مواطن ربك كوستي اصحووووووووو خليك كلك استخبارات تابع قناة القوات المسلحة السودانية	war_corpus	hate_tribal	OFFENSIVE	HATE	NEUTRAL	3	NO_MAJORITY	0	1.0
22825	رصد واسع ومعلومات عن تحركات العملاء والخونة والمرتزقة بالبحر الاحمر انضم للراى السودانى علي تلغرام عبر الرابط تابع قناتنا على واتساب	war_corpus	hate_political	OFFENSIVE	HATE	NEUTRAL	3	NO_MAJORITY	0	1.0
22837	بعد الرصد والمتابعة القوة المشتركة محور الصحراء تقطع امداد قادم للعدو وتستلم عدد 50 كروزر وكامل العتاد والتسليح من بينها مسيرات وكورنيت واسلحة ثقيلة ومقتل عدد من المرتزقة من جنسيات مختلفة فرانسسين واماراتيين وتشاديين وتشكر حكومة الخمارات على الدعم المستمر لقواتنا بل_بس	war_corpus	violence_reporting	OFFENSIVE	HATE	NEUTRAL	3	NO_MAJORITY	0	1.0
22850	أهل #نيرتيتي حتما سوف ننساكم كما نسينا انفصال دولة جنوب السودان كما نسينا وفاة محمود عبدالعزير	old_twitter	violence_reporting	OFFENSIVE	HATE	NEUTRAL	3	NO_MAJORITY	0	1.0
22872	الشايقي خلاص بقى ما شايقي الفطير باللبن بقى يحلم بيه حلم حتى الفول ضارب الفول بالعلب	old_twitter	hate_tribal	NEUTRAL	OFFENSIVE	HATE	3	NO_MAJORITY	0	0.0
22904	اولا الهاشتاق بتكلم عن #الصيد_الجائر والتدمير والتخريب والابادة للحياة البرية والفطرية ثانياًهو وزير الدولة للاتصالات يعني ماهو الشخص المختص عشان يتكلم في موضوع الحلقة ثالثاً هو واحد من الناس البتنارس الصيد الجائر وبصتطاد حيوانات مهددة بالانقراض زي الخنزير البري وحنجيب الصور	old_twitter	violence_incitement	HATE	NEUTRAL	OFFENSIVE	3	NO_MAJORITY	0	0.82
22926	مريم الصادق،، نناشد الشرفاء من القوات المسلحة يا هناية اخوك كيف؟؟؟ تبا لك وله لم يعد من شرفاء خلاف صغار الضباط والجنود #اعتصام_القيادة_العامة #تسقط_بس #مدن_السودان_تنتفض	old_twitter	revolution_terms	NEUTRAL	HATE	OFFENSIVE	3	NO_MAJORITY	0	0.0
22939	مرتزقة ليبيين في معركة جبل اولياء	war_corpus	hate_political	OFFENSIVE	HATE	NEUTRAL	3	NO_MAJORITY	0	1.0
22940	هههههه في جنجويدي في بارا امس جابو ليهم عدة جديدة قال لي الابيض رحمة الله تشغاكم الليلة الطيران دمر ليم المخازن قال لي دا كلو ي فلنقاي التقول انا سائق طيران موسى هجام تابع قناة السودان علي الواتساب whatsapp com channel 0029VbAeJWtElagyZ8UbnC0E تابع قناة السودان علي تلغرام	war_corpus	hate_tribal	HATE	OFFENSIVE	NEUTRAL	3	NO_MAJORITY	0	1.0
22948	جبل موية رصد غاندي ابراهيم دارت معركة اليوم داخلية بين مجموعتين تنتميان للمليشيا حول قسمة المنهوبات، وادي ذلك الاشتباك الي مقتل عدد كبير من افراد المليشيا ابرزهم بابكر احمد بابكر ود الاسود ابن قرية البليحاب المعروف ان ود الاسود قد توعد في السابق اهالي قري جبل موية بالابادة	war_corpus	neutral_news	OFFENSIVE	HATE	NEUTRAL	3	NO_MAJORITY	0	0.803
22999	قرشي علي سنوسني من تمبول الشقالو نقيب خلاء في الدعم السريع كل قوته مرتزقة من جنوب السودان بجيب المواد الغذائية والدقيق	war_corpus	hate_political	OFFENSIVE	HATE	NEUTRAL	3	NO_MAJORITY	0	1.0
23013	بتاريخ اليوم لكل مشكك كتيبة عبدالله جماع و كتيبة الدحيش من كبري تعلمونه جيدا من داخل ودالحداد و ابشركم جووه مدني وعد رجال قريب وحياكم الله عزوتنا و اهلنا و اخوانا و ابطالنا بالميدان كتيبة_عبدالله_جماع2 الشهيد_الامة_الدحيش تابعونا على الرابط قناة التلغرام _ قناة الواتساب	war_corpus	hate_tribal	OFFENSIVE	HATE	NEUTRAL	3	NO_MAJORITY	0	1.0
23014	مباحث الولايه الشمالية تضبط كمية من المسروقات بينها مايقارب ١٠ كيلو ذهب بالاضافة لعملات اجنبة ومسروقات اخرى، تم ضبطها بحوزة نساء رزيقات لديهم صله بقادة ميليشيا الدعم السريع بالخرطوم يقيمون بشقة في دنقلا	war_corpus	profanity	OFFENSIVE	HATE	NEUTRAL	3	NO_MAJORITY	0	1.0
23037	فجر القوة يحطم الهمجية قواتكم تضرب المتمردين المخمورين والمخدرين ضربات صباحية موجعة من خلال القصف الجوي والمدافع الثقيلة في محاور غرب امدرمان وجنوب الخرطوم جاري حصر جثثهم وخسائرهم الفادحة في العتاد لن نتهاون ابدا، السودان	war_corpus	hate_political	OFFENSIVE	HATE	NEUTRAL	3	NO_MAJORITY	0	1.0
23051	انتقم بنجاحك اقتل بصمتك عاقب بغيابك انتصر بابتسامتك	war_corpus	violence_reporting	HATE	NEUTRAL	OFFENSIVE	3	NO_MAJORITY	0	1.0
23056	الانتصارات مستمرة الجيش يتقدم على كافة المحاور قوات منطقة الكدرو العسكرية تواصل التقدم و تنفذ عمليات نوعية ناجحة دمرت على اثرها عدد ١٦ عربة واستلام اسلحة وقت_ل العشرات من مرتزقة مليشيا ال دقلو الارها_بية الثلاثاء ٢٧ فبراير ٢٠٢٤م السودان وزارة_الدفاع_السودانية ابراهيم الحوري	war_corpus	violence_incitement	OFFENSIVE	HATE	NEUTRAL	3	NO_MAJORITY	0	1.0
23066	معناتا ما تم حلها وغشونا يا صدر القرار وقبل اجراءات التسليم والتسلم اتمردو وده ما مشكله دايرين سبب التمرد الرئيسي بس ما يقولو لينا مستحقات او خرجو ضد العلمانيه	war_corpus	religious_sectarian	NEUTRAL	HATE	OFFENSIVE	3	NO_MAJORITY	0	1.0
23083	حريق القصر الجمهوري غالبا مقصود لاخفاء ادلة فساد #تسقط_بس	old_twitter	violence_reporting	NEUTRAL	HATE	OFFENSIVE	3	NO_MAJORITY	0	1.0
23087	معقولة الأيادي البيضاء خلف القضبان ومن يده ملطخة بالدماء حر طليق تسقط بس وتسقط بس #تسقط_بس	old_twitter	revolution_terms	NEUTRAL	HATE	OFFENSIVE	3	NO_MAJORITY	0	0.0
23103	دفاتر الحضور الثوري التي اعلنتها قوى اعلان الحرية والتغيير، فالاضراب العام والعصيان المدني الشامل ستكون حين الحوجة هي اسلحتنا الحاسمة، ونحن من هنا ندعو كل جماهير الولاية للانتظام معنا عبر النقابات الشرعية والمكونات الثورية الاخرى استعدادا للدفاع عن اهدافنا	war_corpus	neutral_news	OFFENSIVE	HATE	NEUTRAL	3	NO_MAJORITY	0	1.0
23105	كل يوم وكل ساعة تزداد الشوارع القاً وابداعاً وجمالاً بشموخ وعزة وكبرياء الشعب الأصيل التحية لشرفاء الجيش وهم يعلنون مخالفتهم للأوامر ووقوفهم مع الحق والشعب وحمايتهم له بالدم التحية لم يقفون خلف الدعم المادي للإعتصام #اعتصام_القياده_العامه #مدن_السودان_تنتفض #تسقط_بس	old_twitter	revolution_terms	OFFENSIVE	HATE	NEUTRAL	3	NO_MAJORITY	0	1.0
23107	الحمد لله، ضربات موفقة عبر المسيرات دمرت تجمعات ومتحركات المليشيا في التكينة، وتقدمات كبيرة لقواتنا في امدرمان، شرق_الجزيرة، و بحري ابطال تايغر 2 انتشروا في محاور استراتيجية جديدة البشريات قادمة، وسينتصر الحق باذن الله	war_corpus	profanity	OFFENSIVE	HATE	NEUTRAL	3	NO_MAJORITY	0	1.0
23120	ما فهمتك معليش صيغها تاني	old_twitter	violence_incitement	HATE	NEUTRAL	OFFENSIVE	3	NO_MAJORITY	0	1.0
23136	أتوقع أن يحدث مثل هذا وأكثر إن تباطأ المجلس العسكري في القبض على الكيزان وذلك للحفاظ على حياتهم فالشعب المعتصم الآن يهتف سلمية ولكن الخوف أن ينفذ صبره ويسعى لتحقيق العداله بيده وحينها لن ينفع الندم #اعتصام_القياده_العامه #لم_تسقط_بعد #الشارع_بس #تسقط_تالت #مدن_السودان_تنتفض	old_twitter	hate_political	OFFENSIVE	HATE	NEUTRAL	3	NO_MAJORITY	0	1.0
23145	#تسقط_بس الاضراب العام وليس لفتره محدده بل لحين (البل) والتسليم الفوري للسلطه المدنيه وليس بتحكم مجلس عسكري فقداثبتو لانفسهم كما نعلم نحن بعدم اهليتهم لادارة الازمات من الاخر مخهم فاضي (توقعاتي لمخرجات اليوم)	old_twitter	hate_tribal	NEUTRAL	HATE	OFFENSIVE	3	NO_MAJORITY	0	0.0
23175	تم اعتقال لجنة معلمي محلية الدويم المضربين عن العمل بعد توزيعهم لمنشورات لاضراب باقي المداراس وعلي راسهم استاذ اسامة عبد الله الحسين و استاذ محمد حسن عبد المجيد استاذ امير بشير واستاذ احمد يكك واخرين العصيان_المدني_الشامل الردة_مستحيلة	war_corpus	hate_tribal	OFFENSIVE	HATE	NEUTRAL	3	NO_MAJORITY	0	1.0
23182	تحية المجد والصمود للشعب السودانى البطل #تسقط بس #مدن السودان تنتفض	old_twitter	revolution_terms	OFFENSIVE	HATE	NEUTRAL	3	NO_MAJORITY	0	1.0
23184	نفاق اجتماعي سطحيه عميقه طبقيه تخلف مركب همجيه في النقاش عنصرية في الجنس تعصبيه في الراي مشاكل فهم عقائديه وتعقد نفسي مريب انقياد غربي مميت ضياع شخصي مخيف وتسئلون لما هذه الحاله؟؟ #اتحاد_مغردي_السودان	old_twitter	dehumanizing	OFFENSIVE	HATE	NEUTRAL	3	NO_MAJORITY	0	1.0
23198	ولاية الشام الخير بتوفيق الله تعالى، كمن جنود الخلافة لالية رباعية الدفع مزودة برشاش ثقيل للPKK المرتدين قرب حقل الصيجان النفطي في بادية ذيبان اول امس، بالاسلحة الرشاشة، ما ادى لمقتل ثلاثة عناصر واحراق الالية، واغتنم المجاهدون بندقيتين، ولله الحمد والمنة	war_corpus	religious_sectarian	OFFENSIVE	HATE	NEUTRAL	3	NO_MAJORITY	0	1.0
23222	شتان ما بين مقاوم اسلامي و مجرم ارهابي تكفيري ما بين الارض و السماء الوهابية السلفية اتباع السقيفة اشداء على المؤمنين رحماء مع الكافرين واقعهم فمن غفل عنه ذاق طعم خيانتهم و غدرهم و اجرامهم جبهة_المقاومة_الشعبية_العراقية	war_corpus	religious_sectarian	OFFENSIVE	NEUTRAL	HATE	3	NO_MAJORITY	0	0.776
23245	المجد والخلود لشهداء بلادي الذين ما لانوا للظلم وما استكانوا له الذين قدموا أرواحهم فداءا لهذا الوطن، ونحن إذ نعزي انفسنا أولا بمصابنا في فقدهم ونسأل الله أن يدخلهم مدخل رحمة ومغفرة وشفاعة.. ولذويهم الصبر والسلوان نرجو وعاش السودان حرا من طيغان الكيزان القتلة #مدن_السودان_تنتفض	old_twitter	violence_reporting	OFFENSIVE	HATE	NEUTRAL	3	NO_MAJORITY	0	1.0
23248	كيف تجعل أي ماركة كفار إسلامية في دقائق.	old_twitter	religious_sectarian	HATE	OFFENSIVE	NEUTRAL	3	NO_MAJORITY	0	0.671
23256	١-انت زول وهمي بتحارب الدين بحجة انك بتحارب تجار الدين ٣-في اية طويلة عريضة اسمها اية الحجاب امشي اقراها نرجع ل رقم واحد تاني لوشي عارفة الفوتوشوب الرخيص العاملو انت دا بالنسبة للفوتو شوب دا اسي فرقو نت صور صياح الخير شنو ٧-تسقط بس	old_twitter	revolution_terms	NEUTRAL	HATE	OFFENSIVE	3	NO_MAJORITY	0	1.0
23298	شعب يصنع ثورته بنفسه ارفع رأسك انت سوداني #تسقط_بس	old_twitter	revolution_terms	OFFENSIVE	HATE	NEUTRAL	3	NO_MAJORITY	0	1.0
23310	الله اكبر ولله الحمد قواتنا الباسلة تواصل تقدمها الحاسم، متوغلة في اخر محاور وسط شرق النيل، سيطرت على احياء الشليخة والنمر بحلة كوكو، وتتقدم الان لسحق ما تبقى من مرتزقة دقلو المعركة تقترب من نهايتها، والنصر باذن الله حتمي دعواتكم للابطال معركة_الكرام	war_corpus	violence_reporting	OFFENSIVE	HATE	NEUTRAL	3	NO_MAJORITY	0	1.0
23345	لقد استطعنا ان نجعل من شهر ابريل اكذوبة إلى حقيقة وقلناها بكلمات صارخه ومدوية الليله #تسقط_بس نعم ارينا العالم اجمعه ما حقيقتنا _الشعب السوداني وما حقيقتهم او كذبتهم الكيزان عام على اعتصام القياده العامه عام على ميلادنا الجديد عام على هويتنا الحق #القومه_للسودان	old_twitter	hate_political	OFFENSIVE	HATE	NEUTRAL	3	NO_MAJORITY	0	1.0
23352	شعبنا الجبار، نهيب بكل قطاعات المهنيين والقوى النقابية والثورية الحية في كل بقاع السودان الخروج للشوارع والمشاركة الفعالة في المواكب المليونية يوم الخميس 21 اكتوبر 2021 فلنجعل منها تدشينا لموجة شعبية عاتية تفتح درب الحكم المدني الديمقراطي الخالص	war_corpus	dehumanizing	OFFENSIVE	HATE	NEUTRAL	3	NO_MAJORITY	0	1.0
23370	#رتويت #غرد_كأنك_معتز_موسى سؤال: لو بكرة الكيزان ديل راحوا بثورة شعبية ولا اي وسيله ما ولنفترض لاغراض بحثية بحتة انه ال حيحكم بعديهم قرّر يعالج مشاكل الاقتصاد بتحرير سعر الصرف ومحاولة زيادة المنتوج المحلي الاجمالي (باختصار زي مقترح برنامج معتز موسى) ما موقفك؟!	old_twitter	hate_political	OFFENSIVE	HATE	NEUTRAL	3	NO_MAJORITY	0	1.0
23375	اسمع كويس الخرطوم_مقبرة_الجنجويد معركة_الكرامة جيش_واحد_شعب_واحد شارك رابط قناة الخرطوم مقبرة الجنجويد على التلغرام	war_corpus	violence_reporting	OFFENSIVE	HATE	NEUTRAL	3	NO_MAJORITY	0	0.695
23406	الصورة دي لي برهان لزوم المسرحية الكيزانية #اعتصام_القيادة_العامة #مدن_السودان_تنتفض	old_twitter	hate_political	OFFENSIVE	HATE	NEUTRAL	3	NO_MAJORITY	0	1.0
23412	#انتهاكات_الاجهزة_الأمنية ما هكذا يتم تنفيذ قانون الطوارئ!!! استخدام الرصاص الحي ومن مسافة قريبة علي المتظاهرين العزل في العباسية ولا انباء عن وجود اصابات حتي الأن. #تسقط_بس	old_twitter	violence_reporting	OFFENSIVE	HATE	NEUTRAL	3	NO_MAJORITY	0	1.0
23419	ما قادرة اتخيل ثوار وردية الليل الكانو معتصمين أول أيام و شافوا الموت ،احساسهم شنو لما يشوفوا في ناس جاية عشان تبرمج بس و تقول (كنداكة رقمك كم) الناس المستهترين ديل مستحيل يكونو شافوا رصاص ولا بمبان #تسقط_بس #اعتصام_القيادة_العامة #لم_تسقط_بعد	old_twitter	revolution_terms	NEUTRAL	HATE	OFFENSIVE	3	NO_MAJORITY	0	1.0
23422	مستحيل مستحيييل الا الاغلبية الزي نوعو دا	old_twitter	random_no_keyword	NEUTRAL	HATE	OFFENSIVE	3	NO_MAJORITY	0	1.0
23440	هو جزو كبير من الكيزان اسه كان شيوعي لكن	old_twitter	hate_political	OFFENSIVE	HATE	NEUTRAL	3	NO_MAJORITY	0	1.0
23445	القروش هي الوحيده البتستحق جمله الله يكثر من امثالك	war_corpus	random_no_keyword	NEUTRAL	OFFENSIVE	HATE	3	NO_MAJORITY	0	0.0
23486	أخرستوا كل الاكابر بدهاء ماكر شردتوا المناضل وأكثرتوا السلاسل هدمتوا الاساس كتمتوا الانفاس وبدون إحساس قتلتوا الناس جثمتوا على الصدور ملأتوا القبور سكنتوا القصور حرقتوا البخور فرحا وسرور جورا وغرور	old_twitter	violence_reporting	NEUTRAL	HATE	OFFENSIVE	3	NO_MAJORITY	0	1.0
23504	غاضبون بلا حدود عهدنا طيلة فترات الحرب انتهاكات شرذمة ميليشيا الدعم السريع من نهب ممتلكات المواطنين وترويع الابرياء والتنكيل بهم، ولكن من المضحك المبكي ان يمارس بعض من اذيالهم المشهود لهم مسبقا بالنهب والسرقة قبل الحرب، ان يمارسوا سرقات الغرض منها تشويه سمعة الكيان	war_corpus	violence_reporting	NEUTRAL	HATE	OFFENSIVE	3	NO_MAJORITY	0	1.0
23506	الطيران الحربي سلاح الجو السوداني يدمر منزل يتواجد به عدد ڪبير من المرتزقة بالقرب من مقابر بتري من ضمنهم قادة كبار	war_corpus	violence_incitement	OFFENSIVE	HATE	NEUTRAL	3	NO_MAJORITY	0	1.0
23508	#عصينا أمن أجل هذا تسعون خلف النظام وهذا أبسط ما جنت يد الطاغية #كلنا_نيرتتي	old_twitter	random_no_keyword	NEUTRAL	HATE	OFFENSIVE	3	NO_MAJORITY	0	0.0
23518	إختفاء تمويل طريق الانقاذ الغربى إختفاء خط هيثرو إختفاء جبل فى كسلا إختفاء بروفسير عمر هارون إختفاء الطفلة بانة اشهر الاختفاءات التى حدثت فى عهد الانقاذ. #تعرف_علي_الكيزان	old_twitter	threats	OFFENSIVE	HATE	NEUTRAL	3	NO_MAJORITY	0	1.0
23522	الناس كلها مشاكلها نسابتي وخروفي وعيالي	old_telegram	dehumanizing	OFFENSIVE	NEUTRAL	HATE	3	NO_MAJORITY	0	1.0
23539	راسهم ما بينجر شعار ،تسقط بس حقتنا	old_twitter	revolution_terms	NEUTRAL	HATE	OFFENSIVE	3	NO_MAJORITY	0	1.0
23567	الفدائي قال ليك نحنا دمرناها ليهم بطريقة جيده انتو حطمتو اسطورة المصفحات وسوقها تحيه لابطالنا في الفاشر نصركم الله وايدكم وسدد رميكم	war_corpus	violence_incitement	NEUTRAL	HATE	OFFENSIVE	3	NO_MAJORITY	0	1.0
23568	سهر الجداد ولا نوموا الازهري م الشفاتة عملوها بكرة الموكب #تسقط_بس #مليونية٦ابريل	old_twitter	revolution_terms	NEUTRAL	HATE	OFFENSIVE	3	NO_MAJORITY	0	0.0
23573	قال والي ولاية الجزيرة الطاهر ابراهيم، ان القوات المسلحة اقسمت ان تضع حدا لتواجد المرتزقة والمليشيات الارهابية بولاية الجزيرة وتلاحق كل من دعمها وساندها من الخونة والعملاء واضاف الوالي خلال تفقده الخطوط الامامية لقوات القطاع الغربي بالولاية، انه سيتقدم الصفوف الامامية لتحرير الولاية من دنس التمرد	war_corpus	hate_political	OFFENSIVE	HATE	NEUTRAL	3	NO_MAJORITY	0	1.0
23575	سنار، تاريخ المعارك والشجاعة،والسوكي، بؤرة البطولات والتضحية اليوم، تستعرض المحلية منصتها كمؤيدين للقوات المسلحة، وتعلن انضمام 18 الف مقاتل من حركة تمازج لدعمها وتعزيزها هذا القرار هو تعبير عن التضامن القوي والدعم القاطع، حيث يتجمعون للدفاع عن الوطن وحماية الامن والاستقرار جيش_واحد_شعب_واحد المقاومة_الشعبيةالمسلحة بل_بس	war_corpus	violence_reporting	OFFENSIVE	HATE	NEUTRAL	3	NO_MAJORITY	0	1.0
23582	لسببين خلق معركة جانبية بين نفي و تاكيد و إن كانت الورقةمزورة "فوتوشوب" فهي تتحدث عما حدث حقيقةبالتحليل البسيط للأحداث ، لأول مرة يصدق الكيزان في فعل وذلك لتدمير الثورة فقط #تسقط_بس #مدن_السودان_تنتفض #لم_تسقط_بعد #اعتصام_القيادة_العامة #تسقط_تاني	old_twitter	violence_reporting	OFFENSIVE	HATE	NEUTRAL	3	NO_MAJORITY	0	1.0
23591	#اعتصام_القياده_العامه #مدن_السودان_تنتفض ذكروا العسكرى ان نسى او تناسى بقطر عجيب يخم ما بيجيب فهو رمز الاضراب الشامل ساحق ماحق وكل الشافو عرف الموت	old_twitter	revolution_terms	NEUTRAL	HATE	OFFENSIVE	3	NO_MAJORITY	0	0.0
23614	الموت البركب فينا يمين شمال دا ما بغشى الجماعة ديل مالو!!! بالجد "هو في رئيس بيموت يا باشا"	old_twitter	violence_reporting	NEUTRAL	HATE	OFFENSIVE	3	NO_MAJORITY	0	0.0
23617	ربنا لا تؤاخذنا ان نسينا او اخطانا ربنا ولا تحمل علينا اصرا كما حملته على الذين من قبلنا ربنا ولا تحملنا ما لا طاقة لنا به واعف عنا واغفر لنا وارحمنا انت مولانا فانصرنا على القوم الكافرين البقرة 286	war_corpus	religious_sectarian	OFFENSIVE	HATE	NEUTRAL	3	NO_MAJORITY	0	1.0
23632	موكبنا موكب نور للثورة والحرية، لعدالة في الواقع، كرامة في الشارع، حرية للتعبير، و مساواة بدون تمييز، لا قبيلة تحكمنا او جهوية تقييدنا، يسودنا القانون لاكبير يفلت من عقاب ولا صغير حقو يضيع #موكب6ابريل #تسقط_بس #مدن_السودان_تنتفض	old_twitter	threats	OFFENSIVE	HATE	NEUTRAL	3	NO_MAJORITY	0	1.0
23639	و من تجاربي الشخصية الكتيرة معاهم اغلب الناس ديل عمالة شريفة و أمينة و جايين بلدنا الزبالة دي للقمة الحلال دايما في الصالح و الطالح و النفوسهم ضعيفة في اي شعب، بتحكي اقتصادك من السلوكيات دي بالقانون، و انت اصلا ما عندك قانون فمتوقع شنو يعني!؟	old_twitter	hate_political	HATE	NEUTRAL	OFFENSIVE	3	NO_MAJORITY	0	0.734
23680	جغم قائد صالحة ٠وجغم عربيته مبروك يا جيش الشقلة _تحرير 15 اسرة كانت محاصرة من المليشيا المتمردة تابعونا على الرابط قناة التلغرام _ قناة الواتساب	war_corpus	hate_political	OFFENSIVE	HATE	NEUTRAL	3	NO_MAJORITY	0	1.0
23684	اولا عاوزين يلهونا بفك الاعتصام ونقعد عاوزين يفكو الاعتصام وما عاوزين يفكو الاعتصام م حيتفك لو الناس رجعو اسر الشهداء م حيرجعوا الناس تكتر مطالبها الكيزان وين عاوزين نشوفهم جوه السجن #تسقط_بس #اعتصام_القيادة_العامه	old_twitter	hate_political	OFFENSIVE	HATE	NEUTRAL	3	NO_MAJORITY	0	1.0
23688	افجغ دعامي بل شديد لي الله طوالي جيش_واحد_شعب_واحد المقاومة_الشعبية_المسلحة اعلان_حالة_الطؤاري_ولاية_الخرطوم التعبئة_العامة_ولاية_الخرطوم المقاومة_الشعبية_المسلحة_ولاية_الخرطوم	war_corpus	hate_political	OFFENSIVE	HATE	NEUTRAL	3	NO_MAJORITY	0	1.0
23720	عااجل الان شارع السيد عبدالرحمن موكب الصحفيين غير المعلن المطالب بسقاط النظام #تسقط_بس	old_twitter	hate_tribal	OFFENSIVE	HATE	NEUTRAL	3	NO_MAJORITY	0	1.0
23752	ياطالع الثوره يلاك للشارع يوم يوم القاك خلي الهتاف ساطع اهتف وخلي الخوف اهتف شنو المانع؟ اهتف وعلي الصوت اوعاك تكون خاضع دم الشهيد في البال خليهو ليك دافع #تسقط_بس #مليونية_٦ابريل	old_twitter	violence_reporting	NEUTRAL	HATE	OFFENSIVE	3	NO_MAJORITY	0	1.0
23766	الردمية: نقطع التجمع الردمية المحطة القديمة مواكب الردمية والشقلة ثم إلى لفة الردميه لتلتحم بمواكب الوحدة ثم صيدلية أبو مقداد ثم إلى مدرسة عبد الله ومنها غرباً إلى ميدان الكهرباء الفيحاء (الكفاح) الكلس: التجمع في مسجد خطاب ومنه إلى ميدان الكفاح أو الكهرباء #مليونيه_القصاص_العادل	old_twitter	profanity	OFFENSIVE	HATE	NEUTRAL	3	NO_MAJORITY	0	1.0
23775	ما العمل مع حميدتي؟ لو حاولنا نفكك الدعم السريع حيتمرد، لو اتغاضينا عنو حيطمع.	old_twitter	hate_political	NEUTRAL	HATE	OFFENSIVE	3	NO_MAJORITY	0	0.0
23802	أها يعني ح يغزوا المنازل و يجمعوا الغنائم؟!! #تسقط_بس	old_twitter	revolution_terms	NEUTRAL	HATE	OFFENSIVE	3	NO_MAJORITY	0	0.0
23807	البعض يكون مسلما ً أحياناً و غير مسلم في الاحيان الاخرى لا يريد للإسلام أن يتحكم بكامل حياته بإسم الحرية محمد سيد حاج	old_twitter	profanity	OFFENSIVE	HATE	NEUTRAL	3	NO_MAJORITY	0	1.0
23812	انت لو راجل وشمالي اطلع مشاه وتعال داوس دا ما جيش داوس بي تحت موت وانت مضروب من قدام ما تموت وانت مضروب من وراء او تتلبت زي اختك وحافر خندق وتقتل المواطن بي المسيرات والطيران وتقول انت راجل الرجال ناس الدعم السريع	war_corpus	violence_reporting	NEUTRAL	HATE	OFFENSIVE	3	NO_MAJORITY	0	1.0
23818	ربنا لا تؤاخذنا ان نسينا او اخطانا ربنا ولا تحمل علينا اصرا كما حملته على الذين من قبلنا ربنا ولا تحملنا ما لا طاقة لنا به واعف عنا واغفر لنا وارحمنا انت مولانا فانصرنا على القوم الكافرين	war_corpus	religious_sectarian	OFFENSIVE	HATE	NEUTRAL	3	NO_MAJORITY	0	1.0
23845	من كتاب الإنداية الفصل الثاني أصناف المريسة وأحوال السكارى. أها ناس الإنقاذ ديل بدو عهدهم ب( التور كبس ووصلو مرحلة (الجمل برك)!! يتفاصحوا ساي وما قادرين يقيفوا علي حيلهم! ؛ #تسقط_بس #موكب5أبريل #موكب6أبريل	old_twitter	dehumanizing	NEUTRAL	HATE	OFFENSIVE	3	NO_MAJORITY	0	0.0
23856	المفتش العام لحركة جيش تحرير السودان قيادة عبد الواحد محمد احمد النور يعلن انشقاقة من الحركة ويؤكد وقوفه مع الشعب السوداني ولا حياد في ظل هذا التدخل السافر في الشان السوداني والجرائم التي ترتكبها المليشيا بحق شعبنا ٠	war_corpus	hate_tribal	OFFENSIVE	HATE	NEUTRAL	3	NO_MAJORITY	0	1.0
23875	شباب ركزوا علي صفحات الدويله عندها صفحات كثيره شغل سياحه وغيرو عايزين نعمل ليهم غزو اسفيري و اي زول فيكم عارف ليهو صفحه لي الدويله نزلوها في التعليقات عايز نبلهم	war_corpus	threats	NEUTRAL	HATE	OFFENSIVE	3	NO_MAJORITY	0	1.0
23901	الكيزان ظالمين ولا ما ظالمين	old_twitter	hate_political	OFFENSIVE	NEUTRAL	HATE	3	NO_MAJORITY	0	1.0
23910	هذه اللحظة العصيبة والفارقة موقف يؤكد انحيازها للاءات الشارع الثلاث لاتفاوض لاشراكة لاشرعية بالغاء كل خطوات التفاوض مع العساكر والانحياز للشارع ومطالبه لتؤكد الحرية والتغيير المجلس المركزي تمسكها بمواقف سبقتها مواقف شبيهة بعد مجزرة فض الاعتصام وتواصلت في الفترة	war_corpus	dehumanizing	OFFENSIVE	HATE	NEUTRAL	3	NO_MAJORITY	0	1.0
23911	#مدن_السودان_تنتفض #موكب14مارس "كيف قتلوا المعلم, بياتو قوة عين ودّوهو لأهلو؟" من تظاهرة معسكر أبو شوك للنازحين في الفاشر الآن (الخميس مارس), يطالبون برحيل نظام القهر والإفقار #تسقط_بس	old_twitter	revolution_terms	NEUTRAL	HATE	OFFENSIVE	3	NO_MAJORITY	0	1.0
23923	اختلف معاي مامشكلة لكن تختلف معاي لصالح المجلس العسكري الاجرامي مابخليك بعمل معاك اقصاء طوالي بدون اي اثنين ثلاثه خليك ضد المجلس العسكري واختلف معاي مامشكلة	old_twitter	revolution_terms	NEUTRAL	HATE	OFFENSIVE	3	NO_MAJORITY	0	1.0
23929	ف المنطقه X الدعامه كان عندهم عرس ومتجمعين المسيره استهدفت فقط عربيه العريس الدعامي كلموو شهر العسل قودام دنيا زايلي تابع قناة القوات المسلحة السودانية	war_corpus	hate_political	OFFENSIVE	HATE	NEUTRAL	3	NO_MAJORITY	0	1.0
23938	البوينت، اوعوا شوية للحاجات البقيتو تنشروها، بعد شوية الناس حتستبيح القتل وحيجي واحد يقول ليك كيفي وحريتي الشخصية ما تبقوا عُبطة ساي	old_twitter	violence_reporting	NEUTRAL	HATE	OFFENSIVE	3	NO_MAJORITY	0	1.0
24009	وصدها ما كانت تعبد من دون الله انها كانت من قوم كافرين	war_corpus	religious_sectarian	OFFENSIVE	NEUTRAL	HATE	3	NO_MAJORITY	0	1.0
24016	الاشاوذ غطوا مدخل كبري حنتوب بالحاويات استعدادا لمقدم المرافعين وهناك مفاجاة تنتظرهم ب اذن الله خلوها في سركم حا تشوفوها بيان بالعمل وما حا تصدقونا لانكم ما شفتوها الا في افلام هوليوود بالذات العامل متل الشيطان الرجيم بعويناتو المدفنات داك المرافعين فووووووق الله غالب	war_corpus	dehumanizing	OFFENSIVE	NEUTRAL	HATE	3	NO_MAJORITY	0	1.0
24027	شفتك في القياده شكلك هاديء و مريح جدآ♡♡	old_twitter	violence_incitement	HATE	NEUTRAL	OFFENSIVE	3	NO_MAJORITY	0	1.0
24052	لن أطمح لبتاع التوسان سأكون أنا سايقة التوسان الما خمج	old_twitter	random_no_keyword	NEUTRAL	OFFENSIVE	HATE	3	NO_MAJORITY	0	1.0
24053	الجيش السوداني يواصل التوغل في صالحة ويطارد فلول المليشيا للمزيد من الاخبار تابع قناة الخرطوم مقبرة الجنجويد على واتساب عبر الرابط الخرطوم_مقبرة_الجنجويد	war_corpus	hate_political	OFFENSIVE	HATE	NEUTRAL	3	NO_MAJORITY	0	0.587
24066	ثريد طويل خلاصته انو ناس المناصير هم الغلطانين والاولاد الماتو ذنبهم في رقبة اهلهم اهم شي في الثريد دا هو مصدر المعلومة القوي الموثوق شديد المعصوم من الخطأ والد كاتبة الثريد	old_twitter	threats	NEUTRAL	HATE	OFFENSIVE	3	NO_MAJORITY	0	1.0
24069	عشان كده لازم تسقط #تسقط_بس	old_twitter	revolution_terms	NEUTRAL	HATE	OFFENSIVE	3	NO_MAJORITY	0	1.0
24078	هلاك الجرذ عمر هجانه قائد مجموعة جرذان محور المناقل تم قتل خمسه من مرافقيه بواسطة ابطال الحداحيد وتم اسر جرذ وتسليمه للمناقل ايضا تم غنم مركبة قتاليه لاندكروزر موديل 2023	war_corpus	dehumanizing	OFFENSIVE	HATE	NEUTRAL	3	NO_MAJORITY	0	1.0
24090	(حرفيا الاخوان احلي حاجه في الدنيا)	old_telegram	hate_political	NEUTRAL	HATE	OFFENSIVE	3	NO_MAJORITY	0	1.0
24107	كلمات الفدائي الروح دي طالمه حية نحن حين والله الله اكبر بلد فيها رجال زي ديل ما بنشيل همها تقوم بالسلامة يا فدائي بل_بس	war_corpus	humanitarian	NEUTRAL	HATE	OFFENSIVE	3	NO_MAJORITY	0	1.0
24128	ولاية خراسان بتوفيق الله تعالى، استهدف جنود الخلافة عنصرا من ميليشيا طالبان المرتدة بمنطقة كامه في ننجرهار ، بالاسلحة الرشاشة، ما ادى لمقتله واغتنام بندقيته، ولله الحمد والمنة	war_corpus	religious_sectarian	OFFENSIVE	HATE	NEUTRAL	3	NO_MAJORITY	0	1.0
24145	من غير العادل أن تهجرني في خضم الأزمة ، أعِدك أنك لن تكون بجانبي حين ينبُت الجمال في روحي من جديد.	old_twitter	violence_incitement	HATE	NEUTRAL	OFFENSIVE	3	NO_MAJORITY	0	1.0
24232	قوات الدعم السريع تقود مساعي عبر الادارة الاهلية بقرية التكينة لافشال مخطط استخبارات الفلول بالمنطقة The RSF exerts significant efforts through the Civil Administration mediator in al Tikeina to fail the scheme of the remnants military intelligence in the area معركة_الديمقراطية حراس_الثورة_المجيدة	war_corpus	hate_political	OFFENSIVE	HATE	NEUTRAL	3	NO_MAJORITY	0	1.0
24241	قحت بدت تفصح عن شراكتهم للمليشيا، وبدا يظهر شغلهم للعلن ورشة مشتركة بين قحت المركزي والدعم السريع في العاصمة لومي لدولة توغو غرب افريقيا مشارك فيها نصر الدين عبدالباري ومحمد حسن التعايشي ويوسف عزت مستشار الدعم السريع وبعد دا يجيك واحد مخموم من حزبه ومصدق لا للحرب منقول	war_corpus	hate_tribal	OFFENSIVE	HATE	NEUTRAL	3	NO_MAJORITY	0	1.0
24265	تاني اصعب معاملة بعد الكيزان المعاملة مع الاهل	old_telegram	hate_political	OFFENSIVE	HATE	NEUTRAL	3	NO_MAJORITY	0	1.0
24284	بعد التشاور مع لجان المقاومة والقطاعات الشعبية المختلفة بشعار حل حزب المؤتمر الوطني واقالة رموز النظام والوقوف في جبهة موحدة من اجل تصفية الفساد والارهاب تطبيق_العداله_الانتقاليه تحديات_الفتره_الانتقاليه	war_corpus	gender_hate	OFFENSIVE	HATE	NEUTRAL	3	NO_MAJORITY	0	1.0
24288	الله اكبر ولله الحمد الطيران الحربي يفرض حظر تجوال من الاجواء في النيل الابيض و يدمر رتل من 10 عربات قتاليه كاملة التسليح و عربات مدنيه اخرى و اسعاف مرافق للرتل كانت تستغلها الملايش في نقل المصابين و التشوين بالقرب من القطينه حي الله الجويه و نسورها رائد اسامه	war_corpus	violence_incitement	OFFENSIVE	HATE	NEUTRAL	3	NO_MAJORITY	0	1.0
24290	جماهير الشعب السوداني ترفض وتقاوم الانقلاب العسكري ثوار مدني، توزيع اكثر من ٣٠٠٠٠ قصاصة دعائية للاعلان عن العصيان_المدني_الشامل والدعوة الى مليونية30اكتوبر مدني، الجزيزة 27 اكتوبر 2021 انتهاكات_ومجازر_الانقلابيين	war_corpus	violence_reporting	OFFENSIVE	HATE	NEUTRAL	3	NO_MAJORITY	0	1.0
24291	مليشيات الدعم السريع من الرزيقات اشتبكو مع المرتزقة الجنوبين الدعامه في ظلط العليفون جم دكان اسماعيل كسلا ماتو 3 من الرزيقات ومات مواطن ببيع عصير هناك في الظلط جياشي وكارب قاشي	war_corpus	hate_political	OFFENSIVE	HATE	NEUTRAL	3	NO_MAJORITY	0	1.0
24331	البوابة الاخبارية بالفيديو اول مجموعة تتمرد بعد ساعات من خطاب قائد ثاني المليشيا عبدالرحيم دقلو بسبب مطالبتهم بحقوقهم وعدم تعويض الالاف من اهالي القتلى السودان	war_corpus	hate_tribal	OFFENSIVE	HATE	NEUTRAL	3	NO_MAJORITY	0	1.0
24335	قناعتي ب انو قادة الحركات المسلحة كلهم ما عندهم مبدأ و قضية حتفضل راسخه و بتتزايد	old_twitter	random_no_keyword	NEUTRAL	HATE	OFFENSIVE	3	NO_MAJORITY	0	0.0
24354	لجان المقاومة في فلسطين سقطة جديدة ومبايعة علنية لميثاق الانتماء الوطني، بعد الاعلان عن وصول السفير البحريني الى كيان الاحتلال وتولي مهامه رسميا، ضاربة البحرين كل القيم والاخلاق والثوابت بعرض الحائط، ومشرعة لكل ممارسات العدو وانتهاكاته المستمرة بحق الفلسطينيين ومقدساتهم وارضهم	war_corpus	violence_reporting	NEUTRAL	HATE	OFFENSIVE	3	NO_MAJORITY	0	1.0
24363	من كان جزء من الازمه السياسيه الاقتصاديه لايمكن ان يكون جزء من الحل من ساهم في تفكيك مقدرات البلاد الاقتصاديه وصمت عن رهن الموارد للاجنبي ليس جديرآ باالائتمان نحن نثق بحق بحق اهلنا في النظام ابمدني اكثر من ثقه المؤسسه العسكريه بنفسها #اعتصام_القياده_العامه #مدن_السودان_تنتفض	old_twitter	profanity	NEUTRAL	HATE	OFFENSIVE	3	NO_MAJORITY	0	0.0
24370	وما كان قولهم الا ان قالوا ربنا اغفر لنا ذنوبنا واسرافنا في امرنا وثبت اقدامنا وانصرنا على القوم الكافرين لله در اولئك الكبار لم يشغلهم بريق السيوف عن هموم ذنوبهم	war_corpus	religious_sectarian	OFFENSIVE	NEUTRAL	HATE	3	NO_MAJORITY	0	1.0
24399	يا بائع الأوطان... متر الوطن بي كم...؟ يا سافك الدماء... دم الشهيد...؟! #حكومه_الجن_تسقط_بس	old_twitter	violence_reporting	NEUTRAL	HATE	OFFENSIVE	3	NO_MAJORITY	0	1.0
24430	قبيل لاقتني الخمسة جنية دي فيها رسالة م فهمتها صراحة لكين احب اشكر المرسل و اقول لي رسالتك وصلتني و #تسقط_بس	old_twitter	revolution_terms	NEUTRAL	HATE	OFFENSIVE	3	NO_MAJORITY	0	0.0
24437	الله يلعن عدم العربيه بس	old_twitter	random_no_keyword	NEUTRAL	HATE	OFFENSIVE	3	NO_MAJORITY	0	1.0
24451	معتصمين حتي نستقبل رمضان من دون كيزان #مدن_السودان_تنتفض	old_twitter	hate_political	OFFENSIVE	HATE	NEUTRAL	3	NO_MAJORITY	0	1.0
24452	بوركتم بوركتم ايها الابطال تقدموا تقدموا الهمة الهمة يا فرسان الوغى الهمة الهمة ايها الابطال واعلموا ان الله ناصركم طالما انكم تقاتلون لاعلاء كلمة الله يا اهلنا في كل مكان دعاؤكم للمجاهدين فانهم يخوضون معارك مع العدو الشيخ عبد الرزاق المهدي	war_corpus	gender_hate	OFFENSIVE	HATE	NEUTRAL	3	NO_MAJORITY	0	1.0
24466	والي نهر النيل الانجازات تحويل منزلة الى فلة انشاء عمارة من اربعة طوابق المنزل الثاني شراء عدد من المزارع تدار بواسطة ابنة شراء سيارة فارهه لابنة تعين عدد من اقاربه في مناصب مختلفة والاهم اكبر سمسار كرته في السودان ود الكلاكلة	war_corpus	hate_political	HATE	OFFENSIVE	NEUTRAL	3	NO_MAJORITY	0	0.842
24477	افتكرتها تبذة في البداية المهم سنين من العذاب	old_twitter	violence_incitement	HATE	NEUTRAL	OFFENSIVE	3	NO_MAJORITY	0	1.0
24483	يكفيك من النعم كلها ان تصبح على فطرة الاسلام، بينما غيرك يحوم في ازقات الكفر والضلال الحمد لله	war_corpus	humanitarian	NEUTRAL	HATE	OFFENSIVE	3	NO_MAJORITY	0	1.0
24492	ياكنا عزتو يا القبر سودانا ما فرجة شموت	war_corpus	violence_reporting	NEUTRAL	HATE	OFFENSIVE	3	NO_MAJORITY	0	1.0
24564	عبدالرحيم دقلو يعين د عثمان السيد عمر عباس ود توتي القيادي الاسلامي مدير الوحدة الهندسية بالقصر الجمهوري في عهد البشير عضو في المكتب الاستشاري للمليشيا المتمرده هاك الحرب ضد الكيزان والفلول دي _انضم لقناة قوات الشعب المسلحة علي تلغرام عبر الرابط	war_corpus	hate_political	OFFENSIVE	HATE	NEUTRAL	3	NO_MAJORITY	0	0.528
24566	صورة من المجزرة اللتي ارتكبتها القوات المسلحة في حق قوة المرتزقة الهاربة من الملازمين والاذاعة	war_corpus	hate_political	OFFENSIVE	HATE	NEUTRAL	3	NO_MAJORITY	0	1.0
24590	تسلم كتير علي وقفتك معانا #تسقط_بس	old_twitter	violence_incitement	HATE	NEUTRAL	OFFENSIVE	3	NO_MAJORITY	0	1.0
24591	العسكرية الاخرى من تعذيب يهدف لكسر ارادة الثوار، بغض النظر عن القدر كبير من الالام العقلية المترتبة على ذلك ترى حملة سودان_حر ان استخدام حزم التعذيب النفسي والحرمان المؤدي للترهيب والهلوسة، كافي لاثارة القلق حول مصير المعتقلين السياسيين من الثوار واعضاء لجان المقاومة،	war_corpus	threats	OFFENSIVE	HATE	NEUTRAL	3	NO_MAJORITY	0	1.0
24597	لم ينج أحد من تلك المجزرة فمن لم يمت جسده، ماتت روحه.. #تسقط_بس	old_twitter	revolution_terms	NEUTRAL	HATE	OFFENSIVE	3	NO_MAJORITY	0	1.0
24603	محمد حمدان دقلو حميرتي اخوان رجعنا حمدوك عشان نتفادى الحظر والعقوبات الدولية سنعبر	war_corpus	dehumanizing	OFFENSIVE	HATE	NEUTRAL	3	NO_MAJORITY	0	0.518
24627	بلغة المخابرات، هم نوعان كما أشرت: جاسوس وفي هذه الحاله يكون منظم تابع لجهاز الأمن مباشرة مصدر وهو غير منظم بل مستغل بالانواع التي ذكرتها، وهنا حتى الكوز يعتبر مصدر وهم الاسهل في التجنيد لقصر بصيرتهم واقتناعهم مسبقا بقضيه وهميه الوسائل تكون إما ابتزاز، ترهيب أو ترغيب ثريد جيد	old_twitter	hate_political	OFFENSIVE	HATE	NEUTRAL	3	NO_MAJORITY	0	1.0
24650	اول مره اعرف انو براد الصيني بتختى في النار صارحه انا مفتكرو زينه بس لانو من يوم وعيت على الدنيا دي هو في الرف ما نزل	old_twitter	violence_incitement	HATE	NEUTRAL	OFFENSIVE	3	NO_MAJORITY	0	1.0
24686	نداء عاجل أيها الشعب السوداني الحر الأبي ، بحق كل قطرة دم زكية اريقت على هذا التراب لكي نحيا بعزة و كرامة ، نناشدكم بالخروج فورا الى ساحات الاعتصام بالقيادة العامة للقوات المسلحة فساعة النصر أقرب من أي وقت مضى #مدن_السودان_تنتفض #اعتصام_القياده_العامه	old_twitter	revolution_terms	OFFENSIVE	HATE	NEUTRAL	3	NO_MAJORITY	0	1.0
24702	انا جيت القروب دا وانا جيش وانا مع الجيش السوداني وانا دولة ٥٦ انا كوز انا مسلم انا سوداني و الراجل اقول حاجه	war_corpus	hate_political	OFFENSIVE	HATE	NEUTRAL	3	NO_MAJORITY	0	1.0
24707	وهل اطلعت علي الغيب ام تعلم خبايا الانفس و الدواخل؟ لماذا تفترضون في كل سوداني يعارض التدخل في الشان السوداني الداخلي محسوبا علي الاخوان وقطر؟ في الاصل لماذا تقحمون السودانيين في خلافاتكم السياسيه لانقبل ان تكون بلادنا ساحه تصفيه حسابات اعتقنا من هذا الهرج #مدن_السودان_تنتفض	old_twitter	threats	NEUTRAL	HATE	OFFENSIVE	3	NO_MAJORITY	0	0.0
24727	صرتُ كثيرا، كأني جميعهم أولئك الذين خسروا كأني أقودُ جيشا باسلا من الخاسرين. عبدالعظيم فنجان	old_twitter	hate_tribal	OFFENSIVE	NEUTRAL	HATE	3	NO_MAJORITY	0	1.0
24751	يظهر اسفل الصورة اخو علي يعقوب تم جغمه اليوم في معارك الفاشر واعلى الصورة يظهر علي يعقوب قرن شطة تم جغمهم في وقت سابق مشتركة فوق فاشر	war_corpus	gender_hate	OFFENSIVE	HATE	NEUTRAL	3	NO_MAJORITY	0	1.0
24752	يا جيش التبرعات دي كنا بنتمها في ساعه لحدي اسي الحوجه دي م تمت همتكم معانا الحوجه لي مرا نازحه ومعاها اولادها عاوزين ليهم دفايتين سعرهم 50الف همتكم معانا وفي ميزان حسناتكم	war_corpus	violence_reporting	HATE	NEUTRAL	OFFENSIVE	3	NO_MAJORITY	0	1.0
24756	شرق النيل الجيش عبر مسيره يستهدف ويقصف ويدك ارتكاز مليشيات الدعم السريع بشرق النيل شارع واحد تقاطع العمال تابعونا على الرابط قناة التلغرام _ قناة الواتساب	war_corpus	violence_reporting	OFFENSIVE	HATE	NEUTRAL	3	NO_MAJORITY	0	1.0
24786	في العالم الموازي الرشيد بدوي عبيد يتعهد بحلق شعره إذا الرابطة كوستي شال الدوري	old_twitter	hate_tribal	HATE	NEUTRAL	OFFENSIVE	3	NO_MAJORITY	0	0.673
24793	المنور وكالماء للشوكولاتة قاعدات عند بوكتينو افتكر	old_twitter	violence_incitement	HATE	NEUTRAL	OFFENSIVE	3	NO_MAJORITY	0	1.0
24803	اعداد ضخمة من مرتزقة مليشيات الدعم السريع الارهابية قد اقتحمت محطة ضخ البترول رقم 4 في منطقة العيلفون بشرق النيل يتحصنون هناك بعد تصاعد وتيرة هجمات قواتنا على المنطقة، باستخدام المسيرات والمدفعية والطيران	war_corpus	hate_political	OFFENSIVE	HATE	NEUTRAL	3	NO_MAJORITY	0	1.0
24805	لاقيت زولة من النيل الازرق قالت لي انو لحدي يوم ابريل ....يعني قبل يومين من موكبنا الخاسم كانت طيارات الانتنوف التابعة للجيش الهسي داير يتغلغل في السلطة..كانت حايمة و بترعب في المواطنين. تسقط ثالث دا واجب اخلاقي عديل كدا	old_twitter	hate_tribal	OFFENSIVE	HATE	NEUTRAL	3	NO_MAJORITY	0	1.0
24814	الفرقة الخامسة مشاة الهجانة الابيض تطارد المليشيا المتمردة وتكبدهم خسائر فادحة في المعدات والافراد وتستلم عددا من المركبات القتالية والاسلحة الاربعاء ١٦ اغسطس ٢٠٢٣م جيش_واحد_شعب_واحد دحر_المليشيا معركة_الكرامة	war_corpus	hate_political	OFFENSIVE	HATE	NEUTRAL	3	NO_MAJORITY	0	1.0
24824	شعبا مرق ساب البيوت ما عنده رجعة الا البيوت تلقى الخلاص المواكب المليونية في 30 نوفمبر 2021 من اجل اسقاط الانقلابيين، وانتزاع السلطة الوطنية المدنية الانتقالية الكاملة عبر الشرعية الثورية للقوى الثورية القاعدية المؤمنة بالتغيير الجذري واهداف ثورة ديسمبر المجيدة مليونية30نوفمبر	war_corpus	hate_political	OFFENSIVE	HATE	NEUTRAL	3	NO_MAJORITY	0	1.0
24840	بنبلك وبنبل برهان بتاعكم يا عملاء ورينا انتا بتاع ياتو دولة عشان نقيم اذا حنبلكم بل اسلامي ولا علماني؟	war_corpus	religious_sectarian	NEUTRAL	OFFENSIVE	HATE	3	NO_MAJORITY	0	0.576
24842	صمود واستبسال المعتصمين هو ماحفز افراد القوات البحرية للدفاع عنهم،على جميع افراد الشعب السودانى النزول الى الشوارع انتزاعا لحقوقهم من هذا النظام الساقط. #اعتصام_القيادة_العامة	old_twitter	profanity	OFFENSIVE	HATE	NEUTRAL	3	NO_MAJORITY	0	1.0
24849	حبيبي انا ما سفتك تاني جوا	old_twitter	violence_incitement	HATE	OFFENSIVE	NEUTRAL	3	NO_MAJORITY	0	1.0
24851	شكرا المجلس العسكري لانك حترجع الشباب لاهداف ثورتنا ونبطل انصرافيه #تسقط_بس	old_twitter	revolution_terms	NEUTRAL	HATE	OFFENSIVE	3	NO_MAJORITY	0	0.0
24853	اللهم النصر والثبات هجمة مرتدة سريعة ام القرى عبد الله حسين الشفشافي تعال سوق اولادك وعربيتك	war_corpus	religious_sectarian	OFFENSIVE	NEUTRAL	HATE	3	NO_MAJORITY	0	1.0
24860	قائد ثاني المليشيا عبدالرحيم دقلو يظهر بساعة بقيمة 45 الف دولار من ولاية جنوب دارفور، ويهدد بالهجوم على الولاية الشمالية السودان	war_corpus	violence_reporting	OFFENSIVE	HATE	NEUTRAL	3	NO_MAJORITY	0	1.0
24883	قل يا ايها الكافرون ۝ لا اعبد ما تعبدون ۝ ولا انتم عابدون ما اعبد ۝ ولا انا عابد ما عبدتم ۝ ولا انتم عابدون ما اعبد ۝ لكم دينكم ولي دين۝	war_corpus	religious_sectarian	OFFENSIVE	HATE	NEUTRAL	3	NO_MAJORITY	0	1.0
24897	اشاوس شمال دارفور سنقدم الشهيد تلو الشهيد فاما سننتصر لقضية شعبنا او نستشهد كما استشهد الابطال RSF North Darfur soldiers We will offer martyr after martyr we shall win our people s cause or join the ranks of heroes who gave their lives before us معركة_الديمقراطية حراس_الثورة_المجيدة	war_corpus	violence_reporting	OFFENSIVE	HATE	NEUTRAL	3	NO_MAJORITY	0	1.0
24925	بالله لمن تمشو ضيوف عند ناس ماتقعدو اكتر من خمسه دقايق اما الناس الببيتو ديل حقو يطعنوهم ده مازمن ضيوف ياخ اي زول يترزع في بيتو	war_corpus	random_no_keyword	NEUTRAL	HATE	OFFENSIVE	3	NO_MAJORITY	0	1.0
24931	يا وطنيين امشو صفحة صرفة وادعموهو بالطريقة دي	war_corpus	random_no_keyword	NEUTRAL	HATE	OFFENSIVE	3	NO_MAJORITY	0	1.0
24934	#العلمانية_تسقط_بس... على اساس ان #البشير كان منتمي للتيار العلماني مثلا؟... مفيش فايدة في #التيار_الاسلامي... شغلته بث الفرقة لهدم ثورات الشعوب	old_twitter	religious_sectarian	NEUTRAL	HATE	OFFENSIVE	3	NO_MAJORITY	0	1.0
24960	اللهم أحفظ السودان في سلة المهملات..	old_twitter	random_no_keyword	NEUTRAL	HATE	OFFENSIVE	3	NO_MAJORITY	0	1.0
24989	اتحاد الشباب يوزع شنطة عدة فيها زردية ومفكات لاستقرار الشباب والاسبوع الفات خامين الاماراتين فى كورينثيا. #محن_كيزانية	old_twitter	hate_political	OFFENSIVE	HATE	NEUTRAL	3	NO_MAJORITY	0	1.0
24999	زعيم النهب المسلح مناوي وجبريل المرتزقة قالوا عايزين يحررو جبال النوبة من قبضة الحركة الشعبية والطرطور مصطفى طمبور قال عايز يحرر الفاشر من حركات الطاهر حجر والهادي ادريس ونمر	war_corpus	violence_reporting	OFFENSIVE	HATE	NEUTRAL	3	NO_MAJORITY	0	1.0
25042	وموقفي ثابت إلى الآن. لا لتقاسم السلطة مع القتلة حا أظل متمسك بمبدا المقاومة السلمية لا المساومة والخضوع للعسكر تصعيد سلمي بالمواكب ، التظاهرات ،الإضراب العام الخ مافي علاقة بين مبدئي وبين العنف الممنهج والكلام الإنت بتقول فيو الحدث مفتعل من قبل مندسين وفي شهود	old_twitter	hate_political	OFFENSIVE	HATE	NEUTRAL	3	NO_MAJORITY	0	1.0
25051	اخبار معركة الكرامة تقدم ملحوظ للقوات المسلحة في العمليات بعدد من احياء مدينة امدرمان بدعم من الطيران الحربي وتراجع لقوات الدعم السريع الطيران يقصف مساء اليوم تجمعات لقوات الدعم السريع بسوق غندهار غرب امدرمان ويدمر عدد من الشاحنات تحمل اسلحة ووقود معركة_الكرامة شعب_واحد_جيش_واحد الخرطوم_مقبرة_الجنجويد	war_corpus	violence_reporting	OFFENSIVE	NEUTRAL	HATE	3	NO_MAJORITY	0	0.695
25057	ده مصيرك يامتمرد عينك فوقو تركب فوقو	war_corpus	threats	NEUTRAL	HATE	OFFENSIVE	3	NO_MAJORITY	0	1.0
25071	قداااااام تسقط بس ي نيققا	old_twitter	revolution_terms	NEUTRAL	HATE	OFFENSIVE	3	NO_MAJORITY	0	1.0
25090	هد هد القصر هو ميمون ابو الدوشكا اللي حرق خيم الاعتصام وقرى دارفور السلام خليك عاقل ي ميمون ولا تسويها مرة ثانية ولو سويتها كانك ي ابوزيد ما غزيت	war_corpus	humanitarian	NEUTRAL	HATE	OFFENSIVE	3	NO_MAJORITY	0	1.0
25092	حركة المقاومة الشعبية ندعو جماهير شعبنا الفلسطيني في مخيم جنين وكافة مدن الضفة الباسلة الى الالتحام مع اخوانهم من رجال المقاومة الاطهار وتوفير الحماية لهم والذود عنهم، واشعال الارض من تحت اقدام العدو وجنوده	war_corpus	profanity	OFFENSIVE	HATE	NEUTRAL	3	NO_MAJORITY	0	1.0
25109	تعرفني لا اعرفك لا خرجنا اليوم لا شفتك اليوم لا اثنين فعلوا مصيبة وبيتفقوا بينهم	war_corpus	violence_incitement	HATE	NEUTRAL	OFFENSIVE	3	NO_MAJORITY	0	1.0
25117	ما ح نشوف المليونية خلف شاشات الهاتف ح نخلي الثوار خارج الوطن يعاينو ليها من التلفون وسنعيشها نحن فى الشوارع.وح نقد الاوباش قد #مليونية6أبريل #تسقط_بس	old_twitter	revolution_terms	NEUTRAL	HATE	OFFENSIVE	3	NO_MAJORITY	0	1.0
25131	المشكلة الزول ما ممكن يكون طرطور لازم يعرف كم حاجة يستر بيها نفسو، لكن برضو نكرهو كره	old_twitter	random_no_keyword	NEUTRAL	HATE	OFFENSIVE	3	NO_MAJORITY	0	1.0
25151	بنات الاسلامية والمطبلاتية بتاعنهم ظهروا سوياً ما شاء الله, مزيداً منهم يا الله	old_twitter	humanitarian	NEUTRAL	OFFENSIVE	HATE	3	NO_MAJORITY	0	1.0
25160	الخبر المنتشر ده غالبا و خطبة والدة الشهيد أمبارح متأثرة من إنعدام التواصل بينها وبين لجنة التحقيق. فلازم اللجنة تعالج القصة دي بأسرع ما يمكن، لأنو في غياب المعلومات ممكن الغضب الثوري يتحول لعامل تقسيم ونقعد نتشاكل في "ديل ثوار لأ ديل كيزان"	old_twitter	hate_political	OFFENSIVE	HATE	NEUTRAL	3	NO_MAJORITY	0	1.0
25185	مغتربي السعودية هم بروليتاريا المغتربين فلا تثقلوا عليهم سكان جنوب الوادي	old_twitter	random_no_keyword	NEUTRAL	HATE	OFFENSIVE	3	NO_MAJORITY	0	0.0
25192	بعد هذه السنين التي عشتها في ظل حكومة الكيزان	old_telegram	hate_political	OFFENSIVE	HATE	NEUTRAL	3	NO_MAJORITY	0	1.0
25211	أخونا في الله بقارن ضربة نووية انتهت و دولة نازية انقرضت من سنين بإحتلال قائم للآن	old_twitter	random_no_keyword	NEUTRAL	OFFENSIVE	HATE	3	NO_MAJORITY	0	0.0
25214	رحل #المخلوع_البشير وتنفس شعب السودان الصعداء بعد زوال الطغيان واستعاد الشعب حقه الطبيعي في تقرير مصيره ومصير ابناءه في من يحكمه وهذا هو المهم ولن تحكمنا قوات أمنيه او جيش #السودان #مليونية11ابريل #مدن_السودان_تنتفض #اعتصام_القياده_العامه #سقوط_البشير #السودان_الاضراب_العام	old_twitter	threats	OFFENSIVE	HATE	NEUTRAL	3	NO_MAJORITY	0	1.0
25254	شاهد عيااااان من شرق النيل تحديدا ١٣ الدعامة بصفوا المتعاونين الحولهم من حريم وحرامية وبصوروا الفيديو ع اساس دا الجيش معروف الجيش في شرق النيل ماموجود وشغله مسيرات وضرب المسيرات معروف وظاهر	war_corpus	hate_political	NEUTRAL	HATE	OFFENSIVE	3	NO_MAJORITY	0	0.0
25267	وكان موطننا عزا ومفتخرا ما هان في عمره يوما لمغتصب وقدوة لشعوب لا تماثلنا في الحلم والعلم والاخلاق والادب والكنز كان هو الانسان مكتملا في محفل الجد لم يهرب ولم يغب	war_corpus	profanity	OFFENSIVE	HATE	NEUTRAL	3	NO_MAJORITY	0	1.0
25270	باسم الله باسم الوطن باسم الذين تيتموا باسم الذين تحطموا باسم التراب باسم الوجوه المشرقات على المقاصل باسم هاتيك الرقاب باسم الشهيد وامه وباسم الغد المولود من رحم الضباب نستل سيف الشعب سيف السادس المنصور من ابريل نبتدئ الحساب مليونية6ابريل زلزال6ابريل يسقط_المجلس_العسكري	war_corpus	threats	OFFENSIVE	HATE	NEUTRAL	3	NO_MAJORITY	0	1.0
25283	ما يتقلو في الراجل شنو ديل بقوا يتقلو في ابهاتهم، ما تعرفي في الراجل حيعملو شنو	old_twitter	random_no_keyword	NEUTRAL	OFFENSIVE	HATE	3	NO_MAJORITY	0	1.0
25293	ديل انحنا القالوا فتنا وقالوا متنا وقالوا للناس انتهينا	old_twitter	random_no_keyword	NEUTRAL	HATE	OFFENSIVE	3	NO_MAJORITY	0	0.0
25295	خت الوطن قدام أدي البلد حقا ماتخاف من البمبان ولا حتي من طلقة ما فينا حد جبان او طايفه مرتده وخت الوطن قدام ادي البلد حقا حرية دا العنوان ثورتنا ممتدة سليمة دون تخريب #مدن_السودان_تنتفض #تسقط_بس	old_twitter	religious_sectarian	OFFENSIVE	HATE	NEUTRAL	3	NO_MAJORITY	0	1.0
25319	ود الزين برهوو جاب قرنوف متك بس	war_corpus	violence_incitement	HATE	NEUTRAL	OFFENSIVE	3	NO_MAJORITY	0	1.0
25325	عيال الماهرية الي نيالا بعد الخسائر الكبيرة في صفوفهم في الفاشر بعد استجابة عبدالرحيم دقلو لطلبهم وسيترك امر الفاشر للمرتزقة وبقية المكونات الاخري للمليشيا فهم غير مهمين	war_corpus	profanity	OFFENSIVE	HATE	NEUTRAL	3	NO_MAJORITY	0	1.0
25331	تمكنت قوات الجيش السوداني الفرقة الرابعة مشاة الدمازين مسنودة بالقوات النظامية الاخرى من تطهير منطقة جريوة من مليشيا ال دقلو	war_corpus	violence_incitement	OFFENSIVE	HATE	NEUTRAL	3	NO_MAJORITY	0	1.0
25346	لقدام يا مبدع #مدن_السودان_تنتفض #تسقط_بس	old_twitter	revolution_terms	NEUTRAL	HATE	OFFENSIVE	3	NO_MAJORITY	0	1.0
25350	ولاية خراسان بتوفيق الله تعالى، هاجم جنود الخلافة ثكنة لميليشيا طالبان المرتدة بمنطقة مهمند دره في ننجرهار امس، بالاسلحة الرشاشة والقذائف الصاروخية، ما ادى لمقتل عنصرين منهم واصابة 4 اخرين والحاق اضرار مادية في الثكنة، ثم عادوا الى مواقعهم سالمين، ولله الحمد	war_corpus	religious_sectarian	OFFENSIVE	HATE	NEUTRAL	3	NO_MAJORITY	0	1.0
25368	تسقط بس ياكيزان يا اسلاميين	old_twitter	hate_political	NEUTRAL	HATE	OFFENSIVE	3	NO_MAJORITY	0	0.576
25381	حركات مني وجبريل لديهم اجزاء مع الدعامة ولا يغرنكم ما اعلنوه اليوم فقد ظهرت اصوات منهم داعمه للدعامة ومتفقة معهم لا تثقوا الا بتمبور فقواته كلها تقاتل جمبا لجمب مع القشم الان حركات كراع هنا وكراع هناك ما بتخيل علينا قشم فووق الله غالب طارق محمد خالد	war_corpus	hate_political	NEUTRAL	HATE	OFFENSIVE	3	NO_MAJORITY	0	1.0
25409	لمن ديل كلهم يكونوا ورا الزنازين بعدين نحتفل ونقول سقطت بس غير كدا ما سقطت	old_twitter	random_no_keyword	NEUTRAL	HATE	OFFENSIVE	3	NO_MAJORITY	0	0.0
25414	#تسقط_بس #مدن__السودان_تنتفض د. عبد اللطيف البوني لوكنت مكان الإنقاذ لكرمت الشباب الذي خرج متظاهراً ضدها في الحراك الأخير لأن الإنقاذ لم تترك ما يجبر على الرفض والخروج والتظاهر إلا وفعلته. الروح التي سرت في هذه الأمة لن يستطيع حزب من الأحزاب القائمة أن يسعها, فالأحزاب التي تصدت	old_twitter	revolution_terms	OFFENSIVE	HATE	NEUTRAL	3	NO_MAJORITY	0	1.0
25419	الناس لا يريدون الكلمات يريدون صوت المعركة معركة مصير. معركة نصر!	old_twitter	threats	NEUTRAL	HATE	OFFENSIVE	3	NO_MAJORITY	0	1.0
25432	خمممممممش تقيييلل جوه ليك يا ودام كعوك امن ياجن تم تدمير ثلاثه ارتكازات بحمد الله فتشوا ناسكم ياعيال ام كعوك	war_corpus	violence_reporting	NEUTRAL	HATE	OFFENSIVE	3	NO_MAJORITY	0	1.0
25434	الله اكبر الله اكبر والعزة لله ولرسوله تغطية صحفية نشطاء يغلقون سفارة الامارات في بلجيكا نصرة لغزة، ورفضا لاستمرار المجازر والمجاعة في غزة دي البدايه ياشيطان العرب	war_corpus	violence_reporting	OFFENSIVE	HATE	NEUTRAL	3	NO_MAJORITY	0	1.0
25437	داير أسال من فترة وبنسى الطيارة ام٣٠٠ نفر الجاية من أمريكا وصلت؟ تكون قطعت بنزين،ولا وصلوا يوم ابريل، لقوا المطار قافل رجعوا؟ #فخلونا_عاقلين #رمضان_بدون_كيزان #سودان_بدون_كيزان #رمضان2019 #رمضان #رمضان_كريم #تسقط_بس #السودان	old_twitter	hate_political	OFFENSIVE	HATE	NEUTRAL	3	NO_MAJORITY	0	1.0
25443	تحت قيادة ورعاية القوات المسلحة تمضي المقاومة الشعبية بثبات كالجبال الراسيات في ميادين التدريب والقتال دحرا لمليشيا ال دقلو الارهابية المستنفرين بمعسكر الشهيد عبدالعزيز محمد فضل قطاع كرري ينفذون مشروع طابور السير استكمالا للجاهزية بروح معنوية عالية بمشاركة مواطني الثورة الحارة ٣٠ امدرمان كرري	war_corpus	profanity	OFFENSIVE	HATE	NEUTRAL	3	NO_MAJORITY	0	1.0
25447	في الوقت البنقابل فيهو الزول الصح... ح نكتشف ليه كل قصه عشناها ما ظبطت.. لحظتها ح نندم على كل دمعه ذرفناها وح نتأكد من حكمة ربنا وانه كل شي اتحرمنا منو كان لخيير لينا تصبحون على ما تتمنون وأصبح على سقوط حكومة القهر والذل والفساد.. #موكب24مارس #تسقط_بس	old_twitter	revolution_terms	NEUTRAL	HATE	OFFENSIVE	3	NO_MAJORITY	0	1.0
25455	جنب المركز الطبي الحديث: :ياسعادتك تعال استلم الجماعة ديل سعادتك:مالهم ديل كمان :شايلين كمامات وموية بسكويت سعادتك:*من الصدمة*لاحولاجيبهم لي بي جاي بعرف اتصرف معاهم النوعية دي تخيل تهمة حيازة موية وكمامات *في الخلفية عساكرفي تاتشرات بحضروا في لايف* #تسقط_بس #موكب6ابريل	old_twitter	revolution_terms	NEUTRAL	HATE	OFFENSIVE	3	NO_MAJORITY	0	1.0
25456	ياخي انا الليله حلمت بيك غرابة حلم، ولا مسلسل تركي اقسم بالله البركة في شوفتك بس	old_twitter	violence_incitement	HATE	NEUTRAL	OFFENSIVE	3	NO_MAJORITY	0	1.0
25457	الدفاعات المتقدمة بسنار نصبت كمينا لقوة من المليشيا المتمردة الارهابية ادى لهلاك 28 من فلول المليشيا وتدمير مدرعة صرصر ومركبة قتالية	war_corpus	hate_political	OFFENSIVE	HATE	NEUTRAL	3	NO_MAJORITY	0	1.0
25464	اذا كان دا الاتفاق الوقعت عليه قحت الناس ترفضوا لانوا دا نفس الاتفاق النادت به حكومة عمر البشير يعني كانك يا ابوزيد لا غزيت ولا شفته الغزو تسقط بس	old_twitter	revolution_terms	NEUTRAL	HATE	OFFENSIVE	3	NO_MAJORITY	0	0.0
25475	الديم الان تنتفض الديامه حطب القيامه #مدن_السودان_تنتفض #تسقط_بس	old_twitter	revolution_terms	NEUTRAL	HATE	OFFENSIVE	3	NO_MAJORITY	0	1.0
25477	شوف لون النقوش الفرعونية دي شايف اللون الاسود؟ انتم مخلفات استعمارية جنسك شنو ما معروف	old_twitter	random_no_keyword	NEUTRAL	HATE	OFFENSIVE	3	NO_MAJORITY	0	1.0
25482	قدام ورا اعدام..ي هلالاب تسقط بس	old_twitter	revolution_terms	NEUTRAL	HATE	OFFENSIVE	3	NO_MAJORITY	0	1.0
25543	من ماسي سنجه ، ان المليشيا دخلت على منزل احد الضباط والذي توفي قبل فترة فقتلوا ابنته وهي طفلة صغيرة اسمها دان_عبدالله_البشير جعلها الله شفيعه لوالديها بجريرة ان والدها رحمه الله كان ضابط بالجيش	war_corpus	hate_tribal	OFFENSIVE	HATE	NEUTRAL	3	NO_MAJORITY	0	1.0
25544	صوتية للعم ابو عبد الحميد ختيار سرمين يوجه فيها رسالة للاوغاد من قادات وحكومات المحرر	war_corpus	hate_tribal	OFFENSIVE	HATE	NEUTRAL	3	NO_MAJORITY	0	1.0
25550	نحن لن نطالب بإطلاق سراح بقية المعتقلين لأننا اصلا لم نطالب بإطلاق سراح احد، نحن ملتزمون بهدم المعتقلات بمشروعها و مُشرِعيها. #تسقط_بس #اعتصام_القيادة_العامة	old_twitter	revolution_terms	NEUTRAL	HATE	OFFENSIVE	3	NO_MAJORITY	0	0.0
25559	قلناها ليل إبليس الليلة تسقط بس ثورة تكلم فيها حتة مجالس أباليسا بي كيبارها منتهي (مدنيية)شبهي انتهاء فترة الجاي المباراة بين (الدعم السريع) و (مجلس الكيزان و جميع القوات الحكومية و الشرافا (كول الشيفوت و الكنداكات تاني دايرين ماطش مع الكيزان	old_twitter	hate_political	OFFENSIVE	HATE	NEUTRAL	3	NO_MAJORITY	0	1.0
25566	والبطش، التي تحاول _توهما_ كسر عزيمة شعبنا، وهي لا تعلم انها بهذه الجرائم انما تزيد في فاتورة ستدفعها مرغمة عاجلا او اجلا سيسير المعلمون موكب رد الكرامة يوم الخميس ١٧مارس ٢٠٢٢م الذي سيتجه الى وزارة الداخلية، لتسليم مذكرة تطالب بمحاسبة مرتكبي جريمة مدرسة نيالا الثانوية،	war_corpus	neutral_news	OFFENSIVE	HATE	NEUTRAL	3	NO_MAJORITY	0	1.0
25614	شاهد وخليك ساكت شغل متك	war_corpus	violence_incitement	HATE	NEUTRAL	OFFENSIVE	3	NO_MAJORITY	0	1.0
25618	فإضرابكم اليوم الدرس الأعظم لهم، ورسالة أخرى لزملائكم أن وحدة الصف هي الضامن الأقوى لوقف الانتهاكات التي لايقرها شرع ولا قانون ولا إنسانية عليكم وعلى أبناء شعبنا، و رسالة لروح زميلكم الأستاذ المربي أحمد الخير الذي أُزهقت روحه ببشاعة تروع كل من يملك وجداناً سليماً، #موكب3فبراير	old_twitter	violence_reporting	OFFENSIVE	HATE	NEUTRAL	3	NO_MAJORITY	0	1.0
25650	غليان متكرر*.. و إنت بتمشي لي اي مطعم و تطلب بتكون خاتي صحتك في يد العامل و سيد المطعم،إذا دايرين يوفرو قروش على حساب صحتك..	old_twitter	violence_incitement	HATE	NEUTRAL	OFFENSIVE	3	NO_MAJORITY	0	1.0
25651	تم وبحمدالله وتوفيقه تم استلام كلية طيبة وسفارة نيجيريا والبرج الازرق وبنك بيبلوس ومباني الشرطة الامنية وتحييد شارع كبري المك نمر والسيد عبدالرحمن الله اكبر الله اكبر الله اكبر نصر من الله وفتح قريب	war_corpus	violence_reporting	OFFENSIVE	HATE	NEUTRAL	3	NO_MAJORITY	0	1.0
25654	شاهد_بالفيديو القوات المسلحة السودانيه تتقدم بمحور سنار وتحرر جبل مويه من دنس المليشيا المتمردة وتلقينها درس في فنون القتال بشريات النصر تلوح على الشعب السوداني والنصر ات لا محال اعمل_متابعه_وشير السودان_عصيه_ومنيعه القوات_المسلحه_السودانيه الفرقه_الخامسه_مشاه_الهجانه دروع_اللواء_142_مشاه_الي_الابيض تابع الاعلام الحربي سلاح مدرعات الابيض معركة_العزه_والكرامه_ضد_التمرد_المليشي	war_corpus	hate_political	OFFENSIVE	HATE	NEUTRAL	3	NO_MAJORITY	0	1.0
25688	في القصه الحكيتها عن خروجنا من مجزرة القياده جينا مارين بالإرتكاز ده قائدهم عقيد ملعون طلب من النقيب الطلعنا انو يخلينا هنا ويرجع رغم انو على بعد متر عساكر الدعم كانو متربصين بينا كنمر في انتظار فريسه والنقيب كالعاده خالف الأوامر للمره التانيه وطلعنا	old_twitter	violence_reporting	OFFENSIVE	HATE	NEUTRAL	3	NO_MAJORITY	0	1.0
25737	تحذير من منظمة الطيران المدني الدولي: تحذير شركات الطيران، لسلامة الركاب والمسافرين، تواترت المعلومات بأن موظفي المطارات السودانية يعملون تحت تهديد السلاح من ما يشكل انتهاك لحقوق الإنسان والمواثيق الدولية، ويشكل خطر على امن وسلامة المسافرين أنفسهم. #مجزره_القياده_العامه #عيد_شهيد	old_twitter	threats	OFFENSIVE	HATE	NEUTRAL	3	NO_MAJORITY	0	0.778
25757	علي عثمان غلا الدخان #هتاف_مقترح #تسقط_بس #موكب_6_أبريل	old_twitter	revolution_terms	NEUTRAL	HATE	OFFENSIVE	3	NO_MAJORITY	0	1.0
25766	٦أبريل جات.. ما سقطوا؟ في ١٥مايو إعلان اللواء الأبيض.. ما سقطوا؟ في ٢٢يوليو مظاهرة الكلية الحربية سنة٢٤.. لسه؟ عندنا لسه ١٣سبتمبر.. لسه؟ ٢١اكتوبر العظيم.. لواييق؟ اديهم عبدالفضيل الماظ ٢٧نوفمبر.. وتاني ١٩ديسمبر لامن نطلع ال٣٠ سنة إنقاذ دي من مصارينهم #تسقط_بس #مليونية٦أبريل	old_twitter	hate_tribal	OFFENSIVE	HATE	NEUTRAL	3	NO_MAJORITY	0	1.0
25786	اذا قريت البوست دا يا الفي قلبي ان شاء تمسكك حمى وما تمشي الشغل وتشفي بس لمن اقوليك سلامتك يا عمري	war_corpus	violence_incitement	HATE	NEUTRAL	OFFENSIVE	3	NO_MAJORITY	0	1.0
25790	اشاوس متحرك الشهيد حافظ داؤد يمشطون صحراء شمال دارفور ويؤكدون استعدادهم للتصدي لمرتزقة الحركات The RSF Martyr Hafiz Dawood Division patrols Northern Darfur desert emphasizing their readiness to counter mercenary movements معركة_الديمقراطية حراس_الثورة_المجيدة	war_corpus	violence_reporting	OFFENSIVE	HATE	NEUTRAL	3	NO_MAJORITY	0	1.0
25792	لا حيدخلو البرالمة معانا غالبا	old_twitter	random_no_keyword	NEUTRAL	HATE	OFFENSIVE	3	NO_MAJORITY	0	1.0
25834	بمثل سلمية الشعب السوداني ثار الجزائريون واستمروا لأكثر من ثلاثة أسابيع، ولم يستخدم النظام الجزائري العنف ضدهم، لكن في المقابل النظام الانقلابي السوداني مزيج -عسكر إخوان- استخدم القوة المفرطة وقتل العشرات واعتقل الآلاف ومع ذلك صمد شعبنا ضد الطاغية مواصلا ثورته تسقط بس #موكب10مارس	old_twitter	violence_reporting	OFFENSIVE	HATE	NEUTRAL	3	NO_MAJORITY	0	1.0
25871	معركة_الحسم القوات المسلحة تدحر المتمردين في منطقة امبدة حمد النيل وتستلم عدد عشرة مركبة قتالية بكامل العتاد، وتطارد فلولهم وتمشط منطقة كبري ود البشير الاربعاء ٢١ يونيو ٢٠٢٣ م الجيش_صاحي انهاء_التمرد جيش_واحد_شعب_واحد ده_جيش_بتداوس؟	war_corpus	hate_political	OFFENSIVE	HATE	NEUTRAL	3	NO_MAJORITY	0	1.0
25874	قيادة الفرقة 18 مشاه تماسيح بحر ابيض لكم بالمرصاد اسقاط مسيرة استهدفت قيادة الفرقة 18 مشاه محاولات يائسة تقوم بها مليشيا الدعم السريع المتمردة باطلاق مسيرات على قيادة الفرق لكن باذن الله قواتكم الباسلة جاهزة لصد اي عدوان محتمل العمل_الخاص تماسيح_بحر_ابيض	war_corpus	hate_political	OFFENSIVE	HATE	NEUTRAL	3	NO_MAJORITY	0	1.0
25882	حتي يعلم الجميع في بريد النائب العام للمعلومية هنالك جسم قحطي يتبع للحرية و التغير يسمى ب نادي النيابة العامة السوداني الان يعطل و يعرقل العمل في هذا الجهاز الحساس وكل وكلاء النيابة في السودان يعرفون هذا الكلام ، يتبع خليل حسن الضو	war_corpus	random_no_keyword	NEUTRAL	HATE	OFFENSIVE	3	NO_MAJORITY	0	0.0
25892	لقد كنا درسا لبعضنا البعض، انت علمتني الا امنح الثقة لاي احد، و انا علمتك ان الشعور الجميل اذا غادر لا يعود ابدا	war_corpus	violence_incitement	HATE	NEUTRAL	OFFENSIVE	3	NO_MAJORITY	0	1.0
25908	هزمتك يا موت الفنون جميعها	old_twitter	violence_incitement	HATE	NEUTRAL	OFFENSIVE	3	NO_MAJORITY	0	1.0
25912	مشهدان متناقضان جندي من القوات_المسلحة_السودانية يقبل راس عجوز سوداني تقديرا لالمه ومجرم من الجنجويد يهين مسنا بلا رحمة يرفض السودانيين عبارة طرفا الصراع التي تسوي بين هذه المشاهد لانه شعب لا يشرع الاهانة ولا يقبل البشاعة ، بل هو شعب يستميت بالتمسك بالقيم النبيلة	war_corpus	hate_tribal	OFFENSIVE	NEUTRAL	HATE	3	NO_MAJORITY	0	0.695
25917	الرئيس البرهان اعلنا منذ وقت طويل ان الامارات دولة عدوان وان ما يتعرض له السودان والسودانيين هو عدوان اماراتي وما يزال هذا موقفنا	war_corpus	neutral_news	NEUTRAL	HATE	OFFENSIVE	3	NO_MAJORITY	0	1.0
25925	اللون الاخضر جميل شوهوه الكيزان	old_twitter	hate_political	OFFENSIVE	HATE	NEUTRAL	3	NO_MAJORITY	0	1.0
25953	امبده امبده الحارات7 و 6 و 5 و 4 و 2 و12 و16 تشهد قصف عنيف طيران مدافع من الجيش و تطويق كامل من قوات العمل الخاص نصر وفتح من الله نصر الله قواتنا المسلحة السودانية الباسلة جيش_واحد_شعب_واحد دحر_المليشيا معركة_الكرامة	war_corpus	violence_reporting	OFFENSIVE	HATE	NEUTRAL	3	NO_MAJORITY	0	1.0
25963	أي كوز يركب الطيارة في الأيام دي على روحه السلام، و حنعمل من جثتو ميم #تسقط_بس #مدن_السودان_تنتفض	old_twitter	humanitarian	NEUTRAL	HATE	OFFENSIVE	3	NO_MAJORITY	0	0.576
25984	ضربات دقيقة جدا لنسور الجو بمدينة بارا؛ ادت لتدمير مخزن اسلحة، وهلاك عددا كبيرا من مرتزقة المليشيا الارهابية المتمردة المتواجدين بمواقع الاستهداف	war_corpus	violence_reporting	OFFENSIVE	HATE	NEUTRAL	3	NO_MAJORITY	0	1.0
26012	لا لا اطمن مابقدرو يعملو شئ الناس ديييييل	old_twitter	random_no_keyword	NEUTRAL	HATE	OFFENSIVE	3	NO_MAJORITY	0	1.0
26027	لساها ما سطقت لسه الحكم عسكر لسه الحراميه حكومه الجوع تسقط بس حكومه العسكر تسقط بس #الابيض_تنزف_دما #نناضل_لانساوم #مواكب_يوليو_الظافرة	old_twitter	humanitarian	NEUTRAL	HATE	OFFENSIVE	3	NO_MAJORITY	0	1.0
26037	قواتنا نجحت في القبض على مرتزقة وخونة الوطن وشبكة من المتعاونين المتورطين في تهريب الادوية والمواد الغذائية عبر كبري كوستي لن نتساهل مع كل من تسول له نفسه العبث بامن الوطن هذه الضربات تؤكد يقظة ابطالنا حماية الوطن وتامين احتياجات المواطنين من المتلاعبين والمتامرين	war_corpus	humanitarian	OFFENSIVE	HATE	NEUTRAL	3	NO_MAJORITY	0	0.528
26039	انبا متداولة ان الولايات المتحدة لعبت دورا استخباراتيا في التخطيط للهجوم في محاولة لدفع بوتين نحو طاولة المفاوضات غير ان الكرملين قابل ذلك برسالة واضحة بوتين لن يرضخ بل سيجعل اوكرانيا تدفع الثمن غاليا متك جد لاتعرفو حمام لاطير لامسيرات العالم لايفهم الا القوه القوه لابارك الله في الضعف	war_corpus	violence_incitement	HATE	NEUTRAL	OFFENSIVE	3	NO_MAJORITY	0	0.811
26041	وحينما كنا نراقب عن كسب تحركات دعم في الاونه الاخيره قررنا ان نقتحم حملة #تعرف_علي_الكيزان حتي نتأكد ونيقن ان دعم اصبحت غير محايده وغير حره وهذا ما حدث بالظبط. وقد شغلنا اوقاتنا حتي نبين للمغردين حقيقة الامر ونحن علي سعينا سائرون حتي يعود دعم منبر حر.	old_twitter	hate_political	OFFENSIVE	HATE	NEUTRAL	3	NO_MAJORITY	0	1.0
26042	والله البلح وجبة متكاملة عديل بس الشعب دا يموت في بيرقر جوينت ههههههه	old_twitter	violence_incitement	HATE	NEUTRAL	OFFENSIVE	3	NO_MAJORITY	0	0.811
26060	الامن في المطار يمنع العاملين من الاقتراب من صالة كبار الزوار، سقطط سقطت سقطت الكيزان هربو	old_telegram	hate_political	OFFENSIVE	HATE	NEUTRAL	3	NO_MAJORITY	0	1.0
26075	بلااا دعم السريع بلااا بطيخ تسقط بس	old_twitter	revolution_terms	NEUTRAL	HATE	OFFENSIVE	3	NO_MAJORITY	0	1.0
26088	البشير الان في برلمان يدعو لبناء نوادي و المساكن مناسبة للشباب يحاول شراء شباب بحاجات دي انعل ابو دا فهم #تسقط_بس	old_twitter	revolution_terms	NEUTRAL	HATE	OFFENSIVE	3	NO_MAJORITY	0	0.0
26091	ولاية غرب افريقية صور هجوم جنود الخلافة على ثكنة للجيش التشادي المرتد في بلدة ليتري غربي تشاد	war_corpus	religious_sectarian	OFFENSIVE	HATE	NEUTRAL	3	NO_MAJORITY	0	0.772
26113	الحكومة تفرد مساحة للحوار مع الشباب بالقمع و الاعتقالات و التعذيب و اقتحام الجامعات و الحلول التي تراها صالحه هي بالسماح بمقاهي الشيشه و الميادين الرياضية يتحدثون عن العنف اللفظي و يتغاضون عن الابادات و الجرائم و التعذيب في المعتقلات و اقتحام المنازل و دهس المواطنين #تسقط_بس	old_twitter	revolution_terms	NEUTRAL	HATE	OFFENSIVE	3	NO_MAJORITY	0	1.0
26125	داعش وبوكو حرام والقاعدة حركات اصوليه متطرفة وفي الخرطوم نظام حكم ماثل يجسدة الكيزان تنظيم الجبهه الاسلاميه #تسقط_بس #موكب24مارس #مدن_السودان_تنتفض	old_twitter	hate_political	NEUTRAL	HATE	OFFENSIVE	3	NO_MAJORITY	0	0.576
26132	بهديك الفوضي شجار طفلين فى ساحة روضة بهديك الغربةهتاف الموتى وصمت التربة بهديك حزنك وستات الفول أثناء الخمشة بعد إذنك بهديك إحباطى حديث عابر فى مركبة عامة بصوت واطى#تسقط_بس	old_twitter	violence_reporting	NEUTRAL	HATE	OFFENSIVE	3	NO_MAJORITY	0	0.0
26138	يآااخي حلآاتك توب صلآتك والكحُل ويآااخخ أمانة علي صفآتك جيبي شُفع يشبهووك حافظة بصمتك المصآحف و…	old_twitter	violence_incitement	HATE	NEUTRAL	OFFENSIVE	3	NO_MAJORITY	0	1.0
26139	ي بت قريناكم واكلناكم وربيناكم وفي النهايه تجو تقولو تسقط بس	old_twitter	revolution_terms	NEUTRAL	HATE	OFFENSIVE	3	NO_MAJORITY	0	0.0
26153	في اعتقادي الحاجة دي هي البتزيد كمية المتظاهرين في الشارع لانه ما بس حنكون طالعين ضد الكيزان حنكون طالعين عشان حياة افضل وعندنا برامج مؤدية لهذه الحياة الافضل مجرد انه حلمك حياة افضل فصح النوم الاحلام لوحدها لا تصنع واقع افضل محتاجة حاجات زيادة للوقت داك #تسقط_بس	old_twitter	hate_political	OFFENSIVE	HATE	NEUTRAL	3	NO_MAJORITY	0	1.0
26155	البشير: الحركات صارت مرتزقة ولا تستطيع السيطرة على أي منطقة	old_telegram	hate_political	OFFENSIVE	HATE	NEUTRAL	3	NO_MAJORITY	0	1.0
26168	العالم كلو مسك في ابو لولو و نسبو ليه كل جرائم الدعم السريع ابو لولو ليس الا فرد صغير في هذه المليشيا الضخمة الدعم السريع مكون من الالاف من امثال ابو لولو لا تجعلو هدفكم ابو لولو و هو ذيل الحية و تتركون راس الحية حميدتي	war_corpus	dehumanizing	NEUTRAL	HATE	OFFENSIVE	3	NO_MAJORITY	0	0.0
26181	البلادة والحماقة متطلبات اساسية في مستشارين قائد المليشيا مجزرة_الصالحة الدعم_السريع_منظمة_ارهابية RSFisterroristorganisation	war_corpus	violence_reporting	NEUTRAL	HATE	OFFENSIVE	3	NO_MAJORITY	0	1.0
26193	قوات الدعم السريع تقود حملة لدفن اكثر من الف جثة من جثث مليشيا البرهان ومرتزقة الحركات بمعارك كردفان الاخيرة The RSF launches a campaign to bury over 1 000 bodies of SAF militia and movement mercenaries in the recent battles in Kordofan معركة_الديمقراطية حراس_الثورة_المجيدة	war_corpus	violence_reporting	OFFENSIVE	HATE	NEUTRAL	3	NO_MAJORITY	0	1.0
26198	وحدة التصنيع الحربي كتيبة البراء بن مالك في السلم تعمير وفي الحرب تدمير قلنا كتير بل بس لكن بل بفهم وعلم كل المخابرات العدوة هدفها ايقاف انجازات ابناءنا المشرفة وتكتيف السودان واخراجه من قائمة الدول المصنعة الله اكبر برائون يارسول شارك قناة انصار القوات المسلحة السودانية علي التلغرام	war_corpus	violence_reporting	OFFENSIVE	HATE	NEUTRAL	3	NO_MAJORITY	0	1.0
26200	ابشروا_بالخير الله اكبر الله اكبر الله اكبر مقتل المرتزق اللواء ابراهيم حسين قائد المرتزقة في بابنوسة واصابة العقيد المرتزق التاج تجاني وتم نقله الى ابيي للعلاج الله اكبر الله اكبر الله اكبر بابنوسة نار وشرار والليلة باذن الله المجلد حتشوف شعاع الله اكبر ناصر مختار بابكر	war_corpus	violence_reporting	OFFENSIVE	HATE	NEUTRAL	3	NO_MAJORITY	0	1.0
26252	الوساطات شغالة شي تحنس وشي خلوهم وشي بنطلع ليكم من المدن والاعيان المدنية وشي بنرمي السلاح خوفا من الابادة الجماعة لمليشيا الدعم السريع واسطة من ناس برا ترا شغلنا كعب وفي كم دول بقت تدين وتظهر مساندة لناس الديش بل_بس تابعونا على الرابط قناة التلغرام _ قناة الواتساب	war_corpus	violence_incitement	OFFENSIVE	HATE	NEUTRAL	3	NO_MAJORITY	0	0.523
26257	ناس البتعلق باسم منظمة خيرية او اي مبادرة لدعم القوات المسلحة لو كنت سليم وامين لا حاجه لك بمثل هذا الفعل كان جميع القنوات تتبنى مبادرتك الخيرية اي زول بعلق موضوع جمع تبرعات طرد وحظر اللهم بلغت اللهم فاشهد	war_corpus	humanitarian	NEUTRAL	HATE	OFFENSIVE	3	NO_MAJORITY	0	1.0
26267	صباحات السقوط أخر لحظات المخلوع في هذا اليوم يمكن أن نقول فية اليوم نرفع راية إستقلالنا ويسطر التاريخ مولد شعبنا #تسقط_بس و #سقطت_بس	old_twitter	revolution_terms	OFFENSIVE	HATE	NEUTRAL	3	NO_MAJORITY	0	1.0
26269	مرة شاب جاي يعرس بنت قعد مع أبوها فالقروش المعاهو ما بتكفي المهر فطلع حزين فأبوها قاليهو حتمشي كده بي عرمتك دي؟ أدخل أديها مسمارين و تعال..	old_twitter	violence_incitement	HATE	NEUTRAL	OFFENSIVE	3	NO_MAJORITY	0	1.0
26271	بوتفليقه قتل الف مواطن؟ بوتفليقه قّسم الجزائر؟ بوتفليقه دمر حاجه اسمها وطنيه في روح الجزائريين؟ بوتفليقه بوتفليقه...؟ ياااااخ قوموا لفوا #تسقط_بس #عصيان13مارس #مدن_االسودان_تنتفض	old_twitter	violence_incitement	NEUTRAL	HATE	OFFENSIVE	3	NO_MAJORITY	0	1.0
26275	إطلاق الحريات العامة وحرية الإعلام ووقف كل الانتهاكات المرتبطة بالحق في التعبير والتنظيم والتجمع والتي انتزعها شعبنا العظيم بنضاله وارتقى من أجلها الشهداء الكرام.	old_twitter	violence_reporting	OFFENSIVE	HATE	NEUTRAL	3	NO_MAJORITY	0	1.0
26294	نحمل المجلس العسكري الانقلابي المسئولية كاملة فيما حدث صباح الْيَوْمَ من اهدار لدماء الشعب السوداني وإذلاله وإصابة العشرات بإصابات خطيرة. هذه ليست المرة الأولي فقد تكررت الأحداث بفقدان دماء عزيزه تحت دعاوي غير مقبولة	old_twitter	hate_political	OFFENSIVE	HATE	NEUTRAL	3	NO_MAJORITY	0	1.0
26377	ثورتنا دي ما بتقدرا هوي يا عسكر ارجع ورا #مليونيه13يوليو #اربعينيه_مجزره_القياده #يسقط_حكم_العسكر	old_twitter	revolution_terms	NEUTRAL	HATE	OFFENSIVE	3	NO_MAJORITY	0	0.0
26399	هلاك قائد المجموعة ٥٣ بمليشيا الدعم الارهابية المتمردة، المرتزق محمد عبد الرحمن في قصف مباشر لسيارته بمسيرة في محور كردفان	war_corpus	hate_tribal	OFFENSIVE	HATE	NEUTRAL	3	NO_MAJORITY	0	1.0
26406	يخوانااا التأمين ما تحكوا عنو ما تحكوا عن التأمين عن التأمين ما تحكوا هو براهو النكش ضارب فالعملتو في المظاهرة و خلاك تفلت من الإعتقال بيفيدك لي قدام فما تحرقو و شكراا #موكب7مارس #تسقط_بس	old_twitter	revolution_terms	NEUTRAL	HATE	OFFENSIVE	3	NO_MAJORITY	0	1.0
26413	لحق بالشهيد ياسر عبدالباقي الشهيد علاءالدين والشهيد بلال في معركه تحرير مدني محور سنار تقبلهم الله في عليين وحسن اولئك رفيقا ،،	war_corpus	hate_tribal	OFFENSIVE	HATE	NEUTRAL	3	NO_MAJORITY	0	1.0
26421	تنسيقية قبائل البني هلبا تعلن دعمها للقوات المسلحة وتفوض قائد الجيش لحسم التمرد وتطالب ابناء القبيلة بالانسحاب من المليشيات الارهابية	war_corpus	hate_political	OFFENSIVE	HATE	NEUTRAL	3	NO_MAJORITY	0	1.0
26431	جاتنا متحصلة النفايات قبل دقايق. قلت ليها ما حندفع عشان دي قرارات حكومة الكيزان. عندنا اعلان حكومة جديدة يوم الأحد، لو قالوا ادفعوا رسوم نفايات طوالي حندفع. #اعتصام_القيادة_العامة	old_twitter	hate_political	OFFENSIVE	HATE	NEUTRAL	3	NO_MAJORITY	0	1.0
26456	والبالية، والاتجاه الصادق نحو الاصلاح المؤسسي داخلها بتفكيك تمكين عناصر النظام البائد والمرتبطين به من هيكلها القيادي وفروعها، واعادة بناء الجيش القومي المهني المعبر عن التنوع السوداني، فلا طائل من	war_corpus	hate_political	OFFENSIVE	HATE	NEUTRAL	3	NO_MAJORITY	0	1.0
26460	بعد اتمام جميع التجهيزات والاستعدادات، بدات قواتنا المشتركة الهجوم اليوم على مليشيا الدعم السريع في محورين شرق الفاشر تم تنظيم كل شيء بدقة واهتمام، والان جاهزون للتصدي لتلك التهديدات ستكون هذه المعركة حاسمة وحاسمة لمستقبل دارفور باذن الله بحول الله وقوته ننتصر	war_corpus	threats	OFFENSIVE	HATE	NEUTRAL	3	NO_MAJORITY	0	0.88
26474	الناظر ترك سنتراجع عن اغلاق الشرق ان كان للبرهان وحميدتي رؤية للحل جائزة_معرص_الشهر جائزة_معرص_الشرق معرص_عساكر_و_جنجويد تخفيض حصري على معرص كوز يصل الى 50 احصل عليه الان و بانقا هدية العرض لفترة محدودة	war_corpus	hate_tribal	HATE	OFFENSIVE	NEUTRAL	3	NO_MAJORITY	0	0.96
26475	قائد الجيش ورئيس مجلس السيادة الفريق اول ركن عبدالفتاح البرهان، اثناء تقديم واجب العزاء من منزل مهند الفضل ان المتمردين دمروا السودان ولا توجد قابلية للتعايش معهم مستقبلا سنثار للشهداء وكل الشعب من التمرد القوات المسلحة والشعب السوداني لن ينسوا بطولات مهند واخوانه في معركة الكرامة	war_corpus	hate_tribal	OFFENSIVE	HATE	NEUTRAL	3	NO_MAJORITY	0	1.0
26477	المجربة، نرفعه اليوم في وجه النظام العسكري الانقلابي الغاشم حتى يعيد الامانة الى اهلها كاملة حكومة مدنية وسلطة في يد الشعب يبقى الاعلام اقوى ادواتنا في وصول رسالة العصيان للمواطنين في كل مدن وقرى السودان، وهو صوتنا للعالم اجمع، فعليكم تقع مسؤولية كبيرة نعلم انكم اهل لها	war_corpus	hate_political	OFFENSIVE	HATE	NEUTRAL	3	NO_MAJORITY	0	1.0
26483	حملة #القومه_للسودان دي ضربت المكون العسكري ضربه في مقتل، دي حملة تأييد و تأكيد للحكم المدني. #شكرا_حمدوك الله يطلع زيت الكيزان في اي مكان	old_twitter	hate_political	OFFENSIVE	HATE	NEUTRAL	3	NO_MAJORITY	0	1.0
26484	ما عايز اصدمك بس الحركة دي طبياً ما بتعمل التهاب كفاراة ياخي جايز ده من الكواريك والهتافات و احتمال زول عاداك وسط الزحمة دي	old_twitter	religious_sectarian	HATE	NEUTRAL	OFFENSIVE	3	NO_MAJORITY	0	0.671
26485	امر الله الملائكة حتى يذهبو لاهلاك هذا القوم الكافر فقبل ان يذهبو الى لوط ذهبو لابراهيم عليه السلام تشكلو الملائكة برجال وسيمين و كرمهم ابراهيم و ذبح لهم عجل ليكرمهم ولكن لم ياكلو هنا خاف ابراهيم و سال نفسه ان كانو ينوون للخير او الشر؟	war_corpus	religious_sectarian	OFFENSIVE	HATE	NEUTRAL	3	NO_MAJORITY	0	0.755
26501	واحد قريبنا بكل حزن وحسرة قال لي انه ضد حرق دور حزب المؤتمر الوطني اذا ما كانوا الكيزان قاعدين جواها صفرجت	war_corpus	hate_political	OFFENSIVE	HATE	NEUTRAL	3	NO_MAJORITY	0	1.0
26507	بمساعدة بعض المواطنين حاول المرتزقة امس الهجوم على معسكر حطاب لكن وقعو في كمين الجيش وتم قتل المرتزقة المهاجمين جميعا و اسر ٥ منهم، البلاد لا تسقط الا بخيانة ابناءها بل_بس القوات_المسلحة_السودانية	war_corpus	profanity	OFFENSIVE	HATE	NEUTRAL	3	NO_MAJORITY	0	1.0
26517	الى اعضاء حزب المؤتمر الوطني المحلول نحن خصومكم وليس حمدوك ومجلسه ولا قحت بمكوناتها حل المؤتمر لهجت به حناجر الثوار عندما نادت بسقوط النظام فيا انتم(تسقط بس) #قانون_تفكيك_دوله_التمكين	old_twitter	hate_political	NEUTRAL	HATE	OFFENSIVE	3	NO_MAJORITY	0	0.0
26518	المقاومة_الشعبية التعبئة_العامة راجعين_مسلحين راجعين_العاصمة_ونحن_مامنين اي سوداني سمع بالمثل لمن تجي المويه بتطلع الجعارين عندما ارتفع صوت المقاومه واصبحت حقيقه ظهرو خونه الوطن بعد اكثر من اسبوعين ظهر ليصرح،ولكن نقول له نحن ماضين نحو المقاومه ولن نستسلم ولن نتراجع ولن نشرب كلام رفعت الاقلام	war_corpus	neutral_news	OFFENSIVE	HATE	NEUTRAL	3	NO_MAJORITY	0	1.0
26541	تحت قيادة ورعاية القوات المسلحة تمضي المقاومة الشعبية بثبات كالجبال الراسيات في ميادين التدريب والقتال دحرا لمليشيا ال دقلو الارهابية المستنفرين بمعسكر الشهيد عبدالعزيز محمد فضل قطاع كرري ينفذون مشروع طابور السير استكمالا للجاهزية بروح معنوية عالية بمشاركة مواطني الثورة الحارة ٣٠ امدرمان كرري قناة كرري علي تلغرام	war_corpus	hate_tribal	OFFENSIVE	HATE	NEUTRAL	3	NO_MAJORITY	0	1.0
26550	م بعرفهم ديل للاسف الاسيف	war_corpus	random_no_keyword	NEUTRAL	OFFENSIVE	HATE	3	NO_MAJORITY	0	1.0
26559	القوات المسلحة عبر كمين محكم بالقرب من منطقة الدبكير تمكنت من تدمير قوة اسناد تتبع لمليشيا الحركة الشعبية خرجت من محيط مدينة هبيلا مساء امس في طريقها لاسناد الجنجويد بمدينة الدبيبات نصر من الله وفتح قريب قناةكرري	war_corpus	hate_tribal	OFFENSIVE	HATE	NEUTRAL	3	NO_MAJORITY	0	0.695
26569	ما معنى كلمة كشه كلمة بلغة قبيلة الهدندوة بمعنى "عبد"	old_twitter	hate_tribal	OFFENSIVE	HATE	NEUTRAL	3	NO_MAJORITY	0	1.0
26592	قائد ميداني امام البرهان الموت جوعا او تسليم نفسه وشرفاء الجيش فوق راسنا انقلاب_15_ابريل معركة_الديمقراطية حراس_الثورة_المجيدة اشاوس_الدعم_السريع	war_corpus	humanitarian	NEUTRAL	HATE	OFFENSIVE	3	NO_MAJORITY	0	1.0
26604	معارك شرسة في المدرعات قوات الدعم السريع تريد دخول المدرعات باي ثمن و قتل اعداد كبيرة منهم و لا زالت المعارك مستمرة	war_corpus	profanity	OFFENSIVE	HATE	NEUTRAL	3	NO_MAJORITY	0	1.0
26614	تكبدت مليشيا الدعم الس،ريع امس خسائر كبيرة في الارواح والمعدات بمدينة بابنوسة عبر القصف المدفعي ، الحديث عن حشود ضخمة حول المدينة غير دقيق ،ظهر المليشي صالح الفوتي في فيديو باطراف المدنية وغادرها مجبرا بعد القصف المدفعي للجيش عبدالرؤوف طه علي	war_corpus	hate_tribal	OFFENSIVE	HATE	NEUTRAL	3	NO_MAJORITY	0	1.0
26638	ايدك على ايدي زيد الترس قوة الترس دا ما بتشال الترس وراهو رجال #مجزرة٨رمضان #شكرا_لجان_المقاومه #تحديات_الفتره_الانتقاليه #مدن_السودان_تنتفض #لم_تسقط_بعد #الثورة_مستمرة #مجزرة_القيادة_العامة	old_twitter	violence_reporting	NEUTRAL	HATE	OFFENSIVE	3	NO_MAJORITY	0	1.0
26640	قالو عامين، قلنا ولا يومين، قالو عسكر ما كيزان مالم قايلنلي سكران؟؟ #اعتصام_القياده_العامه #تسقط_تاني #مدن_السودان_تنتفض	old_twitter	hate_political	OFFENSIVE	HATE	NEUTRAL	3	NO_MAJORITY	0	1.0
26657	اذا سالتهم قالو حق كيزان	war_corpus	hate_political	OFFENSIVE	HATE	NEUTRAL	3	NO_MAJORITY	0	1.0
26666	أنا من رأي الشخصي و المختصر جدا..انو زي ما نظام القمع بستغل المواقف الزي دي ويحاول إنو يظهر بصورة وجيهة أمام الوفد الأمريكي.. كمان الشعب يستغل الموقف ده ويطلعو في أكبر مظاهرة على مر التاريخ العالمي أجمع ومن كل مدن السودان وفي وقت واحد ويسقطو النظام المنافق ده..و #تسقط_بس	old_twitter	religious_sectarian	OFFENSIVE	HATE	NEUTRAL	3	NO_MAJORITY	0	1.0
26676	الفاشر _ هلاك القائد خلا بابكر احمد عامر الملقب بود الاسود صاحب ابشع جريمة في هذه الحرب فهو الذي حرق الاسرى احياء داخل غرفة في جبل موية زايلي ونعيمكي زايل	war_corpus	profanity	NEUTRAL	HATE	OFFENSIVE	3	NO_MAJORITY	0	1.0
26680	بسم الله والحمد لله هذا فضل الله يؤتيه من يشاء ناس الميرم شغالين شغل زي الفل وقتل عدد من القاده منهم عبدالرحمن حمدين كليب جهنم وعدد من المصابين والفطايس والهلكى وتحويلهم لمستشفي المجلد ومازال حصر الجثث والمصابين الحمدلله حتي يرضى وماا النصر الا من عند الله	war_corpus	hate_tribal	OFFENSIVE	HATE	NEUTRAL	3	NO_MAJORITY	0	1.0
26681	اي موجود فعلا ما قلت شي لكن السلوك بتاع النبي والصحابة وكلهم كانو بيشجعوا على الغائه بعدين.. وربنا خلى كفارات الكبائر كلها انه تحرير رقبة يعني جابها ليهم باللفة لانه حاجة مترسخة زي دي محتاجة تدرج. لكن ما دعمها ولا اقر بيها.	old_twitter	religious_sectarian	HATE	NEUTRAL	OFFENSIVE	3	NO_MAJORITY	0	0.671
26686	يخوانا لو فتحت كوفير متكامل الحاجات النفسكم اوفرها شنو	old_twitter	violence_incitement	HATE	NEUTRAL	OFFENSIVE	3	NO_MAJORITY	0	1.0
26688	اطرد الي اسمه محمد عبدالرحيم	war_corpus	violence_incitement	HATE	OFFENSIVE	NEUTRAL	3	NO_MAJORITY	0	0.811
26725	من طرائف الكيزان التي لن تنسى	old_twitter	hate_political	OFFENSIVE	HATE	NEUTRAL	3	NO_MAJORITY	0	1.0
26732	قبل سويعات دفار جثث فطيس طلع من غربي امدرمان الجنجا في فتيل نصر من الله وفتح قريب	war_corpus	dehumanizing	OFFENSIVE	HATE	NEUTRAL	3	NO_MAJORITY	0	1.0
26734	بل على المباشر ولاية الجزيرة فتك ومتك العمل الخاص	war_corpus	profanity	HATE	NEUTRAL	OFFENSIVE	3	NO_MAJORITY	0	1.0
26736	دا الزورق الامس ادمر جاي القيادة العامة تم الجغم بنجاح اللعب مع الجاهزية صعب بلابسة_ٳنتايات كيزان_حرامية اي_كوز_ندوسو_دوس الحركة_الاسلامية_تنظيم_ارهابي السودان_مقبرة_الفلول الخرطوم_مقبرة_الفلول النصر_قريب	war_corpus	violence_incitement	OFFENSIVE	HATE	NEUTRAL	3	NO_MAJORITY	0	0.717
26737	شلت ليك الشوق ليل وتنهيدا كانت الأحلام حالمة غريدة ما بنسيبها حرام حرام نهجر الريدة يا حبيبي تعال ليه بتنساني.	old_twitter	violence_incitement	HATE	OFFENSIVE	NEUTRAL	3	NO_MAJORITY	0	1.0
26770	اسي بكتب فيك سبتويت زي بتاع قبيل	old_twitter	random_no_keyword	NEUTRAL	OFFENSIVE	HATE	3	NO_MAJORITY	0	1.0
26772	الطيران الحربي يدمر عتاد حربي بمنطقة غرب جبرة الشيخ مكون من عربات قتالية علي متنها مرتزقة اجانب اعدتهم المليشيا لمساندة قواتها بامدرمان	war_corpus	violence_incitement	OFFENSIVE	HATE	NEUTRAL	3	NO_MAJORITY	0	1.0
26774	اينما حلو لايخافون الموت ولايخشونه رغم ان اقل شخص منهم تكلفة بنطاله وحذائه الاديداس والتي شيرت الذي يرتديه تعادل مرتب سنة مما لدينا ،ونحن ننتظر فقط كي تقراء الفاتحة علي ارواحنا ورغم ذلك نحسب حسابات للدنيا التي نعيش فيها في القرن التاسع قبل الميلاد #تسقط_بس #مدن_السودان_تنتفض	old_twitter	violence_reporting	NEUTRAL	HATE	OFFENSIVE	3	NO_MAJORITY	0	1.0
26790	لكن حقيقه الشيوعيين و المعارضه طلعو ديني شديد زي ما انتي الاسلامويين طلعو دينك	old_twitter	humanitarian	NEUTRAL	HATE	OFFENSIVE	3	NO_MAJORITY	0	1.0
26792	بعد عشر عاما من الغربة عاد استشاري أمراض القلب من الإمارات وفي حفل تكريمه مع بعض النخب ذكر اسمه ليعتلي المنصة لتكريمه #ما_ضيعه_الكيزان	old_twitter	hate_political	OFFENSIVE	HATE	NEUTRAL	3	NO_MAJORITY	0	1.0
26794	عبدالفتاح البرهان حصار مفروض على السلاح والذخائر جوا وبحرا لفرض هزيمة على الجيش الوطني، تخضع زمام امره لال دقلو او ارغامه على تفاوض استسلامي مهين ومذل	war_corpus	hate_tribal	NEUTRAL	HATE	OFFENSIVE	3	NO_MAJORITY	0	0.723
26801	يوم من المظاهرات و الاحتجاجات خلال ال30 يوم دي ضقنا جزو بسيط جداً من الجرائم و المعاناه الكانت في دارفور و غيرها ..ليكم يوم يا كيزان و فجر الخلاص قرب #تسقط_بس	old_twitter	revolution_terms	OFFENSIVE	HATE	NEUTRAL	3	NO_MAJORITY	0	1.0
26806	لما يكرموك بظرف فيهو قروش إحساس عجيب انسي بس ....أقصد تسقط بس	old_twitter	revolution_terms	NEUTRAL	HATE	OFFENSIVE	3	NO_MAJORITY	0	0.0
26814	و انت متيييين فى ساعة عملت تقييم كلها اخبار ومباركة خرفان وتكسير تلج. حكومة الجوع #تسقط_بس #موكب15مارس	old_twitter	revolution_terms	NEUTRAL	HATE	OFFENSIVE	3	NO_MAJORITY	0	1.0
26852	اشاوس المجموعة 400 حمايات من داخل الخرطوم يؤكدون جاهزيتهم لحسم من تبقى من الفلول The brave RSF 400 Group from within Khartoum reaffirms its readiness to confront the SAF and its allied remnants معركة_الديمقراطية حراس_الثورة_المجيدة	war_corpus	hate_political	OFFENSIVE	HATE	NEUTRAL	3	NO_MAJORITY	0	1.0
26854	الأمريكان شايفين انو الحاجة دي حصلت لما كان بن لادن في السودان و تحت حماية الحكومة السودانية، و القاعدة اعترفت انهر هي الضربت المدمرة الأمريكية. عشان كده الحكومة الكيزانية دي دخلّتنا في موضوع ما عندنا بيهو دخل و #تسقط_بس و بكره #موكب28مارس #مدن_السودان_تنتفض	old_twitter	violence_incitement	OFFENSIVE	HATE	NEUTRAL	3	NO_MAJORITY	0	1.0
26859	الدروشاب جغم العشرات وتدمير عدد من المركبات ودك منازل استغلتها المليشيا وحولتها الى ثكنات عسكرية وجغم القائد الميداني العميد علي بنشر	war_corpus	violence_reporting	OFFENSIVE	HATE	NEUTRAL	3	NO_MAJORITY	0	1.0
26879	ختاماً نؤكد على أن خطوتنا هذه هي إضافة لحراك شعبنا الثوري ودعماً له وبلورةً لمطالبه وآماله التي عمدها بالدماء في طرقات البلاد ومدنه وأريافه، هذه الثورة لن تعود دون غاياتها وأن فجر الخلاص قد أوشك طريقنا الآن واحد ومصيرنا واحد ونصر شعبنا آت لا محالة. #مدن_السودان_تنتفض	old_twitter	revolution_terms	OFFENSIVE	HATE	NEUTRAL	3	NO_MAJORITY	0	1.0
26893	بيان وسط انباء عن اعادة رئيس الوزراء عبد الله حمدوك الى مقر اقامته، معزولا وتحت الاقامة الجبرية، تتواتر الافادات عن هجمة انتقامية تقوم بها قوات الانقلابيين على مواقع تجمعات الثوار في انحاء متفرقة من العاصمة ومدن اخرى، تستخدم فيها الاعيرة النارية ومحاولات اقتحام التروس	war_corpus	hate_tribal	OFFENSIVE	HATE	NEUTRAL	3	NO_MAJORITY	0	1.0
26894	عليكم الله اطلعوا لينا من ال المهدي العطالة ال المهدي هم من ضمن الذين كانوا سبب في دمار السودان #ملحوظة تم ارجاع بشرى المهدي برتبة مقدم في جهاز الامن قبل ايام لذلك كفاية من المسرحية الهزلية #تسقط_بس	old_twitter	dehumanizing	NEUTRAL	HATE	OFFENSIVE	3	NO_MAJORITY	0	1.0
26903	عشان نكون واضحين هي عملوها لناس اقصر مننا انا وانت بكتير	old_twitter	random_no_keyword	NEUTRAL	HATE	OFFENSIVE	3	NO_MAJORITY	0	1.0
26906	التعليم انتهي الصحة انتهت الدولار طار السما الاسعار طارت السما الامراض الغريبة كترت المواصلات انتهت #فساد_الكيزان #السودان #أبينا	old_twitter	hate_political	OFFENSIVE	HATE	NEUTRAL	3	NO_MAJORITY	0	1.0
26912	والله نفس الشى كنتة معه التجمع من بداية الثورة وكلنا بنقول تسقط بس بعد سقط البشير والكيزان المفروض كان الثورة توقف ويتحول السياسين للعمل السياسي والشعب يرجع لأعماله ماكان في داعي للفتن وتخوين الجيش وتخوين نص الشعب كانت حتكون اجمل ثورة	old_twitter	hate_political	OFFENSIVE	HATE	NEUTRAL	3	NO_MAJORITY	0	1.0
26955	الناس المفتكرين اننا ح نندم لما يبعدو عننا،احب اقول ليكم نحنا ندمانين اصلا لمن اتعرفنا عليكم ASTAA	war_corpus	violence_incitement	HATE	OFFENSIVE	NEUTRAL	3	NO_MAJORITY	0	1.0
26973	عملنا اللي ميتعملش مع ناس متستهلش...	old_twitter	random_no_keyword	NEUTRAL	HATE	OFFENSIVE	3	NO_MAJORITY	0	1.0
26994	حمر كردفان الانتفاضة الشعبية المسلحة لانهاء التمرد	war_corpus	hate_political	OFFENSIVE	HATE	NEUTRAL	3	NO_MAJORITY	0	1.0
27007	مدفعية قواتنا الباسلة تدمر عددا كبيرا من العربات القتالية للمليشيا الارهابية المتمردة كانت متجمعة وسط الخرطوم، هلاك اعداد كبيرة من مرتزقة المليشيا حرقا داخلها نصر من الله وفتح قريب	war_corpus	violence_reporting	OFFENSIVE	HATE	NEUTRAL	3	NO_MAJORITY	0	1.0
27030	نحن انتقلنا من مرحلة شائعات عن مقتل حميدتي الى شائعات عن مقتل عبد الرحيم شكلنا ح نقعد كدا قتلو قتلو قتلو لحد يلحق اخو	war_corpus	hate_tribal	OFFENSIVE	HATE	NEUTRAL	3	NO_MAJORITY	0	1.0
27038	اتحداكم لو ما قاعدين تغنو وتقولو هتافات الثوره وانتو في البيت	old_twitter	random_no_keyword	NEUTRAL	HATE	OFFENSIVE	3	NO_MAJORITY	0	0.0
27044	ما هي الفائدة من الإشارة ل "عناصر مندسة في المظاهرات لنشر البلبلة" في خطاب وزارة إعلام مجلس الوزراء حول أحداث القمع الوحشية لموكب فبراير؟ #اسأل_توتير	old_twitter	hate_political	HATE	NEUTRAL	OFFENSIVE	3	NO_MAJORITY	0	0.842
27047	حمدلله على سلامتك و ربنا ينتقم منهم	old_twitter	violence_incitement	HATE	OFFENSIVE	NEUTRAL	3	NO_MAJORITY	0	1.0
27083	والله بالجد كده مف شي بستاهل وقت م تحتاجو ليناا احنااا معاكم وقاعدين ليكم ف يوم م حننسى وقفتكم معانا	war_corpus	violence_incitement	HATE	NEUTRAL	OFFENSIVE	3	NO_MAJORITY	0	1.0
27086	#اعتصام_القيادة_العامة #مدن_السودان_تنتفض ، كذب وقتل و خيانه في وضح النهار	old_twitter	violence_reporting	NEUTRAL	HATE	OFFENSIVE	3	NO_MAJORITY	0	1.0
27098	كيف يكونوا عارفين ما ممكن اصلا معقولة ما بخافوا ربنا ياخ القتل ده مافيه اي غفران إلا زول يكون قنعان من الجنة وقال اسوطها بس	old_twitter	violence_reporting	NEUTRAL	HATE	OFFENSIVE	3	NO_MAJORITY	0	1.0
27105	هلك يوم امس بامدرمان الصالحة المرتزق التشادي موسي البشير الراشدي اخ الهالك المرتزق التشادي مهدي بشير في المعارضة التشادية الذي هلك في الفاشر نصر من الله وفتح قريب	war_corpus	gender_hate	OFFENSIVE	HATE	NEUTRAL	3	NO_MAJORITY	0	1.0
27117	من يحاكم من في دولة الا عدالة والا قانون القتلة واللصوص يحاكمون الشرفاء #تسقط_بس #موكب21مارس	old_twitter	revolution_terms	NEUTRAL	HATE	OFFENSIVE	3	NO_MAJORITY	0	1.0
27132	محمد موسى انتا لسع في رباطابي ودنقلاوي وقبلية ياخ ارتفع شوية كسوداني وبس تسقط بس	old_twitter	hate_tribal	NEUTRAL	HATE	OFFENSIVE	3	NO_MAJORITY	0	0.0
27148	بتفق معاك وزمان كتبت كلام مشابه انه الكيزان لو نجحو في شي فهو نجاحهم في تحويل طريقة التفكير بتاعت الشعب عاملين زي ناس الصحوة في السعودية	old_twitter	hate_political	OFFENSIVE	HATE	NEUTRAL	3	NO_MAJORITY	0	1.0
27159	لجان مقاومة الثورة الحارة التاسعة والعاشرة تحية المجد والخلود للشهداء يانجيب حقهم يا نموت زيهم تدعوكم لجان مقاومة الثورة الحارة التاسعة والثورة الحارة العاشرة الى وقفة احتجاجية تعبيرا عن الرفض القاطع لنتائج لجنة الالتزام_باعلان_الحريه_والتغيير مواكب_انتقال_السلطه	war_corpus	violence_reporting	OFFENSIVE	HATE	NEUTRAL	3	NO_MAJORITY	0	1.0
27163	من عمليات امس الخميس الجيش يقصف اكبر تجمع سكني للمرتزقة بامبدة ال٢٠ وال١٩ بكميات كبيرة من قذائف الهاون	war_corpus	hate_political	OFFENSIVE	HATE	NEUTRAL	3	NO_MAJORITY	0	1.0
27186	الجنجا ماينووم فتك متك جغم تقيل سراي الليل، خفافيش الظلام ، بحري _ام درمان _ الخرطوم،، كنقوو نسووور تعشق الترحال كنقوو لايكل لا يمل عفشك بقجك نومك مجهجه محلك مامعرووف كنقووو_جووه_الميدان	war_corpus	violence_incitement	HATE	OFFENSIVE	NEUTRAL	3	NO_MAJORITY	0	0.811
27187	اطفالنا املنا وعساكرنا عزنا وسندنا المؤسسة التعاونية الوطنية المؤسسة_التعاونية_الوطنية_بالقوات_المسلحة جيش_واحد_شعب_واحد معركة_الكرامة	war_corpus	profanity	OFFENSIVE	HATE	NEUTRAL	3	NO_MAJORITY	0	1.0
27201	بيان يا عنصري ومغرور كل البلد دار فور الهتاف الذي لقف كل ما صنعه النظام المباد بين مكونات شعبنا، فتبين ان ما توهمه من تفرقة وعنصرية كان كيد دكتاتور لن يفلح حيث اتى، فقد اكلت ثورة ديسمبر منساة النظام المباد فبانت سوءته، فكان شعبنا عند الموعد كما اراد واجبنا_حمايه_الثوره	war_corpus	neutral_news	OFFENSIVE	HATE	NEUTRAL	3	NO_MAJORITY	0	1.0
27206	عاجل قوات الدعم السريع الانقلابيون لم يظهروا اي التزام او احترام لاتفاق وقف اطلاق النار ما يؤكد ان الهدنة الانسانية من طرفنا فقط احيي انا انتو بتعرفو انسانية؟ هو حميدتي ما معترف بالانسان كفكرة اخترقتو الهدنة من اول لحظة و نهبتو صك العملة	war_corpus	neutral_news	NEUTRAL	HATE	OFFENSIVE	3	NO_MAJORITY	0	1.0
27211	مفروض يطلعوا الشارع زمن السكوت انتهى تسقط بس	old_twitter	revolution_terms	NEUTRAL	HATE	OFFENSIVE	3	NO_MAJORITY	0	1.0
27216	المجلس اذا بيفكر فى غطاء سياسى من احزاب زعيط ومعيط ،يبقى غلطان كلما ابتعد عن "قحت" كلما اقترب من احضان الثورة المضادة واستعداء الشارع.	old_twitter	revolution_terms	NEUTRAL	HATE	OFFENSIVE	3	NO_MAJORITY	0	0.0
27266	#موكب6ابريل دولتك معزولة عن النظام المالي العالمي وما في استثمارات حقيقية بتدخل البلد توفر عملة صعبة وتوفر وظائف وإنتاج وكله يسبب البشير.انت جوازك تقريبا ما في دولة بتقبله غير عدد أصابع اليد من الدول وكلها ما مهمة بالنسبة ليك كرجل أعمال او طالب او سائح سوداني #مدن_السودان_تنتفضِ	old_twitter	revolution_terms	OFFENSIVE	HATE	NEUTRAL	3	NO_MAJORITY	0	1.0
27272	جغم ام درمان، حلتهم اتكشحت	war_corpus	profanity	OFFENSIVE	NEUTRAL	HATE	3	NO_MAJORITY	0	1.0
27280	ناس الشعبية اعملو حسابكم الرباطه متجمعين جمب صيدلية الشعبية وشكلو ناوين علي اقتحام #تسقط_بس #موكب28مارس #مدن_السودان_تنتفض يا جماعه رتويت خلو المعلومه تصل	old_twitter	threats	OFFENSIVE	HATE	NEUTRAL	3	NO_MAJORITY	0	1.0
27294	اشاوس قوات الدعم السريع يستعرضون غنائم الانتصار الكبير على مرتزقة جبريل ومناوي ب ام بعر شمال دارفور The brave soldiers of the RSF display the spoils of their significant victory over Gibril and Minawi mercenaries in Um Ba ar Northern Darfur معركة_الديمقراطية حراس_الثورة_المجيدة	war_corpus	hate_political	OFFENSIVE	HATE	NEUTRAL	3	NO_MAJORITY	0	1.0
27296	الاشاوس من بوابة حلوف بالفاشر يكذبون مزاعم الفلول والمرتزقة ويؤكدون الاستعداد لصد اي هجوم The courageous soldiers of the RSF from Al Fasher s Halov Gate refute the claims made by the SAF its remnants and mercenaries underscoring their readiness to counter any attack معركة_الديمقراطية حراس_الثورة_المجيدة	war_corpus	hate_political	OFFENSIVE	HATE	NEUTRAL	3	NO_MAJORITY	0	1.0
27365	ماف اي عذر كافي عشان تعمل حاجه كعبه و تتلائم مع الناس ماااف اوكي الصاح صاح و الغلط غلط الخير خير و الشر شر غير كدا اعرف نفسك انت كوز زااتك و الله ما بسهل ليك الحريه ما لم تنفذها في نفسك فهمت	old_twitter	hate_political	OFFENSIVE	HATE	NEUTRAL	3	NO_MAJORITY	0	1.0
27377	والله ما بدات خصاما ولا هجرا او هانت عشرة علي ابدا لكني تاذيت فعتزلت	war_corpus	violence_incitement	HATE	NEUTRAL	OFFENSIVE	3	NO_MAJORITY	0	1.0
27408	ان شعبنا أراد الحياة في أرضه بلده السودان لذا قرر ان تسقط حكومة البشير وسياساتها وممارساتها وشخوصها بسلاح السلمية والاعتصام والعصيان حتى النصر والنصر ات ات ات لا ريب. #اعتصام_القيادة_العامة #مدن_السودان_تنتفض #تسقط_بس	old_twitter	revolution_terms	OFFENSIVE	HATE	NEUTRAL	3	NO_MAJORITY	0	1.0
27419	#موكب6ابريل #مدن_السودان_تنتفض #تسقط_بس إصابة بالغة في الراس ضمن مواكب جبرة السلمية.الى متى تعمل آلة القمع و الدم في الشعب،الى متى نفقد الشباب بناة الوطن ليبقى المعمرين في السلطة،هل يعتقد البشير و كيزانه ان الدم و ازهاق ارواح الناس يمنحهم صك البقاء للأبد،حسبي الله و نعم الوكيل	old_twitter	revolution_terms	OFFENSIVE	HATE	NEUTRAL	3	NO_MAJORITY	0	1.0
27432	القوات المسلحة تدحر المتمردين في الفاشر وتكبدهم خسائر كبيرة في الارواح والعتاد السبت ٩ سبتمبر ٢٠٢٣م عيد_الجيش٦٩ كرامة_الجيش_كرامة_شعب معركة_الحسم الجيش_صاحي انهاء_التمرد جيش_واحد_شعب_واحد ده_جيش_بتداوس؟ السودان السودان_اليوم بحري الخرطوم امدرمان الجيش_السوداني القوات_المسلحة الجيش جيشنا جياشة sudanese sudan khartoum SudanNews FYP sd sud sudan sudan_war khartoum_war KeepEyesOnSudan Conflict_in_Sudan diplomats	war_corpus	hate_political	OFFENSIVE	HATE	NEUTRAL	3	NO_MAJORITY	0	1.0
27441	لجان مقاومة الفاشر تصريحات مني اركو مناوي تمثل استفزازا لمشاعر المنكوبين وتنكرا صريحا لتضحيات اهل الاقليم وتجاهلا للمعاناة اليومية التي يعيشها المواطنون تحت الحصار والنار كل من يتحدث عن حوار او حل سياسي او يسعى لاعادة الميليشيا الى المشهد لا يختلف عنها	war_corpus	violence_reporting	NEUTRAL	HATE	OFFENSIVE	3	NO_MAJORITY	0	1.0
27485	وفي ناس نفسي اعمل ليهم كدا	old_twitter	random_no_keyword	NEUTRAL	HATE	OFFENSIVE	3	NO_MAJORITY	0	1.0
27486	مبرووك يا نسور ويا مدفعجية تم ضبط الاحداثيات بالملم بكبري شمبات بيان بالعمل بالقذائف ونشر قناصة ثقيلة عيار 50 ملم وعيار12 7ملم خارقة للدروع بقيادة صياد التماسيح القدير فلان الفلاني لتحييده تماما فوووووق الله غالب	war_corpus	neutral_news	NEUTRAL	HATE	OFFENSIVE	3	NO_MAJORITY	0	1.0
27515	الليله في رايكم في عام ٢٠٢١السودان حيكون كيف بدون كيزان	old_telegram	hate_political	OFFENSIVE	HATE	NEUTRAL	3	NO_MAJORITY	0	1.0
27546	الدعامة قبيل الطيران ضربهم قامو جاريين و خشو جوه الحلة من الخوف ضربو ولد بطرف العربيةبعملو كدا يومي ما قلت راجل	war_corpus	hate_political	NEUTRAL	OFFENSIVE	HATE	3	NO_MAJORITY	0	0.0
27556	فجر الخلاص قرب مليونية ابريل تسقط بس	old_twitter	revolution_terms	NEUTRAL	HATE	OFFENSIVE	3	NO_MAJORITY	0	1.0
27585	لجان مقاومة الحصاحيصا مليشيا الدعم السريع تواصل في انتهاكاتها اليك التفاصيل انضم للراى السودانى علي تلغرام عبر الرابط تابع قناتنا على واتساب	war_corpus	violence_reporting	OFFENSIVE	HATE	NEUTRAL	3	NO_MAJORITY	0	1.0
27597	الانقلابي لكان هذا كافياً لإسقاط كل المجلس وإحالة قادته إلى المحاكم، إلا أن ارتباك هؤلاء الجنرالات جعلهم يظنون أن تقليل عدد الضحايا قد ينقذهم كما ظن رأس نظامهم الساقط أن تصريحه بقتل آلاف مواطن في دارفور قد ينقذه ولكن هيهات،	old_twitter	violence_reporting	NEUTRAL	HATE	OFFENSIVE	3	NO_MAJORITY	0	1.0
27606	_رصاصة حية ويقولو ليك مطاطة _دم الشهيد م راح لابسنو نحنا وشاح _حكومة الجوع تسقط بس _دم الشهيد دمي ام الشهيد امي -دم الشهيد م راح لابسنو نحنا وشاح _حريه سلام وعدالة _البمبان بخور تيمان _جيش واحد شعب واحد _ارفع يدك فوق والتفتيش بالذوق _عندك خت ماعندك شيل	old_twitter	profanity	OFFENSIVE	HATE	NEUTRAL	3	NO_MAJORITY	0	0.642
27615	الله اكبر جيش القضارف يحرر مدينة الفاو ٤٠ التابعة لولاية الجزيرة في طريقه لود مدني كانت محتلة كان فيها قوات كيكل وقائد التمرد عزام اخو كيكل ان شاء الله يكونو انجغمو	war_corpus	hate_political	OFFENSIVE	HATE	NEUTRAL	3	NO_MAJORITY	0	1.0
27649	قنوده أنتا مفترض تخذ جنسيه السودانيه ، بعد #تسقط_بس	old_twitter	revolution_terms	NEUTRAL	HATE	OFFENSIVE	3	NO_MAJORITY	0	0.0
27659	رئيس مجلس السيادة السوداني عبدالفتاح البرهان لن نضع السلاح قبل استئصال التمرد وسنواصل دحر المليشيا و المرتزقة حتى تطهر دارفور	war_corpus	hate_political	OFFENSIVE	HATE	NEUTRAL	3	NO_MAJORITY	0	1.0
27677	البلدي وصلت الجحيم خلاص ، داخلين علي محطه جديده ، الويل او اي وادي في جهنم #موكب8مارس #تسقط_بس	old_twitter	threats	NEUTRAL	HATE	OFFENSIVE	3	NO_MAJORITY	0	1.0
27678	البنات البقدرو يضربو منكير في العريية	old_twitter	random_no_keyword	NEUTRAL	OFFENSIVE	HATE	3	NO_MAJORITY	0	1.0
27692	دايرين تقضوا على هذه الظاهرة تماما بتكتيك بسيط جدا ويتم الاعلان عنه بيان بالعمل نهاب مسلح يتم استهدافك في المليان مباشرة وارداك في الحال وكل المتواجدين معم في موتر او منطقة وشوفوهم تاني كان شالوا عود شبيه بكلاش ساكت الله غالب	war_corpus	neutral_news	NEUTRAL	HATE	OFFENSIVE	3	NO_MAJORITY	0	1.0
27693	انته في حاجه رايحه عليك عامل اضنينك الكبار ديل زمن تغشو وتكذبو ده انتهي وتزورو التاريخ في الكتب انتهي طبعا لانو نص حزبكم جاهلين النت م خلا حاجه متذكرين تسقط بس وجداول تجمع المهنين كانت بتنزل وين ولا م عارفين #الحظر_الكلي	old_twitter	revolution_terms	NEUTRAL	HATE	OFFENSIVE	3	NO_MAJORITY	0	1.0
27704	انسحاب اللواء المتمرد عثمان حامد عثمان عمليات قائد العمليات العسكرية لميليشيا ال دقلو مع كتيبة النخبة من وسط الخرطوم نحو منطقة جبل_اولياء والتي تدور فيها معارك شرسة لتحريرها من دنس الميليشيا وانباء اكدت انسحابه للمرة الثانية مع قواته نحو غرب السودان بدا الصيجة وووب علي ياجنابو	war_corpus	gender_hate	OFFENSIVE	HATE	NEUTRAL	3	NO_MAJORITY	0	1.0
27727	الكائنات دي الزمن حيلف الزمن و تحبسكم في اقفاص زي دي..	old_twitter	random_no_keyword	NEUTRAL	HATE	OFFENSIVE	3	NO_MAJORITY	0	0.0
27730	كتائب الجداد حتشتغل شغل تقيل انها تطلع الاسماء دي فشنك و شيوعيه و علمانية ووو	old_twitter	religious_sectarian	NEUTRAL	HATE	OFFENSIVE	3	NO_MAJORITY	0	0.0
27734	يا بلد المواجع جملة شوارعك كم ملاني هموم قسّمتي السهر لي ولادك وكل واحد مظالم كوم إذا هجرو المكان و أبوكي فأبداً ما عليهم لوم	old_twitter	violence_incitement	HATE	NEUTRAL	OFFENSIVE	3	NO_MAJORITY	0	1.0
27742	وضع الجنجا اليوم في امدر	war_corpus	random_no_keyword	NEUTRAL	HATE	OFFENSIVE	3	NO_MAJORITY	0	1.0
27759	الخطبه الجمب موقف شندي كانت بتتكلم عن الشُهداء فالناس صنت عشان تسمع قال انو يوم القيامه بسالو الشهيد ليه طلعته؟ لو قال عشان شوفوني وانا شجاع وعشان يقولو عليو شهيد يُجر بوجه في النار ولو عشان بلدو فالخروج علي الحاكم حرااام كون في عونننا من تُجار الدين ياارب #موكب17يناير	old_twitter	revolution_terms	NEUTRAL	HATE	OFFENSIVE	3	NO_MAJORITY	0	1.0
27787	انتي خليكي ما حميدتي تسقط بس	old_twitter	revolution_terms	NEUTRAL	HATE	OFFENSIVE	3	NO_MAJORITY	0	1.0
27796	مليشيا التمرد تعتقل اللواء عصام فضيل وسط ظروف صحية سيئة وتفرض عليه رقابة مشددة داخل محبسه بمدينة نيالا اعتقال فضيل جاء علي خلفية تسريبات عن تواصله مع قنوات ذات علاقة بالجيش السوداني الصحفي عبد الماجد عبد الحميد	war_corpus	hate_tribal	OFFENSIVE	HATE	NEUTRAL	3	NO_MAJORITY	0	1.0
27807	شايف في سؤال متكرر انو الدعامه كيف يعني يمرقوا بالحاجات السرقوها وحيمشوا بيها وين وكدا لكن السؤال الاصح المفروض الناس تسالو هم حيمرقوا بي وين ؟	war_corpus	violence_incitement	HATE	NEUTRAL	OFFENSIVE	3	NO_MAJORITY	0	1.0
27824	فضيحة ديبلوماسية و عار ان يزور السفير الأمريكي جرحى الثورة في مستشفيات الخرطوم في غياب تام ممن في يدهم ∆السلطة∆ المشكلة لا يزوروا الجرحى و لا يترحموا على القتلى! و لا يحموا المعتصمين طيب عايزين السلطة ليه؟ لشنوووو؟؟ عشان شنو؟؟؟ #اعتصام_القياده_العامه #مدن_السودان_تنتفض	old_twitter	violence_reporting	NEUTRAL	HATE	OFFENSIVE	3	NO_MAJORITY	0	1.0
27830	في فيديو اغتصاب تاني اتنشر في الحوش دا كمان	war_corpus	violence_reporting	NEUTRAL	HATE	OFFENSIVE	3	NO_MAJORITY	0	1.0
27839	قاعدة مسلمة: الشعوب ابقي من حكامها فلن يتراجع هذه الجماهير التي اقتحمت شوارع الخرطوم كسيل متمرد،وان طال ليل الإستبداد حتماً سوف ينكسر هذا القيد بإرادة هذه الأمة التي أظهرت بالامس جميع خصال المسؤولية والحب بشه وعصابته سقطوا سياسيا وشعبيا #اعتصام_القياده_العامه #مدن_السودان_تنتفض	old_twitter	hate_political	OFFENSIVE	HATE	NEUTRAL	3	NO_MAJORITY	0	1.0
27851	ابريل لمن نجي مارين بي عساكر الشرطة و نقوول ليهم #تسقط_بس و يردو لينا	old_twitter	revolution_terms	NEUTRAL	HATE	OFFENSIVE	3	NO_MAJORITY	0	0.0
27858	الصف لو مافيه شق ما بقول طق #اعتصام_القيادة_العامة الثورة مستمرة #تسقط_بس	old_twitter	revolution_terms	NEUTRAL	HATE	OFFENSIVE	3	NO_MAJORITY	0	0.0
27878	جانب من فعاليات الغد 17 نوفمبر لجان بحري خطاها تسير في درب النصر، هتافها يدوي يهز القصر تنسيقيات لجان مقاومة امدرمان الكبرى اعتصام يوم ووفاء كل يوم، شارع الشهيد عبد العظيم لجان مقاومة شرق النيل من كل فج جوك، لا جوك لا استرجوك لاتفاوض_لاشراكة_لاشرعية مجزرة13نوفمبر	war_corpus	humanitarian	OFFENSIVE	HATE	NEUTRAL	3	NO_MAJORITY	0	0.642
27880	اولاد الضيف تفاوض ده تحلموا بيه حلم شيلوا الصبر تفاوض مرسلين ليكم وزير المعادن مفروض طوالي تعرفوا انها ماسوره وحيد بيومي	war_corpus	violence_incitement	HATE	OFFENSIVE	NEUTRAL	3	NO_MAJORITY	0	1.0
27886	ولاية الشام الخير هلاك واصابة اكثر من 10 عناصر من الPKK المرتدين بهجوم مزدوج لجنود الخلافة في منطقة الصور	war_corpus	religious_sectarian	OFFENSIVE	HATE	NEUTRAL	3	NO_MAJORITY	0	0.772
27891	ذهبت لاشتري لك ساعة رخيصة لكني لم اجد ساعة ارخص من الساعة التى عرفتك فيها ASTAA	war_corpus	violence_incitement	HATE	NEUTRAL	OFFENSIVE	3	NO_MAJORITY	0	1.0
27907	الامنجيه جايين من هنا تسقط بس	old_twitter	revolution_terms	NEUTRAL	HATE	OFFENSIVE	3	NO_MAJORITY	0	1.0
27908	الحمدلله اني شفت الكورة ولا كنت حأفتكره سجل على البرازيل او كولمبيا ما منتخب من أواخر الجدول ولاعب بالدكة	old_twitter	violence_incitement	HATE	NEUTRAL	OFFENSIVE	3	NO_MAJORITY	0	0.811
27915	بسم الله الرحمن الرحيم قاتلوهم يعذبهم الله بايديكم ويخزهم وينصركم عليهم ويشف صدور قوم مؤمنين صدق الله العظيم تمكن مقاومين كتيبة مخيم عقبة جبر في تمام الساعة ١١ ٤٠م من استهداف مركبة لجيش الاحتلال خلال تواجدها في شارع٩٠ بعبوات شديدة الانفجار وانسحاب المقاومين بسلام اخوانكم كتيبة مخيم عقبة جبر	war_corpus	humanitarian	OFFENSIVE	HATE	NEUTRAL	3	NO_MAJORITY	0	0.642
27916	ارادتنا اكبر. والله اكبر تسقط بس #موكب6ابريل	old_twitter	revolution_terms	NEUTRAL	HATE	OFFENSIVE	3	NO_MAJORITY	0	1.0
27926	ناس الفاتح "عُنوة" ديل أكيد ما كانوا "قاصدين"	old_twitter	random_no_keyword	NEUTRAL	HATE	OFFENSIVE	3	NO_MAJORITY	0	1.0
27932	عصابات #الشفتة فتحننا لهم ووطننا ويمارسون كل الاعمال المنافية للقانون	old_twitter	random_no_keyword	NEUTRAL	HATE	OFFENSIVE	3	NO_MAJORITY	0	0.0
27944	كيزان ولاية نهر النيل يدعون لمسيرة زحف اخضر غداً الأحد لعودة حامي فسادهم والمتستر على نهبهم لخيرات الولاية من الأراضي والذهب ويهددون الفترة الانتقالية والحكم المدني #تحديات_الفتره_الانتقاليه	old_twitter	hate_political	OFFENSIVE	HATE	NEUTRAL	3	NO_MAJORITY	0	1.0
27966	الحشد لأكبر صلاة عيد داخل سوح وميادين #اعتصامات_السودان لأجل احقاق الحق وتعريف المجلس العسكري وسارقي الثورة السودانية التي مؤمنة بأهدافها ومضامينها التي لا تحيد عنها أبدا حتى تتحقق كاملة غير منقوصه. كونوا حضورا لأجل الوطن ونبذ العبودية التي يتطلع إليها غير الاحرار #عيدنا_اعتصامنا	old_twitter	revolution_terms	OFFENSIVE	HATE	NEUTRAL	3	NO_MAJORITY	0	1.0
27975	#مدن_السـودان_تنتفض #تسقط_بس جلد و انتهاك المتظاهرات،احد مظاهر السقوط الأخلاقي للنظام، ده كان عندو أخلاق أصلا	old_twitter	violence_reporting	NEUTRAL	HATE	OFFENSIVE	3	NO_MAJORITY	0	1.0
27986	ديل كمان والله المفروض ينجلدو فى القايدة العامة	old_twitter	random_no_keyword	NEUTRAL	HATE	OFFENSIVE	3	NO_MAJORITY	0	1.0
27991	مغطين وجوههم حتى ماينقلوهم لقزة	war_corpus	random_no_keyword	NEUTRAL	HATE	OFFENSIVE	3	NO_MAJORITY	0	1.0
27992	وتاجيج هذه النعرات والصراعات والفتن لا يخدم الا اعداء ثورة شعبنا من فلول النظام ومن يحاولون قطع الطريق امام استكمال اهدافها من الماجورين للمحاور الاقليمية والدولية بدون التدخل القوي والفوري للقوات النظامية فان هذا الحريق سيمتد ويتعذر منعه من الانتشار،	war_corpus	hate_political	OFFENSIVE	HATE	NEUTRAL	3	NO_MAJORITY	0	1.0
27993	بهذه الكتابات انت تعطى أملا للثوار في المجلس العسكري و هذا الأمل الكاذب احد اهم اسباب تأخر استكمال الثورة. يجب ان تعود الأمور لنفس وضوح ايام البشير ، العدو واضح و لا يمكن تجميله و يجب ان #تسقط_بس	old_twitter	revolution_terms	NEUTRAL	HATE	OFFENSIVE	3	NO_MAJORITY	0	0.0
28026	سنار محاولات يائسة وخجولة من المليشيا وكالعادة القشم لها بالمرصاد وحتى الفزع اصبح وجع وتم جغم قائد الفزع النقيب صلاح تبن موسى مسواك وجاري مطاردة ما تبقى من قوة الفزع والتحية لقشم المدفعية والجوية ودالمصطفى	war_corpus	dehumanizing	OFFENSIVE	HATE	NEUTRAL	3	NO_MAJORITY	0	1.0
28030	كتّر خيرك على الالتزام الصارم ده يا د.عبد الله جعفر... انت بطل والله. توجيهات مهمة يا اهل الثورة... بوست حول كسر حاجز الخوف في الدواخل...يستحق القراءة بتمعن والشير على اوسع نطاق #تسقط_بس	old_twitter	hate_tribal	OFFENSIVE	HATE	NEUTRAL	3	NO_MAJORITY	0	1.0
28034	وأي زول ببدا أعمال شغب جمبك طلعو دينو	old_telegram	random_no_keyword	NEUTRAL	HATE	OFFENSIVE	3	NO_MAJORITY	0	1.0
28089	الله اكبر الله اكبر متحرك الفرقه 18 مشاه كوستي بقيادة العميد الركن عبدالله عابدون تتقدم نحو جبل مويه بثبات وتستلم اكبر مدن جبل مويه وهي مدينة البليحاب الحاضنة الاجتماعيه للمتمردين عمار الفحل	war_corpus	hate_political	OFFENSIVE	HATE	NEUTRAL	3	NO_MAJORITY	0	1.0
28090	الشعب جاكم برساله تسقط بس وما همانا #مليونية6ابريل #تسقط__بس #مدن_السودان_تنتفض	old_twitter	revolution_terms	OFFENSIVE	HATE	NEUTRAL	3	NO_MAJORITY	0	1.0
28095	النيل الازرق بالدمازين تخريج دفعة جديدة من المستنفرين والمستنفرات جيش_واحد_شعب_واحد المقاومة_الشعبية_المسلحة بل_بس	war_corpus	hate_tribal	OFFENSIVE	HATE	NEUTRAL	3	NO_MAJORITY	0	1.0
28134	شهداءنا كان بتمنو زينا انه "يلاقو رمضان بدون كيزان"، وانتقاهم الرفيق الاعلى لجواره حيث امنه وكرمه وصحبة الانبياء والصالحين، اللهم ببركة الشهر العظيم ان ترحم شهداءنا الابرار. يا ناس الدنيا كان قايلنها سقطت وبقت بدون كيزان!! رمضان كريم #تسقط_بس #اعتصام_القيادة_العامة	old_twitter	hate_political	OFFENSIVE	HATE	NEUTRAL	3	NO_MAJORITY	0	1.0
28149	ولاية خراسان مقتل واصابة العشرات من ميليشيا طالبان المرتدة بهجوم انغماسي كبير على مستشفى عسكري للميليشيا في كابل	war_corpus	religious_sectarian	OFFENSIVE	HATE	NEUTRAL	3	NO_MAJORITY	0	1.0
28175	الحل في شنو الحل في البل والعاشقين في كل دار عالي عالي يا الاتحاد من ارض الثوار من ارض السودان تسقط بس #الاتحاد_النصر	old_twitter	profanity	NEUTRAL	HATE	OFFENSIVE	3	NO_MAJORITY	0	1.0
28204	عارفين الكلام دا معناهو شنو #تسقط_بس	old_twitter	revolution_terms	NEUTRAL	HATE	OFFENSIVE	3	NO_MAJORITY	0	1.0
28222	كفارات يا حاج ، تقوم بالسلامة	old_twitter	religious_sectarian	HATE	NEUTRAL	OFFENSIVE	3	NO_MAJORITY	0	0.671
28225	المتأسلمين بعدما شعروا بأنهم غير ملاحقين بسبب تلكؤ الاعتقال يلقون سلام الأفاعي للمجلس يعلنون أنهم معه قلبا وقالبا من أجل أمن السودان ألم يكن نفس حديثكم مع البشير الأمن في سلاح يرفع ضد الشعب أم لحماية الشعب إلى مزبلة التاريخ #لم_تسقط_بعد #اعتصام_القياده_العامه #مدن_السودان_تنتفض	old_twitter	revolution_terms	OFFENSIVE	HATE	NEUTRAL	3	NO_MAJORITY	0	0.642
28244	تسليم المطلوبين للجنائية الدولية ومنهم البشير وهارون اول قون حقيقي تسجله حكومة حمدوك الان الواحد ممكن يقول #شكرا_حمدوك ولا نخفي سعادتنا الشديدة بالقرار الشجاع الا اننا نحذر من تبعاته وقد تكون هذه الجولة الحاسمة في معركتنا مع الكيزان نتمنى تنفيذ القرار. #استكمال_هياكل_السلطه	old_twitter	hate_political	OFFENSIVE	HATE	NEUTRAL	3	NO_MAJORITY	0	1.0
28248	الامنجيه شكلهم حيعملو اعتصام ارفع يدك فووووووق والبمبان بالذوق	old_twitter	revolution_terms	NEUTRAL	HATE	OFFENSIVE	3	NO_MAJORITY	0	0.0
28306	ولو ما لحقوا الشعب السوداني حيلحقها #السودان #المجلس_الانتقالي #تحديات_الفتره_الانتقاليه #حل_جهاز_الأمن #حل_المؤتمر_الوطني #بل_الكيزان #شكراً_حمدوك	old_twitter	revolution_terms	OFFENSIVE	HATE	NEUTRAL	3	NO_MAJORITY	0	1.0
28307	كل ما تاخر سقوط النظام كلما زادت خسارتنا لثروات مقدرة لان الكيزان شغالين بيع من طرف بيع من لا يملك لمن لا يستحق فوق كدا بثمن بخس فاعفونا من حنك الثورة تنضج على نار هادئة وسياسة النفس الطويل #تسقط_بس #الشارع_بس #مدن_السودان_تنتفض #موكب4ابريل	old_twitter	revolution_terms	OFFENSIVE	HATE	NEUTRAL	3	NO_MAJORITY	0	1.0
28317	يا سلطة مدنية يا صبة أبدية تسقط بس	old_twitter	revolution_terms	NEUTRAL	HATE	OFFENSIVE	3	NO_MAJORITY	0	1.0
28325	ما ألذى تغير؟ معظم كبار الكيزان حايمين معاكم و كمان بيعملو مظاهرات مضادة، كل المسؤولين الكبار فى وظائفهم، تمت اعادة النقابات الكيزانية ألموقوفة، خرج حميدتى يهدد بألفصل من العمل لمن يضرب، أعتقالات مستمرة و جلد، العسكر يتصرفون كحكومة،، ذهب الكيزان مع البشير و عادو مع برهان، تسقط بس	old_twitter	hate_political	OFFENSIVE	HATE	NEUTRAL	3	NO_MAJORITY	0	1.0
28346	السرقة تحت حماية مليشيا الدعم السريع ابو ادم شارع النص	war_corpus	violence_reporting	NEUTRAL	HATE	OFFENSIVE	3	NO_MAJORITY	0	0.0
28358	ولاية غرب افريقية 7 قتلى من الجيش الكاميروني الكافر واحراق ثكنة لهم بهجوم لجنود الخلافة شمال الكاميرون	war_corpus	religious_sectarian	OFFENSIVE	HATE	NEUTRAL	3	NO_MAJORITY	0	0.772
28368	تكرار البشير لفكرة "ولكم في القصاص حياة" دي معناها ما زلة لسان او اي شي تاني بل مقصود وكما هو واضح دي تعلمات مباشرة بالقتل وإراقة دم المواطن السوداني. عمر البشير مجرم ولازم يسقط، لانو الكرسي عندو اهم من اي مواطن سوداني يموت	old_twitter	revolution_terms	NEUTRAL	HATE	OFFENSIVE	3	NO_MAJORITY	0	1.0
28376	يفتك الساوندكلاود و يتحير يسمع شنو و يخلي شنو؟	old_twitter	violence_incitement	HATE	NEUTRAL	OFFENSIVE	3	NO_MAJORITY	0	1.0
28427	ملازم اول محمد صديق قتل و هو مقبل قتل بعد ان قاتل بشرف في الصفوف الاولى و تم اسره ليغدر به هؤلاء الجبناء ليشهد التاريخ ان الملازم محمد صديق خير من انجبت القوات المسلحة و عبد الوهاب البرهان مربي الجنحويد احاله للمعاش	war_corpus	hate_tribal	OFFENSIVE	HATE	NEUTRAL	3	NO_MAJORITY	0	1.0
28435	هذا هو القطيع باقي المناعة	old_twitter	random_no_keyword	NEUTRAL	HATE	OFFENSIVE	3	NO_MAJORITY	0	1.0
28464	بيانات قحت الجناح السياسي للمليشيا المتمردة وبيانات مليشيا الدعم الجناح العسكري ل قحت كلاهما كانما يخرجان من كنيف واحد بذات السياق ونفس الالفاظ والتعبيرات الزول البيكتب البيانات دي، حاول غير شويه عشان نعمل نفسنا صدقناكم واتغشينا قحت_لاتمثلني	war_corpus	neutral_news	NEUTRAL	HATE	OFFENSIVE	3	NO_MAJORITY	0	0.643
28465	نفس العملوه الكيزان قبل ابريل شارع النيل امام العمارة الكويتيه ذخيرة حيه الان #السودان_التصعيد_الثوري #اعتصام_القياده_العامه	old_twitter	revolution_terms	OFFENSIVE	HATE	NEUTRAL	3	NO_MAJORITY	0	1.0
28479	العملاء ديل انجزو عمليات اكبر من كدة ودي عمليه بالنسبه ليهم ذي شرب الموية فما م تقلقي	old_telegram	hate_political	OFFENSIVE	NEUTRAL	HATE	3	NO_MAJORITY	0	1.0
28504	نفس العملتو في مواطنين مدينه الجنينه مافي فرق بينكم وبين الكيزان اصلا	war_corpus	hate_political	OFFENSIVE	HATE	NEUTRAL	3	NO_MAJORITY	0	1.0
28515	تعرف انا مبسوط جدا انه المناطق دي ما اتذكرت! عشان ديل انا متاكد كدا كدا حيمرقوا بس لو كان التجمع جاب سيرتهم كان التاتشرات باتت هناك الليلة.	old_twitter	random_no_keyword	NEUTRAL	HATE	OFFENSIVE	3	NO_MAJORITY	0	1.0
28522	شحاد جاء لي شايقي قال ليه طالب المرووة الشايقي قال ليهو اقع الدخن	war_corpus	hate_tribal	NEUTRAL	OFFENSIVE	HATE	3	NO_MAJORITY	0	0.0
28526	من الاخر المجلس العسكري عايز ينقلب علي الشعب و الثوار الرجاء من جميع الشعب السوداني توجه الي القيادة مقر اعتصامنا للمحافظ علي ثورتنا و ارجع حق شهداينا #مدن_السودان_تنتفض #اعتصام_القياده_العامه #تسقط_بس	old_twitter	revolution_terms	OFFENSIVE	HATE	NEUTRAL	3	NO_MAJORITY	0	1.0
28530	اشتباكات الان في شرق النيل محطه 13 بين الدعامه فيما بينهم بين الجنوبيين والرزيقات الفيديو فيه الالفاظ عشان كدا كتمت الصوت	war_corpus	violence_reporting	NEUTRAL	HATE	OFFENSIVE	3	NO_MAJORITY	0	1.0
28532	Photos from تجمع المهنيين السودانيين s post تجمع المهنيين السودانيين النيل الازرق الوقفة الاحتجاجية لتجمع المهنيين السودانيين بالنيل الازرق رفضا للانقلاب العسكري وشرعنته ومن اجل اسقاطه وبناء سلطة الشعب المدنية الخالصة اعلام التجمع 14 ديسمبر 2021	war_corpus	hate_tribal	OFFENSIVE	HATE	NEUTRAL	3	NO_MAJORITY	0	1.0
28540	صحيفة الإنتباهة أم الصحف العنصرية في الكوكب مشيرة شغل	old_twitter	random_no_keyword	NEUTRAL	HATE	OFFENSIVE	3	NO_MAJORITY	0	0.0
28550	لجان المقاومة شمال كردفان بداية الوقفه الاحتجاجيه للجان المقاومه الابيض ا لجان المقاومة شمال كردفان بداية الوقفه الاحتجاجيه للجان المقاومه الابيض الشعب_يريد_قصاص_الشهيد السودان_يوم_الشهيد	war_corpus	violence_reporting	OFFENSIVE	HATE	NEUTRAL	3	NO_MAJORITY	0	1.0
28568	#موكب28مارس تسقط بس كلمتان خفيفتان علي اللسان وقوضت أركان الطغيان	old_twitter	revolution_terms	NEUTRAL	HATE	OFFENSIVE	3	NO_MAJORITY	0	0.0
28577	تم تدمير راجمة الصواريخ لمليشيا الجنجا المرتزقة التى كانت موجودة فى مدينة بحرى	war_corpus	hate_political	OFFENSIVE	HATE	NEUTRAL	3	NO_MAJORITY	0	1.0
28580	لا لا قديم ما كده الكيزان في الاصل هي جمع لمفرد كوز و هو اناء كبير يستخدم للشرب اطلقوه هم على انفسهم قالو لانهم يشربون العلم شراباً بعدين انتشر بين عامة الشعب و اصبحت صفة ذم تباعاً لافعالهم	old_twitter	hate_political	OFFENSIVE	HATE	NEUTRAL	3	NO_MAJORITY	0	1.0
28591	عن كل مرة اتهمتك فيها يا الله	old_twitter	violence_incitement	HATE	OFFENSIVE	NEUTRAL	3	NO_MAJORITY	0	1.0
28618	من مصدر موثوق شوف عين والحداد وفارس والحاج عبدالله كلها داعش سورين وعربات سودا واعلام سودا دخلو من ٤ ايام كميات كبيرة	war_corpus	hate_tribal	OFFENSIVE	HATE	NEUTRAL	3	NO_MAJORITY	0	1.0
28636	ولاية العراق كركوك بتوفيق الله تعالى، كمن جنود الخلافة لعناصر من الحشد العشائري المرتد، قرب قرية الحوايج بمنطقة العباسي اول امس، واستهدفوهم بالاسلحة الرشاشة، ما ادى لمقتل 3 منهم واصابة 2 اخرين بجروح، ولله الحمد	war_corpus	religious_sectarian	OFFENSIVE	HATE	NEUTRAL	3	NO_MAJORITY	0	1.0
28685	دلدومو جاهز لمن نَفَر وأبا وتمرد	old_telegram	hate_political	NEUTRAL	OFFENSIVE	HATE	3	NO_MAJORITY	0	1.0
28689	من فاشر السلطان سلام في وعي حاصل الايام دي نصر من الله وفتح قريب كلنا_جيش شعب_واحد_جيش_واحد الاستنفار_لدحر_الاستعمار السودان_يتعرض_للغزو_الخارجي تسليح_المستنفرين_مطلب_شعبي	war_corpus	dehumanizing	OFFENSIVE	HATE	NEUTRAL	3	NO_MAJORITY	0	1.0
28694	عاجل. إنتقل الشعب السوداني من القمر المزيف (كوز سات) إلي القمر الحقيقي (حرية سات) وتم تغيير التردد أفقي إلي التردد رأسي، معدل الترميز (تسقط بس) إستمتعوا بمشاهدة السودان الحر في الشوارع. بكل سهولة والمنع بتقنية البث العادي إلى بتقنية	old_twitter	hate_political	OFFENSIVE	HATE	NEUTRAL	3	NO_MAJORITY	0	1.0
28695	الانسان البحبك وبحترمك ما بوصلك لمرحلة انو يا تختار كرامتك او تختارو هو	war_corpus	violence_incitement	HATE	NEUTRAL	OFFENSIVE	3	NO_MAJORITY	0	1.0
28707	شايقي مشى يشترى خروف العيد،البائع قاليهو الخروف بي مليون،قاليهو خلاص داير إتنين و بعد ما رفعهم ليهو في العربية اداهو بقشيش..	old_twitter	hate_political	HATE	NEUTRAL	OFFENSIVE	3	NO_MAJORITY	0	0.929
28721	الناس مفروض تركز مع مستقبل السودان اكثر من الانتقام من الكيزان. الجيش اسي مسك شماعة انو حاننتقم ليكم يا شعب من الكيزان و و و. طيب ومحاسبتهم وين المال العام وين وداد؟! بالنسبة لي نضافة الشارع قدام القيادة العامة! دي فكرة زول بلعب شطرنج بالمناسبة، لكن ما حريف!!! #تسقط_بس	old_twitter	threats	HATE	NEUTRAL	OFFENSIVE	3	NO_MAJORITY	0	0.529
28723	تم اصدار هذا القرار حتي يتمكن الاسلاموين من احتكار كل النقود وبذلك التحكم في الاقتصاد وكثير الشعب السوداني قرار خاطيء وغير بريء وينم عن شيطنة النظام الحاكم	old_twitter	humanitarian	NEUTRAL	HATE	OFFENSIVE	3	NO_MAJORITY	0	0.723
28725	واحد من المليشيا المسيرية محتج على علاج جرحى اولاد الرزيقات في دبي وجوبا واولاد المسيرية اهلهم يبيعوا بقرهم عشان يعالجوهم عمار السجاد	war_corpus	hate_tribal	NEUTRAL	OFFENSIVE	HATE	3	NO_MAJORITY	0	1.0
28732	يا حبيب أرجو ألا تعلى سقف ثقتك في إمام البوخة ودخان المرقة هذا إطلاقا. لن و لم يتخلى عن الاخوان المتأسلمين داخل النظام وخارجه وهذا هو الزيت الحقيقي وقس على مواقفه المخزية تاريخيا وسياسيا واخلاقيا على الباغي ستدور الدوائر قريبا إن شاء الله #تسقط_بس #الثورة_مستمرة	old_twitter	hate_political	NEUTRAL	HATE	OFFENSIVE	3	NO_MAJORITY	0	0.0
28760	المبروكة تستهدف اركتازات المرتزقة في الفولة وجغم مجموعة كبيرة من جدا من الجنجويد وعدد من العربات	war_corpus	hate_tribal	OFFENSIVE	HATE	NEUTRAL	3	NO_MAJORITY	0	0.587
28880	عدد كبير من قيادات ومرتزقة المليشيا قد هلكوا، ونعمل حاليا على التاكد من الاعداد والاسماء	war_corpus	hate_political	OFFENSIVE	HATE	NEUTRAL	3	NO_MAJORITY	0	1.0
28908	ولاية غرب افريقية صور قصف جنود الخلافة لمعسكر للجيش النيجيري المرتد في بلدة غونيري بمنطقة يوبي	war_corpus	religious_sectarian	OFFENSIVE	HATE	NEUTRAL	3	NO_MAJORITY	0	0.772
28929	هجاء الاوباش بعضهم بعضا، بعد هروب اعداد من المرتزقة من المعارك المحتدمة في الفاشر السودان	war_corpus	hate_political	OFFENSIVE	HATE	NEUTRAL	3	NO_MAJORITY	0	1.0
28935	#مليونية_6أبريل ابقو كتار ابقو قراب #تسقط__بس	old_twitter	revolution_terms	NEUTRAL	HATE	OFFENSIVE	3	NO_MAJORITY	0	1.0
28937	ان تجمع شباب وطلاب المناصير يحمل والي الولاية العسكري اي مسؤلية عنف تحدث تجاه المعتصمين وسياخذ التجمع تهديدات الوالي محمل الجد، ويدعو التجمع قوى الحرية والتغيير بالانحياز لقضايا اهلنا في مشروع المناصير الجديدة ومنع التغول الذي يتم عليه برعاية والي الولاية	war_corpus	threats	OFFENSIVE	HATE	NEUTRAL	3	NO_MAJORITY	0	1.0
28951	مليشا الدعم السريع تطلق النار مباشر علي المدنيين في حافله موصلات عامة بمنطقة صالحة جنوب امدرمان معركة_الحسم العمل_الخاص مع_الجيش ده_جيش_بداوس الجيش_صاحي شعب_واحد_جيش_واحد	war_corpus	violence_reporting	OFFENSIVE	HATE	NEUTRAL	3	NO_MAJORITY	0	1.0
28958	#اعتصام_القياده_العامه #لم_تسقط_بعد #مدن_السودان_تنتفض *الحل البل* كتار فاهمين غلط قصه الحل في البل عشان الناس ما تشرع ساي الحل في البل دي ليس شي مشين والجداد شابكنا دي شعارات ليكم الشعار دا في معناهو الأغلبيه ما عارفه قصتو في الغرب الحبيب في حبل اسمو داموك بربطو بيهو الثور	old_twitter	revolution_terms	NEUTRAL	HATE	OFFENSIVE	3	NO_MAJORITY	0	1.0
28964	الثورة السودانية ضد: الحرامية الإحتراب ثيوقراطية الدولة العنصرية التهميش القبلية الجهوية الجهل القهر التمييز حرية، سلام وعدالة #تسقط_بس يا زول #عصيان13مارس يا انسان	old_twitter	humanitarian	NEUTRAL	HATE	OFFENSIVE	3	NO_MAJORITY	0	1.0
28980	اللهم أشفي و انت الشافي #السودانيون_أسياد_أنفسهم	old_twitter	random_no_keyword	NEUTRAL	HATE	OFFENSIVE	3	NO_MAJORITY	0	1.0
28999	اليوم دا كان مليء بالدماء والرعب المستمر والمعارك من قبل الفجر لحدي الساعة وبعديها ظهرو القناصة لأول مرة في عمارة الهيكل في لحظة جا واحد من قدام قال في قتيل بين الجيش والأمن وكانت قوات هيئة العمليات معاها قوات طلابية، في انسحابها الأخير قامت بحرق مكتب الوحدة في مسجد الجامعة	old_twitter	violence_reporting	OFFENSIVE	HATE	NEUTRAL	3	NO_MAJORITY	0	1.0
29005	شاهد_بالفيديو مشاة الهجانه و وحدات اسنادها وجهاز المخابرات العامة يتصدون الهجوم الغاشم للمليشيا ويلحقون خسائر كبرى في صفوف العدو المتمرد ويجبرون ما تبقى من مرتزقة الدعم السريع بالتراجع تاركين وراءهم الكثير من الجثث المتفحمه والعربات القتاليه المتفجره الجزء_الخامس اعمل_متابعه_وشير السودان_عصيه_ومنيعه القوات_المسلحه_السودانيه الفرقه_الخامسه_مشاه_الهجانه دروع_اللواء_142_مشاه_الي_الابيض معركة_العزه_والكرامه_ضد_التمرد_المليشي	war_corpus	hate_political	OFFENSIVE	HATE	NEUTRAL	3	NO_MAJORITY	0	1.0
29024	مظاهرات الكيزان متوسط الاعمار حقتهم سنه، يا جماعه عليكم الله ما تعتصمو نحنا والله عايزين ليكم الخير وصحتكم هامانا الكلام دا ما بتقدرو عليهو!	old_twitter	revolution_terms	OFFENSIVE	HATE	NEUTRAL	3	NO_MAJORITY	0	1.0
29028	انتو لمن قلتوا كل البلد دارفور قلتوها نقمة ولا إحساس لو إحساس م تفرطوا الاحساس د وواصلوا ثورتكم ينصركم الله واللبيب بالإشارة يفهم #الثورة_بدت_ياداب #تسقط_بس #اعتصام_القيادة_العامة	old_twitter	revolution_terms	NEUTRAL	HATE	OFFENSIVE	3	NO_MAJORITY	0	0.0
29039	الفشل كله في عهد اللنغاذ	old_twitter	random_no_keyword	NEUTRAL	HATE	OFFENSIVE	3	NO_MAJORITY	0	1.0
29043	ترو قصصهم كلها كانت طلسية	old_twitter	random_no_keyword	NEUTRAL	HATE	OFFENSIVE	3	NO_MAJORITY	0	1.0
29050	كلمتان خفيفتان على اللسان مفرحتان للكيزان.. الله اكبر	old_twitter	hate_political	OFFENSIVE	HATE	NEUTRAL	3	NO_MAJORITY	0	1.0
29054	هلاك وفطس الشفشافي احمد يعقوب في معارك جبل ابو سنون، كان من اوائل من نهبوا القصر الجمهوري و سك العملة الى جهنم وبئس المصيررررررررررررررررررررررررررررررررر	war_corpus	threats	NEUTRAL	HATE	OFFENSIVE	3	NO_MAJORITY	0	1.0
29057	#افضح_كوز السنة الفات أتهم بغسيل الأموال و دفع تسوية مليون جنيه و مليون دولار و أسهمو في السلام للأسمنت.	old_twitter	hate_political	NEUTRAL	HATE	OFFENSIVE	3	NO_MAJORITY	0	0.576
29068	إدانة مرتكبي مجزرة رمضان التي راح ضحيتها نفر عزيز من شهداء الشعب السوداني ومئات الجرحى إدانة مماطلة المجلس العسكري في تسليم السلطة للشعب المطالبة بإقالة وكيل الوزارة وكل رموز الفساد بالوزارة من منتسبي النظام البائد لا محالة #دفتر_الحضور_الثوري #اعتصام_القياده_العامه	old_twitter	revolution_terms	OFFENSIVE	HATE	NEUTRAL	3	NO_MAJORITY	0	1.0
29080	ربنا ولا تحملنا ما لا طاقة لنا به واعف عنا واغفر لنا وارحمنا أنت مولانا فانصرنا على القوم الكافرين	old_telegram	religious_sectarian	OFFENSIVE	NEUTRAL	HATE	3	NO_MAJORITY	0	1.0
29083	ماف اي دعامة هناك امقرون قالت الدعامة الماتو ديل في الجنة	war_corpus	hate_political	NEUTRAL	OFFENSIVE	HATE	3	NO_MAJORITY	0	0.0
29124	صدام وهو عايش كانو بحكو عنو كده ولمن مات لسى الناس متزكراه ، فما تقارني الابطال ب الخونه	old_twitter	random_no_keyword	NEUTRAL	HATE	OFFENSIVE	3	NO_MAJORITY	0	1.0
29173	البشير والحكومه والاحزاب كلها تغور في ستين وتسيبنا برانا بنبني بلدنا	old_twitter	revolution_terms	NEUTRAL	HATE	OFFENSIVE	3	NO_MAJORITY	0	0.0
29174	بعملية نوعية ناجحة تمت القضاء على عدد من مرتزقة المليشيا في الجيلي، بما فيهم القائد مقدم خلا جبارة	war_corpus	hate_political	OFFENSIVE	HATE	NEUTRAL	3	NO_MAJORITY	0	1.0
29175	سامحني بس انا يا وطن ما كنته يوم عرسك معاك فارقنا ارضك بالجبر الجثه بس والروح هناك #تسقط_بس #مليونية6ابريل	old_twitter	dehumanizing	OFFENSIVE	HATE	NEUTRAL	3	NO_MAJORITY	0	1.0
29187	لما الدنيا الغريبة دي تصدمك جدا في زول، و في عز الصدمة تديك "انسانة" صدمتها زي صدمتك بالزبط، بس انسانيتها اكبر منك بكتير، تنسيك و تطبطب عليك	old_twitter	violence_incitement	HATE	NEUTRAL	OFFENSIVE	3	NO_MAJORITY	0	1.0
29192	مناوي نتفاوض مع من بالتحديد؟ هل مع المرتزقة التشاديين ام مع المرتزقة الليبيين؟ ام مليشيا الدعم السريع المجرمة الارهابية؟ انت_فاهمني نصر_من_الله_وفتح_قريب امن_يا_جن	war_corpus	humanitarian	NEUTRAL	HATE	OFFENSIVE	3	NO_MAJORITY	0	0.576
29203	ويجيك واحد يقوليك اليمين والاسلامين وبتاع #تسقط_بس	old_twitter	revolution_terms	NEUTRAL	HATE	OFFENSIVE	3	NO_MAJORITY	0	1.0
29224	يا جماعة رجعوا لينا الكيزان و البشير يومين خلونا نهتف تسقط بس و باقي الهتافات ديك و الجري و ريحة البمبان و فيديوهات الشجعان والله اشتقنا ليها يومين بس و يمشوا تاني	old_twitter	profanity	OFFENSIVE	HATE	NEUTRAL	3	NO_MAJORITY	0	1.0
29234	الناس ديل كان أحسن ليهم يخسرو الانتخابات الفاتت	old_twitter	random_no_keyword	NEUTRAL	HATE	OFFENSIVE	3	NO_MAJORITY	0	1.0
29243	تم قصف عربات مقاتلة للمليشيا المتمردة بصواريخ موجهه بعد ان عبرت كبري شمبات قادمة من بحري الى ام درمان واحالتها الى رماد جرائم_الدعم_السريع الدعم_السريع_مليشيات_ارهابية	war_corpus	hate_political	OFFENSIVE	HATE	NEUTRAL	3	NO_MAJORITY	0	1.0
29254	ماينوم ابطال المشتركة بعد تطهير وادي امبار بالكامل،حيث دمرت معاقل ومعسكرات مليشيا الجنجويد،موقعة بهم خسائر فادحة في الارواح والعتاد تقدموا لمحاور جديدة ورسالة قوية الى المرتزق الذغاوي عبد الله شغب،الذي هرب مع من تبقى من المرتزقة تاركا وراءه جثث القتلى والجرحى والمعدات المحترقة نصر_من_الله_وفتح_قريب	war_corpus	hate_tribal	OFFENSIVE	HATE	NEUTRAL	3	NO_MAJORITY	0	0.587
29258	مشاهدات ميدانية حسب الرصد الميداني داخل ولايه الجزيره المحتله من قبل مليشيات الغدر السريع اتساع رقعه المقاومة الشعبيه بصوره كبيره جدا داخل القرى لدرجه اجبرت المليشيات الانسحاب من اغلب تلك القرى الملاحظ ان كثافه الجماهير هي السلاح الوحيد حتى الان دعواتكم لاهل الجزيره المقاومة_الشعبية التعبئة_العامة	war_corpus	neutral_news	OFFENSIVE	HATE	NEUTRAL	3	NO_MAJORITY	0	1.0
29261	اختارو ناس بتشبهكم في الروح ما في الصفات ولا في الشكل عشان المشوار طووويل	war_corpus	threats	NEUTRAL	HATE	OFFENSIVE	3	NO_MAJORITY	0	1.0
29276	تمايزت الصفوف تماما في معركة الانتصار لثورة شعبنا وتحرير بلادنا من صلف الانقلابيين مرة والى الابد، وهي معركة واجبة لن نؤجلها مليونية25نوفمبر لاتفاوض_لاشراكة_لاشرعية	war_corpus	hate_political	OFFENSIVE	HATE	NEUTRAL	3	NO_MAJORITY	0	0.642
29284	والله لو رايتم التهليل والتكبير في الفاشر لمجرد سماع صوت الطائرة وبداية الاسقاط لما نمتم ساعة، انها والله بشرى للقوم وبداية نصر باذن الله المليشيا عقب الاحتفالات بدات في التدوين خوفا ورهبة وانتقاما لتكسر نفوس المحاصرين المبتهجة لكن نقول لهم ان هؤلاء لن يخذلهم الله باذن الله	war_corpus	threats	OFFENSIVE	HATE	NEUTRAL	3	NO_MAJORITY	0	1.0
29326	كل الشوارع دم كل البيوت احزان كل الوطن موجوع حق الشهيد لو راح انا و انت مسؤولين موكب سقوط المجلس العسكري الانقلابي. #الأُبيض_تنزف	old_twitter	violence_reporting	NEUTRAL	HATE	OFFENSIVE	3	NO_MAJORITY	0	1.0
29337	حيث الفتك والمتك مايو سوق الوقود	war_corpus	violence_incitement	HATE	NEUTRAL	OFFENSIVE	3	NO_MAJORITY	0	1.0
29343	قُتل المعتصمون في يوم 8رمضان ولم يتم التحقيق وواصلت قحت التفاوض قُتل المعتصمون في يوم 10رمضان ولم يتم التحقيق وواصلت قحت التفاوض قُتل المعتصمون في يوم 29رمضان ولم يتم التحقيق وواصلت قحت التفاوض قُتل طلاب مدينة الأبيض اليوم في 29يوليو والنتيجة ستكون أيضاً كالعادة. #تسقط_بس	old_twitter	revolution_terms	NEUTRAL	HATE	OFFENSIVE	3	NO_MAJORITY	0	1.0
29350	الامير شغال زيارات خارجية بصلح العلاقات الخارجية الخربوها الفلول	war_corpus	hate_political	OFFENSIVE	HATE	NEUTRAL	3	NO_MAJORITY	0	1.0
29354	استنفار مزارعي ولاية كسلا الانتفاضة_الشعبية_المسلحة اعلان_التعبئة_العامة	war_corpus	dehumanizing	OFFENSIVE	HATE	NEUTRAL	3	NO_MAJORITY	0	1.0
29403	وحيجي يوم النَّاس الشايفة اعتصام القيادة برنامج وجكس ودنيا ولبس حتندم فيه ساااي تأنيب ضمير كيف انا عامل كده وفي ناس ضحو بحياته عشان انا كمواطن سوداني تتوفر لي اهم احتياجاتي وانعم بحياة كريمة وافضل قمه الحزن والله #تسقط__بس	old_twitter	profanity	NEUTRAL	HATE	OFFENSIVE	3	NO_MAJORITY	0	1.0
29405	موكبة نااااااار يااااخ ودنوباوي تمام وما في كلام تسقط _بس	old_twitter	hate_tribal	NEUTRAL	HATE	OFFENSIVE	3	NO_MAJORITY	0	0.0
29417	(;القوات_المسلحة;)">القوات_المسلحة: تمرد أفراد جهاز المخابرات فوضىٰ تتطلب الحسم الفوري وكل الخيارات مفتوحة أمامنا.	old_telegram	hate_political	NEUTRAL	HATE	OFFENSIVE	3	NO_MAJORITY	0	0.0
29453	مجلس عسكري لازال يقول "الرئيس" ولا يردف معها "المخلوع" يعني أنه مجلس "كيزاني" المحاسبة ومصادرة دور الجسم الكيزاني الساقط هي الفيصل وبداية الانطلاق الحقيقي لنجاح الثورة.. ومن الضروري سحب السلاح من مليشيات النظام الساقط. #لم_تسقط_بعد #اعتصام_القياده_العامه	old_twitter	hate_political	NEUTRAL	HATE	OFFENSIVE	3	NO_MAJORITY	0	0.815
29463	لا في ضحايا حرب بيموتو بالغلط لكن الاسلام فيه السبي عارفة يعني شنو السبي? سمعتي ببني قريظة	old_twitter	violence_reporting	NEUTRAL	HATE	OFFENSIVE	3	NO_MAJORITY	0	1.0
29464	انج بغال فقد هلك طبيق هروب تاريخي لالاف المتمردين من خرطوم الصمود الان الاعمى شايل المكسر هربا باتجاه ام درمان ومنها الى كردفان ودارفور، وازدحام رهيب على معبر خزان جبل اولياء والجيش يلاحق المعردين ويقصفهم بلا هوادة	war_corpus	hate_political	OFFENSIVE	HATE	NEUTRAL	3	NO_MAJORITY	0	1.0
29481	الجمرة بتحرق الواطيها البطانةبرجالها اكسح امسح كيكلاب زخيرة تراب كلنا_جيش تحرير_ولاية_الجزيرة تحرير_غرب_البطانة بل_بس قدمت قواتنا شهيد مصطفى عمر عبد الباقي عشان نسال الله ان يتقبله شهيدا طاهرا خالصا صادقا وان ينزله منازل الانبياء والصالحين	war_corpus	hate_tribal	OFFENSIVE	HATE	NEUTRAL	3	NO_MAJORITY	0	1.0
29533	والقطرين ديل من انجح الدول العربيه وناس بعرفو العمل واقفين علي حالهم مش ذي باقي الدول الراقده لاسرائيل وغيرها	old_twitter	random_no_keyword	NEUTRAL	HATE	OFFENSIVE	3	NO_MAJORITY	0	0.0
29534	وفقا لصحيفة الصيحة مشروع قانون يجرم الاساءة لقيادات الدولة والمساس بهيبتها عبر توزيع مقاطع صوتية او مصورة عبر وسائل التواصل الاجتماعي ووسائل الاعلام التفة دي مننا لي برهان	war_corpus	neutral_news	OFFENSIVE	HATE	NEUTRAL	3	NO_MAJORITY	0	1.0
29585	طبعا من الناس الانجغمو في معركة الزرق الماضية القيادي المرتزق عبدالله والد ابوجود المسيري	war_corpus	hate_tribal	OFFENSIVE	NEUTRAL	HATE	3	NO_MAJORITY	0	1.0
29593	كلمة قائد متحرك سنار اللواء الركن عبد المنعم عبد الباسط من داخل قرية مزيقيلا عصر اليوم الطريق الى مدني باذن الله تعالى صفحتنا على الفيسبوك كل ما يخص التحويلات المالية للسودانيين في مكان واحد اشترك في قناة زوليفري الخرطوم_مقبرة_الجنجويد	war_corpus	hate_tribal	OFFENSIVE	NEUTRAL	HATE	3	NO_MAJORITY	0	0.695
29620	والله ناس الركشات ديل استغلو الازمه دي أسوأ استغلال.. والله ربنا بسالكم	old_twitter	random_no_keyword	NEUTRAL	HATE	OFFENSIVE	3	NO_MAJORITY	0	0.0
29657	#مدن_السودان_تنتفض هذا هو وعي الشعب السوداني رغم أنف دول الخليج #اطمن_انت_مش_لوحدك	old_twitter	profanity	OFFENSIVE	HATE	NEUTRAL	3	NO_MAJORITY	0	1.0
29686	احب اقول لحكومتنا اللعينة اني بكرهكم بقدر ماسفهتو احلامنا وشردتو شبابنا ودمرتو اقتصاد بلد كان يوم سلت غذاء العالم بلد ارضها من اخصب اراضي العالم وفيها نيل يتدفق خير ماله حد #تسقط_بس	old_twitter	violence_incitement	NEUTRAL	HATE	OFFENSIVE	3	NO_MAJORITY	0	1.0
29735	القائد عبدالمنان سليمان قائد ثاني متحرك معركة ام صميمة بحث الموطنين بالمنطقة علي ضرورة التسليح والانضمام الى اقرب وحدة عسكرية لحماية انفسهم وممتلكات	war_corpus	violence_reporting	OFFENSIVE	HATE	NEUTRAL	3	NO_MAJORITY	0	1.0
29777	بقينا حافظين كل الاعيب الكيزان والان #الكلمه_للشعب_السوداني ولن ينفص #اعتصام_القياده_العامه	old_twitter	hate_political	OFFENSIVE	HATE	NEUTRAL	3	NO_MAJORITY	0	1.0
29796	الله اكبر هجمة مرتدة تم دقهم وطردهم ملاقيط هوانات تعالو تاني كان تقدرو تايع قناة المراسل السوداني علي الوتساب whatsapp com channel 0029VbAeJWtElagyZ8UbnC0E	war_corpus	religious_sectarian	OFFENSIVE	HATE	NEUTRAL	3	NO_MAJORITY	0	0.709
29836	والمشكله ما بقتنع انه متسلبط ساي ابتلانا الله بقوم جهلاء يظنون انفسهم علماء.. بس لمن عرفته ماسري يادوب عرفت سبب الهبل ده #جينات #دعم_المغردين_السودانيين_والاجانب	old_twitter	violence_reporting	NEUTRAL	HATE	OFFENSIVE	3	NO_MAJORITY	0	1.0
29839	بالجملة ههههههههه جثث بالدفار بل بس نصر من الله وفتح	war_corpus	dehumanizing	OFFENSIVE	HATE	NEUTRAL	3	NO_MAJORITY	0	1.0
29856	انا أقترح نخلي الحكومه تتشكل ، والشارع جاك ٨مليون نفر تسقط بس	old_twitter	revolution_terms	NEUTRAL	HATE	OFFENSIVE	3	NO_MAJORITY	0	0.0
29858	الحمدلله على نعمة التوحيد وعلى نعمة التوكل على الله عزوجل المتمرد الواحد معلق ليه حجاب قدر اللابتوب يتعلق بغير الله يموت وهو مشرك بالله عز وجل ولا حول ولا قوة الا بالله	war_corpus	hate_political	OFFENSIVE	HATE	NEUTRAL	3	NO_MAJORITY	0	1.0
29872	من اسي لحدي يوم الحكومة دي حتتكبكب ، والفيس والتويتر حيتملي بوستات وتويترات فارغة ، وحتنزل بوستات من شاكلة (فلان ولدنا مختفي ، وذو النون متسلق الخ) الناس تركز وتحدد تركيزا انو يوم ابريل حيكون قنبلة ذرية في قلب النظام #موكب6ابريل #مدن_السودان_تنتفض	old_twitter	revolution_terms	OFFENSIVE	HATE	NEUTRAL	3	NO_MAJORITY	0	1.0
29898	ولاية العراق ديالى بتوفيق الله تعالى، اشتبك جنود الخلافة مع عناصر من الحشد الرافضي المرتد شمال منطقة العظيم امس، بالاسلحة الرشاشة، ما ادى لاصابة خمسة منهم، واعطاب جرافة واسقاط طائرة استطلاع لهم، ولله الحمد والمنة	war_corpus	religious_sectarian	OFFENSIVE	HATE	NEUTRAL	3	NO_MAJORITY	0	0.772
29908	وَلَا تَرْكَنُوا إِلَى الَّذِينَ ظَلَمُوا فَتَمَسَّكُمُ النَّارُ وَمَا لَكُم مِّن دُونِ اللَّهِ مِنْ أَوْلِيَاءَ ثُمَّ لَا تُنصَرُونَ صدق الله العظيم #تسقط_بس	old_twitter	revolution_terms	NEUTRAL	HATE	OFFENSIVE	3	NO_MAJORITY	0	0.0
29914	ولاية العراق الانبار 9 قتلى وجرحى من الحشد العشائري المرتد حشد الجغايفة بصولة لجنود الخلافة قرب حديثة	war_corpus	religious_sectarian	OFFENSIVE	HATE	NEUTRAL	3	NO_MAJORITY	0	0.772
29926	بالمناسبة امدرمان مدووورة دوّيييير شديييد #تسقط_بس #مدن_السودان_تنتفض	old_twitter	revolution_terms	NEUTRAL	HATE	OFFENSIVE	3	NO_MAJORITY	0	1.0
29976	ولو تعاين -يا محمد- حين يتوفى الملائكة أرواح الكفار، فتنزعها من أجسادهم، تضرب الوجوه منهم والأستاه، ويقولون لهم: ذوقوا عذاب النار التي تحرقكم يوم ورودكم جهنم.— تفسير القرآن لـ الطبري	old_telegram	religious_sectarian	HATE	OFFENSIVE	NEUTRAL	3	NO_MAJORITY	0	0.671
29984	مليشيا الدعم السريع تطلق 5 رصاصات على راس المواطن عامر اسماعيل عبدالرازق في منزله بعد رفضه نهب منزله خلال هجومها على حي كمبو المحالج بمنطقة الحصاحيصا بولاية الجزيرة السودان حرب_السودان مليشا_الدعم_السريع_الارهابية مجزرة_ود_النورة	war_corpus	profanity	OFFENSIVE	HATE	NEUTRAL	3	NO_MAJORITY	0	1.0
29998	اللى بيحلف بالله وهو متاكد انه بيكذب دا اسمه يمين غموس وهو من اكبر الكبائر وما ليه كفارة وهذا مذهب الجمهور وعقوبته ان يغمس صاحبه في نار جهنم لانه يستهين بالحلف بالله	war_corpus	dehumanizing	HATE	NEUTRAL	OFFENSIVE	3	NO_MAJORITY	0	0.671
30014	سمعت رسالة صوتية للمحامي كمال عمر من المؤتمر الشعبي عن الأوضاع الشارع هو المكان الطبيعي للمؤتمر الشعبي ؛ فقد حاورتم النظام وكنتم من دعاة الحرية والديمقراطية؛ لا وقت الان لمزيد من الحوار والتسويف فمرحبا بكم في تسقط بس #موكب17مارس	old_twitter	revolution_terms	OFFENSIVE	HATE	NEUTRAL	3	NO_MAJORITY	0	1.0
30035	حي المطار مؤكد هلاك القائد الميداني المقدم خلا عبد القيوم ود رابحة وعدد من الجنجا وتدمير 1مدرعة 1عربة دوش كا 2بوكس 1اسعاف	war_corpus	hate_tribal	OFFENSIVE	HATE	NEUTRAL	3	NO_MAJORITY	0	1.0
30037	خلف نظام المخلوع والحركة الإسلامية وما هي بإسلامية إلا بمسماها الكثير من العذابات لشعب السودان، مُذ مجيئهم إلى العالم السياسي السوداني، فكم من بيت فقد عزيزا، أخشى أن تكون ثمة قبور جماعية لا تزال مجهولة فضلا عن السجون.. #مفقودي_مجزره_القياده_العامه وغيرهم الكثير لنبحث عنهم..	old_twitter	humanitarian	OFFENSIVE	HATE	NEUTRAL	3	NO_MAJORITY	0	0.642
30038	في ممارسة حق الرد للمرة الثانية، مندوب السودان الدائم بجنيف يصف مندوب الامارات بانه مندوب المليشيا المتمردة في مجلس حقوق الانسان	war_corpus	hate_political	NEUTRAL	HATE	OFFENSIVE	3	NO_MAJORITY	0	0.0
30060	ضربات جوية مكثفة ومستمرة تستهدف محاور دارفور وغرب امدرمان في المويلح، دمرت تجمعات المليشيا ومخازنها بالكامل، مكبدة اياها خسائر فادحة في الارواح والعتاد الجيش يواصل سحق اوكار المرتزقة اينما كانوا، والنصر قادم باذن الله نصر_من_الله_وفتح_قريب الفداء_والوعي	war_corpus	hate_political	OFFENSIVE	HATE	NEUTRAL	3	NO_MAJORITY	0	1.0
30087	عشان انتو جمب بيت الريس المخلوع	old_twitter	random_no_keyword	NEUTRAL	HATE	OFFENSIVE	3	NO_MAJORITY	0	1.0
30104	اكتر بنت بتتعذب بعد قصة حب فاشله هي البنت اليابانيه كل الاولاد يشبهو بعض يعني كل م تشوف واحد تتذكر سوزوكي الخاين واصلا سوزوكي المسكين م خانها ولا شي كان قاعد مع وحدة تانيه مفتكرها هي	war_corpus	violence_incitement	HATE	NEUTRAL	OFFENSIVE	3	NO_MAJORITY	0	1.0
30107	طيب لو السجن ما بيهددك داقي جرس امس ليه اوه نسيت أشياء أسوأ من كورونا #كيزان تشاهدونه على قناة #الحل_في_البل الساعة الواحدة إلا زغرودة بتوقيت الثورة على قناة #تسقط_بس يأتيكم #في_فتيل برعاية لجنة مكافحة التمكين و الشعب السوداني	old_twitter	hate_political	OFFENSIVE	HATE	NEUTRAL	3	NO_MAJORITY	0	1.0
30142	اْشهر الصراعات و الخصومات في السودان الشعب الكيزان هلال مريخ بتاعين الأمجادات بتاعين التكاسي ندى راسطة سهى إدريس الدابي	old_twitter	hate_political	OFFENSIVE	NEUTRAL	HATE	3	NO_MAJORITY	0	1.0
30143	إياكم و الوقوف علي الحياد و ترك الساحة لمحترفي السياسة و سماسرة الأحزاب و مدمني السلطة فذلك سيعيد السودان إلي المربع الأول	old_telegram	hate_political	OFFENSIVE	HATE	NEUTRAL	3	NO_MAJORITY	0	1.0
30173	الناطق باسم الجيش ٥ افراد من الدعم السريع اغتصبو فتاه بحي الفتيحاب و تم اسعافها للسلاح الطبي و انتو شغالين صحفيين؟ مفروض تمنعوهم ما تقعدو تشتغلو مراسلين الاخبار نحن بننقلها شوفو شغلكم انتو	war_corpus	violence_incitement	NEUTRAL	HATE	OFFENSIVE	3	NO_MAJORITY	0	0.733
30188	تصحيح معلومه ديل ما اخوان ديل اصحاب اكتر من الاخوان البقولو دولة ٥٦ تعالو شوفها في الخوه دي العسكري في الموتر من ابنا العباسيه واصلولو دارفوريه والفي الارض دا تبو صديق من ابنا اب كدوك اصولو من شندي خوه لي الله	war_corpus	hate_political	OFFENSIVE	HATE	NEUTRAL	3	NO_MAJORITY	0	1.0
30199	الناس كلها عمالة تخطب وتتجوز وأحنا لسه قاعدين	old_telegram	hate_political	OFFENSIVE	NEUTRAL	HATE	3	NO_MAJORITY	0	1.0
30200	القيادة والسيطرة الفرقة الرابعة مشاة تحرير منطقة مقجة بمحافظة باو بالنيل الازرق من ايادي الخونة والمرتزقة اللهم نصرك الذي وعدت المكتب الاعلامي لقيادة الفرقة الرابعة مشاة الدمازين اسود_الفرقة_الرابعة	war_corpus	hate_tribal	OFFENSIVE	HATE	NEUTRAL	3	NO_MAJORITY	0	1.0
30201	دي كلها في الشمال طيب باقي السودان كيف ههههه فلاته وبرنو ونوبه وكوشيين مساليت والبرتي والفلولاني والزغاوة والهوسا والفونج والانقسنا والبرقد والعيدوب الخ وكل القبائل دي تتحدث لغات محلية غير العربية وحتى شمال السودان من الذكرتهم شوايقة وبديرية .الخ لا يتحدثون العربية قديما	old_twitter	hate_tribal	OFFENSIVE	NEUTRAL	HATE	3	NO_MAJORITY	0	1.0
30203	قصف جوي عنيف لتجمع المرتزقة في القطينة	war_corpus	hate_political	OFFENSIVE	NEUTRAL	HATE	3	NO_MAJORITY	0	1.0
30224	تحالف قوات الدعم السريع والجيش الشعبي بالنيل الازرق يحسم التضامن ويعلن الزحف الى الدمازين The RSF and SPLM N alliance in the Blue Nile liberate Al Tadamon and announces advancement towards Ad Damazin معركة_الديمقراطية حراس_الثورة_المجيدة	war_corpus	violence_reporting	OFFENSIVE	HATE	NEUTRAL	3	NO_MAJORITY	0	1.0
30233	حبيبتي انا داخل الجامع اصلي طيب حبيبي اعمل التلفون صامت وما تقفل الخط عايزه احس اني بصلي جمبك الاصدار_الاخير_من_كفار_قريش زووووول_الضحڰة جہدﯝنٳنيہ نا _الضحڪہ	war_corpus	religious_sectarian	HATE	NEUTRAL	OFFENSIVE	3	NO_MAJORITY	0	0.671
30236	اول يبداء بنفسه واهل بيته واخوانه واهله واعوانه خذائن الدوله في بيوتهم وتحويلها للخارج هو من يأمن للفاسدين فسادهم الي مزبلة التاريخ قانون لا يطبق على الجميع لا يستحق ان يحترم #تسقط_بس	old_twitter	threats	NEUTRAL	HATE	OFFENSIVE	3	NO_MAJORITY	0	0.0
30242	ناس الصحافة محطة سبعة جايبين ساوند و عاملين حفلة في الشارع و هتافات الثورة و أغانيها مدورة، كيزان و أمنجية الحلة بكونوا برجفوا	old_twitter	hate_political	OFFENSIVE	HATE	NEUTRAL	3	NO_MAJORITY	0	1.0
30256	سنسير في دروب التغيير نعبر المستحيل بإرادة غالبة وبصيرة وبصيرة نافذة ندك حصون الاستبداد ونهدم عروش دولة الخرافة والدجل ونصنع للسودان الجديد مستقبل الاشراق والامل المنشود يونيو طوفان الغضب الشعبي الجارف لكل كبرياء وصلف وجبروت مدن السودان تنتفض تجديد العهد مع الشهداء	old_twitter	violence_reporting	OFFENSIVE	HATE	NEUTRAL	3	NO_MAJORITY	0	1.0
30279	ليه محاولات المظاهرات او الثورة الشعبية ضد الكيزان دايما بتفشل؟! وليه بيطلعوا مئات وليس ملايين من الشعب؟!	old_twitter	hate_political	OFFENSIVE	HATE	NEUTRAL	3	NO_MAJORITY	0	1.0
30343	اهلا اهلا عشة الفلاتية وقالوا برضو بهجة عمري	old_twitter	hate_tribal	HATE	NEUTRAL	OFFENSIVE	3	NO_MAJORITY	0	1.0
30357	البل البل عبدالحي يوسف و قناة طيبة في فتيل #بناء_المجتمع_السوداني #عام_ثوره_ديسمبر_الاول	old_twitter	hate_tribal	OFFENSIVE	HATE	NEUTRAL	3	NO_MAJORITY	0	1.0
30358	عاااااجل قوات العمل الخاصة تتمكن من القبض على عدد من مليشيا الدعم السريع وبحوزتهم مبالغ مالية ضخمة بالدولار سلاح المدرعات معركة_الحسم العمل_الخاص مع_الجيش ده_جيش_بداوس الجيش_صاحي شعب_واحد_جيش_واحد	war_corpus	violence_reporting	OFFENSIVE	HATE	NEUTRAL	3	NO_MAJORITY	0	1.0
30359	لو ما من ودنوباوي ما عايزنو	old_twitter	hate_tribal	NEUTRAL	HATE	OFFENSIVE	3	NO_MAJORITY	0	0.0
30374	#مجلس_الصبة بحاول بنفس أساليب الكيزان ينقلنا من السؤال الموضوعي (حيسلمنا متين) لمربع تفاوض و حوار الناس تحسمه بس زي كلمة #تسقط_بس اللي قدرت تهزمهم #المجلس_العسكري_سبب_ازمة_السودان	old_twitter	revolution_terms	NEUTRAL	HATE	OFFENSIVE	3	NO_MAJORITY	0	0.576
30379	قاعد يقول طيران الجيش يضرب المواطنين ، في اثنين دعامه حمير جو شايلين دعامي مصاب لابس كدمول طوالي قبل الكاميرا	war_corpus	dehumanizing	HATE	OFFENSIVE	NEUTRAL	3	NO_MAJORITY	0	0.842
30393	جانب من مشاهد الخراب والتدمير ابذي احدثه ميليشيات ال دقلو بمكتبة جامعة نيالا بولاية جنوب دارفور قناة كرري علي تلغرام	war_corpus	violence_reporting	OFFENSIVE	HATE	NEUTRAL	3	NO_MAJORITY	0	1.0
30399	تصريح مقتضب صادر عن فصائل المقاومة الفلسطينية التهديدات التي يطلقها العدو باغتيال القائد الوطني يحيى السنوار او اي من قادة المقاومة الفلسطينية في الداخل والخارج ستفتح عليه بابا من ابواب جهنم ونؤكد ان ارتكاب مثل هكذا حماقة ستزلزل اركان الكيان المازوم الذي يعيش حالة واضحة من التخبط والارباك	war_corpus	threats	OFFENSIVE	HATE	NEUTRAL	3	NO_MAJORITY	0	0.841
30408	نبشركم بحمدالله وتوفيقه تمكنت قواتنا في محور الفاشر من تدمير عدد سته مسيرات تابعه لمليشيا ال دقلو الارهابيه الفاشر مقبره الغزاه الله اكبر الله اكبر عبدالله اكد	war_corpus	hate_tribal	OFFENSIVE	HATE	NEUTRAL	3	NO_MAJORITY	0	1.0
30429	انباء خلافات حادة بين المتمرد كيكل والمتمرد جلحة اغلق الاول كبري رفاعة بالحويات لمنع الثاني من العبور جهة الشرق مليشيا جلحة تقصف مجموعة كيكل تدوين مدفعي من الحصاحيصا تجاه رفاعة منذ الصباح الباكر	war_corpus	hate_political	OFFENSIVE	HATE	NEUTRAL	3	NO_MAJORITY	0	1.0
30434	الكباري حقتنا بنقطع براحتنا كشف ي ولضمي قشم_فوق	war_corpus	violence_incitement	HATE	NEUTRAL	OFFENSIVE	3	NO_MAJORITY	0	1.0
30450	اولاد المثالية ديل الا يعملو ليهم كدا.	old_twitter	random_no_keyword	NEUTRAL	OFFENSIVE	HATE	3	NO_MAJORITY	0	1.0
30505	انا بجي الجمعه طوالي للمسرح رجاله كدا وأنتو اشتغلو شغولكم بتاع قرطبه وعبد الحي يدور كدا الخطه واضحه بفرتقهم وشقهم في دقايق دي البرجوكي انا لوئ فضحني، وناس قرطبه رفعوهم في الدفار ، والشيخ نكر الفتوى بتاع الثلث طيب اعمل شنو انا ماشي لي أهل الشهداء #مدن_السودان_تنتفض	old_twitter	hate_tribal	OFFENSIVE	HATE	NEUTRAL	3	NO_MAJORITY	0	1.0
30522	احترمتك و احترمت فراشاتك يا حوتهه	war_corpus	violence_incitement	HATE	NEUTRAL	OFFENSIVE	3	NO_MAJORITY	0	1.0
30537	مليشيا الدعم السريع الارهابية تقوم بتعذيب مرتزقه جنوبيين من قبيلة النوير بعد خلافات عاصفه معهم بسبب اغتيال مليشيا الدعم السريع الارهابية لقائد مليشي من جنوب السودان قبل ايام بشرق النيل	war_corpus	hate_political	OFFENSIVE	HATE	NEUTRAL	3	NO_MAJORITY	0	1.0
30542	عربيه النفايات دي لو شايفة شغلها صح كان لمت ناس كتيره	war_corpus	random_no_keyword	NEUTRAL	OFFENSIVE	HATE	3	NO_MAJORITY	0	0.0
30575	ميتينهم بس ياخ دة شنو دة	old_twitter	random_no_keyword	NEUTRAL	HATE	OFFENSIVE	3	NO_MAJORITY	0	1.0
30577	لا لا جاديين الناس دي ج شهري يعني تزوج مرتك تركبك ما تتزوج الحكومة تركبك #موكب17مارس و جماعه #تسقط_بس و الله	old_twitter	revolution_terms	NEUTRAL	HATE	OFFENSIVE	3	NO_MAJORITY	0	0.0
30583	ابطال قوات الدعم السريع المسلحة السودانية تواصل الانتصارات على مليشيات جيش الاستعمار وعبيدهم المرتزقة الماجورين في ضواحي شندي اليوم 18 5 2024	war_corpus	hate_tribal	OFFENSIVE	HATE	NEUTRAL	3	NO_MAJORITY	0	0.587
30596	ويعمل على معالجتها ليتعافى الوطن من الحروب والنزاعات والحروب الاهلية التي اقعدت بالبلاد نتيجة سياسات النظام البائد فى حربه ضد شعبه ابيي_تنزف تحديات_الفتره_الانتقاليه	war_corpus	profanity	OFFENSIVE	HATE	NEUTRAL	3	NO_MAJORITY	0	1.0
30610	الملاحظ للأحداث الحالية دي مظاهرات نفس طويل و دا بدي الاجهزة الامنية ترتب صفوفها و تكتيكاتها و اعتقال مزيد من الناشطين المؤثرين و بث الإحباط في صفوفهم، هل محتاجين لانتفاضة كبرى من كل الشعب في الشوارع و الميادين عاش نضال الشعب السوداني #مدن_السودان_تنتفض #تسقط_بس #موكب8مارس	old_twitter	threats	OFFENSIVE	HATE	NEUTRAL	3	NO_MAJORITY	0	1.0
30619	دحر جيوب المرتزقة اللقطات القادمة توضح م حدث بي السوق المركزي الخرطوم بيع السلاح والزخيرة من قبل مليشيات الدعم الصريع ووجود اليات عسكرية وعدد كبير من عناصر المليشيا تم_الحسم سلاح_الجو الدروع سلاح_الفرسان	war_corpus	hate_political	OFFENSIVE	HATE	NEUTRAL	3	NO_MAJORITY	0	1.0
30626	اكتر جملتين جابت اخر الكيزان تسقط بس الحل في البل #اعتصام_القياده_العامه	old_twitter	hate_political	OFFENSIVE	HATE	NEUTRAL	3	NO_MAJORITY	0	1.0
30655	يحى يقتل الهجمة بالتاخير #النصر_هجر	old_twitter	violence_incitement	HATE	NEUTRAL	OFFENSIVE	3	NO_MAJORITY	0	1.0
30675	يا جماعة الثورة خلصت كده؟ #تسقط_بس رمضان قرب ومع الصيام الطلعه قبل وبعد الصيام صعبه.. شدوا الهمه خلونا نخارج الزول ده قبل العيد.. عندو عنقره بتنفع في العيد الكبير كمان	old_twitter	revolution_terms	OFFENSIVE	HATE	NEUTRAL	3	NO_MAJORITY	0	1.0
30688	ونتوقع في ذلك التعاون من كل الجهات النظامية، القانونية والامنية ان هذه الممارسات ليس غريبة على اجهزة النظام السابق ومنسوبيه من الامن الطلابي وجهاز الامن الشعبي وغيرهم من الكيزان الارهابيين الوعى_اساس_المرحله تحديات_الفتره_الانتقاليه	war_corpus	hate_political	OFFENSIVE	HATE	NEUTRAL	3	NO_MAJORITY	0	1.0
30713	كلام جميل ياريت طبقوه الكيزان منذ 30 سنة بدلا من قتل و تشريد و فصل اجزاء من الوطن	war_corpus	violence_reporting	OFFENSIVE	HATE	NEUTRAL	3	NO_MAJORITY	0	1.0
30749	فهمتك لما نفضى من النقاش الداير بجيك في الموضوع دا	old_twitter	violence_incitement	HATE	NEUTRAL	OFFENSIVE	3	NO_MAJORITY	0	1.0
30751	مشاهد التحام رئيس مجلس السيادة القائد العام الفريق اول ركن عبدالفتاح البرهان مع القوات بالخطوط الامامية وتبادل الحديث وتفقد الاحوال واستماع مباشر من الجنود دون حواجز ولاية الخرطوم ٢٨ سبتمبر ٢٠٢٤م صور السودان القوات_المسلحة_السودانية المقاومة_الشعبية تحت قيادة القوات المسلحة نحن في الشدة باس يتجلى حرب_الكرامة RapidSupportIsTerroristMilitia	war_corpus	hate_tribal	OFFENSIVE	HATE	NEUTRAL	3	NO_MAJORITY	0	1.0
30812	الدعم السريع تقول في بيان انها تداوي جرحى الجيش و المشتركة وتقدم خدمات طبية للمرضى بالفاشر كذابين انتو اطلقتو الرصاص على المرضى و كم من مستشفى طردو المرضى منها و قلبتوها سكنة عسكرية	war_corpus	dehumanizing	NEUTRAL	HATE	OFFENSIVE	3	NO_MAJORITY	0	1.0
30862	تهنئة فلتكن يا عام عام الانتصار للجماهير على بؤس الزمن نزجي خالص التهاني لابناء شعبنا الباسل بحلول ذكرى الاستقلال المجيد التي نحييها وبلادنا التي تحررت بتضحيات ثوارها البواسل من حكم الطاغية المخلوع ما تزال في قلب المعركة لتصفية ذيول نظامه البغيض استقلال_السودان65	war_corpus	violence_reporting	OFFENSIVE	HATE	NEUTRAL	3	NO_MAJORITY	0	1.0
30877	أديهم بالفوقة حديدة الوهم تسقط بس #اضراب28مايو	old_twitter	revolution_terms	NEUTRAL	HATE	OFFENSIVE	3	NO_MAJORITY	0	1.0
30889	جابت ليها كفيت #تسقط_بس #مدن_السودان_تنتفض #مجزرة_القياده_العامه	old_twitter	violence_reporting	NEUTRAL	HATE	OFFENSIVE	3	NO_MAJORITY	0	1.0
30903	ده شهيدنا صوتو هنا في الجنه روحو هناك قال ليك اتانى اوعاك تمشي براك انا خطوي ديما معاك شهداءنا ما ماتو عايشين مع الثوار المات ضمير خائن حالفين نجيب الثار وفاء لدماء الشهداء وايمانا منا بانهم اكرم منا جميعا،	war_corpus	violence_reporting	OFFENSIVE	HATE	NEUTRAL	3	NO_MAJORITY	0	1.0
30937	فطايس بس انسحاب تكتيكي تكتيكي ام تيكي تبكي بس يا قحاطي تحسبونه لعب ولهو واجتماعات ومخرجات كلنا جيش بل بس يا سحبي الجيش_العمود_الفقري_للسودان بل_بس الدعم_السريع_منظمة_ارهابية كلنا_جيش جيش_واحد_شعب_واحد	war_corpus	humanitarian	NEUTRAL	HATE	OFFENSIVE	3	NO_MAJORITY	0	0.723
30940	تصريح الفريق اول ركن شمس الدين الكباشي القوات المسلحة في افضل حالاتها النصر قادم وقريب باذن الله سندحر التمرد في كل مكان والشعب لن يقبل بغير ذلك	war_corpus	hate_political	NEUTRAL	HATE	OFFENSIVE	3	NO_MAJORITY	0	0.974
30948	الكيزان في حد زاتهم ولا هم الوحيدين البعملو الحاجات دي حاجة لازم نعترف بيها كلنا.. مشكلتنا ما في سلوك الكوز بس ولا في منهجية التطبيق الإسلامي للسياسيات ولا في منهجية دعوة التعبئة الإسلاموية دي مشاكلنا كأفراد سودانيين بنفكر بالطريقة دي وبننجر وراء الأفكار البنقتنع بيها-	old_twitter	hate_political	OFFENSIVE	HATE	NEUTRAL	3	NO_MAJORITY	0	0.528
30975	اخيرا على المواطنيين تفهم حالة الاضراب السياسي الشامل في البلاد والعمل على اخذ التدابير والاحتياطات اللازمة المجد والخلود للشهداء عاش الوطن، عاش نضال الشعب السوداني الحر تجمع المهنيين بقطاع الكهرباء المكتب الاعلامي 26مايو2019 اضراب28مايو اضراب29مايو اعتصام_القياده_العامه	war_corpus	profanity	OFFENSIVE	HATE	NEUTRAL	3	NO_MAJORITY	0	1.0
30992	هذه الوحشية جاءت ردا على مظاهرات سلمية تطالب بابسط مقومات حياتهم اليومية التي تتعلق بحضورهم للمدارس من مواصلات و رغيف خبز شعبنا الابي العظيم، خلال حكم المجلس العسكرى واثناء استمرار العملية السياسية بغرض نقل السلطة الى سلطة مدنية انتقالية، استمرت عمليات القتل و ازهاق الارواح	war_corpus	dehumanizing	OFFENSIVE	HATE	NEUTRAL	3	NO_MAJORITY	0	1.0
30994	يسقط أسوأ أنواع البشر #تسقط_بس	old_twitter	revolution_terms	NEUTRAL	HATE	OFFENSIVE	3	NO_MAJORITY	0	1.0
30996	مبارك المهدي رئيس حزب الامة الجيش قبل بعض المبادرات على اساس الجلوس للنظر في عملية الاستسلام والنطر في دمج ماتبقى من القوات ومحمد حمدان دقلو لن يكون له وجود في المشهد السوداني ولو حاولت اي قيادة عسكرية تغير هذا القرار سيطيح بها الجيش	war_corpus	humanitarian	NEUTRAL	HATE	OFFENSIVE	3	NO_MAJORITY	0	1.0
31006	بعض الأشياء التي لم تقضي الي جوهرة لابدة يتطلب نقد حتي يتم مسارها الي اتجاه اضرب بس حتي تسقط البشير ونظامة يقتل المتظاهرين #مدن_السودان_تنتفض #تسقط_بس	old_twitter	revolution_terms	NEUTRAL	HATE	OFFENSIVE	3	NO_MAJORITY	0	1.0
31014	الكنكشة علاجه موجود حرامية وعينم قوية.. بس بتقع فوق رؤوسم #مدن_السودان_تنتفض	old_twitter	random_no_keyword	NEUTRAL	HATE	OFFENSIVE	3	NO_MAJORITY	0	0.0
31020	ولاية خراسان بتوفيق الله تعالى، استهدف جنود الخلافة عنصرا من ميليشيا طالبان المرتدة، في الناحية 2 بمدينة جلال اباد ، بالاسلحة الرشاشة، ما ادى لمقتله واغتنم المجاهدون بندقيته، ولله الحمد	war_corpus	religious_sectarian	OFFENSIVE	HATE	NEUTRAL	3	NO_MAJORITY	0	1.0
31026	تفشّت جرائم النهب والسرقة في وضح النهار، بعد الإنفلات الأمني الغريب، وزاد استفزاز النظام لجماهير شعبنا العبقري الواعي، وتحرش ميليشيات المُجرمة بهم لجرّهم من سلميتهم حتى يُدخِلُ البلادَ في نفقٍ أكثر ظُلمةٍ #مدن_السودان_تنتفض #تسقط_بس	old_twitter	revolution_terms	OFFENSIVE	HATE	NEUTRAL	3	NO_MAJORITY	0	1.0
31034	فظائع الامارات وما فعلته في الفاشر المحاصرة ما هو في عنق الامارات وعنق من عاونها في حرب السودان، الفاشر انموذجا بقلم انس بن ناصر بن حسين ال حمد	war_corpus	violence_reporting	NEUTRAL	HATE	OFFENSIVE	3	NO_MAJORITY	0	1.0
31042	من منو انتو المفروض تخضعو لينا	old_twitter	random_no_keyword	NEUTRAL	HATE	OFFENSIVE	3	NO_MAJORITY	0	1.0
31068	لكل فرد من الشعب السوداني الثائر دور اساسي يلعبه، فلنستكمل تنظيم لجان العصيان المدني في الاحياء وربطها وتشبيكها، فجر الخلاص قريب وسنطل عليه عنوة واقتدار ايد على ايد تجدع بعيد ترسنا في كل شارع وملف وكبري الفورة مليون وشعبنا لا يقهر، هو المعلم والكتاب SudanCivilDisobedience	war_corpus	hate_tribal	OFFENSIVE	HATE	NEUTRAL	3	NO_MAJORITY	0	1.0
31069	يلا انتو اعملو لوتري للسودان ودردقوهم زي ما دردقوكم	old_twitter	random_no_keyword	NEUTRAL	OFFENSIVE	HATE	3	NO_MAJORITY	0	1.0
31082	كباشي لا تفاوض ولا هدنة ولا وقف لاطلاق النار مع المليشيا المتمردة تابعنا علي تلغرام	war_corpus	hate_political	NEUTRAL	HATE	OFFENSIVE	3	NO_MAJORITY	0	1.0
31097	ماهو عشان الاجناس الملخبطة ما دليل حيقنعك ذكرت الجنس الصافي	old_twitter	random_no_keyword	NEUTRAL	OFFENSIVE	HATE	3	NO_MAJORITY	0	1.0
31102	زول عادي يا سلام الليله الجو حلو زول تاني اشمعنى دارفور جوها ما حلو انتو عنصريين وهتافكم بتاع كل البلد دارفور كذب اللهم نيزك يخمنا للأبد	old_twitter	humanitarian	NEUTRAL	OFFENSIVE	HATE	3	NO_MAJORITY	0	1.0
31130	لازم نفصل بينهم لمنع الفاحشة	old_twitter	random_no_keyword	NEUTRAL	HATE	OFFENSIVE	3	NO_MAJORITY	0	1.0
31139	يودوها فحص طبي كامل اذا اثبت الفحص انها فاقدة لعقلها بسبب الضغط النفسي طوالي نطالب ليها بالعدالة لخدي الوقت داك هي قاتلة	old_twitter	random_no_keyword	NEUTRAL	HATE	OFFENSIVE	3	NO_MAJORITY	0	1.0
31146	#محن_كيزانية بعد الانتهاء سد مروي وقف الرئيس وقال سنصدر منه الكهرباء الي اثيوبيا	old_twitter	hate_political	OFFENSIVE	HATE	NEUTRAL	3	NO_MAJORITY	0	1.0
31168	ذلك بما قَدَّمت أيديكم وأنّ الله ليس بِظَلّام للعبيد	old_telegram	hate_tribal	HATE	NEUTRAL	OFFENSIVE	3	NO_MAJORITY	0	0.673
31183	سلاح المدرعات يعثر على عملات سودانية قديمة لدى مليشيا التمرد تصرف كمرتبات للمرتزقة	war_corpus	hate_political	OFFENSIVE	HATE	NEUTRAL	3	NO_MAJORITY	0	1.0
31190	تدافع كثيف من الدعامة من شرق النيل عبر جسر سوبا للخرطوم ومنها لمعسكر طيبة والشقيلاب اما للخط البحري ناحية صالحة او فتح ثغرات عبر الجبل لو تحرك الجبل اليوم او غدا صباحا سيشتتهم ويضيق عليهم الخناق يا حليلك يا البيلاوي افتقدناك	war_corpus	dehumanizing	OFFENSIVE	NEUTRAL	HATE	3	NO_MAJORITY	0	1.0
31192	الشعب اقوى والردة مستحيلة من امام السفارة السودانية ببيروت ضد الانقلاب العسكري ٣٠ ١٠ ٢٠٢١ لا_للانقلاب_العسكري مليونية30اكتوبر	war_corpus	dehumanizing	OFFENSIVE	HATE	NEUTRAL	3	NO_MAJORITY	0	1.0
31193	الله اكبر ولله الحمد الطيران الحربي يفرض حظر تجوال من الاجواء في النيل الابيض و يدمر رتل من ١٠ عربات قتاليه كاملة التسليح و عربات مدنيه اخرى و اسعاف مرافق للرتل كانت تستغلها الملايش في نقل المصابين و التشوين بالقرب من العلقه الشيخ الصديق حي الله الجويه و نسورها	war_corpus	profanity	OFFENSIVE	HATE	NEUTRAL	3	NO_MAJORITY	0	1.0
31195	السلام عليكم المليشيا راسها مقطوع في الجزيرة والمخرج الوحيد للهروب مغلق لانه مسؤلية محور السماء ذات البروج الطيران الحربي الاستسلام ليس حل فتعليمات القائد واضحة حشوهم حش وسلمونا نضيف العندو دعامي او متعاون في الجزيرة يفرش على مسؤوليتي بل_بس	war_corpus	humanitarian	NEUTRAL	HATE	OFFENSIVE	3	NO_MAJORITY	0	0.576
31220	للناس الدقت جرس و قالت اني اتعنصرت على ناس الاقاليم و اتصرفت معاهم بأعلويه و	old_twitter	random_no_keyword	NEUTRAL	HATE	OFFENSIVE	3	NO_MAJORITY	0	0.0
31236	مبروك مقدما للشعب السوداني،الشعب يستعيد دولته،والجيش يستعيد مجد،الضغط على كباري بحري حتى تفتح،على الإعلاميين خارج السودان القيام بمجهود أكبر حتى يغطي الإعلام هذه المليونية،عدم الرجوع حتى يتنحى البشير تماما. #تسقط_بس #موكب6ابريل	old_twitter	revolution_terms	OFFENSIVE	HATE	NEUTRAL	3	NO_MAJORITY	0	0.642
31253	الحاصل شنو في حزب تسقط بس	old_twitter	revolution_terms	NEUTRAL	HATE	OFFENSIVE	3	NO_MAJORITY	0	1.0
31272	قاطعو ميتينا زاتو والله ينفع هشتاق تصدق #قاطعو_ميتينا #مدن__السودان_تنتفض #تسقط__بس	old_twitter	random_no_keyword	NEUTRAL	HATE	OFFENSIVE	3	NO_MAJORITY	0	0.0
31277	بوعاز جولان مراسل القناة 14 وموقع 0404 قالوا لنا ان العمليات في رمضان، لكن رمضان انتهى وما زالت العملية مستمرة، لدينا حكومة خطيرة جلبت لنا الكارثة	war_corpus	neutral_news	NEUTRAL	HATE	OFFENSIVE	3	NO_MAJORITY	0	1.0
31281	سؤال الجمعة ما هو الفرق بين الكوز متهم أي مخالف لآرائه بالإنتماء للحزب الشيوعي و الثورجي الاون فاير متهم كل من يخالفه الرأي بالأمنجي و الجدادة الالكترونية	old_twitter	hate_political	OFFENSIVE	HATE	NEUTRAL	3	NO_MAJORITY	0	1.0
31288	الكيزان و المجلس العسكري. م عايزين الاتفاق يتم. وانتو م قصرتو مساعدينهم	old_telegram	hate_political	OFFENSIVE	HATE	NEUTRAL	3	NO_MAJORITY	0	1.0
31317	غنائم المتمرد عبدالعزيز الحلو في كادقلي عدد 3 دبابة حية وتدمير عدد 5 عربة كروزر وعدد القتلا ما يقارب 40 متمرد الله اكبر والنصر للقوات المسلحة جيش_واحد_شعب_واحد نصرة_الجيش_السوداني	war_corpus	violence_reporting	OFFENSIVE	HATE	NEUTRAL	3	NO_MAJORITY	0	1.0
31329	احا! لوهلة كنت مفتكرك جادي وصدقت انه حاجة زي دي مقبولة لغوياً.	old_twitter	violence_incitement	HATE	OFFENSIVE	NEUTRAL	3	NO_MAJORITY	0	1.0
31340	ما اعتى غبنك يا ولد واعدل قضيتك واعظمها الردة_مستحيلة لا_لحكم_العسكر لاتفاوض_لاشراكة_لا_شرعية	war_corpus	humanitarian	NEUTRAL	HATE	OFFENSIVE	3	NO_MAJORITY	0	1.0
31350	بعد استحواذ الدعم السريع على ٣٠٪ من منظومة الصناعات الدفاعية البرهان يعيد تشكيل مجلس ادارة زادنا ويضم اليه عبد الرحيم دقلو مونتي كاروو كانو ثروة ال دقلو ناقصة كيف الجيش ساكت عن حاجة زي دي	war_corpus	hate_tribal	OFFENSIVE	HATE	NEUTRAL	3	NO_MAJORITY	0	1.0
31355	عقاب جماعي لكل السودانيين انضم للراى السودانى علي تلغرام عبر الرابط تابع قناتنا على واتساب	war_corpus	threats	OFFENSIVE	HATE	NEUTRAL	3	NO_MAJORITY	0	1.0
31397	انا سعيد جدا بالبعملوه ناس عبد الحي ديل #اعتصام_القيادة_العامة	old_twitter	hate_tribal	OFFENSIVE	HATE	NEUTRAL	3	NO_MAJORITY	0	1.0
31408	فرحة وانبساطة تعم كوادر قحت تقزم زعيم قحت تقزم يطمئن مجموعة القحاطة بان حميدتي حي و بخير و ان موته عبارة دعاية فلول كيزان تابعونا على الرابط قناة التلغرام _____ قناة الواتساب	war_corpus	violence_reporting	OFFENSIVE	HATE	NEUTRAL	3	NO_MAJORITY	0	1.0
31422	انبشكت صراخ الحكامة الفاضل الجبوري ويطالب من تنسيقية الشعبية للقبائل مسيرية بالانضمام لدعم سريع	war_corpus	hate_tribal	OFFENSIVE	HATE	NEUTRAL	3	NO_MAJORITY	0	1.0
31429	شاهد حصاد الجنجويد ٦ مسيرات القوات المسلحة تواصل تدمير مركبات العدو ودحر المرتزقة مع مراعاة قواعد الاشتباك بالحفاظ على الاعيان المدنية والممتلكات ٢٨ مارس ٢٠٢٤م السودان القوات_المسلحة_السودانية المقاومة_الشعبية تحت قيادة القوات المسلحة نحن في الشدة باس يتجلى معركة_الكرامة مليشيا_حميدتي_منظمة_ارها_بية جيش_واحد_شعب_واحد sudan SudanNews Conflict_in_Sudan sudan_war	war_corpus	hate_political	OFFENSIVE	HATE	NEUTRAL	3	NO_MAJORITY	0	0.587
31430	في رسالة واضحة البشير يعمل لل و يبيع الجيش و يختار حضن المؤتمر الوطني و مليشياته للدفاع عنه و عن افراد نظامه الفاسدين و المطلوبيين للعدالة المحلية و الدولية. #تسقط_بس #مدن_السودان_تنتفض #اعتصام_#اعتصام_القياده_العامه	old_twitter	revolution_terms	NEUTRAL	HATE	OFFENSIVE	3	NO_MAJORITY	0	0.0
31434	امدرمان تمكنت قوات العمل الخاص بسلاح المهندسين بفك حصار ضاحية العباسيه با امدرمان بعد حصار دام لفترة من الزمن حيث كبدا ابطال العمل الخاص المليشيا المتمردة عدد كبير في العتاد والارواح جاري احصائيها قريبا باذن الله امدرمان خاليه من التمرد نصرا من الله وفتح قريب	war_corpus	dehumanizing	OFFENSIVE	HATE	NEUTRAL	3	NO_MAJORITY	0	1.0
31437	حتمر سنين طويلة من الحكم المدني حتلقى نفسك عجووووز يوم حتجي ماري تحت النفق حتسمع كشلو طرق طق.كشلو كشلو طق حكومة الجوع تسقط بس ولحس الكوع تسقط بس حكومة العسكر تسقط بس الما بتتشكر تسقط بس دم الشهيد ما راح لابسنو نحن وشاح مكتوب عليه عديل فليسقط السفاح #اعتصام_القياده_العامه	old_twitter	revolution_terms	NEUTRAL	HATE	OFFENSIVE	3	NO_MAJORITY	0	1.0
31455	ودعاة التسوية والانقلابيين، فلا مكان للعسكر في تفاوض غير مباشر او مباشر، ويجب ابعادهم نهائيا من المشهد وهو ماامنت عليه مواثيق قوى الثورة الحية واعلاناتها السياسية، فقد تلطخت ايدي الجناة منهم بدماء غالية من الثائرات و الثوار، وضعتهم على راس	war_corpus	hate_political	NEUTRAL	HATE	OFFENSIVE	3	NO_MAJORITY	0	1.0
31465	القضراف دي عاملة زي بتظهر لمن تگتم بس والگتمة يوم السبت بل بس #تسقط_بس #ثورة_بس #مدن_السودان_تنتفض	old_twitter	revolution_terms	NEUTRAL	HATE	OFFENSIVE	3	NO_MAJORITY	0	0.0
31476	دقت ساعة الذبح سراي الليل خفافيش الظلام ساطورك سكينك بدات المناوبة مناوبة موفقة ونسمع عنكم كل خير عفشك بقجك نومك مجهجه محلك مامعرووف كنقوو لايكل لا يمل كنقوو نسووور تعشق الترحال كنقووو_جووه_الميدان	war_corpus	violence_reporting	NEUTRAL	OFFENSIVE	HATE	3	NO_MAJORITY	0	0.0
31520	الشعب السوداني يعرب عن قلقه جراء الهجمات العبثيه المتوقعه ضد دويلة الشر	war_corpus	threats	OFFENSIVE	HATE	NEUTRAL	3	NO_MAJORITY	0	1.0
31521	اشاوس محور الشمال تستعد لدك حصون الفلول وتحرير مدن نهر النيل والشمالية RSF North axis prepares to dismantle strongholds of the remnants and liberate the River Nile and Northern cities معركة_الديمقراطية حراس_الثورة_المجيدة	war_corpus	violence_reporting	OFFENSIVE	HATE	NEUTRAL	3	NO_MAJORITY	0	1.0
31545	دام الكيزان سابين ليهو هتبقى شكرا حمدوك و #شكرا_عبدالعزيز_الحلو	old_twitter	hate_tribal	OFFENSIVE	HATE	NEUTRAL	3	NO_MAJORITY	0	1.0
31578	ذكرتني بقصيدة درويش خذي فرسي واذبحيها.	old_twitter	violence_incitement	HATE	NEUTRAL	OFFENSIVE	3	NO_MAJORITY	0	1.0
31584	المتحدث باسم الجيش السوداني نبيل عبد الله قواتنا تمكنت من سحق العدو في الدبيبات واحكام السيطرة عليها للمزيد من الاخبار تابع قناة الخرطوم مقبرة الجنجويد على واتساب عبر الرابط الخرطوم_مقبرة_الجنجويد	war_corpus	hate_tribal	OFFENSIVE	HATE	NEUTRAL	3	NO_MAJORITY	0	0.695
31600	الذين استحلوا دمه الى القصاص ولما ينقضي العام، ليرى المجرمون اعمالهم حسرات عليهم وليعلموا، ومن ينتظرهم الدور، ان لا منجى لهم من العقاب بهذا الحكم تكون الثورة قد اوفت دينها للشهداء مرة اولى تتبعها مرات بقدر عدد الشهداء، وحتما ستطال يد العدالة من جعلوا من التعذيب وسحل المخالفين	war_corpus	violence_reporting	OFFENSIVE	HATE	NEUTRAL	3	NO_MAJORITY	0	0.88
31628	وانا كل ما اعتب عليك من شوقي بالشوق بنحرق	old_twitter	violence_incitement	HATE	NEUTRAL	OFFENSIVE	3	NO_MAJORITY	0	1.0
31634	عزام كيكل فى قبضة الاستخبارات تابعنا علي تلغرام	war_corpus	random_no_keyword	NEUTRAL	HATE	OFFENSIVE	3	NO_MAJORITY	0	1.0
31647	انتصارااااات ساااااااحقة كازقيل ام دم ام سيالة الحمادي الدبيببااااات و في القزاز وجيش ققققوقو ياخالد سلك	war_corpus	profanity	NEUTRAL	HATE	OFFENSIVE	3	NO_MAJORITY	0	1.0
31694	في هذه اللحظات، تتعرض قاعدة الزرق لهجوم حارق من مدافع القوة المشتركة والغارات الجوية، مستهدفين مرتزقة المليشيا ومعداتهم القتالية دعواتكم نصر_من_الله_وفتح_قريب	war_corpus	hate_tribal	OFFENSIVE	HATE	NEUTRAL	3	NO_MAJORITY	0	1.0
31708	في مثل هذا اليوم من العام كان مقتل الشهيد علي أبكر على أيدي ربّاطة النظام داخل أسوار جامعة الخرطوم.. الرحمة على روحه وارواح جميع شهدائنا الابرار دمّك صعب ياعلي**شعبك وراك صنديد #لن_ننسى_ولن_نغفر #تسقط_بس	old_twitter	revolution_terms	OFFENSIVE	HATE	NEUTRAL	3	NO_MAJORITY	0	1.0
31715	الأمريكان شايفين انو الحاجة دي حصلت لما كان بن لادن في السودان و تحت حماية الحكومة السودانية، و القاعدة اعترفت انهر هي الضربت المدمرة الأمريكية. عشان كده الحكومة الكيزانية دي دخلّتنا في موضوع ما عندنا بيهو دخل و #تسقط_بس و بكره #موكب28مارس #مدن_السودان_تنتفض	old_twitter	hate_political	OFFENSIVE	HATE	NEUTRAL	3	NO_MAJORITY	0	1.0
31755	متوسطا اشاوس قوات الدعم السريع الفريق عبد الرحيم حمدان دقلو سنحرر ابناء الشعب السوداني من قبضة المنافقين معركة_الديمقراطية حراس_الثورة_المجيدة	war_corpus	religious_sectarian	OFFENSIVE	HATE	NEUTRAL	3	NO_MAJORITY	0	1.0
31774	واكتر من طبيب اتطوعوا لمساعدة المنكوبين ، طلبنا كان التامين فقط ورفضتوا وحولتونة لمنظمات مدنية واموية يعني وين الميزانية لذلك نطالب بتنحي الوزيرة #تسقط_بس #سجن_الكيزان #هيكلة_جهاز_الامن #هيكلة_حكومة_حمدوك #لا_للمحاصصة	old_twitter	revolution_terms	NEUTRAL	HATE	OFFENSIVE	3	NO_MAJORITY	0	0.576
31807	كبري جبل اولياء شغال عن طريق سقالة تدخل بها التاتشرات والذخائر والمرتزقة تابع القناة القوات المسلحة السودانية	war_corpus	hate_political	OFFENSIVE	HATE	NEUTRAL	3	NO_MAJORITY	0	1.0
31814	محيط الاذاعة النسور تدمر المرتزقة بل فوق وتحت شارك قناة انصار القوات المسلحة السودانية علي التلغرام	war_corpus	hate_political	OFFENSIVE	HATE	NEUTRAL	3	NO_MAJORITY	0	1.0
31822	استطاعت قوة محور الصياد الغربي من صد هجوم كبير للملايش في مدينه الخوي وتم تدمير العدو تدمير كامل احترقت عشرات العربات و تاثرت جموع المرتزقه الصياد والمشتركة اشتغلوا في المليشيات دق مباشر كروزر يلاقي كروزر دا شغل مشتركة	war_corpus	hate_political	OFFENSIVE	HATE	NEUTRAL	3	NO_MAJORITY	0	1.0
31842	الله اكبر ابطال النيل الازرق يواصلون ملحمة الكرامة، بعد تطهير كامل حتى الفاو وتامينها من المرتزقة، ويلتقون بابطال سنار في ابو حجار ،تم تطهير جميع محليات سنار بالكامل، ومحاصرة فلول مليشيا الغدر الان في الدالي والمزموم النصر حليف ابطالنا باذن الله	war_corpus	violence_incitement	OFFENSIVE	NEUTRAL	HATE	3	NO_MAJORITY	0	1.0
31966	الشهيد عبد العظيم ابوبكر (روحى التفت وراء وطنى ولو الموت يحررها فنفسى فداء يا وطن) اى حب بينك وبين وطنك عاش بعظمة واستشهد بعظمة #تسقط_بس #مدن_السودان_تنتفض	old_twitter	hate_tribal	OFFENSIVE	HATE	NEUTRAL	3	NO_MAJORITY	0	1.0
31967	متحركات تحرير السودان تنتظم دارفور وكردفان لسحق مليشيا البرهان ومرتزقة الحركات Sudan Liberation Movements organize in Darfur and Kordofan to crush the SAF militias and allied mercenary movements معركة_الديمقراطية حراس_الثورة_المجيدة	war_corpus	hate_political	OFFENSIVE	HATE	NEUTRAL	3	NO_MAJORITY	0	1.0
31977	مصادر صهارج الوقود التي تنقل وقود الجنجويد من مصفاة الجيلي يتم الاستيلاء عليها بقوة السلاح من مناطق مختلفة ويرسلوها للجيلي لنقل وقودهم وعند خروجها من الجيلي يتم تدميرها عندما تمر عبر نقطة الكمائن من الجيش في الكدرو اومن خلال المسيرات والمدفعية الموجهة من وادي سيدنا	war_corpus	violence_reporting	OFFENSIVE	HATE	NEUTRAL	3	NO_MAJORITY	0	0.695
31997	شكرا. لله اولا. ثم شكرا حمدوك لاشك لكن انتبه لدينك اولا. مابسبب الكيزان نكره الدين حريقه تحرق الكيزان لكن اخي الفاصل نحن مشمرين للخوض في اشياء اخري اصبر فستري	old_twitter	hate_political	OFFENSIVE	HATE	NEUTRAL	3	NO_MAJORITY	0	1.0
32036	يا طالع الشارع جيب لي معاك بمبان شرطأ يكون مليان لا فاض ي لآ كملان بكرة الموكب ،،،،، بكرة الموكب #موكب21مارس #مدن_السودان_تنتفض #تسقط_بس	old_twitter	revolution_terms	NEUTRAL	HATE	OFFENSIVE	3	NO_MAJORITY	0	0.0
32041	أولا نحن التشكيك دا فتناهو زمان نحن الآن متأكدين انه لا خير في أي مسلح ثانيا العصيان المدني نحنا الطلبناهو وبعد الليلة زيادة عليهو تسقط بس ثالثا نحن الحمد لله بلادنا منزلقة ليها سنة مافارقة كان انزلقت زيادة رابعا ودي أهم نقطة من انت	old_twitter	hate_tribal	HATE	NEUTRAL	OFFENSIVE	3	NO_MAJORITY	0	0.929
32058	اللهم نتضرع اليك بان تهلكه و تجعل شقاءه بين عينه اذقه الامرين يا الله و امته ميته بطيئة و طويلة و مؤلمة	war_corpus	threats	NEUTRAL	HATE	OFFENSIVE	3	NO_MAJORITY	0	1.0
32077	نحنا كج شفتي المرة الفاتت ما دخلنا الإسلامية اخدو اتندنس لو ما بشيلو حيشيلو عشان نحنا ماف	old_twitter	humanitarian	NEUTRAL	HATE	OFFENSIVE	3	NO_MAJORITY	0	1.0
32098	يت والده اعفي لي وعدي القطعتو معاك انو الكلام ممنوع في شلة الحكام اي زول جاي ودنوباوي ما يجي جامع الشيخ غريب الله اتواصل مع اي زول من امدرمان القديمه و بوريك تجي وين #موكب21مارس #تسقط_بس #مدن_السودن_تنتفض	old_twitter	hate_tribal	NEUTRAL	HATE	OFFENSIVE	3	NO_MAJORITY	0	0.0
32127	لالا دا بعدين حسابهم براهم لكن حساااا ناخد حق كل زول!	old_twitter	threats	NEUTRAL	HATE	OFFENSIVE	3	NO_MAJORITY	0	1.0
32145	الغضب ياخ طلعنا من طورنا ذاتو اسكت الله حسك عن تصريحات البشير الاخيرة ثورة ثورة حتى النصر صفق_الاشجار مدن_السودان_تنتفض	war_corpus	neutral_news	NEUTRAL	HATE	OFFENSIVE	3	NO_MAJORITY	0	1.0
32148	إطعام جائع أو إخراج الكفارة نصف دينار	old_twitter	religious_sectarian	HATE	NEUTRAL	OFFENSIVE	3	NO_MAJORITY	0	0.502
32150	تصحيح ولاية الشام حوران بتوفيق الله تعالى، استهدف جنود الخلافة الية للجيش النصيري المرتد على الطريق الرابط بين منطقتي ازرع و الشيخ مسكين يوم الاثنين الماضي، بتفجير عبوة ناسفة، ما ادى لاعطابها ومقتل ضابط و3 عناصر كانوا على متنها، ولله الحمد والمنة	war_corpus	profanity	OFFENSIVE	HATE	NEUTRAL	3	NO_MAJORITY	0	1.0
32163	معركة_الحسم ابطال القوات المسلحة السودانية في كرري يبعثون برسالة بشائر النصر الاثنين ٣ يوليو ٢٠٢٣ م انهاء_التمرد جيش_واحد_شعب_واحد	war_corpus	hate_political	OFFENSIVE	HATE	NEUTRAL	3	NO_MAJORITY	0	1.0
32190	الجزيره مباشر تبث سيل امدرمان وتوكل كارمن تغرد الظاهر كيزان الدنيا تنصلو من الكيزان الدون #موكب6ابريل #مدن_السودان_تنتفض #تسقط_بس	old_twitter	hate_political	OFFENSIVE	HATE	NEUTRAL	3	NO_MAJORITY	0	1.0
32204	اخيرااًً نرتاح من المعط دا #تسقط_بس	old_twitter	revolution_terms	NEUTRAL	HATE	OFFENSIVE	3	NO_MAJORITY	0	1.0
32207	بشكل مباشر ما حدث فجر ٢٩ رمضان مجزرة دموية مخططة ومعدة مع سبق الاصرار والترصد من قبل المجلس العسكري الانقلابي المجرم الغادر القاتل، وسيف المحاكمة والعدالة البتار سيطالهم جميعا،	war_corpus	hate_political	NEUTRAL	HATE	OFFENSIVE	3	NO_MAJORITY	0	1.0
32231	انتي تمثليني ايوووووون كدة مظبوط ياخدو في راسهم كلهم كبير علي صغير، الكبير ماعرف يربي والصغير بكبر ويبقي اسواء من فرعون تباً لهم جميعاً #تسقط_بس	old_twitter	revolution_terms	NEUTRAL	HATE	OFFENSIVE	3	NO_MAJORITY	0	1.0
32243	حتي الشعر بالعنصرية الي جهنم وبئس المصير	war_corpus	threats	NEUTRAL	HATE	OFFENSIVE	3	NO_MAJORITY	0	1.0
32263	إرتفاع واضح في سعر الدولار وصولا" إلي جنيه سوداني، و كلاب السرة والمطبلاتية هم السبب.. وزارة المالـية والإقتصاب الوطني	old_twitter	dehumanizing	OFFENSIVE	HATE	NEUTRAL	3	NO_MAJORITY	0	1.0
32268	تاتي هذه التطورات بعد ساعات من خطاب حاد اللهجة القاه رئيس مجلس السيادة الفريق اول عبد الفتاح البرهان، تعهد فيه ب الاقتصاص لاهالي الفاشر وتطهير البلاد من المرتزقة، في اشارة الى قوات الدعم السريع، مؤكدا ان الجيش لن يتراجع حتى استعادة كل شبر من الوطن	war_corpus	hate_tribal	OFFENSIVE	HATE	NEUTRAL	3	NO_MAJORITY	0	1.0
32276	وسيحملون محمدا شهيدا اخر في ركب ممتد من صحبه الاماجد ثمنا للغد المامول العزاء والسلوان لذوي الشهيد محمد عبد المجيد والخزي والعار لقتلته والصامتين ويوم الحساب ات لا ريب فيه مليونية21اكتوبر اعلام التجمع 21 اكتوبر 2020م	war_corpus	hate_tribal	OFFENSIVE	HATE	NEUTRAL	3	NO_MAJORITY	0	1.0
32313	الجيش السوداني على لسان الفريق ياسر العطا يكشر انيابه ويهدد بالانتقام من الامارات وتشاد ومراكز النفوذ في جنوب السودان التي دعمت التمرد لاول مرة يعلن الجيش السوداني ان مطاري ام جرس وانجمينا اهداف عسكرية للجيش السوداني الله اكبر	war_corpus	hate_political	OFFENSIVE	HATE	NEUTRAL	3	NO_MAJORITY	0	1.0
32427	الذين قدموا كل غال وعزيز لإزالة النظام المخلوع ولن يهنوا أو يقبلوا أن تمارس فلوله مثل هذا الاستفزاز دون رادع من قانون.	old_twitter	hate_political	OFFENSIVE	HATE	NEUTRAL	3	NO_MAJORITY	0	1.0
32428	حصيلة قتلى المليشيا في مصنع السكر اكثر 640 متمرد بل_بس غسان القداني	war_corpus	violence_reporting	NEUTRAL	HATE	OFFENSIVE	3	NO_MAJORITY	0	1.0
32443	جماعة عبدالحي شغالين حرية سلام وعدالة والشريعة خيار الشعب) ، طيب نحنا متفقين في الحرية والسلام والعدالة والشريعة مافي زول هبشها ليكم فعودا الى مساكنكم ،،، #اعتصام_القيادة_العامة #مدن_السودان_تنتفض	old_twitter	revolution_terms	OFFENSIVE	HATE	NEUTRAL	3	NO_MAJORITY	0	0.642
32473	تسقط بس م الانقاذ اوالنظام الكيزاني او المجلس العسكري بس تسقط كل العادات والتقاليد المريضه تسقط كل الافكار والعقول المتحجره تسقط العقليات العقيمه والنفوس الحقيره تسقط الانانيه وحب النفس والاخلاق المنحطه الدنيئه يسقط الحقد.الحسد.التكبر.التعالي. الكذب. يسقط النظام الآدمي السيئ.	old_twitter	profanity	OFFENSIVE	HATE	NEUTRAL	3	NO_MAJORITY	0	1.0
32481	فشل ما يسمى بزحف الاخضر فشل زريع حيث انه قد تم جمع جميع كيزان السودان في موكب واحد و و هو امامكم اي يعني ان عضوية المؤتمر الوطني الكبيرة كانت مجرد اشخاص ذو مصالح و اهداف شخصية و ليس فكرة عقائدية صاحبة هدف و تغير معين كما يقول قادتهم	old_telegram	hate_political	HATE	NEUTRAL	OFFENSIVE	3	NO_MAJORITY	0	0.911
32483	نحن م دايرين نشق الصف ولا حاجه بس انتو مسأولين من الخير وين منعم سليمان زمان لمن كنا بنقول انو مزروع من قبل النظام ما كان في زول بصدق امنجي مندس في ثوب مناضل ثورجي #مدن_السودان_تنتفض #موكب18مارس #تسقط_بس	old_twitter	hate_political	OFFENSIVE	HATE	NEUTRAL	3	NO_MAJORITY	0	1.0
32489	للدعامة الما عارفين حاجة دا الراجيكم في السودان موتة شينة و انت تشادي ما عندك في الحرب دي لا ناقة ولا جمل يا غريب ارجع لي بلدك مشاهد 81 عديل ما 18 فيديو لتدمير عربة دعم سريع و تتبعثر الاشلاء حولها	war_corpus	profanity	NEUTRAL	HATE	OFFENSIVE	3	NO_MAJORITY	0	1.0
32524	تسقط وتسقط حكومة العسكر #تسقط_بس	old_twitter	revolution_terms	NEUTRAL	HATE	OFFENSIVE	3	NO_MAJORITY	0	1.0
32531	هلاك اللواء خلاء مليشي حسين مسار قائد منطقة جنوب الخرطوم والمسؤول عن قتل وتعذيب كل ناس الكلاكلة تم قتله شمال مقابر الرميله هو ومرافقيه لم يسلم منهم احد الله اكبر الي جهنم وبئس المصير	war_corpus	violence_reporting	NEUTRAL	HATE	OFFENSIVE	3	NO_MAJORITY	0	1.0
32543	انشاء الله حيموتو اسو موت	war_corpus	violence_reporting	NEUTRAL	HATE	OFFENSIVE	3	NO_MAJORITY	0	1.0
32568	ايوة كلنا واحد اتفق، لكن الموضوع العايدين يتناقشو فيه بتكلم عن قوى الحرية والتغيير ونظام الكيزان	old_telegram	hate_political	OFFENSIVE	HATE	NEUTRAL	3	NO_MAJORITY	0	1.0
32626	الزول الجايبنو في النيل الازرق ده منو الاقنعهم انو الزول ده صوتو سمح لمن مستضيفنو	old_twitter	hate_tribal	NEUTRAL	OFFENSIVE	HATE	3	NO_MAJORITY	0	1.0
32640	اعملو حسابكم بس وانتو قاطعين عشان ما تقتلو زول	old_twitter	violence_reporting	NEUTRAL	HATE	OFFENSIVE	3	NO_MAJORITY	0	1.0
32653	وزارة خارجية الكيزان تكذب بشأن قضية المدمرة كول فالقضية مازالت في مراحل التقاضي والسودان متهم فيها فكيف يكسبها حسب بيان الخارجية #تسقط_بس	old_twitter	hate_political	NEUTRAL	HATE	OFFENSIVE	3	NO_MAJORITY	0	0.81
32662	الشيخ وليد اسماعيل يدمر احلام ذيول ايران تدمير كامل شامل بصاروخ خارق حارق متفجر ارمي لافض فاك انضم الينا قناة السوري الحر	war_corpus	violence_incitement	NEUTRAL	HATE	OFFENSIVE	3	NO_MAJORITY	0	1.0
32664	صباح الخير على المداومين شذاذ الآفاق اما العطالة المخربين فلا صباح لهم	old_twitter	random_no_keyword	NEUTRAL	HATE	OFFENSIVE	3	NO_MAJORITY	0	0.0
32677	معتقداتك الدينية ما عامل مهم. نتفلكس مثلا رضخت للحكومة التعوسية وحذفت حلقة من برنامج بتنتقد التعوسية وممكن ترضخ ليكم برضو وتحذف أي شخصية مثلية في مسلسلاتها لو استعنتوا بمحمد بن سلمان مش محمد بن عبدالله	old_twitter	hate_tribal	OFFENSIVE	HATE	NEUTRAL	3	NO_MAJORITY	0	1.0
32685	الدعم المعنوي كلام ساي ما حقيقي وبعدين حمدوك ليس اسلامي ولا زول بتاع حماس بتاع حماس هو البرهان عضو الحركة الاسلامية في السودان	war_corpus	humanitarian	NEUTRAL	HATE	OFFENSIVE	3	NO_MAJORITY	0	1.0
32694	ولي ضد الاحزاب هم نفسهم جماعة الاحزاب وفتهم وخلاص ياورد هاي ضرب مصالح ولاحكم يتغير ولا الدوله تسقط بس الفقير يموت	old_twitter	revolution_terms	NEUTRAL	HATE	OFFENSIVE	3	NO_MAJORITY	0	1.0
32698	العطا بلادنا منفتحة في العلاقات مع ايران والعديد من الدول الاخرى والمصالح وحدها من تحكم علاقة السودان مع الاخرين معركة_الكرامة مليشيا_حميدتي_منظمة_ارها_بية	war_corpus	humanitarian	OFFENSIVE	HATE	NEUTRAL	3	NO_MAJORITY	0	1.0
32713	الفنان الوطني عاطف السمانى يلهب حماس القوات المسلحة بعد تنظيف المنطقة من المرتزقة علما بان السماني لبى نداء القائد العام منذ بداية الحرب سلم نفسه لاقرب وحدة عسكرية وحمل كلاشه مدافعا عن الارض والعرض	war_corpus	profanity	OFFENSIVE	HATE	NEUTRAL	3	NO_MAJORITY	0	1.0
32736	طبعآ عارفين ده منو #تسقط_بس	old_twitter	revolution_terms	NEUTRAL	HATE	OFFENSIVE	3	NO_MAJORITY	0	1.0
32738	يتلون الفكر "الكيزاني" وفق مستجدات العقل الجمعي، وبما أن العقل الجمعي السوداني تغير بتأثيرات الثورة السودانية المجيدة، لذا نراهم الآن يخرجون بالعديد من العباءات منها ثوري مضلل كمن تعرفون ومنها من يسعى للمحاصصة والمناصب ولا غير.. #عام_ثوره_ديسمبر_الاول #مليونية19ديسمبر	old_twitter	profanity	OFFENSIVE	HATE	NEUTRAL	3	NO_MAJORITY	0	1.0
32808	والله شايف شبح مصر في الصورة الناس تطلع وتغني للجيش وفجاءه يركب فينا خازوق تاني. ما تحسسو الجيش بانو البيعمل/والعملو/والحايعملو منه وفضل منو لا حسسوه بانو دا واجب عليه لا اكتر ولا اقل عشان ما يطمعو فيها #مليونية6ابريل #تسقط_بس #مدن_السودان_تتنفض	old_twitter	revolution_terms	NEUTRAL	HATE	OFFENSIVE	3	NO_MAJORITY	0	1.0
32819	هذي الحفلة اللي اذا مشيتها عليك كفارة اطعام ستين مسكين	old_twitter	religious_sectarian	HATE	NEUTRAL	OFFENSIVE	3	NO_MAJORITY	0	0.671
32851	الاشاوس من امام القصر الجمهوري يرسلون البشريات للشعب السوداني ويتوعدون بحسم جيش الحركة الاسلامية The valiant soldiers of the RSF extend their greetings to the Sudanese people from the Republican Palace emphasizing their commitment to resolve the army of the Islamic movement معركة_الديمقراطية حراس_الثورة_المجيدة	war_corpus	violence_reporting	OFFENSIVE	HATE	NEUTRAL	3	NO_MAJORITY	0	0.876
32853	سلااااامتك بس داير شي من كسلا	old_twitter	violence_incitement	HATE	NEUTRAL	OFFENSIVE	3	NO_MAJORITY	0	1.0
32864	*بطاقة شخصية* الاسم: عصيان سودانية تاريخ الإصدار: ديسمبر تاريخ الانتهاء: حتى رحيل الكيزان مكان الإصدار: البيت #عصينا19ديسمبر	old_twitter	hate_political	OFFENSIVE	HATE	NEUTRAL	3	NO_MAJORITY	0	1.0
32913	قوات العمل الخاص امدرمان ساكين فلول المرتزقه من شارع لي شارع ومن بيت لي بيت تسلم الايادي وربنا ينصركم ويحميكم	war_corpus	hate_political	OFFENSIVE	HATE	NEUTRAL	3	NO_MAJORITY	0	1.0
32977	المرتزق التشادي مهدي بشير القيادي في حركة فاكت FACT التشادية، يقاتل برفقة مرتزقة ميليشيا الجنويد في ولاية شمال دارفور	war_corpus	hate_political	OFFENSIVE	HATE	NEUTRAL	3	NO_MAJORITY	0	1.0
33001	ننادي بصهر ثقافات تايم لاينية يعني الTL السوداني يرتوت للمصري، الشامي والكفار..الخ والعكس يحصل. خلونا نشوف الAVIs النضيفة. تويتر فنياتو كترت	old_twitter	religious_sectarian	HATE	NEUTRAL	OFFENSIVE	3	NO_MAJORITY	0	0.671
33004	عشرة افراد من الدعم السريع في مهمة انتحارية استطاعوا استلام 10 كروزل من الري المصري بكامل عتادها اللعب مع الجاهزية صعب بلابسة_ٳنتايات السودان_مقبرة_الفلول الحركة_الاسلامية_تنظيم_ارهابي بلابسة_ٳنتايات كيزان_حرامية اي_كوز_ندوسو_دوس الخرطوم_مقبرة_الفلول النصر_قريب	war_corpus	hate_political	OFFENSIVE	HATE	NEUTRAL	3	NO_MAJORITY	0	0.528
33016	3.حكومة الكيزان تلغي كافة تعاقداتها مع كوريا الشمالية (العصر بجيب الزيت وقلنا ليهم ترامب دا ما معاهو هزار)	old_twitter	hate_political	OFFENSIVE	HATE	NEUTRAL	3	NO_MAJORITY	0	1.0
33029	بالضبط كدا. لا كمان العسكري برهان بقا يعفي المجرمين و يعين ولاه و قضاه و أخل بوعدو للجنه التفاوض انو حيكون حكومة مدنيه. حكومة العسكر #تسقط_بس	old_twitter	revolution_terms	NEUTRAL	HATE	OFFENSIVE	3	NO_MAJORITY	0	1.0
33032	بس ابي اعرف اذا انتي شيعية ولا لا!	old_twitter	random_no_keyword	NEUTRAL	HATE	OFFENSIVE	3	NO_MAJORITY	0	1.0
33053	الحركة الشعبية بقيادة اللواء عبد الباقي قرفة تعلن الانضمام لقوات الدعم بعدد 25 الف مقاتل وتدعو ابناء النوبة للانحياز لخيار الشعب معركة_الديمقراطية حراس_الثورة_المجيدة	war_corpus	violence_reporting	OFFENSIVE	HATE	NEUTRAL	3	NO_MAJORITY	0	1.0
33116	اكثر من ٢٠٠ قتيل من المرتزقة في معركة القيادة اليوم	war_corpus	hate_political	OFFENSIVE	HATE	NEUTRAL	3	NO_MAJORITY	0	1.0
33174	بتاريخ ١٩ابريل قوات الدعم السريع تنفذ عمليات ختان جماعي للحواضن الاجتماعية لمني اركو مناوى ردا على دعاوي الكيزان وتعزيزا للقيم الاخلاقية التي تدل على قومية قوات الدعم السريع	war_corpus	hate_political	OFFENSIVE	HATE	NEUTRAL	3	NO_MAJORITY	0	1.0
33197	تحييد قناصة ليبي في الملازمين يقاتل في صفوف المرتزقة الارهابية	war_corpus	hate_political	OFFENSIVE	HATE	NEUTRAL	3	NO_MAJORITY	0	1.0
33199	#السودان_عصيان__مدني_27_نوفمبر الحرية بين يديكم اكنسوا الكيزان الي مزبلة التاريخ #الشارع_يناديكم	old_twitter	hate_political	OFFENSIVE	HATE	NEUTRAL	3	NO_MAJORITY	0	1.0
33203	ي اخوانا بليززز شيرو البوست دا على اكبر نطاق	war_corpus	profanity	NEUTRAL	HATE	OFFENSIVE	3	NO_MAJORITY	0	0.0
33226	الهراري العميل_القحطاني وتفصيل كامل عنه وعن عمالته المحامي عصام_الخطيب فرج الله عنه المختطف في سجون الهيئة	war_corpus	hate_political	OFFENSIVE	HATE	NEUTRAL	3	NO_MAJORITY	0	1.0
33231	رئيس تنسيقية المعارضة التشادية المرتزق محمد ابوبكر موسى انجغم	war_corpus	hate_political	OFFENSIVE	HATE	NEUTRAL	3	NO_MAJORITY	0	1.0
33254	ياخ امس بعد البيان طلع كنت تحت كبري كوبر في شارع النيل معاي فردي سمعت بدايه البيان بس ما تميتو اتلفت لقيت فردي بدو يرجعو الناس للقياده من كوز لكوز مادايرين رجعت القياده و لفيتها خيمه خيمه تابع الثريد #مدن_السودان_تنتفض #تسقط_بس #اعتصام_القيادة_العامة	old_twitter	hate_political	OFFENSIVE	HATE	NEUTRAL	3	NO_MAJORITY	0	1.0
33298	الدم قصادو الدم م بنقبل الدية تسقط بس #اعتصام_القياده_العامه	old_twitter	revolution_terms	NEUTRAL	HATE	OFFENSIVE	3	NO_MAJORITY	0	0.0
33322	أعتذر لكل أنون فالكيريوس اترد عليه ببجاحة من أحدهم أنتم تصنعون طواغيتكم بس يعني ما بتستاهلوا للدرجة دي	old_twitter	random_no_keyword	NEUTRAL	HATE	OFFENSIVE	3	NO_MAJORITY	0	0.0
33362	الطيران يدمر عده اهداف في قريه الكريبة مدخل مدني الغربي تقدم_لا_تمثلني مليشيا_تقدم حمدوك_لا_يمثلني قحت_انتهت المقاومة_الشعبية_المسلحة المقاومة_الشعبية_السودانية قحت_تتحلا_تتبلا_تمشي_لي_الله	war_corpus	violence_incitement	OFFENSIVE	HATE	NEUTRAL	3	NO_MAJORITY	0	1.0
33373	قامت مليشيا قوات الدعم السريع اليوم بنهب وسرقة رئاسة البنك السعودي السوداني بفندق السلام روتانا بالخرطوم، ليرتفع عدد فروع البنك السعودي التي نهبها الدعم السريع الى 7 فروع جدير بالذكر ان المليشيا المتمردة تقوم بعمليات سلب ونهب واسعة طالت العديد من البنوك والمؤسسات والمرافق الحكومية والكنائس	war_corpus	humanitarian	OFFENSIVE	HATE	NEUTRAL	3	NO_MAJORITY	0	1.0
33391	إعفاء عبد الماجد هارون كان عينوا لي؟! العساكر ديل مااايهم #اعتصام_القياده_االعامه #مدن_السودان_تنتفض	old_twitter	hate_tribal	OFFENSIVE	HATE	NEUTRAL	3	NO_MAJORITY	0	1.0
33400	وجنه في خد برتكاني كوه في ضلف الغياب الله ادانا ابتسامتك كيه في هذا اليباب	war_corpus	violence_incitement	HATE	NEUTRAL	OFFENSIVE	3	NO_MAJORITY	0	1.0
33417	المقاومة الشعبية تصدر بيانا عن مجزرة ود النورة وتتوعد المليشيا المتمردة تابعنا علي تلغرام	war_corpus	neutral_news	OFFENSIVE	HATE	NEUTRAL	3	NO_MAJORITY	0	0.526
33438	اربعة شهور من الحرب في الشوارع. الاعتقالات. المتاريس. نار البمبان و الرصاص. و الكيزان ما مرتبين امورهم و هسي مجقلبين... لانهم ما كانوا بتصورا انو اليوم دي يجي و يحسو بعدم الامان و الشعب يلاحقهم!	old_twitter	hate_political	OFFENSIVE	HATE	NEUTRAL	3	NO_MAJORITY	0	1.0
33444	#تسقط_بس مايحدث الان من ثورة لكل العاملين علي نقابات الكيزان وتطهيرها منهم وتحرك الشرفاء في كل اجهزة ومؤسسات الدولة لفضح الفساد والمفسدين وتداعي وتسابق الولايات لساحة الاعتصام هو بوادر النصر الحقيقي للثوار والثورة	old_twitter	revolution_terms	OFFENSIVE	HATE	NEUTRAL	3	NO_MAJORITY	0	1.0
33446	عبدالفاتح البرهان رئيسنا، الثورة نجحت..	old_twitter	revolution_terms	OFFENSIVE	HATE	NEUTRAL	3	NO_MAJORITY	0	1.0
33452	موكب ضخم تحت شعار امبدة بدون كيزان لثوار جمهورية امبدة يتوجه الان الي محلية ا موكب ضخم تحت شعار امبدة بدون كيزان لثوار جمهورية امبدة يتوجه الان الي محلية امبدة لتنظيفها من كيزان المحلية من الغفير للمعتمد ولاه_الثوره_المدنيين استكمال_هياكل_السلطه	war_corpus	hate_political	OFFENSIVE	HATE	NEUTRAL	3	NO_MAJORITY	0	1.0
33462	هاك يا حليم النكرة الرد جاك من الميدان ومن اخوان الشهيد واترفعت صورة الشهبد في مخزن زخيرة غنيمة من العدو ودا الكلام اللي كان بعجب الشهيد ميادين المعارك وليس مسارح الحفلات والفنانين المايعين واشباه الرجال	war_corpus	violence_reporting	NEUTRAL	HATE	OFFENSIVE	3	NO_MAJORITY	0	1.0
33464	تظاهروا ليلا فطار النوم من أعين الظلمة.. وماجت الظهيرة بهتافات النضال، فاهتزت أركان دولتهم العميقة والآن الضحى سيحكي قصة سقوط ركن بـ #موكب4فبراير وسيأتي الفجر ليفجّر مع خيوط الشمس فجر الحرية لتتماسك الأيادي وتتعانق الأفئدة من أجل وطن سلبه الكيزان مكانه وأمانه #مدن_السودان_تنتفض	old_twitter	violence_reporting	OFFENSIVE	HATE	NEUTRAL	3	NO_MAJORITY	0	1.0
33470	المحطة الوسطى الخرطوم بحري موكب13يناير سقطت سقطت يا كيزان مدن_السودان_تنتفض السودان	war_corpus	hate_political	OFFENSIVE	HATE	NEUTRAL	3	NO_MAJORITY	0	1.0
33501	ولناتينكم بجنود لاقبل لكم بها ياملقيط ياهونات يامرتزقه شفشافه هاتكي الاعراض اكلي مال السحت والنهب والسلب قاتلكم الله جيش قوووووووقو مشتركه فووووووووق امن ياجن الله اكبر الله اكبر ولانامت اعين الجبناه امن ياجن نصر من الله وفتح قريب ان شاء الله تابع قناة القوات المسلحة السودانية	war_corpus	hate_political	OFFENSIVE	HATE	NEUTRAL	3	NO_MAJORITY	0	1.0
33529	زول عمرو سنة عايز يغترب بعيد عن كل الخطابات السياسية المنمقة دا الشعب و دا الشارع و دي الثورة و دا الشباب الاتولد و كبر في عهد الكيزان اولاد الحرام ليهم الحق في حياة كريمة.	old_twitter	hate_political	OFFENSIVE	HATE	NEUTRAL	3	NO_MAJORITY	0	1.0
33530	ما وردني من احد الاصدقاء اخته اسيرة المعتقل ليها ايام لحدي حسا وما دايرين يفكوهم! وبرضو ابونا وابو زميلنا (وضاح) الدكتور الفاتح عمر اللي اعتقلوهو من منزله عشان اعلن علاج الثوار مجانآ في مشفاه ومانعين حتى توصيل ادويته ليهو رغمه وضعه الصحي الحرج وإصابته بالسرطان!!	old_twitter	dehumanizing	OFFENSIVE	HATE	NEUTRAL	3	NO_MAJORITY	0	1.0
33531	بوي يو ار تورننغ انتو درامتك بيتش اون تويتس	old_twitter	violence_incitement	HATE	OFFENSIVE	NEUTRAL	3	NO_MAJORITY	0	1.0
33536	سوق دقلو سوق النعام ؛ الذي تستخدمه المليشيا الارهابية المتمردة لتهريب المسروقات تم البل بنجاح	war_corpus	hate_political	OFFENSIVE	HATE	NEUTRAL	3	NO_MAJORITY	0	1.0
33539	تصاعد كثيف لاعمدة الدخان من محيط احياء بري وامتداد ناصر شرق الخرطوم مناطق بها بعض جيوب مرتزقة مليشيات الدعم السريع الارهابية	war_corpus	hate_political	OFFENSIVE	HATE	NEUTRAL	3	NO_MAJORITY	0	1.0
33565	المشكلة يا استاذ نائل عدم معرفتك بواقع الاشخاص وتقديمهم المصالح الشخصية على اي قضية	war_corpus	violence_incitement	HATE	NEUTRAL	OFFENSIVE	3	NO_MAJORITY	0	1.0
33586	ثورة ابي ذر الغفاري هذا هو اسم الثورة السودانيه قام بها الشعب السوداني وحده وذاق مراراتها وحده ونقلناها اعلاميا للعالم وحدنا بكاميرات هواتفنا وسنفرح بنجاحها وحدنا ماذا سيكون رأي إعلام العرب بعد نجاحها #تسقط_بس #اعتصام_القيادة_العامة #مدن_السودان_تنتفض #موكب7ابريل #موكب8ابريل	old_twitter	profanity	OFFENSIVE	HATE	NEUTRAL	3	NO_MAJORITY	0	1.0
33618	بدات تحركات الاحرار الشرفاء بالخارج من كل الكيانات للترتيب لتحركات نضالية بالخارج تواصل مع الحكومة البريطانية والمنظمات المختلفة تظاهرة مساء اليوم امام ١٠ داونينق استريت لندن،،، والسبت القادم امام محكمة الجنايات الدولية لاهاي يتبع الامارات_تبيد_شعب_السودان ابوبكر شبو تابع قناة المراسل السوداني علي الواتساب whatsapp com channel 0029VbAeJWtElagyZ8UbnC0E تابعنا في التلغرام	war_corpus	neutral_news	OFFENSIVE	HATE	NEUTRAL	3	NO_MAJORITY	0	0.642
33622	عااااااجل الان الان الان الجيش يسطر علي داخلية علي عبد الفتاح للبنات القريبه من الاذاعة وبهذا يكتمل تماما تطويق الاذاعه من كل الاتجاهات وتم قطع كامل الامداد عن الاذاعه من مياه وكهرباء ومواد تموينيه الله اكبر	war_corpus	hate_tribal	OFFENSIVE	HATE	NEUTRAL	3	NO_MAJORITY	0	1.0
33629	مقتطفات من خطاب الفريق اول عبد الفتاح البرهان معركة_الكرامة الجيش_السوداني	war_corpus	hate_tribal	OFFENSIVE	NEUTRAL	HATE	3	NO_MAJORITY	0	1.0
33640	الذين يتسلقون على أكتاف الدين والتدين هم أكثر المتأسلمين فسادا وفي الغالب الأعم يروجون للتطرف إذ أنهم يريدون أن تكون الكلمة لهم والسلطة لهم ولا يرعون ألن ولا ذمة ولا دين فكان نتاج نفاقهم أن بات الوضع في السودان كما ترون #السودان_الوضع_الراهن #متحالفون_ضد_الإرهاب	old_twitter	random_no_keyword	NEUTRAL	HATE	OFFENSIVE	3	NO_MAJORITY	0	0.0
33654	بيان مهم اغلبيتنا اول مرة نسمع بالقصة دي استغفر الله وحسبي الله ونعم الوكيل #تسقط_بس مواكب شهداء الحركة الطلابية	old_twitter	violence_reporting	NEUTRAL	HATE	OFFENSIVE	3	NO_MAJORITY	0	1.0
33696	اي ولد يجي يقول ليك انا مازيهم وانا كويس اديهو كف كللللنا زي بعض خونه	old_twitter	random_no_keyword	NEUTRAL	HATE	OFFENSIVE	3	NO_MAJORITY	0	1.0
33702	بتحتاجهم يوم صدقني لما الجمل يقع هم البتصدوا للسكاكين	old_twitter	random_no_keyword	NEUTRAL	HATE	OFFENSIVE	3	NO_MAJORITY	0	0.0
33714	موسى عليه السلام وكز رجلا فقتله بالخطأ، وفرعون قتل الالاف عمدا ثم يقول فرعون لموسى (وفعلت فعلتك التي فعلت..) الإستغفال وقلب الحقائق هو اعلام المجرمين على مر التاريخ والعصور #تسقط_بس	old_twitter	humanitarian	NEUTRAL	HATE	OFFENSIVE	3	NO_MAJORITY	0	1.0
33727	الدعامة يسرقوا عربيتك تمشي تبلغ فيهم عند دعامة تانيين يشيلوا بياناتك ويرجعوا ليك عربيتك مطينة يجوا دعامة تالتين يشيلوا بياناتك من الدعامة التانيين ويسرقوا عربيتك تاني الانت غسلتها من الطين ويطينوها راجعة وهكذا ياانت مت ياالدعامة ماتوا ياالعربية ماتت ياتتوكل تشوف بصات شارع الستين لانو دي شغلة فارغة ساره حسبو	war_corpus	neutral_news	HATE	NEUTRAL	OFFENSIVE	3	NO_MAJORITY	0	0.942
33739	الاقوان الجات دي في حارس بتجي ، نوير ما بتحمل المسؤولية	old_twitter	random_no_keyword	NEUTRAL	HATE	OFFENSIVE	3	NO_MAJORITY	0	0.0
33795	بابنوسة جغم شين بسبوسة مهرية اصابة المتمرد حسين صالح والمتمرد محمد سليمان حسيبة المجموعة 18 كما تم هلاك كل من المتمرد عبدالمجيد الصديق صغيرون و ميرغني الصديق صغيرون و هلاك عدد كبير من المجموعه الى جهنم وبئس المصير زايلي ونعيمكي زايل كملت الملاقيط	war_corpus	threats	OFFENSIVE	HATE	NEUTRAL	3	NO_MAJORITY	0	1.0
33812	مصيرها تسقط بس شكلها بعد موت نص الشباب السوداني	old_twitter	threats	NEUTRAL	HATE	OFFENSIVE	3	NO_MAJORITY	0	0.0
33825	القوات المسلحة الفرقة الرابعة مشاة بالدمازين تحرر محطات حدودية من متمردي الحركة الشعبية بالنيل الازرق الجمعة ٨ سبتمبر ٢٠٢٣م عيد_الجيش٦٩ كرامة_الجيش_كرامة_شعب معركة_الحسم الجيش_صاحي انهاء_التمرد جيش_واحد_شعب_واحد ده_جيش_بتداوس؟ السودان السودان_اليوم بحري الخرطوم امدرمان الجيش_السوداني القوات_المسلحة الجيش جيشنا جياشة sudanese sudan khartoum SudanNews FYP sd sud sudan sudan_war khartoum_war KeepEyesOnSudan Conflict_in_Sudan diplomats	war_corpus	violence_reporting	OFFENSIVE	HATE	NEUTRAL	3	NO_MAJORITY	0	1.0
33836	الهارب خالد عجوبة يتوعد بمسح الشمالية	war_corpus	threats	OFFENSIVE	HATE	NEUTRAL	3	NO_MAJORITY	0	1.0
33876	محمد حمدان دقلو حميرتي نحن لسنا ضد التغيير او ضد المدنية زول يقول مدنية تحذير الفيديو يحتوي على محتوى صادم قد لا يناسب الكل	war_corpus	dehumanizing	HATE	OFFENSIVE	NEUTRAL	3	NO_MAJORITY	0	0.614
33884	المابتفرق معاو ما يفرق معاك واي زول ياخد على حسب حجمو والبستاهلو	old_twitter	random_no_keyword	NEUTRAL	HATE	OFFENSIVE	3	NO_MAJORITY	0	1.0
33892	يااخ انا م فلولي ي ولضمي انا مواطن ساااي	war_corpus	hate_political	HATE	NEUTRAL	OFFENSIVE	3	NO_MAJORITY	0	0.936
33942	بدون شوفتك الحياه ماعندها طعم	old_twitter	violence_incitement	HATE	NEUTRAL	OFFENSIVE	3	NO_MAJORITY	0	1.0
33948	لنقل مقاليد الحكم لسلطة انتقالية مدنية، وهو الطريق الذي مهرته الدماء الزكية التي لن يفر سافكوها بغير عقاب	war_corpus	threats	OFFENSIVE	HATE	NEUTRAL	3	NO_MAJORITY	0	1.0
33960	انباء عن قتال بين الحركة الشعبية الحلو ومليشيات الدعم السريع بعد فزع لاسترجاع ابقار تخص قيادي بمليشيات الدعم السريع كتب الله الهلاك والخسارة للطرفين وبعد ذلك وصلت الفرقة 10 ابو جبيهه وتمت الناقصة تابع قناة القوات المسلحة السودانية	war_corpus	profanity	OFFENSIVE	HATE	NEUTRAL	3	NO_MAJORITY	0	1.0
33988	حسب آراء المحللين ابو جنيهين الحاصلة دي تقريباً اخر خبر حيسعد الشعب السوداني الثوري انو تم اغتيال حميدتي وبعديها حنموت كلنا الباقيين	old_twitter	violence_reporting	OFFENSIVE	HATE	NEUTRAL	3	NO_MAJORITY	0	1.0
33990	الشوارع والمؤسسات يجب ان تغيير اسماؤها باسم شهداء الوطن يجب ازاله كل اسماء قتلي الجيش فورآ وعلي الجيش والشرطه التحلي بالقوميه والمهنيه قبل التفكير في تسميه الشوارع والمؤسسات العامه باسماء قتلاه #تسقط_بس #السودان #حنبينهو	old_twitter	revolution_terms	NEUTRAL	HATE	OFFENSIVE	3	NO_MAJORITY	0	1.0
33991	مافي حل الا #اعتصام_القياده_العامه ولن نقبل باي مسرحية كيزانية #مدن_السودان_تنتفض #تسقط_بس	old_twitter	hate_political	OFFENSIVE	HATE	NEUTRAL	3	NO_MAJORITY	0	1.0
33994	في مسلم وكافر في الدنيا دي	war_corpus	religious_sectarian	OFFENSIVE	HATE	NEUTRAL	3	NO_MAJORITY	0	1.0
34024	الناس دي عايز سبب بس عشان تقلع	old_twitter	random_no_keyword	NEUTRAL	HATE	OFFENSIVE	3	NO_MAJORITY	0	1.0
34046	لمن تكون بتحبها وبتغير عليها بس انت دنقلاوي	war_corpus	hate_tribal	NEUTRAL	HATE	OFFENSIVE	3	NO_MAJORITY	0	0.0
34048	كما يتسم تعامل الأجهزة العدلية مع هذه القضية حتى الآن ووضعها في المسار القانوني بالتباطؤ وغياب الحسم اللازم، وسط مخاوف من تكرار محاولات تهريبهم من قسم الشرطة وإفلاتهم من العقاب. إننا إذ نحمل المسؤولية كاملة لحكومة الولاية وأجهزتها النظامية، نؤكد أن لا مجال لعودة الحزب المحلول،	old_twitter	threats	OFFENSIVE	HATE	NEUTRAL	3	NO_MAJORITY	0	1.0
34069	انباء عن ضرب الطيران الحربي لاكثر من 10 عربات كبيره محمله بالمرتزقه غرب جبرة الشيخ كانوا في طريقهم لامدرمان	war_corpus	hate_political	OFFENSIVE	HATE	NEUTRAL	3	NO_MAJORITY	0	1.0
34071	بتتشافي طويله طويله تسقط بس	old_twitter	revolution_terms	NEUTRAL	HATE	OFFENSIVE	3	NO_MAJORITY	0	1.0
34084	اهالي مايو والازهري يهاجمون ارتكازات المليشيا في جنوب الخرطوم مرددين انهم خدعوا ابناءهم وتسببوا بموتهم وهربوا وتركوهم في المدرعات	war_corpus	violence_reporting	NEUTRAL	HATE	OFFENSIVE	3	NO_MAJORITY	0	1.0
34099	في غزوة تبوك قال سيد الخلق عليه الصلاة والسلام ان في المدينة اناسا سبقت سهامهم سهامكم قالوا كيف يا رسول الله ؟ قال بدعائهم فلا تنسوا اخوانكم المجاهدين من الدعاء اللهم انصر قواتنا المسلحة فتك ومتك الطق طق نضيييييف امن ياجن	war_corpus	humanitarian	OFFENSIVE	HATE	NEUTRAL	3	NO_MAJORITY	0	0.615
34104	لا تتراجع حتى اسقاط طغمة المجلس العسكري الانقلابي وانتزاع السلطة للقوى الثورية الحية لاستكمال مهام ثورة شعبنا المجيدة اعلام التجمع ١٢ نوفمبر ٢٠٢١م مليوينة13نوفمبر ما_بتحكمونا لاتفاوض_لاشراكة_لاشرعية	war_corpus	dehumanizing	OFFENSIVE	HATE	NEUTRAL	3	NO_MAJORITY	0	0.642
34125	في ناس م حتلاقي تفسير ل تصرفاتهم غير الاية دي في قلوبهم مرض فزادهم الله مرضا	war_corpus	dehumanizing	NEUTRAL	HATE	OFFENSIVE	3	NO_MAJORITY	0	0.0
34130	حذرنا من قبل و نكرر التحذير،تماسك الجماهير و تأمين الإعتصام يجب ألا يتوقف اليقظة مطلوبة و دعم قوات الشعب المسلحة و عدم التنازل أبدا عن مطالب الثورة،لسنا في مواجهة نظام ديكتاتوري نحن أمام مافيا مسلحة تتخذ العمالة منهج لبقائها. #موكب6ابريل #تسقط_بس #مدن_السودن_تنتفض	old_twitter	hate_political	OFFENSIVE	HATE	NEUTRAL	3	NO_MAJORITY	0	1.0
34142	برعاية رئيس السيادي القائد العام تدشين مبادرة رمضان يجمعنا للحقيبة الرمضانية لدور ايواء النازحين ودور الخلاوى ١٣ مارس ٢٠٢٤م الاسناد_المجتمعي السودان القوات_المسلحة_السودانية المقاومة_الشعبية تحت قيادة القوات المسلحة نحن في الشدة باس يتجلى معركة_الكرامة مليشيا_حميدتي_منظمة_ارها_بية جيش_واحد_شعب_واحد sudan SudanNews Conflict_in_Sudan sudan_war	war_corpus	humanitarian	OFFENSIVE	HATE	NEUTRAL	3	NO_MAJORITY	0	0.642
34167	تكون بتتشهد ومتوقع انك في اي لحظه تموت حكومة الموت؟تسقط بس حسبي الله وكفى #اعتصام_القيادة_العامة #السودان_التصعيد_الثوري	old_twitter	violence_reporting	NEUTRAL	HATE	OFFENSIVE	3	NO_MAJORITY	0	0.0
34171	حكومة ملامحها يا فيها يا نطفيها #تسقط_بس #اعتصام_القياده_العامه	old_twitter	revolution_terms	NEUTRAL	HATE	OFFENSIVE	3	NO_MAJORITY	0	1.0
34186	يا مان طالما عندنا الاراده مافي مخلوق بقدر علينا ، ابدا مافي بشر يقدر يهزمك، تسقط بس وتسقط قوي الحريه والتغيير المنبطحين.. #مدنية_خيار_الشعب #اعتصام_القياده_العامه	old_twitter	revolution_terms	OFFENSIVE	HATE	NEUTRAL	3	NO_MAJORITY	0	1.0
34191	كدا انت بقيت زي الجابو زيتو من ظلو داك الثوره ثوره وعي واسقاط نظام ّم حاجه تانيه #تسقط_بس	old_twitter	revolution_terms	NEUTRAL	HATE	OFFENSIVE	3	NO_MAJORITY	0	1.0
34205	الجزيرة المنطة X متك وفتك مباشر	war_corpus	violence_incitement	HATE	NEUTRAL	OFFENSIVE	3	NO_MAJORITY	0	1.0
34223	في ارتكاز الدعم السريع في امدرمان في دعامي احيانا بقطع الطريق و بشيل من اي راكب ٥ الف كدا عنجهية لو اديتو مبلغ اقل بشرطو قدامك و بقول ليك جيب ٥ الف توثيق_انتهاكات_الدعم_السريع	war_corpus	violence_reporting	HATE	NEUTRAL	OFFENSIVE	3	NO_MAJORITY	0	0.911
34278	عليك الله شيلو فكرة انو الجيش دا يدعم الشعب او الثورة الجيش بدأ في الاستعراض والبروبغندا من الان استعداداً ليوم ، هسة أكتر من تاتشر جاية من بحري متجهة علي ام درمان دا حال جيش بدعم #موكب4إبريل #موكب6ابريل #مدن_السودان_تنتفض	old_twitter	profanity	OFFENSIVE	HATE	NEUTRAL	3	NO_MAJORITY	0	1.0
34279	وصول كبير المهمشين بروف وليد مادبو الى نيروبي وانضمامه الي اعلان الجنجويد والقحاحيط السياسي ابن وزير الدفاع في حكومة 56 وحفيد مدير مديرية الخرطوم في العام 56 البك مكي عبدو والذي يطل منزله علي شارع المطار مقابل نادي التنس ويقع منزل والده الفريق مادبو في شارع الجزار بالرياض	war_corpus	hate_tribal	OFFENSIVE	HATE	NEUTRAL	3	NO_MAJORITY	0	0.695
34299	جرائم الحرب والمجازر البشعة التي ترتكب في الفاشر وفي انحاء السودان تكشف عن عداء رهيب للانسانية، وحقد شيطاني اسود على البشرية، لن يفلت هؤلاء المجرمون ومن يدعمهم من العقاب، وان اخذتهم سكرة الاجرام وغفلة ذوي الباس عنهم، فالله لا يغفل وقد توعد الظالمين بعقابه في الدنيا والاخرة احمد_منصور	war_corpus	threats	OFFENSIVE	HATE	NEUTRAL	3	NO_MAJORITY	0	1.0
34304	اكزاكلتي.. لو عاش قرنق كان ممكن الجنوب ما ينفصل لأنو كما نعلم رأي الشعوب "هنا" من رأي سادتها وكونو جون قرنق كان بيتكلم عن الوحدة بجدّية تامة كان حيصعّب وصولهم لي زعماء المناطق واقناعهم بالإنفصال سواء ساي او بالمال بالمقابل الكيزان برضو ما اجتهدو.. وبعضهم اجتهد من اجل الانفصال	old_twitter	hate_political	OFFENSIVE	HATE	NEUTRAL	3	NO_MAJORITY	0	1.0
34307	الله ينتقم منكم يا اولاد الحرام هكذا يقصف المتمردون الاحياء السكنية عشوائيا تدريب المتعاونيين معهم داخل المناطق السكنية	war_corpus	hate_political	NEUTRAL	HATE	OFFENSIVE	3	NO_MAJORITY	0	1.0
34315	تونس يحكمها نظام اخواني بالتالي لن يلقوا القبض على البشير. #تسقط_بس	old_twitter	revolution_terms	NEUTRAL	HATE	OFFENSIVE	3	NO_MAJORITY	0	0.0
34325	حرية سلام مقشاشة النظافه خيار الشعب #تنضف_بس #تسقط_بس	old_twitter	revolution_terms	NEUTRAL	HATE	OFFENSIVE	3	NO_MAJORITY	0	0.723
34330	الحرب دخلت في منعطف التدخل الحدودي سوف تعمل الامارات بكل جد حتي تفتح جبهات قتال حدوديه الوقت ليس لمعارك سياسية ولا حتي شخصيه الوقت للوطن كونوا على استعداد خاصة المقاومة الشعبية المسلحة لا نعلم ما يحدث في قادم الايام	war_corpus	gender_hate	OFFENSIVE	HATE	NEUTRAL	3	NO_MAJORITY	0	1.0
34331	#موكب٦ابريل يا شعبا لهبك ثوريتك تلقى مرادك والفي نيتك تسقط بس الهتافات أمام القيادة العامة لقوات الشعب المسلحة سقطت سقطت يا كيزان سقطت سقطت على عثمان جيش واحد شعب واحد الجيش ظهر وين الكجر	old_twitter	hate_political	OFFENSIVE	HATE	NEUTRAL	3	NO_MAJORITY	0	1.0
34357	مليشيا الدعم ،السريع تحرق قاعة الصداقة عبدالرؤوف طه علي تابعونا على الرابط قناة التلغرام _ قناة الواتساب	war_corpus	hate_tribal	OFFENSIVE	HATE	NEUTRAL	3	NO_MAJORITY	0	1.0
34427	#ماهي_وظيفتك_في_قروبات_الواتساب اكتر زول مخستك ولمن يكون في موضوع جادي بحذفوني من القروب وبرجعوني بعد ينتهو	old_twitter	violence_incitement	HATE	NEUTRAL	OFFENSIVE	3	NO_MAJORITY	0	1.0
34435	حتى لو بيناتنا الف خلاف وحسيت نفسك محتاج لي اوعا تجيني بكفتك	war_corpus	violence_incitement	HATE	NEUTRAL	OFFENSIVE	3	NO_MAJORITY	0	1.0
34439	ما تنسو عبدالعظيم ما تنسو محجوب ما تنسو دم الشهداء ما تنسو فساد الكيزان م تنسو المعتقلين #موكب26مارس #تسقط_بس #موكب6ابريل المليونيه النصر بس	old_twitter	hate_tribal	OFFENSIVE	HATE	NEUTRAL	3	NO_MAJORITY	0	1.0
34458	المسيرية برضو عندهم جنيد ؟	war_corpus	hate_tribal	NEUTRAL	HATE	OFFENSIVE	3	NO_MAJORITY	0	0.0
34464	الى المتحدثين بإسم جيل اليوم,البتكلمو عن أجيال نكبة وذل الخ: في85الإنتفاضة"أنجزت"إزالة الدكتاتورية وشاعر الشعب قال:مارس ماسك كتف أبريل أعظم شعب وأعظم"جيل", الجيل ال #مليونية6ابريل تشير لارثه.خليكم من اللوم غير المُلِم ونركز في ترسيخ تراكم النضال من أجل التغيير #مدن_السودان_تنتفض	old_twitter	profanity	OFFENSIVE	HATE	NEUTRAL	3	NO_MAJORITY	0	1.0
34490	الانسان بناء الله فويل لمن هدمه	war_corpus	threats	NEUTRAL	HATE	OFFENSIVE	3	NO_MAJORITY	0	1.0
34524	خلي ودمرا يفتح خشمه دي النقعه والذخيرة توري وشها دي سياستهم	old_twitter	violence_incitement	NEUTRAL	HATE	OFFENSIVE	3	NO_MAJORITY	0	1.0
34542	ان كنت شجاعا فتقدم طوفان_الاقصى	war_corpus	random_no_keyword	NEUTRAL	HATE	OFFENSIVE	3	NO_MAJORITY	0	1.0
34565	ياخ انتي ليه م مجرده من الانسانيه ، اقول ليك ضاعت	old_twitter	random_no_keyword	NEUTRAL	HATE	OFFENSIVE	3	NO_MAJORITY	0	1.0
34608	مليشيا حميدتي كان عندهم اجتماع امس في الستين وجاتهم المسيرة ، دفقت القهوة وقتلت ثلاثة من قيادات الجنجا من ضمنهم امير منطقة اسمه حارن عبدالرحمن ضوينا ومن ضمن المصابين طبيب من ابناء المجلد اسمه محمد مزمل اليوم الاثنين التاريخ 18 12 2023 صدقا_في_الخبر السرعة_في_وصول_الخبر تابع_قناة_القوات_المسلحة السودانية تابعونا على رابط	war_corpus	hate_tribal	OFFENSIVE	HATE	NEUTRAL	3	NO_MAJORITY	0	1.0
34626	سنيين الهجر بيناتنا وحاجات تانية حامياني	old_twitter	violence_incitement	HATE	NEUTRAL	OFFENSIVE	3	NO_MAJORITY	0	1.0
34652	عثمان اهلك هاهنا باقون الظلم ظلمات وعند الظلمة جزء من نجاح يا موطن الاجداد كنت محلقا لكنهم فى خسة قد كسروا الجناح العدل يهزم جمعهم النصر رغم انوفهم فى الافق لاح الثورة البيضاء قادمة على جنح الظلام تدك عرش فى الصباح	old_twitter	revolution_terms	NEUTRAL	OFFENSIVE	HATE	3	NO_MAJORITY	0	0.0
34669	تم التعامل مع الوقود المهرب من دويلة المرتزقة تشاد	war_corpus	hate_political	OFFENSIVE	HATE	NEUTRAL	3	NO_MAJORITY	0	1.0
34675	من داخل معارك سنار نتحدى ابواق الفلول ومليشيا البرهان بالمواجهة في الميدان	war_corpus	hate_political	OFFENSIVE	HATE	NEUTRAL	3	NO_MAJORITY	0	1.0
34697	لدينا ارشيف وزاكره سمكيه سنعرضها لكم يا قحاته لن ننسي الحساب،ولد فرز كيمان كديل يا خونه يا نجوس	war_corpus	threats	NEUTRAL	HATE	OFFENSIVE	3	NO_MAJORITY	0	0.0
34702	الله اكبر مصير كل من يدخل الى السودان باذن الله بل_بس	war_corpus	threats	NEUTRAL	HATE	OFFENSIVE	3	NO_MAJORITY	0	0.0
34722	انتو توزعو الحاجات ونحن نمرق ساي يلا اي زول قاعد برة السودان محروم من الميراث	old_twitter	random_no_keyword	NEUTRAL	HATE	OFFENSIVE	3	NO_MAJORITY	0	1.0
34737	الناطق باسم المقاومة الشعبية عمار حسن عمار المليشيا المتمردة تشتبك مع بعضها البعض بغرب سنار ، وسط دعوات بعض قواتهم المنهارة بالانسحاب من محور غرب سنار	war_corpus	hate_political	OFFENSIVE	HATE	NEUTRAL	3	NO_MAJORITY	0	1.0
34758	حقو الإضرابات الجاية تكون عن التعامل مع كافة القطاعات الحكومية والشركات والجامعات المنتسبة او ليها علاقة بالكيزان بي اي صلة. و الإضرابات تكون يوم أحد (بداية الاسبوع). #إضراب5مارس #اضراب19مارس #تسقط_بس	old_twitter	hate_political	OFFENSIVE	HATE	NEUTRAL	3	NO_MAJORITY	0	1.0
34770	في كل ناحيةفي كوز وكباية	war_corpus	hate_political	OFFENSIVE	HATE	NEUTRAL	3	NO_MAJORITY	0	1.0
34773	زدني بفرط التجمهر موكبا فأحرق حشاي على الشوارع لستكا أذّن علي بموكبٍ.. فالوضع بات مخستكا... #تسقط_بس	old_twitter	violence_reporting	NEUTRAL	HATE	OFFENSIVE	3	NO_MAJORITY	0	1.0
34794	اقسم بالله لو جبتوها اسلاميه ما تحكمونا خلي تقولو علمانيه زول كان طامع يحكم السودان كامل في الاخر يشارك الحلو في علمانيتو	war_corpus	religious_sectarian	NEUTRAL	HATE	OFFENSIVE	3	NO_MAJORITY	0	1.0
34865	واخيرا الدفعه اتفقت بغض النظر عن بعض المتخاذلين #تسقط_بس	old_twitter	revolution_terms	NEUTRAL	HATE	OFFENSIVE	3	NO_MAJORITY	0	0.0
34888	وقبع في سجون النظام لفترة من الزمان قبل اطلاق سراحه في الشهور السابقة اننا نحمل المجلس العسكري الانقلابي المسؤولية كاملة عن اي احداث للعنف والقتل واراقة دماء السودانيين السلميين الابرياء تنتج عن مخططاته القذرة، فان كانت هذه المخططات تحاك وتدار بعلم وتنسيق مع المجلس العسكري	war_corpus	dehumanizing	OFFENSIVE	HATE	NEUTRAL	3	NO_MAJORITY	0	1.0
34897	شركة النيل الكبرى وسودابت وبترواترجى وبترونيد واساور وشركة مصفاة الخرطوم وشركة خطوط الأنابيب وغيرها تمثل أهم موارد الكيزان الماليه لن ينهص الاقتصاد ومواراد هذه الشركات تذهب الى غير خزينة بنك السودان #مدن_السودان_تنتفض	old_twitter	hate_political	OFFENSIVE	HATE	NEUTRAL	3	NO_MAJORITY	0	1.0
34924	ولاية غرب افريقية صور جانب من هجوم جنود الخلافة على موقع للجيش النيجيري المرتد في بلدة كوادا بمنطقة برنو	war_corpus	religious_sectarian	OFFENSIVE	HATE	NEUTRAL	3	NO_MAJORITY	0	0.772
34954	يخوانا دي شنو العنصريه دي انا لحدي اسي ماسمعت بالميكب ارتستس	old_twitter	random_no_keyword	NEUTRAL	OFFENSIVE	HATE	3	NO_MAJORITY	0	1.0
34962	معاي في الجامعة بس ما حصل شفتك يااخ بضحكني و زول طيييب شديد يااخ	old_twitter	violence_incitement	HATE	NEUTRAL	OFFENSIVE	3	NO_MAJORITY	0	1.0
34981	ياباش العلاقات الخارجية ملف مهم جدا لقوى الحرية والتغيير،بالرغم ان هذا الملف لم يجد حقه من الاهتمام،لكن ان تأتى متأخرا خيرا من ان لاتأتى. محاولة تنميط اى علاقة بين القوى السياسية والسفارات الاجنبية انها قائمة على العمالة والارتزاق هو تشويه غير حميد وغير راشد.	old_twitter	hate_political	HATE	NEUTRAL	OFFENSIVE	3	NO_MAJORITY	0	0.903
34985	وسخ وعفن كل الصفات السيئه فيهم	war_corpus	profanity	NEUTRAL	HATE	OFFENSIVE	3	NO_MAJORITY	0	1.0
34996	و اي زول دخل يدو في حرب دارفور دي هو بالضروره مجرم برضك و اولهم الامم المتحده و كنسيرن و العشرمية شركة بتاعت الادويه الداخلين دارفور على اساس انهم منظمات مجتمع مدني	old_twitter	humanitarian	NEUTRAL	HATE	OFFENSIVE	3	NO_MAJORITY	0	1.0
35003	ي ترا دي صدفه ولا مقصوده ي المجلس العسكري مجزرة29رمضان واليوم مجزرة الابيض29 يوليو يا ترا ماذا عن القادمه تبا لي #تسقط_بس #الدم_قصاد_الدم_لو_حتي_مدنيه	old_twitter	revolution_terms	NEUTRAL	HATE	OFFENSIVE	3	NO_MAJORITY	0	1.0
35061	يا والدة أعفيلي وعدي القطعتو معاك إنو الكلام ممنوع في شلة الحكام يا والدة دمي بفور لما البلد تغلي لما العساكر ديل الشوهو الإسلام جايبين تفاهاتم سجنونا باسم الدين حرقونا باسم الدين حقرونا باسم الدين #موكب14مارس #تسقط_بس	old_twitter	humanitarian	NEUTRAL	HATE	OFFENSIVE	3	NO_MAJORITY	0	1.0
35090	نخاطبكم اليوم وتفصلنا ايام قلائل عن معركة مفصلية في مسيرة ثورة ديسمبر المجيدة، معركة الشعب السوداني الحر ضد الانقلابات العسكرية وحفنة المساندين من فلول ومدنيين ونخب سياسية وحركات مسلحة ومليشيات ففي الثلاثين من يونيو ذكري راسخة، ذلك اليوم الذي شهد فية العالم عظمة شعب	war_corpus	hate_political	OFFENSIVE	HATE	NEUTRAL	3	NO_MAJORITY	0	1.0
35107	المهم بالنسبة لي الولاء لله والوطن لا قحاتة لا كيزان لا احزاب فكة كلو ما بهمني، دا مواطن ودا جيش ولاءنا ليو لا يباع ولا يشترى، ربنا يرفع البلاء ويعجل بنهاية الحرب والمليشيا الى زوال بحول الله وقوته	war_corpus	hate_political	OFFENSIVE	HATE	NEUTRAL	3	NO_MAJORITY	0	1.0
35115	ولاية غرب افريقية بتوفيق الله تعالى، هاجم جنود الخلافة حاجزا للجيش النيجيري المرتد، في بلدة غاجيرام بمنطقة برنو اول امس، واستهدفوهم بالاسلحة الرشاشة، ما ادى لفرارهم من المنطقة، ولله الحمد	war_corpus	violence_reporting	OFFENSIVE	HATE	NEUTRAL	3	NO_MAJORITY	0	1.0
35122	اساساً ، يسقطوا و يتحرقوا	old_twitter	violence_reporting	NEUTRAL	HATE	OFFENSIVE	3	NO_MAJORITY	0	1.0
35132	سيحرق كومة القش من كان جادا بالبحث عن الابرة	war_corpus	violence_reporting	NEUTRAL	HATE	OFFENSIVE	3	NO_MAJORITY	0	1.0
35144	الخمش المبارك رئيس العصابة والتمرد عبدالقادر الملقب اوكجي بواسطة تيم مختص من القوات الخاصة المتمرد اوكجي انضم للقوات التمرد وتم منحة رتبة رائد ومسؤول من الحارة 26	war_corpus	hate_tribal	OFFENSIVE	HATE	NEUTRAL	3	NO_MAJORITY	0	1.0
35147	كشعب ثار على حكم قمعي مفروض كلنا ندين ونستنكر ما حدث اليوم من بعض الهمجيين ضد قيادات المرتمر الشعبى مهما بلغ بيننا وبينهم الخلاف، لابد ان تسود دولة القانون... الفوضي لا تولد الا فوضي #اعتصام_القياده_العامة #لم_تسقط_بعد #تسقط_بس	old_twitter	dehumanizing	OFFENSIVE	HATE	NEUTRAL	3	NO_MAJORITY	0	1.0
35154	محاولات جهاز الأمن وكتائب الكيزان لإحداث الفوضى وبث الرعب وسط المواطنين بحملات ممنهجة تستهدف كل السودان لمنع الأستقرار	old_telegram	hate_political	OFFENSIVE	HATE	NEUTRAL	3	NO_MAJORITY	0	1.0
35184	النار ولعت بي قلبي بطفيها #تسقط_بس #موكب23مارس	old_twitter	revolution_terms	NEUTRAL	HATE	OFFENSIVE	3	NO_MAJORITY	0	1.0
35197	قروب واتساب بتاع الرؤساء هسي بكون جايط جدا! في شعوب حسب العارفه حاليا في الشارع! السودان زمبابوي فنزويلا #تسقط_بس	old_twitter	threats	NEUTRAL	HATE	OFFENSIVE	3	NO_MAJORITY	0	1.0
35216	حركة المقاومة الشعبية في فلسطين ان استفراد العدو بشعبنا وتواصل عمليات القتل والتنكيل بابناء شعبنا في غزة والضفة يستوجب تصعيد العمل المقاوم بكل اشكاله ضد الاهداف الصهيونية ، للجم العدوان ووقف حالة التغول على شعبنا	war_corpus	violence_reporting	OFFENSIVE	HATE	NEUTRAL	3	NO_MAJORITY	0	1.0
35237	يامان انت سبب هجرتك من الفيس لي تويتر شنو؟!! اها جنس دا بنقعد!!	old_twitter	violence_incitement	HATE	NEUTRAL	OFFENSIVE	3	NO_MAJORITY	0	1.0
35239	كشف المؤامرة وجلب المرتزقة الكولومبيين بواسطة الامارات ودعمها لمل_يشيا الدع__م الس ريع حتي الاعلام الخارجي اتناول قصة المرتزقة الكولومبيين والدعم والاسناد من الامارات	war_corpus	hate_political	OFFENSIVE	HATE	NEUTRAL	3	NO_MAJORITY	0	1.0
35246	الحل في البل #موكب6ابريل #تسقط_بس	old_twitter	revolution_terms	NEUTRAL	HATE	OFFENSIVE	3	NO_MAJORITY	0	1.0
35248	يا جمال النيل والخرطوم باليل ياراضعة من نيلين حضنوك من ازمان يا قبلة الزائرين يادرة السودان ضمخ شذى الياسمين والورد والريحان عشاق سمر باليل سحرم جمال النيل اجمل ليالي هنا لما القمر يظهر والونسة تبقي غنا والغنوة تتنقل وتفوت علي امدرمان وهناك تكون اجمل #موكب6ابريل #تسقط_بس	old_twitter	profanity	OFFENSIVE	HATE	NEUTRAL	3	NO_MAJORITY	0	1.0
35249	فاشر السلطان كما للشرق ملايين أعلنت ثورتها ترد عليهم الفاشر بمليونية و لسان الحال ما في حد احسن من حد وكلنا واطين ذات الجمرة كلنا حضور #موكب6ابريل #مدن_السودان_تنتفض	old_twitter	revolution_terms	NEUTRAL	HATE	OFFENSIVE	3	NO_MAJORITY	0	0.0
35253	ياخي مليون شخص ذكروا انو الاحزاب دي غير منضوية تحت لواء الثورة بل كانت لاخر رمق تقف مع نظام البشير ومازالت ما عايزين تدعموا الثورة لاجندة خاصة بيكم ما بهمنا بس ما تنقلوا اخبار مغلوطة وتشوهو الثورة #اعتصام_القيادة_العامة #لم_تسقط_بعد #مدن_السودان_تنتفض	old_twitter	revolution_terms	NEUTRAL	HATE	OFFENSIVE	3	NO_MAJORITY	0	1.0
35292	التحية لاهلي المسيرية داخل الجنينة ، الذين بداوا بترتيب وتنظيم صفوفهم بصورة عملية ، وجمعوا قوىهم وعزمهم لكسر قيد هيمنة دقلو واخوانه لقد استوعبوا الدرس جيدا ، واتخذوا خطوات عملية تؤكد وعيهم واصرارهم على حماية ارضهم وكرامتهم من الابتزاز المصباح ابوزيد	war_corpus	hate_tribal	OFFENSIVE	HATE	NEUTRAL	3	NO_MAJORITY	0	1.0
35348	خليهم يقولو زي مالناس يقولوا الأصبع لايغطي الشمس لكنة يحجب النور عن عينك عشان الفترة الحرجة دي لازم نقول المسكوت عنة ونعالج والا لكنا كيزان جدد	old_twitter	hate_political	OFFENSIVE	HATE	NEUTRAL	3	NO_MAJORITY	0	1.0
35354	هاك من دار جعل ربنا يمتعك بالصحة والعافية امنا المقاومة_الشعبية_صمام_الامان_في_حفظ_السودان التعبئة_العامة كلنا جيش هذه_الارض_لنا نصر_الله_قواتنا_المسلحة بل_بس	war_corpus	profanity	OFFENSIVE	HATE	NEUTRAL	3	NO_MAJORITY	0	1.0
35357	جديد اصدارات_هدم_الاسوار الاصدار_المرئي ولو كره الكافرون شوال لعام 1442 ه انتاج_الانصار	war_corpus	religious_sectarian	OFFENSIVE	NEUTRAL	HATE	3	NO_MAJORITY	0	1.0
35358	لا يضيق صدر البعض بما يقوله اعلام المليشيا والاعلام المناوئ لها فان كان كمينهم المزعوم قد نجح حتى ولو في اضغاث احلامهم واحدث من الخسائر التي قد اعلنوها وهذا كذب فنحن قد نجحنا بابادة ودحر اكبر مليشيا في التاريخ الحديث فبعد ان كان جنودهم على مدى البصر الان قد اصبحوا	war_corpus	violence_reporting	NEUTRAL	HATE	OFFENSIVE	3	NO_MAJORITY	0	0.823
35377	تسقط القنوات السودانية الكيزان لسه موجودين بمارسو في نفس الأساليب القديمة ومراهنين علي طول البال يسقط الإنتظار المطالب المطالب القصاص القصاص #الثورة_مستمرة #لم_تسقط_بعد #اعتصام_القياده_االعامه	old_twitter	hate_political	OFFENSIVE	HATE	NEUTRAL	3	NO_MAJORITY	0	1.0
35382	كل تصرفات المجلس الانقلابي تدل على أن من يدعمهم من حكام السعودية و الإمارات و مصر بمخابراتها يجهلون تماماً قراءة الواقع السياسي الاجتماعي السوداني، إعطاء الضوء الأخضر لتنفيذ مجزرة القيادة تدل بالاضافة إلى دمويتهم بالطبع على غبائهم و جهلهم..	old_twitter	hate_political	NEUTRAL	HATE	OFFENSIVE	3	NO_MAJORITY	0	1.0
35397	بس الله يستر من الحرب الاهلية ي كيزان ي وهم	war_corpus	hate_political	OFFENSIVE	HATE	NEUTRAL	3	NO_MAJORITY	0	1.0
35426	والله مرات بجيني تفكير كده في ناس م نستاهل نموت ونضحي عشانهم	war_corpus	violence_reporting	NEUTRAL	HATE	OFFENSIVE	3	NO_MAJORITY	0	1.0
35427	المقاومة الشعبية المسلحة في جنوب كردفان تكسح التمرد وتجمع الحركة الشعبية والجيش التحية للقائد عبد العزيز الحلو	war_corpus	dehumanizing	OFFENSIVE	HATE	NEUTRAL	3	NO_MAJORITY	0	1.0
35433	جماهير الشعب السوداني ترفض وتقاوم الانقلاب العسكري جانب من الوقفة الاحتجاجية للعاملين بحقل كنار للبترول رفضا للانقلاب العسكري وتنفيذ العصيان_المدني_الشامل 27 اكتوبر 2021 انتهاكات_ومجازر_الانقلابيين مليونية30اكتوبر	war_corpus	hate_political	OFFENSIVE	HATE	NEUTRAL	3	NO_MAJORITY	0	1.0
35478	عاجل قوات الدعم السريع الجيش هاجم مباني سك العملة بالخرطوم ونحمل قادته مسؤولية هذا السلوك العدواني دا شنو دا و انت المقعدك هناك شنو يا حرامي سك العملة دا بيت حبوبتك؟	war_corpus	neutral_news	NEUTRAL	HATE	OFFENSIVE	3	NO_MAJORITY	0	1.0
35489	انتوا اتفاوضوا و نحنا بنصعّد	old_twitter	humanitarian	NEUTRAL	HATE	OFFENSIVE	3	NO_MAJORITY	0	1.0
35495	الابطال يسجلون التاريخ في تظاهرة الان من امام سفارة دويلة الشر الامارات بمدينة لندن لا تقف ارفع صوتك شرفاء الخارج	war_corpus	dehumanizing	OFFENSIVE	HATE	NEUTRAL	3	NO_MAJORITY	0	1.0
35524	صراحة مواكب #مليونيه30يونيو اكبر بكتير من موكب السادس من ابريل وفيو رسالة واضحة للمجلس الانقلابي، انت تسقط وبس.. وكتير من الهتافات الموضوعية والبتحمل رسائل لاعضاء من المجلس بعينهم كحميدتي والكباشي وبرهان.. وطبعا ياسر العطا اخد نصيبو عموما الجميع مجمع بانو الدم قصادو الدم	old_twitter	hate_political	NEUTRAL	HATE	OFFENSIVE	3	NO_MAJORITY	0	0.0
35529	المحروم كان طيب دعامي جنوبي نائم في امان فجاءة العمل الخاص كبس وخمشو من شلاليفو	war_corpus	hate_tribal	HATE	NEUTRAL	OFFENSIVE	3	NO_MAJORITY	0	0.517
35530	الحريه ليك ياشريف ربنا ينصرك علي الاعداء تسقط بس	old_twitter	revolution_terms	NEUTRAL	HATE	OFFENSIVE	3	NO_MAJORITY	0	1.0
35544	لا طلع في طلب عالي على شوفتك مزنوقة	old_twitter	violence_incitement	HATE	NEUTRAL	OFFENSIVE	3	NO_MAJORITY	0	1.0
35550	انباء ان المعارك زادت حدتها و متواصلة الى الان و تتقدم قوات المشاة الصف تلو الصف باسناد كبير جدا من القوات الجوية حتى توشحت السماء بالون الاحمر اللهم انصر قواتنا المسلحة نصر عزيز مقتدر وامددهم بافواج من الملائكة مردفين والق الرعب في قلوب اعدائهم و اكسر شوكتهم	war_corpus	violence_reporting	OFFENSIVE	HATE	NEUTRAL	3	NO_MAJORITY	0	1.0
35558	وكانت من أهم الأحداث حفل توديع الصف الثالث الذي يهتم به الصفين الأول والثاني #ما_ضيعه_الكيزان	old_twitter	hate_political	OFFENSIVE	HATE	NEUTRAL	3	NO_MAJORITY	0	1.0
35563	أي مشكلة في حياتي افتكرتا نفسي اتخطيتها بتجي تعمل لي سربرايز الفترة دي عشان تثبت وجودها وتوريني انها لسه مرزوعة	old_twitter	violence_incitement	HATE	OFFENSIVE	NEUTRAL	3	NO_MAJORITY	0	1.0
35603	اسلوب الهجانه في الهجوم هو الانسب لانهاء التمرد المقاومة_الشعبية نصر_من_الله_وفتح_قريب نصرة_الجيش_السوداني	war_corpus	hate_political	OFFENSIVE	HATE	NEUTRAL	3	NO_MAJORITY	0	1.0
35609	كل سنة وانا طيبهوالناس البتقول لى السنه جايه عاقلهامين ياربم انتو مستحيليارب السنه الجايه عندي عربيه ملكي انا اعمل بيه ميه حادثاحرق بيها الف زول قصدي الكيزان هي ووولف ترليون اندومي يوووخ حبيت اعيد عليكم كل عام وانتم بخير احلاام محققه ي ربربي ارزقنا زياره بيتكيارب ويالله	old_telegram	hate_political	HATE	OFFENSIVE	NEUTRAL	3	NO_MAJORITY	0	0.936
35615	من النوبة سلام مرتزقة جياد بلو راسكم	war_corpus	hate_political	NEUTRAL	HATE	OFFENSIVE	3	NO_MAJORITY	0	0.576
35643	الغربة عقد مقارنة بين وطن سىء تحبه وبين مهجر جيد تريده فى وطنك، فلا المهجر سيأتى الى الوطن ولا الوطن سيكون على مستوى المهجر #بعض_هذا_القرنفل	old_twitter	violence_incitement	HATE	NEUTRAL	OFFENSIVE	3	NO_MAJORITY	0	1.0
35676	#تسقط_بس #اعتصام_القياد_العامه لا لا ياخ	old_twitter	revolution_terms	NEUTRAL	HATE	OFFENSIVE	3	NO_MAJORITY	0	1.0
35687	هنالك في هذه اللحظة ريدنيك في الولايات الجنوبية في امريكا يتحسر على خسارة روبرت لي ويلعن اليانكيز الوسخين على تدميرهم للصدارة الامريكية!	old_twitter	violence_reporting	NEUTRAL	HATE	OFFENSIVE	3	NO_MAJORITY	0	1.0
35708	لحظة تاريخية ان شئنا او ابينا من هذا لحظة اتاكدت تماما هذا نهاية كيزان و سيسقطون بدون رجعة و هذا الثورة منتصر منتصر تحيه لجميع الثوار و تحيه خاسة خاسة لثوار عطبر الذين حرقو وكر الكيزان و زرعو الثقة في نفوس باقي الثوار ثورة_مستمرة_حتي_تحقيق_جميع_اهداف_الثورة	war_corpus	hate_political	OFFENSIVE	HATE	NEUTRAL	3	NO_MAJORITY	0	1.0
35714	اعمل حسابك ما تكفر الناس يا مسلم كلنا مسلمين بس بنحترم باقي الاديام ما تخلي فهمك ضيق كبر الجي وروق الدي	war_corpus	threats	NEUTRAL	HATE	OFFENSIVE	3	NO_MAJORITY	0	0.0
35718	كل شي شايفنو قدامنا بس برضو مشتاقين ده م تناقض بس ديل اسمهم الناس المستحيل نشبع منهم ولو علينا م نفارقهم ابدا م يختفو من نظرنا ابدا وم ينشغلو عننا ابدا مرات وانحنا جمبهم بنقضيها سكات وسرحان فيهم تعاين لي حركاتهم وضحكاتهم ابتسامتهم البتكسر	old_telegram	profanity	OFFENSIVE	NEUTRAL	HATE	3	NO_MAJORITY	0	1.0
35721	جايطة لمن عوارة، يسقط بس برهان ولا غيرو	old_twitter	random_no_keyword	NEUTRAL	HATE	OFFENSIVE	3	NO_MAJORITY	0	1.0
35723	يـارب تنصرهم #موكب6ابريل #_مليونية_٦أبريل #تسقط_بس	old_twitter	revolution_terms	NEUTRAL	HATE	OFFENSIVE	3	NO_MAJORITY	0	1.0
35738	فادمنو هذا الشيء و اصبحو يغتصبون ضيوفهم من الرجال ابشع اغتصاب وكل من اتى لهذه القرية يتم اغتصابه لانهم ادمنوه و انتهى الامر فاصبحو يخافون ان يقتربو من هذه القرية و ساءت سمعتهم	war_corpus	violence_reporting	NEUTRAL	HATE	OFFENSIVE	3	NO_MAJORITY	0	0.0
35766	عبيد ختم ستوب الخيمة ، جبت منهم وحدة شديدة عديل معاها سدادات اذن منها و فيها. حاجاتهم ممتازة	old_twitter	hate_tribal	OFFENSIVE	NEUTRAL	HATE	3	NO_MAJORITY	0	0.695
35770	هذا الصباح نحو فك حصار الفاشر بالعدة الجديدة صباح النصر لابطال المشتركه و قوات شعب المسلحه و مقاومه شعبيه ارت ارت دقو جوه كف نف باذن الله صباح الزحف لدك معاقل امكعوك مورااال فوق خمش الملاقيط تابعونا على الرابط قناة التلغرام _ قناة الواتساب	war_corpus	violence_reporting	OFFENSIVE	HATE	NEUTRAL	3	NO_MAJORITY	0	1.0
35771	فالمرة الجاية البنسمع فيها نغمة "الحكومة المدنية بتواجه صعوبات إقتصادية ضخمة, لازم كلنا ننعصر زيادة عشان نتخطاها" مفروض طوالي ننتفض ونسألهم من الإصلاحات السياسية الفوق دي! نحن سنة زيتنا طالع لحساب العسكر، نتعصر نحن ليه؟ يتعصروا هم بس! ولا نحن بالجد اتغشينا وبرضو زيتنا الحيطلع؟	old_twitter	revolution_terms	NEUTRAL	HATE	OFFENSIVE	3	NO_MAJORITY	0	1.0
35813	مليشيا التمرد تواصل قصفها لمدينة الابيض حاضرة ولاية شمال كردفان لليوم الرابع علي التوالي اليوم الاحد جددت العصابات قصفها للمدينة وسقوط عشرات الضحايا بين شهيد وجريح الصحفي عبد الماجد عبد الحميد تابعونا على الرابط قناة التلغرام _ قناة الواتساب	war_corpus	hate_tribal	OFFENSIVE	HATE	NEUTRAL	3	NO_MAJORITY	0	1.0
35819	ثالثا محاولة الصاق تهم الانقلابات بقوى اعلان الحرية والتغيير هي محاولة لتغطية قرص الشمس باصبع فقوى اعلان الحرية والتغيير ظلت متمسكة بسلمية الثورة وبوسائل عملها الجماهيرية بالاستناد الى قوة الشعب السوداني وحشوده على مدى ستة اشهر من الثورة نناضل_لا_نساوم	war_corpus	dehumanizing	OFFENSIVE	HATE	NEUTRAL	3	NO_MAJORITY	0	1.0
35827	انتهاكات الدعم السريع ده اخونا بكري صلاح الدعامه عزبوا وخلوا يحول 12 مليار من من حسابو ضغطو على اهلو حولو برضو شوف عمايل الناس ديل شوفو يا المدافعين عن الدعامة الله المستعان حسبنا الله ونعم الوكيل لا تحسبن الله غافلا عما يعمل الظالمون	war_corpus	hate_political	NEUTRAL	HATE	OFFENSIVE	3	NO_MAJORITY	0	1.0
35829	ابطال معسكر حطاب في غنجة مفاجئة لمليشيات الدعم السريع هجمو محطة 24 بشرق النيل الحاج يوسف وجغمو 40 دعامي وتم استلام 2 عربة قتالية دوشكا وثنائي احتسبنا شهيد واحد تقبله الله في اعلى الجنان كلهم عبارة شماسة قطاعين طرق نهابين خاصة بمنطقة العزبة	war_corpus	profanity	OFFENSIVE	HATE	NEUTRAL	3	NO_MAJORITY	0	1.0
35837	لازم بعد نسقط الكيزان نواصل تظاهر ضد العسكر..يسقطوا الكيزان نحتفل و تاني يوم طوالي(يحبذ كمان في نفس اليوم) نهتف ضد العسكر.. عشان نوريهم انه ما عندهم اي مكان في الحكم تاني و عشان يعرفوا انه القوة للشعب و بس. #تسقط_بس #مدن_السودان_تنتفض	old_twitter	hate_political	OFFENSIVE	HATE	NEUTRAL	3	NO_MAJORITY	0	1.0
35859	صباحكم جغم كبير اليوم الجمعة في تمام السابعة و 20 دقيقة صباحا الطيران الحربي يضرب تجمعات الجنجويد بعنف في ضواحي مدينت المجلد في الجزءالشمالي الغربي حتي اهتزت المجلد كلها	war_corpus	hate_tribal	OFFENSIVE	HATE	NEUTRAL	3	NO_MAJORITY	0	0.695
35866	الي المجتمع الدولي يا تسقطوا معانا النظام يا نركب السمبك نجي نسقطكم انتو ذاتكم. الطريق الي #موكب6ابريل #تسقط_بس	old_twitter	revolution_terms	NEUTRAL	HATE	OFFENSIVE	3	NO_MAJORITY	0	0.0
35883	علي مسئوليتنا و نقلا عن مصادرنا في تلك الرقعه الطاهره بدا دخول المتحركات علنا اللهم سدد الرمي اللهم ثبت الاقدام و القلوب اللهم نصرك الذي وعدت بل_بس عقرب	war_corpus	profanity	OFFENSIVE	HATE	NEUTRAL	3	NO_MAJORITY	0	1.0
35895	ولسه مستمره الحكومه بكل قوتها وبشتى الوسائل في"مكاواة" الشعب الحر!! "الصادق الرزيقي"قال المواكب اتراجعت!!؟ زي قبل كدا"كبيرهم"بنفسه قال عن الثورة انها اجندات خارجيه ومندسين وبتاع وجا في النهايه اعترف واعلن طوارئ كمان اها ما حيكون في موكب اسمو "موكب الصيحة" ولا كدا؟! #تسقط_بس	old_twitter	hate_political	NEUTRAL	HATE	OFFENSIVE	3	NO_MAJORITY	0	0.811
35932	يارب رمضان الجاي اصومو في بلد الكفار وامي تكون عاوزه ترسل لي الابري والويكة الناشفة وما تلقى زول تديهم ليو عشان يجيبهم لي	war_corpus	religious_sectarian	HATE	NEUTRAL	OFFENSIVE	3	NO_MAJORITY	0	0.671
35933	مبادرة استعادة نقابة المهندسيين كادقلي بيان مهم لا بترهبنا العساكر لا الدقينات المساخر لا الكلاب الامنجية رفقاء النضال، تحية النضال الثوري حمايه_كوادرنا_الصحيه توفير_احتياجات_الاحياء نصوم_ونفطر_في_البيت	war_corpus	neutral_news	OFFENSIVE	HATE	NEUTRAL	3	NO_MAJORITY	0	1.0
35937	بحمد الله وتوفيقه تم حظر الصفحة الشخصية للمدعو القونى حمدان دقلو صفحات وحسابات اخرى مهمة يجرى حظرها الان ايضا كمبال الله اكبر تجديد الميثاق قحت_لا_تمثلني بل_بس لا_هدنة_لا_اتفاق_لا_تفاوض شارك قناة القوات المسلحة السودانية علي التلغرام	war_corpus	humanitarian	OFFENSIVE	HATE	NEUTRAL	3	NO_MAJORITY	0	1.0
35943	واحد من الجناهير صرخ "والجزائر والجزائريين" وأجبر متحدث قحت المديوكر يتذكر انو دي ثورة شعب ولمن نجي نشكر لازم نشكر الشعوب الوقفت معانا ونعرفهم اننا واقفين معاهم، ونسيب طلس مجاملات كورنثيا ده هناك في كورنثيا ما نجيبو الشارع. الشارع	old_twitter	revolution_terms	OFFENSIVE	HATE	NEUTRAL	3	NO_MAJORITY	0	1.0
35953	هكذا عبر الشعب عن دعمه لقواته المسلحة في معركة السودانيين ضد مليشيا حميدتي الارهابية وفلولها بالداخل والخارج الاربعاء ١٨ اكتوبر ٢٠٢٣ م	war_corpus	hate_political	OFFENSIVE	HATE	NEUTRAL	3	NO_MAJORITY	0	1.0
35970	السودان يهاجم اسرائيل بسبب مصر تابعنا علي تلغرام	war_corpus	violence_reporting	NEUTRAL	HATE	OFFENSIVE	3	NO_MAJORITY	0	1.0
35999	مصدر ميداني من داخل المدرعات؛ 1047جثة مرتزق تم انتشالها 39 منها تتبع لقوات عضو مجلس السيادة الطاهر حجر ، 134 يحملون بطاقات تشادية ، 82 طفل تم تجنيدهم قسريا ، عدد 4 عميد خلا بالاضافة لحبوب خرشة ، ايس ، وخمور مستورة قوات_العمل_الخاص ده_جيش_بداوس الجيش_السوداني	war_corpus	hate_political	OFFENSIVE	HATE	NEUTRAL	3	NO_MAJORITY	0	1.0
36007	المجلس العسكري بيحاول يتلاعب و يخلق فتنة و شق للصف و انشاءالله فوضى... مع العلم كثير من الماشين مع عبد الحي جهاز امن و كيزان... ارجو التعامل معهم بالسلمية حتى و لو افتعلو المشاكل و الاستفزاز بأي شكل كان. #اعتصام_القيادة_العامة #تسقط_بس	old_twitter	hate_tribal	OFFENSIVE	HATE	NEUTRAL	3	NO_MAJORITY	0	1.0
36017	مصدر مطلع مقرب للمجلس العسكري: عمر زين العابدين يصرح في جلساته الخاصة بأنه سيأخذ الثورة من يد قوى إعلان الحرية والتغيير زين العابدين يسمي الثوار ببقايا اليسار والشيوعيين. لا أعرف سبب تمسك البرهان وحميدتي بلجنة سياسية يديرها من فلول النظام السابق. #لم_تسقط_بس	old_twitter	hate_political	NEUTRAL	HATE	OFFENSIVE	3	NO_MAJORITY	0	0.815
36027	اريقت برصاص الغدر، نهنئ جماهير شعبنا الابي بحلول عيد الفطر المبارك والذي نحتسبه عيد شهيد، وندعو جماهير شعبنا العظيم للخروج والتجمع صباح الغد في سوح وميادين كل الاحياء والفرقان والبلدات بكل مدن وقرى السودان واداء شعائر صلاة العيد وصلاة الغائب على ارواح الشهداء، كما ندعو للتظاهر	war_corpus	violence_reporting	OFFENSIVE	HATE	NEUTRAL	3	NO_MAJORITY	0	1.0
36032	نداء عاجل: يحاول النظام الإنقلابي المُستنسخ عبر أذرعه المختلفة إشاعة أكاذيب عن فض الاعتصام أمام القيادة العامة لقوات شعبنا المسلحة بكافة الطرق وارسال رسائل تهديدية مبطنة للثوار، نؤكد لكل مواطني العاصمة القومية والمناطق المجاورة بأن الاعتصام قائم #الشارع_بس #لم_تسقط_بعد	old_twitter	threats	OFFENSIVE	HATE	NEUTRAL	3	NO_MAJORITY	0	1.0
36054	ياسر العطا ممازحا احد المستنفرين بقوله العسكر للثكنات والجنجويد ينحل والثورة ثورة شعب	war_corpus	hate_tribal	HATE	OFFENSIVE	NEUTRAL	3	NO_MAJORITY	0	0.673
36065	عاااجل قبل عدة ساعات اعتقالات عشوائية لاطفال ابرياء من قبل الدعم السريع في استاد الجنينة مشجعي المريخ الجنينة قالت قولتها لحميدتي من داخل استاد الجنينة ما يصنع السلام هو العدالة وانهاء الافلات من العقاب	war_corpus	humanitarian	OFFENSIVE	HATE	NEUTRAL	3	NO_MAJORITY	0	0.87
36083	قلطان اخي الشعب كامل مع الجيش السوداني بنسبة للتطبيع فهي الامارات المطبعة مع الكيان وهي الممولة والداعمة لمليشيات الدعم السريع	war_corpus	profanity	OFFENSIVE	HATE	NEUTRAL	3	NO_MAJORITY	0	1.0
36133	كل ماليلي هوود والخلايق نامو القى اعضاي ميته والدموع يترامو حالي ورااك ياالخدك بيلمع شامو زي حال المحاكمنو ووجب اعدامو شارده	war_corpus	random_no_keyword	NEUTRAL	OFFENSIVE	HATE	3	NO_MAJORITY	0	0.0
36152	شاهد كاميرا القوات المسلحة توثق استغلال منازل المواطنين والاعيان المدنية وتحويلها الى منصات للمدفعية وثكنات عسكرية بواسطة مليشيا ال دقلو الارها_بية اضافة للتدمير والنهب والسرقة لهذه الممتلكات العامة والخاصة الاحد ٧ ابريل ٢٠٢٤م المقاومة_الشعبية تحت قيادة القوات المسلحة نحن في الشدة باس	war_corpus	threats	OFFENSIVE	HATE	NEUTRAL	3	NO_MAJORITY	0	1.0
36160	ان ام نكن يد واحدة قد تكون انت المعتقل القادم كونوا معنا يا احرار اليوم بعد صلاة العشاء	war_corpus	random_no_keyword	NEUTRAL	HATE	OFFENSIVE	3	NO_MAJORITY	0	0.0
36172	وأنا ي وطن راجيها زغرودة السقوط #وعن_دربك_تب_ما_متراجع #تسقط_بس #السودان	old_twitter	revolution_terms	NEUTRAL	HATE	OFFENSIVE	3	NO_MAJORITY	0	1.0
36198	العيشة في حلفا كفارة ذنوب	war_corpus	religious_sectarian	HATE	NEUTRAL	OFFENSIVE	3	NO_MAJORITY	0	0.671
36203	الكاائنه لانو كلمه إنسانه عليها كتيره جداً دي حلقت لي صاحبتي شعرها لأنها قالت تسقط بس ايام كورسات تالت وضربتني خلعت لي كتفي عشان انا كنت واقفه مع البت لم قالت تسقط بس بلاقيك قدام #لن_ننسى_لن_نغفر	old_twitter	revolution_terms	NEUTRAL	HATE	OFFENSIVE	3	NO_MAJORITY	0	1.0
36211	متابعات مدفعية و طيران و دروع ومشاة مدفعية متحرك اسود عرين الجبال كادقلي تقصف تجمع مليشيات الحلو الله اكبر ولا نامت اعين الجبناء نصر من الله وفتح قريب وما النصر الا من عند الله الاعلام الحربي مدرعات الابيض	war_corpus	violence_reporting	OFFENSIVE	HATE	NEUTRAL	3	NO_MAJORITY	0	1.0
36231	كدى خلوها تسقط تالت و بجاوبكم	old_twitter	random_no_keyword	NEUTRAL	HATE	OFFENSIVE	3	NO_MAJORITY	0	1.0
36249	إنه النفاق والارتزاق ولو كان على حساب الوطن عهدهم الرقص فوق جثث الأطفال والطرب على نواح الأمهات وعهدنا الحرية،، السلام والعدالة #مدن_السودان_تنتفض #تسقط_بس #موكب_6ابريل	old_twitter	humanitarian	NEUTRAL	HATE	OFFENSIVE	3	NO_MAJORITY	0	1.0
36268	حراس حراس العقيدة و العرض والارض القوات_المسلحة_السودانية معركة_الكرامة جيش_واحد_شعب_واحد سودان_واحد_موحد براؤون_يارسول_الله	war_corpus	violence_reporting	OFFENSIVE	HATE	NEUTRAL	3	NO_MAJORITY	0	1.0
36273	ود نوباوي بمبان وقنابل صوتية وفي صوت رصاص كتير التاتشرات على كترتها ما قادرة تدخل الشارع الفيو الناس و هسة بدو يرجعو أحب دين ود نوباوي #موكب17مارس	old_twitter	hate_tribal	NEUTRAL	HATE	OFFENSIVE	3	NO_MAJORITY	0	0.0
36289	غالباً بيعملوها زي ناس جدو الشكاكين المهووسين ديل بالتجسس على حبيباتهم،بيشيلوا التلفون و يعملوا في الويب عندهم..	old_twitter	violence_incitement	HATE	NEUTRAL	OFFENSIVE	3	NO_MAJORITY	0	1.0
36296	العصيان ما عندو عددية معينة عشان نقول ناجح، وما بيتكسر حتى لو في ناس نزلوا الشغل، حنضغط المجلس العسكري بالقدر الكافي وحناثر عليه، ما معنى الكلام دا تكسر الحنك لكن لو شفت زول متكشط ماشي الشغل ما تقول فشل، حيمشي ويلقى الشغل كله مردوم عليه وبكرة حيقد سلك العصيان_المدني_الشامل	war_corpus	profanity	HATE	NEUTRAL	OFFENSIVE	3	NO_MAJORITY	0	1.0
36316	وطبعاً دا ملك ملوك الشرك:	old_twitter	random_no_keyword	NEUTRAL	HATE	OFFENSIVE	3	NO_MAJORITY	0	1.0
36317	الفوضى وتفلّت الأوضاع. كل هذه المخططات تُوضح هلع المجلس الانقلابي من سلمية ثورتنا ومن العصيان المدني الشامل والإضراب السياسي المفتوح كوسائل تتمسك بها جماهير شعبنا العظيم لإسقاط المجلس العسكري الانقلابي ومليشياته المجرمة.	old_twitter	hate_political	OFFENSIVE	HATE	NEUTRAL	3	NO_MAJORITY	0	1.0
36327	اجمالا الفاشر تتصدى للهجوم رقم ٢٣٤ عليها من قبل مرتزقة ال دقلو جاري حصر الخسائر	war_corpus	hate_political	OFFENSIVE	HATE	NEUTRAL	3	NO_MAJORITY	0	1.0
36333	البنوك مقاطعة ومافي زول بورد فيها قروش نمشي المرحلة البعديها #مدن_السودان_تنتفض #تسقط_بس	old_twitter	revolution_terms	NEUTRAL	HATE	OFFENSIVE	3	NO_MAJORITY	0	1.0
36368	ولاية غرب افريقية 8 قتلى وجرحى من جيش النيجر المرتد ومقتل صليبي بهجوم لجنود الخلافة قرب ديفا	war_corpus	religious_sectarian	OFFENSIVE	HATE	NEUTRAL	3	NO_MAJORITY	0	0.772
36379	و تصعيد حمله اعلامية ضد الانتهاكات في الفاشر واقامة معارض في الخارج تعكس كل الانتهاكات التي قامت بها دولة الامارات و ال دقلو و حكومتهم الارهابية	war_corpus	gender_hate	NEUTRAL	HATE	OFFENSIVE	3	NO_MAJORITY	0	1.0
36399	اشاوس قوات الدعم السريع يدكون حصون القيادة العامة للفلول RSFSudan RSFLive معركة_الديمقراطية حراس_الثورة_المجيدة	war_corpus	hate_political	OFFENSIVE	HATE	NEUTRAL	3	NO_MAJORITY	0	1.0
36407	قبيلة دار حامد تخوض معارك ضارية ضد مليشيا التمرد في جبرة الشيخ الصحفي عبد الماجد عبد الحميد	war_corpus	hate_tribal	OFFENSIVE	HATE	NEUTRAL	3	NO_MAJORITY	0	1.0
36411	بموتت انا واخواني الصغار كنا نلعب ليدو، وكل شوية نقتل بعض،اخوي قال مالكم بقيتو كيزان والصغير كل شوية تجيه اربعة قال ياخ تسقط بس	old_twitter	revolution_terms	HATE	OFFENSIVE	NEUTRAL	3	NO_MAJORITY	0	0.809
36413	همتكم معانا يا جيش الناس دي بتموت من العطش	war_corpus	humanitarian	HATE	NEUTRAL	OFFENSIVE	3	NO_MAJORITY	0	1.0
36422	محاوله فاشله من 5افراد الجنجا للتسلل الي مدينه الدويم عبر المراكب البحريه تم رصدهم ومتابعتهم الي ان وصلو الي المنطقه x وتم استلامهم من قبل القوات المسلحة السودانية فور وصولهم الي الشاطي نصر_من_الله_وفتح_قريب امن_يا_جن	war_corpus	neutral_news	OFFENSIVE	HATE	NEUTRAL	3	NO_MAJORITY	0	1.0
36445	شالو الكوز الما عاوزنو جابو الكوز الأوسخ منو شالو الكوز الكاسر سنو جابو الكوز الأكبر منو شالو وداد وجابو تهاني شالو حرامي وجابوا حرامي زي ما سقطت تسقط تاني ويستمر #اعتصام_القياده_العامه وفِي #الشارع_بس حيكون الحل لأنها #لم_تسقط_بعد	old_twitter	hate_political	OFFENSIVE	HATE	NEUTRAL	3	NO_MAJORITY	0	1.0
36500	متحرك الشهيد شقور الصافي يعلن استعداده لنظافة مناطق وقرى شمال دارفور من مرتزقة الحركات The Martyr Shagoor al Safi Division announces its full readiness to clear the areas and villages of North Darfur from the mercenary movements معركة_الديمقراطية حراس_الثورة_المجيدة	war_corpus	hate_political	OFFENSIVE	HATE	NEUTRAL	3	NO_MAJORITY	0	1.0
36514	ان كنا معرضين لخطر الموت في الطرقات وخساره الاعمال فلماذا لانعرض المجلس العسكري والكيزان لنفس الخطر ان كان هناك احتمال للموت برصاص المليشيات لماذا لا اعرض كل منتسبي الحركه الاسلاميه لنفس حده الخطر؟ #مدن_السودان_تنتفض #نناضل_لا_نساوم #العداله_الدوليه_للمجزره	old_twitter	hate_political	NEUTRAL	HATE	OFFENSIVE	3	NO_MAJORITY	0	0.576
36515	الف شرطي لتأمين الانتخابات ياخي افتكر موضوع الانتخابات دا كنته ناس الجهاز ما تلخبطو!	old_twitter	violence_incitement	HATE	NEUTRAL	OFFENSIVE	3	NO_MAJORITY	0	1.0
36536	هههههه اصلا الثورة قامت بدونكم وسوف تكتمل بدونكم يعني كل اكاذيبكم لاتشبع ولا تغني من جوع #اعتصام_القياده_العامه #لم_تسقط_بعد #يسقط_المجلس_العسكري	old_twitter	humanitarian	NEUTRAL	HATE	OFFENSIVE	3	NO_MAJORITY	0	1.0
36548	معلومة صحيحة تماما وصلتنا ايضا يا استاذنا عبدالماجد عبدالحميد انشقاق خطير في مليشيا التمرد السريع مجموعات من جنود المليشيا ترفض المشاركة في قتال الخرطوم وتتمسك بالمغادرة الي دارفور وكردفان	war_corpus	hate_tribal	OFFENSIVE	HATE	NEUTRAL	3	NO_MAJORITY	0	1.0
36560	السليقة و الرجلة ديل مفروض البياكلهم يخش السجن	old_twitter	random_no_keyword	NEUTRAL	OFFENSIVE	HATE	3	NO_MAJORITY	0	1.0
36571	#مبروك_السودان بعد رفع الحصار الي آي مجموعة تم تصنيفك وتوزيع صك الوطنية من عدمها	old_twitter	violence_reporting	NEUTRAL	HATE	OFFENSIVE	3	NO_MAJORITY	0	1.0
36607	كيف ما مقياس البحارب و بيموت في الجيوش دفاعا على الوطن منو!؟ يلا ديل زااهم بناتنا أرجل منهم	old_twitter	violence_reporting	NEUTRAL	OFFENSIVE	HATE	3	NO_MAJORITY	0	1.0
36611	الرائد خلا مجغوم حامد حبيب الي جهنم مع كل قادة النهب السريع	war_corpus	violence_reporting	NEUTRAL	HATE	OFFENSIVE	3	NO_MAJORITY	0	1.0
36612	الجزائريون ازاحوا الطاغية بوتفليقة باقي نحن #تسقط_بس	old_twitter	revolution_terms	NEUTRAL	HATE	OFFENSIVE	3	NO_MAJORITY	0	1.0
36616	عشت وشفتك قاطع موضوع والله	old_twitter	violence_incitement	HATE	NEUTRAL	OFFENSIVE	3	NO_MAJORITY	0	1.0
36617	الفريق اول شمس الدين كباشي نائب القائد العام للقوات المسلحة يصل حاضرة جنوب السودان جوبا؛ في زيارة مهمة نصر_من_الله_وفتح_قريب امن_يا_جن كل_اجزائه_لنا_وطن دبل_ليهو مليشيا_الدعم_السريع_الارهابية_المتمردة قحت_نكبة_السودان اكسح امسح قشو_قش جيبو_حي اكلو_ني كلو_اول_ليهو_اخر فجغ_بس بل_بس مؤامرة_باريس مؤتمر_فنسا_قدة راجعين الجنجويد الشر_المطلق دولة_الامارات_تقتل_الشعب_السوداني السلاح_الامريكي_يقتلنا اعلام_اسناد_وزارة_الدفاع_السودانية	war_corpus	hate_political	OFFENSIVE	HATE	NEUTRAL	3	NO_MAJORITY	0	0.695
36647	الله اكبر الله اكبر في شغل كبير و استلام مناطق جديدة وكميه من المرتزقه بل_بس	war_corpus	hate_political	OFFENSIVE	HATE	NEUTRAL	3	NO_MAJORITY	0	1.0
36649	الحمد لله، قواتنا المقاتلة دخلت المدينة عرب، وتمكنت من السيطرة حتى الكيلو ١٢ لقد تكبدت مرتزقة الدعم السريع الارهابية خسائر فادحة، حيث قتل العديد وهرب البقية شرقا لا تزال المعارك والمطاردات مستمرة بقوة نصر_من_الله_وفتح_قريب	war_corpus	hate_political	OFFENSIVE	HATE	NEUTRAL	3	NO_MAJORITY	0	1.0
36666	الصحفي لماذا كسرت ساعتي يا بيل الحارث من اجل سلامتك الصحفي سلامتي من ماذا الحارث سمعت ان في داخلها عقاارب	war_corpus	humanitarian	HATE	OFFENSIVE	NEUTRAL	3	NO_MAJORITY	0	1.0
36671	الدعم السريع ينبطح ببيان هههههههه مابحلكم على قول البعشوم ترقدوا بس كتلتوا الناس لمن صفت وبقيتوا منبوذين داخليا وخارجيا تجوا تتجرسوا مافي حل غير البل. #مفقودي_مجزرة_القياده_العامه #تسقط_بس	old_twitter	revolution_terms	NEUTRAL	HATE	OFFENSIVE	3	NO_MAJORITY	0	1.0
36678	كتب بروف عبدالعال احمد هذا هو لامي وزير خارجية بريطانيا ساند ومنذ اليوم الاول العدوان علي غزة وسافر بنفسه الي نيويورك ليحاصر السودان	war_corpus	profanity	OFFENSIVE	HATE	NEUTRAL	3	NO_MAJORITY	0	1.0
36692	وينتر إذ كمينغ يا لانستراوية و حنحشكم حش و نرشكم رش..	old_twitter	random_no_keyword	NEUTRAL	OFFENSIVE	HATE	3	NO_MAJORITY	0	1.0
36698	الي الذين يخافون سرقة الثورة من الاحزاب السياسية التقليدية الايديولوجية ،والاشخاص المستقلين ،،اذكركم انكم اسقطم اكبر طاغية في افريقيا وبكل عدتة وعتادة البشير ،،من ياتي بعدة اذا لم يلبي طلباتكم وتطلعاتكم ،فليسقط ايضاً، اين المشكلة اذن ،، #تسقط_بس #مدن_السودان_تنتفض #موكب21فبراير	old_twitter	violence_reporting	NEUTRAL	HATE	OFFENSIVE	3	NO_MAJORITY	0	0.0
36714	جمعة حضر كفنك يادعامي الجيش مستخدما قدرا من القوة المميته بحري وشرق النيل نفض زي النفض نصرة_الجيش_السوداني	war_corpus	hate_political	OFFENSIVE	HATE	NEUTRAL	3	NO_MAJORITY	0	1.0
36723	العميد نبيل عبدالله قواتنا بوسط الخرطوم توالي الضغط على اوباش ال دقلو تسيطر على فندق كورنثيا و ادارة المرافق الاستراتيجية كما تم تطهير مباني رئاسة جهاز المخابرات الوطني، الاوباش يحاولون الهروب امام قواتنا في كل مكان في هذه اللحظات المباركة صرفة صرفة نصر من الله وفتح قريب	war_corpus	hate_tribal	OFFENSIVE	HATE	NEUTRAL	3	NO_MAJORITY	0	1.0
36735	انتهينا من الثوره الصغرى(تسقط بس) والان نبدأ الثوره الكبرى (تعمر بس) والحمد لله من قبل ومن بعد ومدنياووو	old_twitter	profanity	NEUTRAL	HATE	OFFENSIVE	3	NO_MAJORITY	0	0.0
36755	وصول مجموعتكم الى فيس بوك فاق معدل 18 مليون في خلال 28 يوما لكم منا كل الشكر والتقدير اين_الهالك_حميدتي جيش_واحد_شعب_واحد	war_corpus	profanity	OFFENSIVE	HATE	NEUTRAL	3	NO_MAJORITY	0	1.0
36764	شكلها تصفية حسابات ماعلينا بيهم المهم بكره الموكب #تسقط_بس	old_twitter	threats	NEUTRAL	HATE	OFFENSIVE	3	NO_MAJORITY	0	0.0
36765	الليلة تسقط بس رص العساكر رص الدعم السريع	old_twitter	revolution_terms	NEUTRAL	HATE	OFFENSIVE	3	NO_MAJORITY	0	0.0
36767	ان شاء بس يكونو بي عدتم ومترجمهم وما يكون المترجم محلي مندس مثلا الوفد كيف يُعاملونكم في المعتقل أحد المعتقلين الضرب والقمع والتهديد المترجم انه يقول انهم يتعاملون معهم احسن من المعاملة التي يتلقونها في بيوتهم ويطلبون بتمديد فترة الاعتقال تبقى عوجة #تسقط_بس	old_twitter	threats	HATE	NEUTRAL	OFFENSIVE	3	NO_MAJORITY	0	0.582
36791	أنا قايم بي مهمتكم هنا يا أعمامنا	old_twitter	violence_incitement	HATE	NEUTRAL	OFFENSIVE	3	NO_MAJORITY	0	1.0
36794	عرفتوا اولاد الحرام مشو مدني لي شنو الله يحرقكم ان شاء الله وماتتهنوا بيها انجاس	war_corpus	violence_reporting	NEUTRAL	HATE	OFFENSIVE	3	NO_MAJORITY	0	1.0
36821	واحدة دخلت محل عدة وقالت لصاحب المحل عايزة لي دستة كبابي عصير ودستة كيزان. قال ليها دستة كبابي العصير موجودة أما دستة الكيزان حتلقيهم في كوبر بي جكهم	old_telegram	hate_political	OFFENSIVE	HATE	NEUTRAL	3	NO_MAJORITY	0	1.0
36826	البجامات دي بتاعت العيال التوتو احنا بتوع جلاليب الهزاز المشرطة	old_twitter	hate_tribal	NEUTRAL	OFFENSIVE	HATE	3	NO_MAJORITY	0	0.0
36845	العزا فالقيادة+تسليم السلطة للكيزان اقين طالما هدفنا الاساسي من الثورة لم يتحقق	old_twitter	hate_political	OFFENSIVE	HATE	NEUTRAL	3	NO_MAJORITY	0	1.0
36848	ابراهيم مسعود؛ من المرتزقة الذين دخلوا بيت الفريق الكباشي يوم ١٥ ابريل ٢٠٢٣م دنيا زايلي	war_corpus	hate_political	OFFENSIVE	HATE	NEUTRAL	3	NO_MAJORITY	0	1.0
36892	مدفعية مرتزقة النوير بعيدة المدى بجنوب الخرطوم وتموضع غريب جدا تحت سقف خرصاني تم الاستلام وهذه المرة بمعية اللواء الخفي شخصيا الحمد لله تحكم وسيطرة الخرطوم فووووق الله غالب تابعونا على الرابط قناة التلغرام _ قناة الواتساب	war_corpus	profanity	OFFENSIVE	HATE	NEUTRAL	3	NO_MAJORITY	0	1.0
36911	جماهير الشعب السوداني ترفض وتقاوم الانقلاب العسكري الجدول فيه شنو؟ السبت تتريس الاحد عصيان مدني الاثنين عصيان مدني اعلام التجمع 5 نوفمبر 2021 ليلة_المتاريس لاتفاوض_لاشراكة_لاشرعية ما_بتحكمونا	war_corpus	humanitarian	OFFENSIVE	HATE	NEUTRAL	3	NO_MAJORITY	0	0.642
36936	يظنون انك منطفئ ، وانت جمر اذا اشتدت الريح احرقت ظنهم	war_corpus	violence_incitement	HATE	NEUTRAL	OFFENSIVE	3	NO_MAJORITY	0	1.0
36938	بعد ما قتلو اكتر من شهيد و الالاف معتقلين يادوب عرفو انو نحن قرفنا منهم ياخ والله بعد دا تسقطو كلكم ماف حاجة تانية #تسقط_بس	old_twitter	revolution_terms	NEUTRAL	HATE	OFFENSIVE	3	NO_MAJORITY	0	1.0
36971	ثقافة وحرب الاستنزاف طلعت من الشوارع الداخلية وبقت في الشوارع الرئيسية الكبرى. الستين انضم لقائمة مسببات وجع الراس الكيزانو-امنجية!	old_twitter	hate_political	OFFENSIVE	HATE	NEUTRAL	3	NO_MAJORITY	0	1.0
36983	وقرارات في البيت وبتخصنا عديل ما عاجبانا ونتحمل نتائجها. ولازم حقوقنا الصحية والبدنية والإنجابية تكون مصانة بالكامل عشان نحن ما زيادة في المجتمع، نحن ستات الشئ ومصنع الإنسان وتربة زراعته.. نحن أصل المجتمع	old_twitter	profanity	OFFENSIVE	HATE	NEUTRAL	3	NO_MAJORITY	0	1.0
37033	عامل فيها حمامة سلام ومسكين هو منو غيركم نزح الناس وارتكب المجازر في المواطنين العزل في السودان؟ لعنة الله عليكم وحسبنا الله ونعم الوكيل فيكم	war_corpus	violence_reporting	NEUTRAL	HATE	OFFENSIVE	3	NO_MAJORITY	0	1.0
37053	يا رب كل من أساء للشعب السوداني أو كان في سبب لإعتقال أو قتل لاي مواطن سوداني اللهم اقتص منه يارب إجعل اليوم دا سبب في رفع الظلم والقهر عنا ....اللهم دعوناك وأنت قريب فستجب يا الله #تسقط_بس #موكب6ابريل	old_twitter	profanity	OFFENSIVE	HATE	NEUTRAL	3	NO_MAJORITY	0	1.0
37070	ضعو حدا لالام المدنيين وابعدو المناطق العسكريه خارج المدن حيدو المشافي والمدارس ودور العباده من النزعات اوقفو تسليح القبائل وتجنيد مرتزقه غرب افريقيا ان كان هذا فعل اجهزه دوله فماهو فرقها من فعل عصابات #الامن_الاجتماعي_القومى #مواكب_يوليو_الظافره #مدن_السودان_تنتفض	old_twitter	hate_political	OFFENSIVE	HATE	NEUTRAL	3	NO_MAJORITY	0	1.0
37096	المهندسين الشرفاء ان معركة شعبنا اليوم هي ضد الانقلابات بكل اشكالها وكائنا من كان قائدها وايا ما كانت مبرراتها ومع الدولة المدنية الكاملة التي تحترم الانسان فلا مساومة ولا حوار ولا شراكة مع انقلابيين	war_corpus	hate_political	OFFENSIVE	HATE	NEUTRAL	3	NO_MAJORITY	0	1.0
37118	نضفوا الكيزان ،، بنضف الميدان	old_telegram	hate_political	OFFENSIVE	HATE	NEUTRAL	3	NO_MAJORITY	0	1.0
37142	عضو الكونغرس الامريكي سارا جايكوبس ترتكب قوات الدعم السريع جرائم حرب مروعة في السودان بدعم عسكري من الامارات، ولهذا السبب اقود جهدا لحث الامارات على التوقف عن مساعدة قوات الدعم السريع والعمل على ايجاد حل دائم يخلق السلام والاستقرار للشعب السوداني تابع قناة كرري الجيش السوداني	war_corpus	humanitarian	OFFENSIVE	HATE	NEUTRAL	3	NO_MAJORITY	0	0.642
37157	قناص جنوبي قشو قش امسحو مسح	war_corpus	random_no_keyword	NEUTRAL	OFFENSIVE	HATE	3	NO_MAJORITY	0	1.0
37164	عاجل ورد الان اللواء متمرد معاش علي بريمة في قبضة القشم قائد المليشيا بقطاع امدرمان تکساس يوم تقوم دي قيامة جووووه خالص فتک ومتک بل_بس	war_corpus	hate_political	NEUTRAL	HATE	OFFENSIVE	3	NO_MAJORITY	0	1.0
37178	مستشار مليشيا الدعم السريع ابراهيم مخير الجيش السوداني يستجلب مرتزقة من دول مجاورة الجيش السوداني يدخل بيوت المواطنين نحن في الدعم السريع لم ندخل بيوت المواطنين و لم نسرقها وعلى المنظمات المتواجدة بولاية الجزيرة ان توضح ذلك والله اصلا ما اضحك براي هههههههههههههههه	war_corpus	hate_political	NEUTRAL	HATE	OFFENSIVE	3	NO_MAJORITY	0	0.576
37190	من العجيب انطلاق خط سير ممظاهرات الكيزان صوب كردفان دارفور مدني وما شابه نفس المناطق التي استهدفها النظام السابق بكل انواع الدمار والتنكيل حاليا ينطلق منها خط السير ولا ياتي من الولايات الشماليه ما السر في ذلك	war_corpus	violence_reporting	OFFENSIVE	HATE	NEUTRAL	3	NO_MAJORITY	0	1.0
37218	اذا كان برهان يظن أن قواعد الجيش معه يكون مخطئ الصور في الميدان عكس ذلك يمثل نفسه وربما الفلول الآن القاعدة العسكرية مع الشعب في خندق واحد من قبل حاولتم أن يصوب الجنود بنادقهم ضد الشعب فرفضوا وحموهم واعتقلتموهم ألا تخجلون #لم_تسقط_بعد #اعتصام_القياده_العامه #مدن_السودان_تنتفض	old_twitter	hate_political	OFFENSIVE	HATE	NEUTRAL	3	NO_MAJORITY	0	1.0
37220	الثورة بتتسرق اوعى تسيب مكان اعتصامك ابن عوف وجه مطلوب تغييرو #اعتصام_القياده_العامه #مدن_السودان_تنتفض	old_twitter	revolution_terms	OFFENSIVE	HATE	NEUTRAL	3	NO_MAJORITY	0	1.0
37226	هاك ياا كلمتان حبيبتان للسودان خفيفتان علي اللسان ثقيلتان علي الكيزان #شكراً_حمدوك	old_twitter	hate_political	OFFENSIVE	HATE	NEUTRAL	3	NO_MAJORITY	0	1.0
37239	مفروض الاسم والصورة ىالمبلغ المختلس بعد كدا لانو الحرامية ديل وقحين لابعد الحدود والتشهيير والعقوبات التانية يمكن تردع غيرهم	old_twitter	profanity	NEUTRAL	HATE	OFFENSIVE	3	NO_MAJORITY	0	1.0
37241	صباح الخير اهلي واحبابي #الكيزان الي مزبلة التاريخ بأذن الله	old_twitter	hate_political	OFFENSIVE	HATE	NEUTRAL	3	NO_MAJORITY	0	1.0
37247	قال عبدالعزيز بركة ساكن على لسان مسيح دارفور: "استعدوا للموكب و أعدوا له عدته وما كان أحد منا يعلم الموكب، ولكن الجميع كانوا على أهبة. إنهم يدركون" #تسقط_بس #مدن_السودان_تنتفض	old_twitter	revolution_terms	OFFENSIVE	HATE	NEUTRAL	3	NO_MAJORITY	0	1.0
37275	والله لو ما اعلنتو تسقط بس علي المجلس ده لا حساب ولا مدنيه وكل يوم دم سائل في بقعه من السودان وأنتم ترسلون الشعارات علي تويتر فقط	old_twitter	threats	NEUTRAL	HATE	OFFENSIVE	3	NO_MAJORITY	0	1.0
37298	مقتل جنجويدي ابو لولو اشاعه غير صحيح اطلقتها غرف المليشيا قبل ساعة رافع فيديو ،لكن نهايته قربتك	war_corpus	hate_tribal	HATE	OFFENSIVE	NEUTRAL	3	NO_MAJORITY	0	1.0
37305	لو في امنجي انتهك حرماتك و دخل بيتك من غير اذن طلع عينو طوالي دي ما ليها علاقة بالسلمية ده انتهاك حرمات و انت كده بتدافع عن نفسك و شرعاً لو قديت عينو ما عليك حرج اقرب عصاية ولا سكين جمبك و اديهو في سمنداغو طوالي	old_twitter	violence_reporting	NEUTRAL	HATE	OFFENSIVE	3	NO_MAJORITY	0	1.0
37309	طلاب جامعه الزعيم الازهري الكانو اعتقلوهم واتهموهم بي انهم خلايا من الموساد احرار كما ينبغي لهم	old_twitter	random_no_keyword	NEUTRAL	HATE	OFFENSIVE	3	NO_MAJORITY	0	0.0
37320	منتظرين ظهور غول ياكل الاطفال	old_twitter	random_no_keyword	NEUTRAL	OFFENSIVE	HATE	3	NO_MAJORITY	0	1.0
37328	إذا لم تخرج في أبريل فعليك أن تراجع وطنيتك انسانيتك سقوط النظام واجب وطني وإنساني #تسقط_بس #مليونية_6أبريل	old_twitter	revolution_terms	NEUTRAL	HATE	OFFENSIVE	3	NO_MAJORITY	0	1.0
37379	قتل مجموعة من مليشيا الدعم السريع شمال تندلتي في دار البزعه بعد اعتراضهم صاحب شاحنه zs من ابناء المنطقه وطلبوا منه مبلغ ٤ مليار تجمع ابناء المنطقه واشتبكو معهم وتم قتلهم جميعا من اهالي المنطقة الخرطوم_مقبرة_الجنجويد كرامة_الجيش_كرامة_شعب	war_corpus	hate_tribal	OFFENSIVE	HATE	NEUTRAL	3	NO_MAJORITY	0	0.695
37380	لا مابتتغير دي بتعمم الرخصه وبترد ملكيتها للدوله كل العقود التي وقعت في ظل نظام غير شرعي باطله ويلزم حائز الرخصه بجبر الضرر(فوات الكسب) اي دولار تم ربحه في ظل الانقاذ يجب ان يرد الي الشعب السوداني مضاعفآ(الاضرار بالامن الاقتصادي) #مدن_السودان_تنتفض	old_twitter	threats	OFFENSIVE	HATE	NEUTRAL	3	NO_MAJORITY	0	1.0
37395	صحيفة الدار. حميد تى لن نسلم الحكومة لعلمانيين و من هنا يظهر ان حميد تي يطمع في السلطة و ايضا انه اسلامي متشدد يحمل فكر الحركة الاسلامية ولم يكن يوما له فكر حماية الشعب و هذا يؤكد تم حميد تي خريج مدرسة الدفاع الشعبي وليس المؤسسة العسكرية #مدن_السودان_تنتفض	old_twitter	religious_sectarian	NEUTRAL	HATE	OFFENSIVE	3	NO_MAJORITY	0	0.723
37397	الحكومة: اعلان حالة طوارئ الشعب: مظاهرات و مواكب الحكومة محاكمات للمحتجين الشعب: اضراب عام من الشعب للحكومة (انتو رهائن ما بتحنكو عمانا) شعب ستار #تسقط_بس	old_twitter	revolution_terms	OFFENSIVE	HATE	NEUTRAL	3	NO_MAJORITY	0	1.0
37402	هلاك اللواء خلا عبد الله حسين و٢٧ من مرتزقة الجنجويد بمسيرة قرب كبري جبل اولياء	war_corpus	hate_political	OFFENSIVE	HATE	NEUTRAL	3	NO_MAJORITY	0	0.587
37477	وقفة احتجاجية للجالية السودانية بلندن امام السفارة الاماراتية ضد التدخل في شؤون الثورة السودانية نناضل_لا_نساوم العداله_الدوليه_للمجزره	war_corpus	profanity	OFFENSIVE	HATE	NEUTRAL	3	NO_MAJORITY	0	1.0
37484	القائد مصطفى تمبور ستنتهي الحرب قريبا بانتصار كاسح للقوات المسلحة السودانية وكل المعطيات تؤكد ذلك، وسنهزم عملاء المحاور واعداء المبدا قناةكرري	war_corpus	hate_political	OFFENSIVE	HATE	NEUTRAL	3	NO_MAJORITY	0	1.0
37492	تسلم والله ما قلت غير الحق الحل في البل تسقط بس تسقط تاني وتالت ورابع والفورة مليون	old_twitter	hate_tribal	NEUTRAL	HATE	OFFENSIVE	3	NO_MAJORITY	0	0.0
37509	عربية مقاتلة هاربة من مصفاة الجيلي اليوم بي قائدها وجنودها انجغمو دنيا زايلي على تخوم حدود نهر النيل قلنا ليكم تسليم كامل يادمار شامل بل بل	war_corpus	violence_reporting	OFFENSIVE	NEUTRAL	HATE	3	NO_MAJORITY	0	1.0
37534	ياربي قاصدين ياتو شباب المواهيم ديل #تسقط بس	old_twitter	revolution_terms	NEUTRAL	HATE	OFFENSIVE	3	NO_MAJORITY	0	1.0
37538	الجيش السوداني يمرض ولكنه لايموت.لدي احساس قوي ان الجيش سوف يقلب الطاوله علي عصابه الجبهه وينحاز لجماهير الشعب في اخر لحظه. النصر للثوار والمجد للسودان. #موكب6ابريل #تسقط_بس	old_twitter	profanity	OFFENSIVE	HATE	NEUTRAL	3	NO_MAJORITY	0	1.0
37552	انتهاكاتم وتجاوزاتكم دي ليها سنه ما شي جديد عليكم وماف ليها حل معاكم #تسقط__بس	old_twitter	violence_reporting	NEUTRAL	HATE	OFFENSIVE	3	NO_MAJORITY	0	1.0
37557	الذي قال بأن الفقر ليس عيبا" كان يريد أن يكملها ويقول بل جريمة ولكن الأغنياء قاطعوه بالتصفيق وفي رواية أخري الكيزان قاطعوه بالتصفيق	old_twitter	hate_political	OFFENSIVE	HATE	NEUTRAL	3	NO_MAJORITY	0	1.0
37563	صباخ الخير لعن الله حسن الترابي	old_twitter	random_no_keyword	NEUTRAL	HATE	OFFENSIVE	3	NO_MAJORITY	0	1.0
37567	عاجل جهاز التشبيح العام يعتقل المتطوع في الدفاع المدني عبدالقادر الاحمد بتهمة العمالة للنظام جمعة اعتقال_فابعاد_متى_الكرامة_تستعاد	war_corpus	hate_political	OFFENSIVE	HATE	NEUTRAL	3	NO_MAJORITY	0	1.0
37570	لو ما رجفيبتنا في المظاهرات سوا ما كان ه #تسقط_بس	old_twitter	revolution_terms	NEUTRAL	HATE	OFFENSIVE	3	NO_MAJORITY	0	0.0
37572	انا نسيت الكيزان لاحولاا كيف دي	old_twitter	hate_political	OFFENSIVE	HATE	NEUTRAL	3	NO_MAJORITY	0	1.0
37597	دويلة الشر الامارات كونت خلية بالاقمار الصناعية؛ يقودها خبراء دوليين لمراقبة تحركات الجيش السوداني غرفة السيطرة ؛ لادانته دوليا ولكن خاب ظنهم جيشنا الباسل يتبع اعلى درجات السلامة للمواطنين الابرياء	war_corpus	threats	NEUTRAL	HATE	OFFENSIVE	3	NO_MAJORITY	0	1.0
37603	مات وما حلل صيامو #تسقط_بس	old_twitter	revolution_terms	NEUTRAL	HATE	OFFENSIVE	3	NO_MAJORITY	0	1.0
37610	بقى البقول البيجيبو الله بفهموهو ع انو من شدة م داير الحاجة دايرا تجي باي طريقة سبحان الله سطحيين اي انت ي مؤيد	old_twitter	random_no_keyword	NEUTRAL	HATE	OFFENSIVE	3	NO_MAJORITY	0	1.0
37616	م ينفع لان الكيزان كتار وبكسرو اي عصيان، غير ان الناس بقت تاكل بدخل اليوم، واي فشل في العصيان حيكون عواقبه كبيره ده #السودان_الوضع_الراهن	old_twitter	hate_political	OFFENSIVE	HATE	NEUTRAL	3	NO_MAJORITY	0	1.0
37620	الله اكبر الله اكبر قوات الاحتياطي المركزي متحرك الشهيد عمر حموده محور امبده بحمد الله تمكنت قوات الاحتياطي المركزي من استعاده الدفاعات بتقاطع كرور وتدمير مدفع ٢٣ و٢ عربه وفرار قوه المليشيا مخلفه عدد كبير من الفطايس وجرحى عردو خلوهم تاني بتجووووو	war_corpus	violence_reporting	OFFENSIVE	HATE	NEUTRAL	3	NO_MAJORITY	0	1.0
37637	جامع الشيخ قريب الله،ودنوباوي بضربو في بمبان جوا الجامع #تسقط_بس #موكب17مارس	old_twitter	hate_tribal	NEUTRAL	HATE	OFFENSIVE	3	NO_MAJORITY	0	0.0
37641	نبدا صباحنا بدعوة سمحة علي الكيزان	old_telegram	hate_political	OFFENSIVE	HATE	NEUTRAL	3	NO_MAJORITY	0	1.0
37644	فاضل ليهو الرباط الوطني بس	old_twitter	random_no_keyword	NEUTRAL	HATE	OFFENSIVE	3	NO_MAJORITY	0	1.0
37679	من اول ما شفتك ارتحتلك ياخي	old_twitter	violence_incitement	HATE	NEUTRAL	OFFENSIVE	3	NO_MAJORITY	0	1.0
37685	سؤال للرئيس وأتباعه في ثريد اومازالت على عينيك غشاوة ياريس؟ اومازال بريق السلطة يعمي بصيرتك على ماحدث ويحدث في هذا الوطن العملاق؟ اومازلت تمني الناس بحياة الرفاهية ورغد العيش؟ اومازلتم تريدون رفع المعاناة عن كاهل المواطن #موكب17مارس #تسقط_بس #مدن_السودان_تنتفض	old_twitter	revolution_terms	NEUTRAL	HATE	OFFENSIVE	3	NO_MAJORITY	0	0.0
37698	هو سؤال يعني لو ما شمتنا لمن الدور يجي علينا حيقيف معانا منو الكيزان ولا عدم شماتتنا حيمنع المجلس انه يوقف الفعل دا	old_twitter	hate_political	OFFENSIVE	HATE	NEUTRAL	3	NO_MAJORITY	0	1.0
37702	اصابة قائد مرتزق قبل قليل ، جا فزع يسعفو بي صرصر انجغم الصرصر ، جات تلاتة عربات تسعفوا انجغمت كلها ، الله اكبر معركة_التحرير_الكبرى	war_corpus	profanity	OFFENSIVE	HATE	NEUTRAL	3	NO_MAJORITY	0	1.0
37720	بيان المواكب المليونية في 30 نوفمبر 2021 هي الرد الناصع على ترهات تحالف المجلس العسكري وعبدالله حمدوك الانقلابي مليونية30نوفمبر	war_corpus	hate_tribal	OFFENSIVE	HATE	NEUTRAL	3	NO_MAJORITY	0	1.0
37739	لا تجمع المهنيين ولا غيرو حيحدد منو ينضم للثورة دي أو لا الثورة دي حقتنا كسودانيين ما عندها علاقة بأي حزب حتى لو كوز وعاوز تثور ضد الظلم مرحب بيك الناس تحت مصلحة الوطن فوق مصلحتها الشخصية #لا_للإقصاء #تسقط_بس #مليونية6ابريل	old_twitter	hate_political	OFFENSIVE	HATE	NEUTRAL	3	NO_MAJORITY	0	1.0
37740	حريتنا في اتحادنا.. تحت وسم واحد #مدن_السودان_تنتفض فالكيزان واعوانهم لا يريدون لنا أن نتحد.. ربما هناك العديد من التجمعات المهدر إنجازها فهلا عملنا معا لإظهاره للعالم باتحادنا.. فكن دعما للتغيير لا خصما عليه.. والتغيير يبدأ منك يا أيها المحب لهذا الوطن.. والباغض للكوزنة والتضليل	old_twitter	hate_political	OFFENSIVE	HATE	NEUTRAL	3	NO_MAJORITY	0	1.0
37753	غير قابل للنفي ماتبقي من قيادات عصابات ومليشيات التمرد بغرب كردفان تهرب في مجموعات وتغادر مدن المجلد الفولة بابنوسة الي نيالا والجنينة وبعضها رفض تعليمات الانضمام الي المليشيا بالفاشر اسماء بارزة من القيادات الاهلية بغرب كردفان الموالية للمليشيا تغادر الي جنوب السودان ويوغندا الصحفي عبد الماجد عبد الحميد	war_corpus	hate_tribal	OFFENSIVE	HATE	NEUTRAL	3	NO_MAJORITY	0	1.0
37760	وهي صميم اهداف ثورة ديسمبر المجيدة الممهورة بدماء شهدائنا الكرام وبالاخص عملية التلاعب بارادة قوى الثورة فى ولاية وسط دارفور والدفع بمرشح لمنصب والي وسط دارفور في اطار العلاقات الشخصية وخارج الاطر التنسيقية المتفق عليها ومحاولة فرض وصايا على الولاية، كما وضحنا في بيانات السابقة	war_corpus	neutral_news	OFFENSIVE	HATE	NEUTRAL	3	NO_MAJORITY	0	1.0
37789	في البقاسي شقا المسافة وعايشة في داخلو ويعاني.... #تسقط_بس	old_twitter	revolution_terms	NEUTRAL	HATE	OFFENSIVE	3	NO_MAJORITY	0	0.0
37795	الله اكبر الله اكبر اهل المناقل الصمود يستجيبون لنداء الاستنفار الاستنفار التعبئة_العامة الجزيره	war_corpus	profanity	OFFENSIVE	HATE	NEUTRAL	3	NO_MAJORITY	0	1.0
37838	الانتصارات مستمرة الجيش يتقدم على كافة المحاور قوات منطقة الكدرو العسكرية تواصل التقدم و تنفذ عمليات نوعية ناجحة دمرت على اثرها عدد ١٦ عربة واستلام اسلحة وقت_ل العشرات من مرتزقة مليشيا ال دقلو الارها_بية الثلاثاء ٢٧ فبراير ٢٠٢٤م السودان وزارة_الدفاع_السودانية ابراهيم الحوري	war_corpus	hate_political	OFFENSIVE	HATE	NEUTRAL	3	NO_MAJORITY	0	1.0
37839	قال حاكم اقليم دارفور، مني اركو مناوي، ان شعب الفاشر يعاني حصارا قاسيا قائما على اسس عرقية واثنية، حرموا خلاله من ابسط مقومات الحياة، واضاف في تدوينة على فيسبوك ان الاهالي رغم ما عانوه رفضوا ترك ارضهم للمستوطنين الجدد، مؤكدا الوفاء بعهدنا وتحرير شعبنا من براثن الجوع والمرض	war_corpus	violence_reporting	OFFENSIVE	HATE	NEUTRAL	3	NO_MAJORITY	0	0.642
37847	يالله ماننقص نفر يالله مايسقط شهيد اللهم خلاص اللهم قوة #موكب21مارس #تسقط_بس	old_twitter	revolution_terms	NEUTRAL	HATE	OFFENSIVE	3	NO_MAJORITY	0	1.0
37848	عبدالرحمن قال فهمتك يافارس اطمن أخوي	old_telegram	dehumanizing	HATE	NEUTRAL	OFFENSIVE	3	NO_MAJORITY	0	0.798
37858	لو اطل عبر شاشتها المهدي المنتظر ساكون اول المكذبين له والمعرضين عن اعلام الجبهه الاسلاميه لاتصدق ماتشاهده او تسمعه عبر الاله الاعلاميه التي تفتقر النزاهه والشرف حديثهم ظاهره خيرا مفرحا وباطنه سوء يضمر لكل المدنيين #اربعينه_مجزره_القياده #مواكب_يوليو_الظافره #مدن_السودان_تنتفض	old_twitter	profanity	NEUTRAL	HATE	OFFENSIVE	3	NO_MAJORITY	0	0.723
37923	ل صديقتيي لي صديقتي انا عارفهہ لما اخترتك اخترت صاحبهہ ينشد بيها الظهر ، وعارفتك ح توفي وتكفي و ح تصوني الصحبهہ ، وعارفتك مش ح يجي يوم ترخيني فيهہ وح تكوني معاي ع الحلوهہ والمرهہ وم خيبيتيش ضني وقعدتي عند حسن ضني بيك	war_corpus	violence_incitement	HATE	NEUTRAL	OFFENSIVE	3	NO_MAJORITY	0	1.0
37942	"دي دايرة ليها لجنة كمان صورة للشهيد قصي ومن خلفه قتلته!	old_twitter	violence_reporting	NEUTRAL	HATE	OFFENSIVE	3	NO_MAJORITY	0	1.0
37943	مليشيا الدعم السريع تكتيكاتها القتالية بدائية، غزو صريح ، حاصر،اقطع امداد دمر مستشفيات، كمائن ، التمويه بالحشد في مناطق واستهداف مناطق تانية اخرها قطع جزء من الكبري وترك الاخر لتضيق المساحة امام اي حشد محتمل الحل يا اما تبقا بدائي زيها يا تدكها باسلحة مدمرة	war_corpus	humanitarian	OFFENSIVE	HATE	NEUTRAL	3	NO_MAJORITY	0	1.0
37945	نقلا عن شهود عيان في الشقلة الدعامة بجو و بقولو ليك بكره تخلي البيت دايرنو او بنقتلك	war_corpus	hate_political	NEUTRAL	HATE	OFFENSIVE	3	NO_MAJORITY	0	0.729
37994	وفاة احد ضباط العدو برتبة نقيب امن مليشيا البشير، بمستشفي الأمل الآن. على جنود الأمن الهرب من الخدمة بدل من المصير المظلم الهرب من الخدمة الآن هو مخرجكم الوحيد. #مدن_السودان_تنتفض	old_twitter	threats	NEUTRAL	HATE	OFFENSIVE	3	NO_MAJORITY	0	0.0
37999	وليه ما وافقوا علي الاستقالات؟؟!! عشان تعرف انهم بقايا النظام البائد حكومه العسكر تسقط بس	old_twitter	revolution_terms	NEUTRAL	HATE	OFFENSIVE	3	NO_MAJORITY	0	1.0
38001	الشفت ابوعبيده قاهر الاعدا حغظك الله يا بطل	war_corpus	hate_tribal	HATE	NEUTRAL	OFFENSIVE	3	NO_MAJORITY	0	0.673
38020	هكذا يفعل هؤلاء الأوباش، مليشيات نظام الإنقاذ الفاسد في العاصمة الخرطوم و التى ليست مناطق عمليات كما يبررون. لكم أن تتصوروا كم إرتكبوا من إنتهاكات في دارفور و جبال النوبة و جنوب النيل الأزرق و من قبل في جنوب السودان. #تسقط_بس #موكب10مارس	old_twitter	hate_tribal	NEUTRAL	HATE	OFFENSIVE	3	NO_MAJORITY	0	0.0
38039	استفزاهم ملك الغفلة فقرروا ان يعاقبوا الجميع	old_twitter	threats	NEUTRAL	HATE	OFFENSIVE	3	NO_MAJORITY	0	1.0
38046	سلاح الجو دك وتدمير راجمة ومدرعتان و4 سيارات قتالية تابعة لللمليشيا بمنطقة المدرعات جنوب الخرطوم وهلاك العشرات جيش_واحد_شعب_واحد	war_corpus	violence_reporting	OFFENSIVE	HATE	NEUTRAL	3	NO_MAJORITY	0	1.0
38061	ما بقدروا يتمردو لانو بكون حكمهم اعدام بقت عليهم العدو امامكم والبحر خلفكم	old_twitter	hate_political	OFFENSIVE	NEUTRAL	HATE	3	NO_MAJORITY	0	1.0
38064	اها حنك زاتو ما دايرنو قدام بس، والشي دي دايرة ليها دفرة عشان تقع. نتشايل ونكشف بحتت ونشتغل مؤسس، حركة في شكل وردة نفر الكلوش ونكتمها. البتاع بتاع البتاع ده تاني ابنص صاجة بس. قلنا الحل في البل ولا شيء غير البل قدام ورا بحر منتهي #حنبنيهو #تسقط_تالت #اعتصام_القياده_العامه	old_twitter	revolution_terms	OFFENSIVE	HATE	NEUTRAL	3	NO_MAJORITY	0	1.0
38072	مليشيا الدعم السريع تقتل عبدالغني ود الزبير يوسف ابن اخ القيادي بحزب الامة القومي احمد يوسف عضو الادارة المدنية المعينة من المليشيا في ولاية الجزيرة قناة كرري الجيش السوداني	war_corpus	hate_tribal	OFFENSIVE	HATE	NEUTRAL	3	NO_MAJORITY	0	1.0
38076	لنرفض البشير ونظامه نرفض اوامره وقوانينه نرفض الحكومة المعينة من قبله.. نرفض شلة "يخسي" بى عبدالملك بتاعه.. ما ح ندفع.. ما ح نطلع إلا لى مظاهره او اعتصام.. ما ح نشتري.. ما ح نبني.. ما ح نفتح دكان ولا بقاله.. وما.. وما.. وما.. اليوم #عصيان13مارس المدني يدعوكم #مدن_السودان_تنتفض	old_twitter	hate_tribal	OFFENSIVE	HATE	NEUTRAL	3	NO_MAJORITY	0	1.0
38081	ناس ابروف ودنوباوي القماير حاجه برا الجدول ابقو قراب #تسقط_بس #موكب23مارس	old_twitter	hate_tribal	NEUTRAL	HATE	OFFENSIVE	3	NO_MAJORITY	0	0.0
38123	صباح الخير يا وطن صباح الانتصارات صباح التفاؤل اللهم احفظ هذه البلاد والعباد اللهم انصرنا علي كل خاين وعميل وجبان ومرتزق ربنا يرحم شهداء الواجب ربنا يشفى الجرحى بكره ان شاءالله ترجعو لي اهلكم ولي بلدكم نصر من الله وفتح قريب هنا السودان	war_corpus	violence_reporting	OFFENSIVE	HATE	NEUTRAL	3	NO_MAJORITY	0	1.0
38134	تسقط الحركة الاسلامية الفاشية #حنبنيهو #تسقط_بس	old_twitter	humanitarian	NEUTRAL	HATE	OFFENSIVE	3	NO_MAJORITY	0	1.0
38135	توثيق مرتزقة الدعم السريع لنهب وسرقة منازل المواطنين في الخرطوم السودان	war_corpus	violence_reporting	OFFENSIVE	HATE	NEUTRAL	3	NO_MAJORITY	0	1.0
38146	ربنا اغفر لنا ذنوبنا واسرافنا في امرنا وثبت اقدامنا وانصرنا على القوم الكافرين	war_corpus	religious_sectarian	OFFENSIVE	NEUTRAL	HATE	3	NO_MAJORITY	0	1.0
38147	احنا ف العباسية ، ومحاصرين شدييد ، اعتقلو نسوان وبنات كتار شديد ، هم مرتكزين ف شارع الفيل وبجو داخلين ع البيوت ، ناس بانت شرق وغرب واب كدوك امرقو خففو علينا الضغط شوية رتويت تسقط بس	old_twitter	profanity	OFFENSIVE	HATE	NEUTRAL	3	NO_MAJORITY	0	1.0
38153	اللهم بلغنا رمضان بدون كيزان⁦ #اعتصام_القياده_العامه #تسقط_بس #السودان	old_twitter	hate_political	OFFENSIVE	HATE	NEUTRAL	3	NO_MAJORITY	0	1.0
38179	*يدقو جرس لانو الامريكان مسمعينهم بولشيت* يجو بيجاي يكبو البولشيت بتاعهم* يلعنم التناقض	old_twitter	random_no_keyword	NEUTRAL	OFFENSIVE	HATE	3	NO_MAJORITY	0	1.0
38197	قامه من قامات الوطن افتك	old_twitter	violence_incitement	HATE	NEUTRAL	OFFENSIVE	3	NO_MAJORITY	0	1.0
38204	حتي انتو الامنجيه م ريحوكم #تسقط_بس	old_twitter	revolution_terms	NEUTRAL	HATE	OFFENSIVE	3	NO_MAJORITY	0	1.0
38213	بدء تدفق الدواء من امدادات وزارة الصحة الى الصيدليات والمستشفيات، خطوة ستسهم في خفض اسعاره والحد من جشع مافيا الدواء تجار الازمات بما يضمن وصول العلاج للمواطنين بسهولة ويسر الله الله علي تجار الازمات خافوا الله وحسبي الله ونعم الوكيل فيكم	war_corpus	humanitarian	NEUTRAL	HATE	OFFENSIVE	3	NO_MAJORITY	0	1.0
38223	طريقة تعامل النظام مع #تسريب_امتحان_الشهادة_السودانية هى نفس طريقة تعامله مع القضايا الاخرى الملحة:دارفور/الجنوب(سابقا)/الفساد...الخ. استهزاء وانكار للرأى الاخر وعندما يجد الامر يتستروا خلف البيانات	old_twitter	profanity	OFFENSIVE	HATE	NEUTRAL	3	NO_MAJORITY	0	1.0
38227	باقي يومين ونوريكم ليه #غصب	old_twitter	random_no_keyword	NEUTRAL	HATE	OFFENSIVE	3	NO_MAJORITY	0	1.0
38229	#هاشم_صديق_شعر_سوداني الفُقرا الكانو بقسمو النبقة الجوع الكافر أصبح شكلو حديث ومعاصر خلى النبقة اتبدَّل دِينها وصبحت منقه	old_twitter	religious_sectarian	OFFENSIVE	NEUTRAL	HATE	3	NO_MAJORITY	0	0.755
38230	كانو اشتراكيين مضمحلين الفكر و مخترقين لي اساسيات الاشتراكية السامية يا ريس	old_twitter	random_no_keyword	NEUTRAL	HATE	OFFENSIVE	3	NO_MAJORITY	0	0.0
38256	ايها المتشائمون القائلون بالالتفاف على ثورة الشعب السوداني على الاقل تحقق انجاز مهم وهو سقوط شرعية البشير اما تبعية قائد الجيش للسعودية من عدمه فالشعب قد عرف طريق الحرية وعرف بأنه القوة العاصفة بكل عميل والرقابة الدائمة على اداء السلطة. #مدن_السودان_تنتفض #من_اليمن_نهنى_السودان	old_twitter	hate_political	OFFENSIVE	HATE	NEUTRAL	3	NO_MAJORITY	0	1.0
38297	اقسم بالله بل طلعات موفقه جدا لنسور الجو في سماء مليط بولاية شمال دارفور تستهدف قوات مليشيات الدعم الصريع المرتزقة وتفلح في تدمير وقطع خطوط الامداد وتحدث خسائر فادحه في الارواح والمعدات فجغ_بس	war_corpus	hate_political	OFFENSIVE	HATE	NEUTRAL	3	NO_MAJORITY	0	1.0
38300	سودان بدون كيزان رصاصة حية يا شعبا لهبا ثوريتك سلمية تسقط بس سماني هجو عسكر الشعب حبيبي و شرياني مش كدا يا وداد من افضل اغاني الثورة	old_twitter	revolution_terms	OFFENSIVE	HATE	NEUTRAL	3	NO_MAJORITY	0	1.0
38303	#مدن_السودان_تنتفض السلطات تفرج عن من قادة الاحزاب السودانية من الحزب الشيوعي: الباشمهندس صديق يوسف ابراهيم. الاستاذ علي سعيد ابراهيم. الاستاذ عبدالجليل عثمان محمد( حاج الزاكي). والأستاذ علي الريح السنهوري عضو القيادة القومية لحزب البعث العربي الاشتراكي تسقط بس	old_twitter	revolution_terms	OFFENSIVE	HATE	NEUTRAL	3	NO_MAJORITY	0	1.0
38337	الله اكبر الله اكبر متحرك اسود العرين ابطال_الكتيبه_التانيه متحرك_الشهيدعبدالعزيز الجرقنديه	war_corpus	hate_tribal	OFFENSIVE	HATE	NEUTRAL	3	NO_MAJORITY	0	1.0
38370	ي جماعة تعالو بري اللاماب ، بري الدرايسة كاتمة #موكب14مارس #تسقط_بس	old_twitter	revolution_terms	NEUTRAL	HATE	OFFENSIVE	3	NO_MAJORITY	0	0.0
38371	صباح الخير للذين لا يتفقد أحوالهم أحد، ولا تأتيهم اتصالات تصبح ع خير، ولا رسالة ابو فجأه تقلب مزاجهم للأحسن، ولا حتى سؤال عن طريق الخطأ! اصلاً الحاجات ﺍﻟﺤﻠﻮة مافي حد بينتبه ليها بتمنى ليكم يوم جميل وموكب يهز الكيزان و #تسقط_بس	old_twitter	revolution_terms	OFFENSIVE	HATE	NEUTRAL	3	NO_MAJORITY	0	1.0
38375	الله يلعنهم... حيجوطو دة برضو	old_twitter	random_no_keyword	NEUTRAL	HATE	OFFENSIVE	3	NO_MAJORITY	0	1.0
38379	#اعتصام_القيادة_العامة #تسقط_بس ناس الأحزاب ثلاثين سنة صابرين على الكيزان غالبكم تنتظرو أربعة سنه البلد محتاجه إعادة برمجه في كل شيء اقتصاد منهار حرب أهلية وضع دستور دائم يحدد فترة الرؤساء لابد من دستور قوي لتثبيت الديمقراطية في السودان	old_twitter	hate_political	OFFENSIVE	HATE	NEUTRAL	3	NO_MAJORITY	0	1.0
38418	صباحات الانتصارات النيابة تصدر اوامر قبض في حق كل من المتمرد حميدتي وعبد الرحيم وعادل دقلو والقوني	war_corpus	hate_political	OFFENSIVE	HATE	NEUTRAL	3	NO_MAJORITY	0	1.0
38422	وطن لا تنجر ورى المندسين اقرأ التغريدة الجابه ود طه يَا أَيُّهَا الَّذِينَ آمَنُوا إِن جَاءَكُمْ فَاسِقٌ بِنَبَإٍ فَتَبَيَّنُوا أَن تُصِيبُوا قَوْمًا بِجَهَالَةٍ فَتُصْبِحُوا عَلَىٰ مَا فَعَلْتُمْ نَادِمِينَ	old_twitter	hate_political	OFFENSIVE	HATE	NEUTRAL	3	NO_MAJORITY	0	1.0
38425	الامارات تحاول التغطية علي جريمتها بدعاية المساعدات ياليتكم تعملوا حملة مضادة وتفسدون عليهم الحفلة الدعائية وتفضحونهم بمساعداتهم	war_corpus	humanitarian	NEUTRAL	HATE	OFFENSIVE	3	NO_MAJORITY	0	1.0
38431	تقريا دا الوقت المناسب لي زول شغال تحت الكيزان ديل يوقف شغلو و يعتصم ان شاء الله في بيتهم و ما يطلع الشارع ، لو ما وقفك الموت من شغلك ح يوقفك شنو اللهم ارحم شهداء الثورة و السودان و صبر اهلهم	old_twitter	hate_political	OFFENSIVE	HATE	NEUTRAL	3	NO_MAJORITY	0	1.0
38444	في ناس تتشرف بي انو الدنيا عرفتك عليهم	old_twitter	violence_incitement	HATE	NEUTRAL	OFFENSIVE	3	NO_MAJORITY	0	1.0
38452	الله يرحمومهم جميعا ويغفر لهم ويسكنهم فسيح جناته ويلهم أهلهم وذويه الصبر والسلوان وانا لله وانا اليه راجعون حق الشهداء قلع الكيزان والامنجية وكتايب الظل المجرمين سلمية حتى النصر تسقط بس حكم تجار الدين يسقط ويتحاكم بتهمة القتل العمد والسرقة وتقسيم البلد وبيع الإنسان والحجر	old_twitter	threats	OFFENSIVE	HATE	NEUTRAL	3	NO_MAJORITY	0	1.0
38474	في شئ م تنسى ي مرتزقة في اكثر من 30 الف مستنفر ما نزلو الميدان ديل جاين لي حواضن جهز ليهم ام قرون ضيوف كيزان دولة 56 يساعدوكم في الديمقراطيه	war_corpus	hate_political	OFFENSIVE	HATE	NEUTRAL	3	NO_MAJORITY	0	1.0
38477	تستحقين رجلا تلفته ثقافتك، وطريقتك في تدبير الامور رجلا يعشق صورك الخالية من المؤثرات، يهتم بكل ندبة في وجهك الجميل يقدر كل اطياف التعب حول عينيك العسليتين، البنيتين، الخضراوتين، الزرقاوين، السوداوين، لا يهم فاللون لا علاقة له بالنظرة، انت تستحقين وتستحقين	war_corpus	hate_tribal	HATE	NEUTRAL	OFFENSIVE	3	NO_MAJORITY	0	0.811
38516	الثورة مستمرة ...بس وتبا لكل أشكال البوار.. وخوازيق الطريق.. #عصيان13مارس #موكب14مارس #تسقط_بس	old_twitter	revolution_terms	NEUTRAL	HATE	OFFENSIVE	3	NO_MAJORITY	0	0.0
38539	المؤتمر الوطني هسي كلهم رافعين تسقط بس وقاعدين معاكم في القياده العامة واتلونو علي حزبهم زي ما هسي الاحزاب اتلونو علي حكومه هم كانو مشاركين فيها قبل شهور السودان الله يستر عليك ويغطيك راي شخصي وليس الا	old_twitter	revolution_terms	NEUTRAL	HATE	OFFENSIVE	3	NO_MAJORITY	0	1.0
38554	نحيي جماهير شعبنا بمختلف قطاعاته، وها قد هبت علينا رياح الثورة مجدداً في أبريل زملاء المهنة أمناء ثروتنا الحيوانية وأمل البلاد إنه يوم الزحف ويوم الانتصار، لم بتبق أمامنا إلا القليل وإنما النصر صبر ساعة. لنرفع رايات الإضراب العام تتويجاً لوعد الثورة والتغيير واستكمالاً	old_twitter	profanity	OFFENSIVE	HATE	NEUTRAL	3	NO_MAJORITY	0	1.0
38564	الاعلان بتاع تويكس دا انا شايف فيه تريقة وسخرية من السودانيين غير مقبولة. #تويكس_تسئ_السودان	old_twitter	dehumanizing	NEUTRAL	OFFENSIVE	HATE	3	NO_MAJORITY	0	1.0
38579	المتحدث الرسمي باسم القوات المسلحة نبيل عبد الله مليشيا الدعم السريع الارهابية المتمردة قامت يوم امس الاربعاء بقصف مقر مفوضية العون الانساني بالخرطوم ما ادى الى حرق المبنى وتدمير محتوياته	war_corpus	hate_tribal	OFFENSIVE	HATE	NEUTRAL	3	NO_MAJORITY	0	1.0
38587	سنار نار وشرار معارك ضارية حول مصنع سكر سنار عردو خلو حديدون	war_corpus	gender_hate	OFFENSIVE	HATE	NEUTRAL	3	NO_MAJORITY	0	1.0
38588	وزارة الداخلية: ماذا عن #تحقيق_اهداف_ثورتنا ولا تزال أيادي أمن المخلوع تعبث بالأمن والسلامة، وتجوب بعربات بدون لوحات بشوارع وطرقات العاصمة والولايات إن الثورة ما قامت لتستمر فوضى الكيزان، بل أسقطتهم لتبني دولة القانون كما أن هناك العديد من الملفات تحتاج لعمل كملف الجنسية والأجانب	old_twitter	humanitarian	OFFENSIVE	HATE	NEUTRAL	3	NO_MAJORITY	0	0.528
38594	ضربات جوية مكثفة ومستمرة تستهدف محاور دارفور وغرب امدرمان في المويلح، دمرت تجمعات المليشيا ومخازنها بالكامل، مكبدة اياها خسائر فادحة في الارواح والعتاد الجيش يواصل سحق اوكار المرتزقة اينما كانوا، والنصر قادم باذن الله نصر_من_الله_وفتح_قريب	war_corpus	hate_political	OFFENSIVE	HATE	NEUTRAL	3	NO_MAJORITY	0	1.0
38603	واخيراً حساب تجمع المهنيين السودانيين اصبح موثق بالعلامه الزرقاء ليكون حساب رسمي وواضح بدون انتحال قدام عقبال الحساب الرسمي بالإنجليزي للحكومة السودانيه الجديده تسقط بس إن شاء الله رمضان بدون كيزان وعقبال نفرح ببلدنا زي اي بلد حره #تسقط_بس #موكب6ابريل	old_twitter	threats	OFFENSIVE	HATE	NEUTRAL	3	NO_MAJORITY	0	1.0
38616	ماتت هديه اها ويعني مات عباس ومطر والاطفال الليله برضو ماتو بي رصاص اطفااااال عزل ماتو بالرصاص اطفااااال ما تموت هديه كان ماتت	war_corpus	violence_reporting	OFFENSIVE	HATE	NEUTRAL	3	NO_MAJORITY	0	1.0
38628	للصباااح الليله تسقط بس #موكب6ابريل	old_twitter	revolution_terms	NEUTRAL	HATE	OFFENSIVE	3	NO_MAJORITY	0	1.0
38638	يابشه...المتظاهرين ف الشارع تعلمياتك شنو بشه: املوهم بمبان.. كتلوهم.. عفصوهم بالتاتشرات.. ارفعو البنات واحلقو شعرهم يابشه.. لكن كده بنعصي ربنا بشه: ان الله عفور رحيم.. حجه علي كم عمره وخلاص يابشه: الوفد الامريكي وصل بشه: وووب علي #تسقط_بس #مدن_السودان_تنتفض #موكب17مارس	old_twitter	revolution_terms	NEUTRAL	HATE	OFFENSIVE	3	NO_MAJORITY	0	1.0
38662	معاوية عوض الله حفظ الله قادتنا وهم على الوعد بالنصر الاكيد ضد المرتزقة	war_corpus	hate_political	OFFENSIVE	NEUTRAL	HATE	3	NO_MAJORITY	0	1.0
38666	خونوك القطيع كل ما طالبت بتغيير الوطن يأسوك حتى تبيع حرياتك لما يضيع الوطن	old_twitter	random_no_keyword	NEUTRAL	HATE	OFFENSIVE	3	NO_MAJORITY	0	0.0
38689	شايفك في الميدان ي ولضم	war_corpus	violence_incitement	HATE	NEUTRAL	OFFENSIVE	3	NO_MAJORITY	0	1.0
38696	متحرك اسود الدندر يعيد جميع النازحين ويعبر سنار الي الجبل بعدد ضخم من الافراد والعربات القتالية والاسلحة الثقيلة دبابات بتهدر وجاية في اسراب هجمتا في المحل بتخلي روم وخراب نصر من الله وفتح قريب	war_corpus	violence_reporting	OFFENSIVE	HATE	NEUTRAL	3	NO_MAJORITY	0	1.0
38748	مدنيه انتقاليه هي محور نقاشنا مقامنا في الةطن مقام حقوق سياسيه وليس ايدلوجيه علي العسكر تسليم السلطه للمدنين والاكتفاء بتوفير الامن وان عجز عن القيام بمهمته هناك الالاف الشباب الذين يستطيعون القيام بالمهمه لاجل حق الشعب في تقرير مصيره #لم_تسقط_بعد #تسقط_بس #مدن_السودان_تنتفض	old_twitter	violence_reporting	OFFENSIVE	HATE	NEUTRAL	3	NO_MAJORITY	0	1.0
38753	الله اكبر الله ناصرنا ولا ناصر لهم هجمة مرتدة من اسود الدروع بل جد شغل نضيف شارك قناة انصار القوات المسلحة السودانية علي التلغرام	war_corpus	religious_sectarian	OFFENSIVE	HATE	NEUTRAL	3	NO_MAJORITY	0	1.0
38757	جنوب السودان مصدر اساسي للسلاح و المرتزقة	war_corpus	hate_political	OFFENSIVE	HATE	NEUTRAL	3	NO_MAJORITY	0	1.0
38784	بالله دي دولة مدنية ولا علمانية؟ الرئيس عسكري ونائبه عسكري وكل الولاة عساكر ومعتمد الخرطوم عسكري ومفاوض ملف السلام عسكري وين المدنية؟؟؟؟؟؟؟؟؟ افتكر في زمن المخلوع كانت اكثر مدنية من الان	war_corpus	violence_incitement	HATE	NEUTRAL	OFFENSIVE	3	NO_MAJORITY	0	1.0
38787	بالله انا من هتقابل المولى عز و جل افتكرته من الطرف التاني لأ اعتذار كافي و وافي نااو	old_twitter	violence_incitement	HATE	NEUTRAL	OFFENSIVE	3	NO_MAJORITY	0	1.0
38806	اضرب الجنيه ليتوقف القتل واطلاق الرصاص في الطرقات لتعطب البنك المركزي وتشل المنظومه الماليه والاقتصاديه هنا ستعجز عن تحمل نفقات المنظومه الامنيه قوه الشعب تكمن في الجنيه المتداول ان قمنا بتوظيفه توقف اطلاق الرصاص #نناضل_لا_نساوم #العداله_الدوليه_للمجزره #مدن_السودان_تنتفض	old_twitter	violence_reporting	OFFENSIVE	HATE	NEUTRAL	3	NO_MAJORITY	0	1.0
38815	لاحظوا يا شباب مضمون البيان استمرار العمل القضائي (كيزان) استمرار الولاة (كيزان) الإبقاء على وكلاء الوزارات (كيزان) الإبقاء على السفراء (كيزان) المجلس العسكري ....كيزان #مدن_السودان_تنتفض #اعتصام_القياده_العامه	old_twitter	revolution_terms	OFFENSIVE	HATE	NEUTRAL	3	NO_MAJORITY	0	1.0
38844	هو يسرقنا بكل براءة ويقتلنا بكل احترام بالغ عندما عرض مصير ملايين السودانين للخطر وشرعو في تفكيك وخصخصه المؤسسات العامه لرهن مصير البلاد للاجنبي ارادو للسودان ان يظل ضعيفا منهارا راكعا تحت اقدام الدول الاجنبيه والبنك الدولي #اضراب5مارس #الشارع_بس #تسقط_بس	old_twitter	violence_reporting	OFFENSIVE	HATE	NEUTRAL	3	NO_MAJORITY	0	1.0
38848	جانب من صلاة الجمعة وعودة الحياة والامن والاستقرار بالجنينة عقب تحرير غرب دارفور من مليشيا البرهان والفلول معركة_الديمقراطية حراس_الثورة_المجيدة	war_corpus	hate_political	OFFENSIVE	HATE	NEUTRAL	3	NO_MAJORITY	0	1.0
38868	بتقولوا "حريه ،سلام و عدالة" وتجو تتكلموا في لبس البنات؟ اين هي الحريه انا لا أراها؟ اذا انتو ما فاهمين معنى الحرية ما تنادوا بيها ، ياخ عليكم الله نركز الحاجات المهمة حالياً #تسقط_بس	old_twitter	humanitarian	NEUTRAL	HATE	OFFENSIVE	3	NO_MAJORITY	0	1.0
38879	كم خسائر حكومة الكيزان من بداية الثورة؟ #تسقط_بس #موكب28مارس #مدن_السودان_تنتفض	old_twitter	hate_political	OFFENSIVE	HATE	NEUTRAL	3	NO_MAJORITY	0	1.0
38892	#الخطوط_البحرية_السودانية تم تغيير اسم الباخرة دهب من سودان لاين الي اسم شركة سنجيب للملاحة وبهذا نكون الجيل الشاهد علي تدمير السودان ونهاية اسطورة سودان لاين علي يد #العمبلوق عمر البشير دون ان نحرك ساكناً المصدر وبعض صيغة التغريدة من صفحة :هادي بورتسودان	old_twitter	violence_reporting	NEUTRAL	HATE	OFFENSIVE	3	NO_MAJORITY	0	1.0
38898	والله ياغبوش دي الغبنه الحرفيا بتطلع كل مره مع مؤتمر ازاله التمكين دي حاجه كده تخليك سابي لليوم الجيت فيهو سوداني زاتو	old_twitter	hate_political	NEUTRAL	HATE	OFFENSIVE	3	NO_MAJORITY	0	1.0
38911	اشهد ان لا إله الا الله وان محمد رسول الله. عن ابن عمر قال قال رسول الله صلى الله عليه وسلم أيما رجل قال لأخيه: يا كافر، فقد باء بها أحدهما" اخرجه البخاري ومسلم. مين الكافر ناو	old_twitter	religious_sectarian	OFFENSIVE	HATE	NEUTRAL	3	NO_MAJORITY	0	1.0
38912	تكسير وتخريب لمحلات السودانيين في جوبا ومهاجمة السفارة	war_corpus	dehumanizing	OFFENSIVE	HATE	NEUTRAL	3	NO_MAJORITY	0	1.0
38917	جديد اصدارات_هدم_الاسوار الاصدار_المرئي ولو كره الكافرون للتواصل والاضافة لقنوات المؤسسة شوال لعام 1442 ه انتاج_الانصار الجودة FHD 1080	war_corpus	religious_sectarian	OFFENSIVE	HATE	NEUTRAL	3	NO_MAJORITY	0	1.0
38929	مجزرة اخرى بالجزيرة الدعم السريع يقتل 8 من مواطني قرية التكلة جبارة الحلاوين ويصيب اكثر من 30 بجروح متفاوتة بحسب ما نقلت لجان مقاومة الحصاحيصا قناة كرري الجيش السوداني	war_corpus	neutral_news	OFFENSIVE	HATE	NEUTRAL	3	NO_MAJORITY	0	1.0
38971	الاشتباكات تتصاعد وسط مليشات الدعم السريع اشتباكات_الدعم ابوجود المسيري جلحة حركة شجعان كردفان ضد الجوفاني ياجوج وماجوج المستشار عمران عبدالله احمد الماهري السبب حينما رفض المستشار بالاعتراف بجلحة كقائد	war_corpus	hate_tribal	OFFENSIVE	HATE	NEUTRAL	3	NO_MAJORITY	0	1.0
39008	حزب الامة اصدر بيان "حق طبيعى" ،رد الفعل الطبيعى انك تقرأ البيان وتناقشه وترد عليه،لكن الهجوم الشخصى على رئيسه ومنسوبيه ووصفهم بالخيانة ومصادرة حق الحزب فى التعبير عن رؤيته،ليس مثال جيد للتعبير عن قيم ثورتنا. مع تحياتى لقوى الاستنارة،قسم الديمقراطية شعبة حرق الاخرين وشيطنتهم.	old_twitter	hate_political	NEUTRAL	HATE	OFFENSIVE	3	NO_MAJORITY	0	0.738
39009	من النوبة سلام مرتزقة جياد بلو راسكم	war_corpus	humanitarian	NEUTRAL	HATE	OFFENSIVE	3	NO_MAJORITY	0	0.576
39017	استهداف المسيرات بجبل اولياء جنوب الخرطوم لمرتزقة مليشيا الدعم السريع، وتدمير اكثر من ٦ ارتكازات تدمير تام وطردهم من عدد من المزارع ومنازل المواطنين	war_corpus	hate_political	OFFENSIVE	HATE	NEUTRAL	3	NO_MAJORITY	0	1.0
39063	يالصيدة الماشبه وليانك نحنا مجبوربن نزيد احزانك المقدم خلا عبد المنعم شيريا _ النقيب خلا احمد سلمان الكويتي النقيب خلا سالم انقلو _ ملازم اول خلا خالد عطيه يحيى نحنا بنركب الركبوا البكاسي عشانك بل_بس	war_corpus	hate_tribal	OFFENSIVE	HATE	NEUTRAL	3	NO_MAJORITY	0	1.0
39102	ديل الملحدين المعارضين ال بحاولو ينفو اي حاجه لكن بتكلم ليك عن الجزئيه البتحاول تفهم الكون بالمنطق و ضرت روحها بالحركة And now they are seeking the truth	war_corpus	religious_sectarian	OFFENSIVE	HATE	NEUTRAL	3	NO_MAJORITY	0	1.0
39116	تم رجم مليشيات حركات النهب المسلح المرتزقة مناوي وجبريل بنجاح	war_corpus	violence_reporting	OFFENSIVE	HATE	NEUTRAL	3	NO_MAJORITY	0	1.0
39143	قلة أدبكم على اللاجئين والمهاجرين الأثيوبيين دي إتذكروها لما تلجئوا لمصر يا بجم	old_twitter	violence_reporting	NEUTRAL	HATE	OFFENSIVE	3	NO_MAJORITY	0	1.0
39173	خالد الاعيسر ما عاش من يحاول ان يفصل بين الانسان السوداني وارضه، او ان يقطع ما لا يقطع من وشائج التاريخ والدم بين ابناء وبنات السودان في كل مكان _انضم للمشهد السودان علي تلغرام عبر الرابط	war_corpus	profanity	OFFENSIVE	HATE	NEUTRAL	3	NO_MAJORITY	0	1.0
39195	وحدة التصنيع الحربي كتيبة البراء بن مالك في السلم تعمير وفي الحرب تدمير قلنا كتير بل بس لكن بل بفهم وعلم كل المخابرات العدوة هدفها ايقاف انجازات ابناءنا المشرفة وتكتيف السودان واخراجه من قائمة الدول المصنعة الله اكبر برائون يارسول	war_corpus	violence_reporting	OFFENSIVE	HATE	NEUTRAL	3	NO_MAJORITY	0	1.0
39208	اكد حميدتي في تصريحات لموقع الاخبار الاوربي الشهير بوليتيكو يوروب على ضرورة تسليم الرئيس المخلوع عمر البشير للمحكمة الجنائية الدولية لو البشير جاب سيرتك سبحان الله تعمل مجازر بي يدك و تسلم البشير على المجازر العملتها انت كدا سلموو ما تنفخ ساي	war_corpus	neutral_news	NEUTRAL	HATE	OFFENSIVE	3	NO_MAJORITY	0	1.0
39213	عبد الرحيم: ترتيبات امنية لحسم المتمردين في كردفان...؟؟؟ حكومة بره الشبكة	old_twitter	hate_tribal	OFFENSIVE	HATE	NEUTRAL	3	NO_MAJORITY	0	1.0
39219	الجيش ينشر مقاطع مصورة يقول انها توثق مشاركة مرتزقة يرجح انهم من دولة كولومبيا في القتال الى جانب ما وصفها ب الميليشيا المملوكة لاسرة دقلو الارهابية في اقليم دارفور، مشيرا الى ان المرتزقة لقوا حتفهم في معارك مدينة الفاشر الاخيرة بواسطة قواته _انضم للمشهد السودان علي تلغرام عبر الرابط	war_corpus	violence_reporting	OFFENSIVE	HATE	NEUTRAL	3	NO_MAJORITY	0	1.0
39229	الثورة تحتاج لخطوات اضافية لتحريك كل المياه الراكدة ، لزلزلة الارض تحت أقدام فرعون السودان #تسقط بس	old_twitter	humanitarian	NEUTRAL	HATE	OFFENSIVE	3	NO_MAJORITY	0	0.0
39233	اللى بيحلف بالله وهو متاكد انه بيكذب دا اسمه يمين غموس وهو من اكبر الكبائر وما ليه كفارة وهذا مذهب الجمهور وعقوبته ان يغمس صاحبه في نار جهنم لانه يستهين بالحلف بالله	war_corpus	religious_sectarian	HATE	NEUTRAL	OFFENSIVE	3	NO_MAJORITY	0	0.671
39240	مستنفرو محلية الدبة بالولاية الشمالية يرفعون التمام للانضمام الى معركة الكرامة السودان القوات_المسلحة_السودانية معركة_الكرامة مليشيا_حميدتي_منظمة_ارها_بية جيش_واحد_شعب_واحد sudan SudanNews Conflict_in_Sudan sudan_war	war_corpus	humanitarian	OFFENSIVE	HATE	NEUTRAL	3	NO_MAJORITY	0	0.642
39257	ليكم يوم يا ولاد الهرمة جنس بدع أيا بوليس أمك مسكينة تسقطو كما سقط رئيسكم من السقالة تبا لكم يا سواقط تسقط بس #موكب7مارس	old_twitter	revolution_terms	NEUTRAL	HATE	OFFENSIVE	3	NO_MAJORITY	0	1.0
39268	الحمدلله علي اني في الجانب الكويس دي نعمه الله ايوه بقت ولا شي عادي التويتات بتعدي بناس لابسين كويس علشان يتصورو ويكتبو #تسقط_بس وناس تانيه بتقولا بخشمها وبتموت وماخدين الموضوع استهتار ماعايز تشارك في الثوره ماتلخبط الناس بامور جانبيه زي دي ربنا يصلح الحال بي و #تسقط_بس	old_twitter	violence_reporting	NEUTRAL	HATE	OFFENSIVE	3	NO_MAJORITY	0	1.0
39280	تفتكر عشرين محامي ما عارفين انه مافي قضية قتل بدون قتيل، دي سنه صفر قانون يعني ابجديات... واستهتار بعقليه المواطنين	old_twitter	violence_reporting	HATE	NEUTRAL	OFFENSIVE	3	NO_MAJORITY	0	1.0
39293	اب ركب راقد في المكيف مزرقنو نحن ديل	old_twitter	hate_tribal	NEUTRAL	HATE	OFFENSIVE	3	NO_MAJORITY	0	1.0
39321	ولاية خراسان 20 قتيلا وجريحا من الرافضة المشركين بتفجيرين لجنود الخلافة في مدينة كابل	war_corpus	religious_sectarian	OFFENSIVE	HATE	NEUTRAL	3	NO_MAJORITY	0	1.0
39323	ولاية غرب افريقية صور جانب من نتائج هجوم جنود الخلافة على ثكنة للجيش الكاميروني الكافر في بلدة زيغي بمنطقة ماروا	war_corpus	religious_sectarian	OFFENSIVE	HATE	NEUTRAL	3	NO_MAJORITY	0	0.772
39331	قوات العمل الخاص بمنطقة امدرمان العسكرية تمشط بالخطوة السريعة جنوبا حتي مدينة الشقلة المحطة القديمة وهروب جماعي لمليشيا المتمردة اليوم الثلاثاء 11 7 2023 العمل_الخاص معركة_الحسم مع_الجيش ده_جيش_بداوس الجيش_صاحي شعب_واحد_جيش_واحد	war_corpus	hate_political	OFFENSIVE	HATE	NEUTRAL	3	NO_MAJORITY	0	1.0
39340	بيان بالعمل استعادة عربات المواطنين من المرتزقة الحرامية	war_corpus	neutral_news	OFFENSIVE	HATE	NEUTRAL	3	NO_MAJORITY	0	1.0
39353	متين يا زولة لا شفتك لا لاقيتك	old_twitter	violence_incitement	HATE	NEUTRAL	OFFENSIVE	3	NO_MAJORITY	0	1.0
39370	نريد كل جمعة تعبر عن الوجدان السوداني وان قيمة المواطن السوداني بالوقوف خلف الجيش حتي تحرير السودان من مرتزقة الامارات	war_corpus	profanity	OFFENSIVE	HATE	NEUTRAL	3	NO_MAJORITY	0	1.0
39379	اليوم الانتنوف يصنع الشيه غرب الابيض نصر من الله وفتح قريب القوات_المسلحة شعب_واحد_جيش_واحد الاستنفار_لدحر_الاستعمار السودان_يتعرض_للغزو_الخارجي تسليح_المستنفرين_مطلب_شعبي تابع	war_corpus	dehumanizing	OFFENSIVE	HATE	NEUTRAL	3	NO_MAJORITY	0	1.0
39393	انا حين اريد ان ياتي الربيع احرق الخريف بضحكتي لتتفتح ورود الاقحوان لبابة _ شرف	war_corpus	violence_incitement	HATE	NEUTRAL	OFFENSIVE	3	NO_MAJORITY	0	1.0
39396	عبارة التمرد يمكن ان تكون صحيحة اذا كان كل افراد المليشيا سودانيين لكن الحقيقة ان المليشيا في غالبيتها مرتزقة من مختلف دول العالم وحربها حرب غزو للدولة السودانية لذلك عبارة التمرد تعتبر توصيف غير دقيق لتعريف المليشيا التسمية الصحيحة هي مليشيا ال دقلو الارهابية او مليشيا مرتزقة الدعم السريع	war_corpus	hate_political	OFFENSIVE	HATE	NEUTRAL	3	NO_MAJORITY	0	1.0
39398	قوات الدعم السريع تنشر مقاطع مصورة تجسد بسط سيطرتها على بلدة كازقيل بعد معارك مع قوات الجيش السوداني وتستولي على اليات ومركبات قتالية _انضم للمشهد السودان علي تلغرام عبر الرابط	war_corpus	violence_reporting	OFFENSIVE	HATE	NEUTRAL	3	NO_MAJORITY	0	1.0
39408	ولاية العراق دجلة بتوفيق الله تعالى، استهدف جنود الخلافة ثكنة للجيش الرافضي المرتد، قرب قرية كراو جنوب شرقي مخمور اول امس، بالاسلحة الرشاشة، ما ادى لتدمير كاميرا حرارية، ولله الحمد	war_corpus	religious_sectarian	OFFENSIVE	HATE	NEUTRAL	3	NO_MAJORITY	0	0.772
39411	تفاوض منو؟ملاقيط زي ديل ما استحلوا حرمات مواطنين ابرياء عزل؟ حك بس لاخر مليشي مرتزق ابن حرام	war_corpus	humanitarian	NEUTRAL	HATE	OFFENSIVE	3	NO_MAJORITY	0	0.576
39425	الله على البلي ليست بتاعتي البتنتقل من ترافيس اسكوت لي بادي محمد الطيب، لو دفنوهم في مقابر واحدة ما حيتلموا..	old_twitter	profanity	NEUTRAL	OFFENSIVE	HATE	3	NO_MAJORITY	0	1.0
39427	موت لي موت اخير في الشارع قحت اخطر من كورونا #تسقط_قحت #تسقط_بس	old_twitter	revolution_terms	NEUTRAL	HATE	OFFENSIVE	3	NO_MAJORITY	0	0.0
39428	الحيمشو ف جنازتك رجال بعدين م فراشات	war_corpus	random_no_keyword	NEUTRAL	OFFENSIVE	HATE	3	NO_MAJORITY	0	1.0
39492	جماهير الشعب السوداني ترفض وتقاوم الانقلاب العسكري العصيان المدني الشامل واغلاق الطرق الرئيسية والاعلان ل انتفاضة30اكتوبر جماهير الشعب السوداني ترفض وتقاوم الانقلاب العسكري العصيان المدني الشامل واغلاق الطرق الرئيسية والاعلان ل انتفاضة30اكتوبر الخرطوم ، بري 28 اكتوبر 2021 العصيان_المدني_الشامل انتهاكات_ومجازر_الانقلابيين مليونية30اكتوبر Feed generated with FetchRSS	war_corpus	hate_political	OFFENSIVE	HATE	NEUTRAL	3	NO_MAJORITY	0	1.0
39493	قومٌ اذا صفع النعال قفيهم النعال تلقاه اتفرتق حتة حتة، اصله صيني...	old_twitter	random_no_keyword	NEUTRAL	OFFENSIVE	HATE	3	NO_MAJORITY	0	0.0
39494	نحن حرفيا في معركة طويله المدى مع ناس مجرمين و خبيثين و ما بستسلمو بالهين المهم ثورتنا مستمره و ان شاء الله الفرح قريب	old_twitter	threats	NEUTRAL	HATE	OFFENSIVE	3	NO_MAJORITY	0	1.0
39499	الليله عامل ، اصلا كلهم حراميه	old_twitter	random_no_keyword	NEUTRAL	OFFENSIVE	HATE	3	NO_MAJORITY	0	1.0
39500	لم نخرُج لنؤتى مطالبنا "بالأقساط المُريحة" خرجنا ليُقتلع الظُلم مرةً واحدة ، بسرعة ، وجاهزيّة ، وحسم!! -رغد عبدالرحمن #اعتصام_القيادة_العامة #لم_تسقط_بعد #تسقط_بس	old_twitter	hate_tribal	OFFENSIVE	HATE	NEUTRAL	3	NO_MAJORITY	0	1.0
39504	تاني تكشف بس، والفيديوهات دي طلبيات بايته والقادم اجمل واقوى واحلى، والعينك فوقو تركب فوقو الجيش_سلاحه_عمر ملوك_القل المقاومة_الشعبية_المسلحة جيش_واحد_شعب_واحد كلنا_جيش سند_الجيش معركة_الكرامة قناة انصار القوات المسلحة السودانية	war_corpus	violence_reporting	OFFENSIVE	HATE	NEUTRAL	3	NO_MAJORITY	0	1.0
39509	كلنا مع الجيش حتى نظافة اخر متمرد ثم مع من يرتضي به هذا الشعب العظيم	war_corpus	hate_political	OFFENSIVE	HATE	NEUTRAL	3	NO_MAJORITY	0	1.0
39515	رئيس مجلس السيادة السوداني عبد الفتاح البرهان نتطلع لتوافق وطني شامل تشارك فيه كل القوى السياسية والمجتمعية والشبابية للاسهام في تشكيل حكومة مدنية تمهد لانتخابات حرة ونزيهة قول اقسم بالله انا ما بنقلب عليهم للمرة التالتة و بقتلهم و اغتصبهم	war_corpus	hate_tribal	OFFENSIVE	HATE	NEUTRAL	3	NO_MAJORITY	0	0.523
39516	انباء غير مؤكده تفيد المعلومات اصابت المتمرد قجة في كمبو حمير وتم نقل المصاب الي مستشفي طابت وهلك داخل المستشفى وتم تصفية تيم المستشفى	war_corpus	dehumanizing	OFFENSIVE	HATE	NEUTRAL	3	NO_MAJORITY	0	1.0
39523	وهي الاسطوانة المشروخة التي ظل يستخدمها كمبرر لوجوده على سدة الحكم دون شرعية بائنة ظل جهاز امن النظام ومليشياته وكتائب ظله بقياداته السابقة والحالية يقراون من نفس الصفحة البالية المهترئة، والتي مزقتها جماهير الشعب السوداني الثائرة المتمسكة بسلميتها رغم العنف والبربرية والوحشية	war_corpus	dehumanizing	HATE	NEUTRAL	OFFENSIVE	3	NO_MAJORITY	0	0.58
39559	بويا ماسك ملفات بتدين المجلس العسكري عديل	old_twitter	revolution_terms	NEUTRAL	HATE	OFFENSIVE	3	NO_MAJORITY	0	1.0
39577	برلومتك اسمها وعد مأمون بتعرفيها لا والله	old_twitter	violence_incitement	HATE	NEUTRAL	OFFENSIVE	3	NO_MAJORITY	0	1.0
39589	#بلغ_حملة المشتل مع عبيد ختم, ملاكي تظليل ترخيص اي شي	old_twitter	hate_tribal	HATE	NEUTRAL	OFFENSIVE	3	NO_MAJORITY	0	0.673
39596	مصادر، من جهازً الا افشال موكب 6ابرايل قام جهاز، الامن بالافراج عن بعض المعتقلين لافساح المجال، في، المعتقلات لاعتقال 2000ناشط خلال الايام القادمة علي، النشطاء التنقل، بين منازل، الاهل، والجيران واسماء النشطاء تصل ناس، الامن عن طريق المدسوسين الخونة #مدن_السودان_تنتفض	old_twitter	hate_political	OFFENSIVE	HATE	NEUTRAL	3	NO_MAJORITY	0	1.0
39597	ناس ميلان ديل حتى أحلامهم نكات	old_twitter	random_no_keyword	NEUTRAL	OFFENSIVE	HATE	3	NO_MAJORITY	0	1.0
39600	حبيبتي انا داخل الجامع اصلي اعمل التلفون صامت و م تقفل الخط عايزة احس اني بصلي جمبك الاصدار الاخير من كفار قريش	war_corpus	religious_sectarian	HATE	OFFENSIVE	NEUTRAL	3	NO_MAJORITY	0	0.671
39605	ما دايرين منكم اي حدائق اتخارجو بس ياخ. #تسقط_بس #مدن_السودان_تنتفص	old_twitter	revolution_terms	NEUTRAL	HATE	OFFENSIVE	3	NO_MAJORITY	0	1.0
39623	والبنت السودانية لسه مقتنعة انه بيطقوها عين كان نزلت صورتها...	old_twitter	random_no_keyword	NEUTRAL	HATE	OFFENSIVE	3	NO_MAJORITY	0	0.0
39637	فك اللجام الجيش مرق جيش_واحد_شعب_واحد دحر_المليشيا معركة_الكرامة	war_corpus	violence_reporting	OFFENSIVE	HATE	NEUTRAL	3	NO_MAJORITY	0	1.0
39680	انتي محسيه ولا دنقلاويه! جعليه	old_twitter	hate_tribal	NEUTRAL	HATE	OFFENSIVE	3	NO_MAJORITY	0	0.0
39685	وانا كمان بقول #كفايه_بقى_يا_سيسي في السودان كنا بنقول #تسقط_بس فسقط البشير الرقاص	old_twitter	revolution_terms	NEUTRAL	HATE	OFFENSIVE	3	NO_MAJORITY	0	1.0
39698	مصفاة الجيلي نفذ نسور الجو اليوم عدة غارات جوية ناجحة؛ منذ الصباح الباكر على مليشيا الدعم الارهابية المتمردة، في مصفاة الجيلي، مما نتج عنه تدمير عددا من العربات القتالية، وهلاك كمية كبيرة جدا من مرتزقة المليشيا نصر من الله، وفتح قريب نصر من الله وفتح قريب	war_corpus	hate_political	OFFENSIVE	HATE	NEUTRAL	3	NO_MAJORITY	0	1.0
39744	جنابو ابو ساطور ياكد مدني خاليه من التمرد	war_corpus	hate_political	NEUTRAL	OFFENSIVE	HATE	3	NO_MAJORITY	0	1.0
39748	وقبع في سجون النظام لفترة من الزمان قبل اطلاق سراحه في الشهور السابقة اننا نحمل المجلس العسكري الانقلابي المسؤولية كاملة عن اي احداث للعنف والقتل واراقة دماء السودانيين السلميين الابرياء تنتج عن مخططاته القذرة، فان كانت هذه المخططات تحاك وتدار بعلم وتنسيق مع المجلس العسكري	war_corpus	hate_political	OFFENSIVE	HATE	NEUTRAL	3	NO_MAJORITY	0	1.0
39763	فايتكم كتير الحاصل في السودان الآن حاجة جميلة جدا جدا جدا #تسقط_بس #موكب6أبربل سقطت سقطت يا كيزان	old_twitter	hate_political	OFFENSIVE	HATE	NEUTRAL	3	NO_MAJORITY	0	1.0
39771	العقيد جابر مسؤول العمليات ورئيس شعبة الاستخبارات مصطفي تاج السر تم اطلق سراح النقيب الجنجويد بكري حسن محمود احمد الذي تم القبض عليها اليوم بواسطة جنود القوات المسلحه في شندي وقام ضابط الجيش بي اطلق سراح لماذا لم يتحرك الجيش ولم يفعل شئ لي طابور القوات المسلحه السودانية النقيب الجنجويد	war_corpus	hate_tribal	OFFENSIVE	HATE	NEUTRAL	3	NO_MAJORITY	0	0.695
39787	الطيران يدمر منصات دفاع جوي ومحطات اطلاق مسيرات بالقرب من الفاشر نفذ نسور الجو مساء امس طلعات ليلية بالقرب من مدينة الفاشر، دمر عبرها منصات الدفاع الجوي الاماراتية و 4 محطات اطلاق مسيرات، كما تمكن من القضاء بشكل كامل على اتيام المرتزقة الاجانب وعدد من الضباط الاماراتيين	war_corpus	hate_political	OFFENSIVE	HATE	NEUTRAL	3	NO_MAJORITY	0	1.0
39812	احترم الحامي عرضك وبدافع عن اخواتك من الاغتصاب قحاته جزم رمم تشموها قدحه تاني عفن	war_corpus	violence_reporting	NEUTRAL	HATE	OFFENSIVE	3	NO_MAJORITY	0	1.0
39823	ربنا يرحم الشهداء ال طلعو عشان اليوم دا،دمكم ما راح على الفاضي،النصر للشعب السوداني و الشرفاء من جيشه. وسقطت يا كيزان #تسقط_بس #موكب_6أبريل	old_twitter	hate_political	OFFENSIVE	HATE	NEUTRAL	3	NO_MAJORITY	0	1.0
39833	اللواء محمد عبدالله النعيم المشرف على قمع المتظاهرين تمت احالته الى المعاش. ينبغى ضمه فى اى لائحة اتهام قتل متظاهري إنتفاضة ديسمبر.	old_twitter	hate_tribal	OFFENSIVE	HATE	NEUTRAL	3	NO_MAJORITY	0	1.0
39840	يرب مليونيه بدون شهداء يرب تسقط بس ادعو ومررهااا	old_twitter	revolution_terms	NEUTRAL	HATE	OFFENSIVE	3	NO_MAJORITY	0	1.0
39906	الله اكبر الان على تلفزيون السودان الجيش يعلن احياء الامتداد والعشرة والقوز والرميلة واللاماب ناصر واللاماب بحر ابيض منطقة خالية من المليشيات المتمردة الاجانب تماما الحمد لله رب العالمين جيش_واحد_شعب_واحد	war_corpus	hate_political	OFFENSIVE	HATE	NEUTRAL	3	NO_MAJORITY	0	1.0
39913	الكيزان كان بودوها وين اصبر بس ما تستعجل نهائي	war_corpus	hate_political	OFFENSIVE	HATE	NEUTRAL	3	NO_MAJORITY	0	1.0
39928	_ اللهم انا نسالك العفو والمعافاة وال self confidence وال high IQ وال clear mind والنية السليمة والشغل البي الدولار وجنسية واحدة من دول الكفار وتحية خاسة خاسة خاسة للناس م قرو الكلمات بالانجليزي دا انا زاتي م قريتو دسيس_مان YASEER	war_corpus	religious_sectarian	HATE	OFFENSIVE	NEUTRAL	3	NO_MAJORITY	0	0.671
39933	قال دعامي يا الخرطوم خلاص زاد علينا جحيمكي كرهونا عماراتكي وضل نيمكي انا وولضمي كان دايرين نشمو نسيمكي الا يا الدنيا زايلي وزايل نعيمكي قصيدة حزينة لكن دبل ليهم بس ناس المي بارد زايلي بل بس	war_corpus	profanity	HATE	NEUTRAL	OFFENSIVE	3	NO_MAJORITY	0	0.936
39938	وداااااااااااارت الايام الذنب لايبلي و الديان لايموت كما تدين تدان جيش قوقو نفس طويل ويد لاحقة	war_corpus	threats	NEUTRAL	HATE	OFFENSIVE	3	NO_MAJORITY	0	0.0
39987	حسي ما عندو طريقة اختارو مننا واحد	old_twitter	random_no_keyword	NEUTRAL	HATE	OFFENSIVE	3	NO_MAJORITY	0	1.0
39990	الحمدلله على نعمة التوحيد وعلى نعمة التوكل على الله عزوجل المتمرد الواحد معلق ليه حجاب قدر اللابتوب يتعلق بغير الله يموت وهو مشرك بالله عزوجل ولا حول ولا قوة الا بالله	war_corpus	religious_sectarian	OFFENSIVE	HATE	NEUTRAL	3	NO_MAJORITY	0	1.0
